step,joint,action,target_q,q_curr,tau
0,L_hip_roll,0.677096,0.000000,0.000000,-0.000000
0,L_hip_yaw,-0.122969,0.000000,0.000000,-0.000000
0,L_hip_pitch,-0.153406,-0.350000,0.000000,-42.000000
0,L_knee,1.565379,-0.650000,-0.000000,-78.000000
0,L_foot_pitch,1.079795,0.300000,-0.000000,14.450000
0,L_foot_roll,0.140726,0.000000,-0.000000,0.000000
0,R_hip_roll,0.050111,0.000000,0.000000,-0.000000
0,R_hip_yaw,-0.309376,0.000000,-0.000000,0.000000
0,R_hip_pitch,-0.713588,0.350000,-0.000000,42.000000
0,R_knee,-0.232830,0.650000,-0.000000,78.000000
0,R_foot_pitch,-0.382929,-0.300000,0.000000,-14.450000
0,R_foot_roll,0.567373,0.000000,-0.000000,0.000000
10,L_hip_roll,1.183141,0.000000,-0.000333,0.111728
10,L_hip_yaw,0.002602,0.000000,0.008566,-2.251974
10,L_hip_pitch,0.979927,-0.350000,-0.063420,-23.707530
10,L_knee,1.116174,-0.650000,-0.111314,-45.981716
10,L_foot_pitch,0.390279,0.300000,0.080149,0.999699
10,L_foot_roll,0.734321,0.000000,-0.000087,-0.011672
10,R_hip_roll,-0.804794,0.000000,0.000111,-0.049928
10,R_hip_yaw,-0.107363,0.000000,-0.008517,2.234483
10,R_hip_pitch,-1.736115,0.350000,0.063435,23.708460
10,R_knee,-0.793585,0.650000,0.111270,46.005073
10,R_foot_pitch,-0.700361,-0.300000,-0.079619,-1.110611
10,R_foot_roll,0.632631,0.000000,0.000056,0.017506
20,L_hip_roll,1.384386,0.000000,-0.001468,0.301093
20,L_hip_yaw,0.150110,0.000000,0.017805,-2.606389
20,L_hip_pitch,1.217830,-0.350000,-0.198944,-3.257522
20,L_knee,0.514976,-0.650000,-0.346232,-10.798989
20,L_foot_pitch,-0.629326,0.300000,0.202442,-5.045126
20,L_foot_roll,1.221308,0.000000,0.000505,-0.093920
20,R_hip_roll,-1.439226,0.000000,0.000886,-0.199944
20,R_hip_yaw,-0.213745,0.000000,-0.017594,2.567300
20,R_hip_pitch,-1.270256,0.350000,0.198781,3.306087
20,R_knee,-0.967301,0.650000,0.345660,10.945099
20,R_foot_pitch,-0.736202,-0.300000,-0.201176,4.915455
20,R_foot_roll,-0.052288,0.000000,-0.000566,0.099836
30,L_hip_roll,1.332653,0.000000,-0.002170,0.267739
30,L_hip_yaw,0.255591,0.000000,0.016022,-1.293488
30,L_hip_pitch,0.709538,-0.350000,-0.342518,12.403982
30,L_knee,0.143495,-0.650000,-0.593335,16.093753
30,L_foot_pitch,-0.877801,0.300000,0.280601,-4.082427
30,L_foot_roll,1.730679,0.000000,0.000469,0.043425
30,R_hip_roll,-1.810833,0.000000,0.001401,-0.166877
30,R_hip_yaw,-0.261936,0.000000,-0.015802,1.276579
30,R_hip_pitch,-0.896776,0.350000,0.342071,-12.328885
30,R_knee,-0.747222,0.650000,0.592034,-15.884044
30,R_foot_pitch,-0.713190,-0.300000,-0.279277,4.037873
30,R_foot_roll,-0.963017,0.000000,-0.000560,-0.034042
40,L_hip_roll,1.040780,0.000000,-0.001448,0.046449
40,L_hip_yaw,0.153014,0.000000,0.006822,0.245161
40,L_hip_pitch,-0.142101,-0.350000,-0.453296,21.454767
40,L_knee,-0.081493,-0.650000,-0.785399,32.150371
40,L_foot_pitch,-0.730462,0.300000,0.307869,-1.507056
40,L_foot_roll,1.791750,0.000000,-0.000738,0.178986
40,R_hip_roll,-1.524637,0.000000,0.000674,0.042382
40,R_hip_yaw,-0.219098,0.000000,-0.006775,-0.229016
40,R_hip_pitch,-1.145753,0.350000,0.452811,-21.408667
40,R_knee,-0.242643,0.650000,0.784022,-32.018319
40,R_foot_pitch,-0.495186,-0.300000,-0.307243,1.560148
40,R_foot_roll,-1.092053,0.000000,0.000612,-0.169418
50,L_hip_roll,0.627192,0.000000,0.000143,-0.187141
50,L_hip_yaw,0.098569,0.000000,-0.003939,1.512758
50,L_hip_pitch,-0.682461,-0.350000,-0.517342,24.312302
50,L_knee,-0.224355,-0.650000,-0.901881,38.421037
50,L_foot_pitch,-0.707369,0.300000,0.306183,0.481056
50,L_foot_roll,1.488734,0.000000,-0.001715,0.158845
50,R_hip_roll,-1.038800,0.000000,-0.000857,0.265882
50,R_hip_yaw,-0.053809,0.000000,0.003747,-1.465139
50,R_hip_pitch,-1.056715,0.350000,0.517161,-24.334517
50,R_knee,0.073511,0.650000,0.901309,-38.468444
50,R_foot_pitch,-0.349943,-0.300000,-0.306513,-0.368614
50,R_foot_roll,-0.962230,0.000000,0.001599,-0.155125
60,L_hip_roll,0.568731,0.000000,0.001652,-0.323082
60,L_hip_yaw,0.002626,0.000000,-0.013108,2.364890
60,L_hip_pitch,-1.141600,-0.350000,-0.534301,21.822208
60,L_knee,-0.219755,-0.650000,-0.944026,36.383412
60,L_foot_pitch,-0.733658,0.300000,0.294819,1.520278
60,L_foot_roll,1.147963,0.000000,-0.001649,0.042322
60,R_hip_roll,-0.547416,0.000000,-0.002293,0.392167
60,R_hip_yaw,0.014210,0.000000,0.012689,-2.294701
60,R_hip_pitch,-0.893543,0.350000,0.534686,-21.933693
60,R_knee,0.279087,0.650000,0.944944,-36.664408
60,R_foot_pitch,-0.333213,-0.300000,-0.295921,-1.392632
60,R_foot_roll,-0.605878,0.000000,0.001595,-0.047116
70,L_hip_roll,0.584251,0.000000,0.002422,-0.325827
70,L_hip_yaw,-0.024115,0.000000,-0.019031,2.696525
70,L_hip_pitch,-1.361111,-0.350000,-0.509912,15.142046
70,L_knee,-0.368096,-0.650000,-0.921412,27.775585
70,L_foot_pitch,-0.728889,0.300000,0.284289,1.810471
70,L_foot_roll,1.007604,0.000000,-0.000645,-0.086946
70,R_hip_roll,-0.360914,0.000000,-0.002968,0.379684
70,R_hip_yaw,0.018575,0.000000,0.018484,-2.625469
70,R_hip_pitch,-0.756217,0.350000,0.511001,-15.344734
70,R_knee,0.306110,0.650000,0.924169,-28.294597
70,R_foot_pitch,-0.558008,-0.300000,-0.285778,-1.701549
70,R_foot_roll,-0.625726,0.000000,0.000674,0.077561
80,L_hip_roll,0.598710,0.000000,0.002293,-0.227341
80,L_hip_yaw,-0.042752,0.000000,-0.020645,2.421697
80,L_hip_pitch,-1.602506,-0.350000,-0.454175,5.889156
80,L_knee,-0.216171,-0.650000,-0.848960,14.932648
80,L_foot_pitch,-0.413901,0.300000,0.278497,1.629673
80,L_foot_roll,0.857645,0.000000,0.000639,-0.158014
80,R_hip_roll,-0.217457,0.000000,-0.002680,0.253782
80,R_hip_yaw,-0.030529,0.000000,0.020166,-2.382192
80,R_hip_pitch,-0.295560,0.350000,0.455929,-6.158116
80,R_knee,0.224615,0.650000,0.853461,-15.626944
80,R_foot_pitch,-0.580506,-0.300000,-0.279959,-1.561679
80,R_foot_roll,-0.553546,0.000000,-0.000558,0.150450
90,L_hip_roll,0.158469,0.000000,0.002020,-0.240141
90,L_hip_yaw,0.011761,0.000000,-0.020474,2.556062
90,L_hip_pitch,-1.439806,-0.350000,-0.383164,-3.236523
90,L_knee,-0.202871,-0.650000,-0.769952,8.164899
90,L_foot_pitch,-0.324406,0.300000,0.328545,-11.602399
90,L_foot_roll,0.694309,0.000000,-0.004946,1.087266
90,R_hip_roll,-0.055587,0.000000,-0.002311,0.348504
90,R_hip_yaw,0.020374,0.000000,0.018216,-2.209334
90,R_hip_pitch,-0.492440,0.350000,0.384039,3.142385
90,R_knee,0.031693,0.650000,0.761944,-7.297422
90,R_foot_pitch,-0.216412,-0.300000,-0.300525,10.740737
90,R_foot_roll,-0.081599,0.000000,0.002134,-1.694372
100,L_hip_roll,0.099694,0.000000,-0.000852,0.413201
100,L_hip_yaw,0.089524,0.000000,-0.021609,2.771146
100,L_hip_pitch,-0.730843,-0.350000,-0.329950,-5.827883
100,L_knee,-0.162651,-0.650000,-0.730436,7.398345
100,L_foot_pitch,-0.048919,0.300000,0.425328,-13.843625
100,L_foot_roll,0.639124,0.000000,-0.001042,0.012563
100,R_hip_roll,0.038038,0.000000,-0.004187,0.751867
100,R_hip_yaw,0.090844,0.000000,0.016593,-1.795212
100,R_hip_pitch,-0.594478,0.350000,0.323069,7.573533
100,R_knee,-0.262705,0.650000,0.712335,-4.012589
100,R_foot_pitch,0.221331,-0.300000,-0.410172,14.450000
100,R_foot_roll,-0.041545,0.000000,0.002665,-0.116022
110,L_hip_roll,0.465970,0.000000,-0.004112,0.879783
110,L_hip_yaw,0.073900,0.000000,-0.023428,3.009119
110,L_hip_pitch,-0.620576,-0.350000,-0.327090,-1.717287
110,L_knee,0.377812,-0.650000,-0.743376,14.008277
110,L_foot_pitch,0.001334,0.300000,0.435021,-7.154985
110,L_foot_roll,1.000573,0.000000,-0.000821,-0.034405
110,R_hip_roll,-0.148170,0.000000,-0.006479,1.175132
110,R_hip_yaw,-0.162045,0.000000,0.014700,-1.562510
110,R_hip_pitch,-0.059019,0.350000,0.314914,3.562160
110,R_knee,-0.536319,0.650000,0.719813,-10.799492
110,R_foot_pitch,0.068822,-0.300000,-0.434523,8.036201
110,R_foot_roll,-0.358974,0.000000,-0.005488,-0.243628
120,L_hip_roll,0.637277,0.000000,-0.007527,1.207327
120,L_hip_yaw,0.045327,0.000000,-0.024797,3.066301
120,L_hip_pitch,-0.812220,-0.350000,-0.337755,-0.447274
120,L_knee,0.840760,-0.650000,-0.769917,16.853061
120,L_foot_pitch,-0.521135,0.300000,0.423041,-6.070102
120,L_foot_roll,1.331543,0.000000,-0.000127,-0.049401
120,R_hip_roll,-0.285509,0.000000,-0.010098,1.506958
120,R_hip_yaw,-0.285557,0.000000,0.013331,-1.511421
120,R_hip_pitch,0.371541,0.350000,0.324762,1.872562
120,R_knee,-0.456697,0.650000,0.747042,-14.494717
120,R_foot_pitch,-0.333359,-0.300000,-0.428607,6.797049
120,R_foot_roll,-0.114706,0.000000,0.000133,-0.158084
130,L_hip_roll,0.878342,0.000000,-0.010362,1.514577
130,L_hip_yaw,0.044740,0.000000,-0.025341,3.068702
130,L_hip_pitch,-0.531570,-0.350000,-0.346207,0.212704
130,L_knee,0.499049,-0.650000,-0.791221,18.779017
130,L_foot_pitch,-1.304705,0.300000,0.410067,-5.359773
130,L_foot_roll,1.386572,0.000000,0.000409,-0.095971
130,R_hip_roll,-0.190656,0.000000,-0.012825,1.795823
130,R_hip_yaw,-0.226239,0.000000,0.012815,-1.511165
130,R_hip_pitch,-0.259671,0.350000,0.335879,0.680923
130,R_knee,-0.080766,0.650000,0.773948,-17.364402
130,R_foot_pitch,-0.931781,-0.300000,-0.417422,5.839054
130,R_foot_roll,0.439579,0.000000,0.001281,-0.167897
140,L_hip_roll,1.312606,0.000000,-0.012915,1.791679
140,L_hip_yaw,-0.085803,0.000000,-0.025400,3.038474
140,L_hip_pitch,-0.676197,-0.350000,-0.350254,0.211947
140,L_knee,0.590335,-0.650000,-0.805592,19.781894
140,L_foot_pitch,-1.313516,0.300000,0.398837,-4.917395
140,L_foot_roll,1.599969,0.000000,0.001014,-0.112644
140,R_hip_roll,-0.342544,0.000000,-0.015228,2.054066
140,R_hip_yaw,-0.179012,0.000000,0.012773,-1.544408
140,R_hip_pitch,-0.154740,0.350000,0.343825,0.149969
140,R_knee,0.372811,0.650000,0.795314,-19.257852
140,R_foot_pitch,-1.163199,-0.300000,-0.405561,5.198704
140,R_foot_roll,0.472851,0.000000,0.002120,-0.208786
150,L_hip_roll,1.947845,0.000000,-0.015151,2.025422
150,L_hip_yaw,-0.170307,0.000000,-0.025164,2.986165
150,L_hip_pitch,-0.355589,-0.350000,-0.349360,-0.380680
150,L_knee,0.135440,-0.650000,-0.812828,19.955945
150,L_foot_pitch,-1.593013,0.300000,0.390112,-4.645693
150,L_foot_roll,1.886034,0.000000,0.001443,-0.122544
150,R_hip_roll,-0.003917,0.000000,-0.017291,2.263476
150,R_hip_yaw,-0.066343,0.000000,0.013024,-1.597548
150,R_hip_pitch,-0.095139,0.350000,0.346968,0.277264
150,R_knee,1.049043,0.650000,0.809352,-20.184009
150,R_foot_pitch,-1.325295,-0.300000,-0.395310,4.792755
150,R_foot_roll,0.592957,0.000000,0.002748,-0.214192
160,L_hip_roll,2.495656,0.000000,-0.016988,2.201401
160,L_hip_yaw,-0.171116,0.000000,-0.024733,2.917919
160,L_hip_pitch,-0.219673,-0.350000,-0.343999,-1.430257
160,L_knee,0.143405,-0.650000,-0.813580,19.442121
160,L_foot_pitch,-1.689582,0.300000,0.383700,-4.470428
160,L_foot_roll,2.355763,0.000000,0.001722,-0.124669
160,R_hip_roll,0.001868,0.000000,-0.018927,2.412954
160,R_hip_yaw,-0.089056,0.000000,0.013458,-1.664714
160,R_hip_pitch,0.020414,0.350000,0.345209,0.953401
160,R_knee,1.276422,0.650000,0.815943,-20.254481
160,R_foot_pitch,-1.485734,-0.300000,-0.387311,4.538629
160,R_foot_roll,0.580817,0.000000,0.003107,-0.212210
170,L_hip_roll,2.562991,0.000000,-0.018325,2.307586
170,L_hip_yaw,-0.238852,0.000000,-0.024166,2.838362
170,L_hip_pitch,-0.140926,-0.350000,-0.335228,-2.765691
170,L_knee,0.428403,-0.650000,-0.808951,18.406286
170,L_foot_pitch,-1.606896,0.300000,0.379060,-4.342296
170,L_foot_roll,2.744688,0.000000,0.001855,-0.118052
170,R_hip_roll,-0.242152,0.000000,-0.020049,2.492937
170,R_hip_yaw,-0.095599,0.000000,0.014014,-1.741463
170,R_hip_pitch,0.277953,0.350000,0.339343,2.016665
170,R_knee,1.492731,0.650000,0.815852,-19.624531
170,R_foot_pitch,-1.513439,-0.300000,-0.381385,4.370832
170,R_foot_roll,0.338395,0.000000,0.003257,-0.201933
180,L_hip_roll,2.524577,0.000000,-0.019076,2.335906
180,L_hip_yaw,-0.192687,0.000000,-0.023506,2.751767
180,L_hip_pitch,0.006082,-0.350000,-0.324426,-4.197253
180,L_knee,0.391357,-0.650000,-0.800294,17.029889
180,L_foot_pitch,-1.477134,0.300000,0.375619,-4.232764
180,L_foot_roll,2.865444,0.000000,0.001838,-0.101542
180,R_hip_roll,-0.155419,0.000000,-0.020592,2.498128
180,R_hip_yaw,-0.114691,0.000000,0.014649,-1.823804
180,R_hip_pitch,0.537097,0.350000,0.330634,3.281296
180,R_knee,1.743035,0.650000,0.810281,-18.469554
180,R_foot_pitch,-1.320282,-0.300000,-0.377048,4.245560
180,R_foot_roll,0.235101,0.000000,0.003224,-0.182372
190,L_hip_roll,2.394752,0.000000,-0.019187,2.283980
190,L_hip_yaw,-0.166634,0.000000,-0.022792,2.661990
190,L_hip_pitch,0.279206,-0.350000,-0.313125,-5.533125
190,L_knee,0.426262,-0.650000,-0.789089,15.498888
190,L_foot_pitch,-1.502990,0.300000,0.372920,-4.129094
190,L_foot_roll,2.860272,0.000000,0.001665,-0.075678
190,R_hip_roll,-0.261572,0.000000,-0.020526,2.429005
190,R_hip_yaw,-0.095675,0.000000,0.015327,-1.908261
190,R_hip_pitch,0.553890,0.350000,0.320567,4.555805
190,R_knee,1.801182,0.650000,0.800648,-16.973914
190,R_foot_pitch,-1.204984,-0.300000,-0.373790,4.137669
190,R_foot_roll,0.229459,0.000000,0.003024,-0.154355
200,L_hip_roll,1.904764,0.000000,-0.018645,2.154471
200,L_hip_yaw,-0.195036,0.000000,-0.022054,2.572346
200,L_hip_pitch,0.299684,-0.350000,-0.302857,-6.596366
200,L_knee,0.544970,-0.650000,-0.776841,13.990336
200,L_foot_pitch,-1.315983,0.300000,0.370667,-4.029262
200,L_foot_roll,2.627116,0.000000,0.001340,-0.041277
200,R_hip_roll,-0.320240,0.000000,-0.019860,2.290861
200,R_hip_yaw,-0.058327,0.000000,0.016021,-1.991926
200,R_hip_pitch,0.683359,0.350000,0.310667,5.660927
200,R_knee,1.757885,0.650000,0.788438,-15.317628
200,R_foot_pitch,-1.032343,-0.300000,-0.371208,4.035989
200,R_foot_roll,0.011051,0.000000,0.002673,-0.118977
210,L_hip_roll,1.503066,0.000000,-0.017489,1.956943
210,L_hip_yaw,-0.257158,0.000000,-0.021320,2.485759
210,L_hip_pitch,0.503046,-0.350000,-0.295002,-7.243437
210,L_knee,0.519474,-0.650000,-0.764952,12.655873
210,L_foot_pitch,-1.285050,0.300000,0.368706,-3.937233
210,L_foot_roll,2.294261,0.000000,0.000918,-0.005718
210,R_hip_roll,-0.269993,0.000000,-0.018649,2.094564
210,R_hip_yaw,-0.100006,0.000000,0.016708,-2.072860
210,R_hip_pitch,0.680053,0.350000,0.302339,6.445927
210,R_knee,1.608167,0.650000,0.775092,-13.663487
210,R_foot_pitch,-0.893472,-0.300000,-0.369036,3.938777
210,R_foot_roll,-0.079829,0.000000,0.002190,-0.077927
220,L_hip_roll,1.229971,0.000000,-0.015788,1.703103
220,L_hip_yaw,-0.314150,0.000000,-0.020607,2.402610
220,L_hip_pitch,0.617155,-0.350000,-0.290625,-7.384205
220,L_knee,0.607731,-0.650000,-0.754541,11.594670
220,L_foot_pitch,-1.206335,0.300000,0.366989,-3.859094
220,L_foot_roll,2.024966,0.000000,0.000350,0.041341
220,R_hip_roll,-0.206088,0.000000,-0.016984,1.854552
220,R_hip_yaw,-0.120062,0.000000,0.017374,-2.150433
220,R_hip_pitch,0.660577,0.350000,0.296736,6.803783
220,R_knee,1.389204,0.650000,0.761885,-12.142640
220,R_foot_pitch,-0.807976,-0.300000,-0.367140,3.849490
220,R_foot_roll,-0.107222,0.000000,0.001601,-0.033054
230,L_hip_roll,0.829397,0.000000,-0.013659,1.410854
230,L_hip_yaw,-0.322905,0.000000,-0.019920,2.322985
230,L_hip_pitch,0.701693,-0.350000,-0.290362,-6.989881
230,L_knee,0.456572,-0.650000,-0.746341,10.852024
230,L_foot_pitch,-1.324584,0.300000,0.365542,-3.801193
230,L_foot_roll,1.705542,0.000000,-0.000328,0.091292
230,R_hip_roll,-0.102457,0.000000,-0.014990,1.588392
230,R_hip_yaw,-0.090872,0.000000,0.018015,-2.224626
230,R_hip_pitch,0.524511,0.350000,0.294635,6.683149
230,R_knee,1.294355,0.650000,0.749807,-10.840885
230,R_foot_pitch,-0.844378,-0.300000,-0.365480,3.773678
230,R_foot_roll,-0.015608,0.000000,0.000933,0.013541
240,L_hip_roll,0.938323,0.000000,-0.011244,1.099228
240,L_hip_yaw,-0.326224,0.000000,-0.019261,2.246499
240,L_hip_pitch,0.969480,-0.350000,-0.294356,-6.092128
240,L_knee,0.293173,-0.650000,-0.740626,10.413362
240,L_foot_pitch,-1.415190,0.300000,0.364411,-3.767068
240,L_foot_roll,1.585653,0.000000,-0.001077,0.141770
240,R_hip_roll,-0.022052,0.000000,-0.012807,1.314381
240,R_hip_yaw,-0.106368,0.000000,0.018629,-2.295631
240,R_hip_pitch,0.463216,0.350000,0.296376,6.087292
240,R_knee,1.164968,0.650000,0.739488,-9.795708
240,R_foot_pitch,-0.925934,-0.300000,-0.364073,3.716091
240,R_foot_roll,0.177476,0.000000,0.000216,0.059882
250,L_hip_roll,1.032016,0.000000,-0.008697,0.787612
250,L_hip_yaw,-0.331225,0.000000,-0.018627,2.173160
250,L_hip_pitch,1.331476,-0.350000,-0.302278,-4.775893
250,L_knee,0.103115,-0.650000,-0.737207,10.212734
250,L_foot_pitch,-1.534970,0.300000,0.363638,-3.757885
250,L_foot_roll,1.474493,0.000000,-0.001863,0.190930
250,R_hip_roll,-0.075989,0.000000,-0.010585,1.050328
250,R_hip_yaw,-0.120650,0.000000,0.019215,-2.363165
250,R_hip_pitch,0.522820,0.350000,0.301862,5.070607
250,R_knee,0.957646,0.650000,0.731168,-8.997190
250,R_foot_pitch,-1.077866,-0.300000,-0.362957,3.679943
250,R_foot_roll,0.237877,0.000000,-0.000517,0.104206
260,L_hip_roll,1.122246,0.000000,-0.006175,0.494210
260,L_hip_yaw,-0.389792,0.000000,-0.018024,2.104099
260,L_hip_pitch,1.586730,-0.350000,-0.313403,-3.161560
260,L_knee,-0.076186,-0.650000,-0.735525,10.151363
260,L_foot_pitch,-1.615439,0.300000,0.363244,-3.772171
260,L_foot_roll,1.427583,0.000000,-0.002650,0.236945
260,R_hip_roll,-0.213103,0.000000,-0.008465,0.812201
260,R_hip_yaw,-0.114288,0.000000,0.019769,-2.425720
260,R_hip_pitch,0.605274,0.350000,0.310609,3.725558
260,R_knee,0.895440,0.650000,0.724727,-8.398166
260,R_foot_pitch,-1.210892,-0.300000,-0.362166,3.666282
260,R_foot_roll,0.231324,0.000000,-0.001237,0.145042
270,L_hip_roll,1.274620,0.000000,-0.003822,0.234718
270,L_hip_yaw,-0.392368,0.000000,-0.017462,2.041852
270,L_hip_pitch,1.699508,-0.350000,-0.326755,-1.384417
270,L_knee,-0.147235,-0.650000,-0.734788,10.118781
270,L_foot_pitch,-1.569717,0.300000,0.363218,-3.806274
270,L_foot_roll,1.347355,0.000000,-0.003409,0.278441
270,R_hip_roll,-0.238635,0.000000,-0.006574,0.613110
270,R_hip_yaw,-0.121180,0.000000,0.020273,-2.480392
270,R_hip_pitch,0.552937,0.350000,0.321857,2.165211
270,R_knee,0.826967,0.650000,0.719774,-7.929759
270,R_foot_pitch,-1.323606,-0.300000,-0.361719,3.673903
270,R_foot_roll,0.245686,0.000000,-0.001921,0.181309
280,L_hip_roll,1.277132,0.000000,-0.001761,0.021028
280,L_hip_yaw,-0.301451,0.000000,-0.016966,1.989985
280,L_hip_pitch,1.770382,-0.350000,-0.341261,0.423420
280,L_knee,-0.275083,-0.650000,-0.734135,10.010874
280,L_foot_pitch,-1.616796,0.300000,0.363524,-3.855366
280,L_foot_roll,1.173695,0.000000,-0.004115,0.314515
280,R_hip_roll,-0.319631,0.000000,-0.005012,0.462299
280,R_hip_yaw,-0.114997,0.000000,0.020704,-2.523344
280,R_hip_pitch,0.480606,0.350000,0.334702,0.505689
280,R_knee,0.735060,0.650000,0.715769,-7.517968
280,R_foot_pitch,-1.459870,-0.300000,-0.361606,3.699226
280,R_foot_roll,0.188946,0.000000,-0.002547,0.212390
290,L_hip_roll,1.247163,0.000000,-0.000081,-0.139569
290,L_hip_yaw,-0.249227,0.000000,-0.016564,1.952382
290,L_hip_pitch,1.731717,-0.350000,-0.355886,2.147532
290,L_knee,-0.326040,-0.650000,-0.732769,9.743787
290,L_foot_pitch,-1.504276,0.300000,0.364098,-3.912818
290,L_foot_roll,0.934806,0.000000,-0.004749,0.344730
290,R_hip_roll,-0.393442,0.000000,-0.003851,0.366142
290,R_hip_yaw,-0.104980,0.000000,0.021031,-2.552382
290,R_hip_pitch,0.413372,0.350000,0.348233,-1.149200
290,R_knee,0.627656,0.650000,0.712145,-7.099856
290,R_foot_pitch,-1.525460,-0.300000,-0.361795,3.740500
290,R_foot_roll,0.045668,0.000000,-0.003085,0.220120
300,L_hip_roll,1.031011,0.000000,0.001163,-0.243368
300,L_hip_yaw,-0.112160,0.000000,-0.016288,1.933642
300,L_hip_pitch,1.649756,-0.350000,-0.369743,3.698923
300,L_knee,-0.383990,-0.650000,-0.730061,9.262805
300,L_foot_pitch,-1.343458,0.300000,0.364854,-3.972331
300,L_foot_roll,0.571043,0.000000,-0.005302,0.369536
300,R_hip_roll,-0.404711,0.000000,-0.003122,0.321720
300,R_hip_yaw,-0.063307,0.000000,0.021218,-2.557754
300,R_hip_pitch,0.251066,0.350000,0.361641,-2.711423
300,R_knee,0.417910,0.650000,0.708425,-6.622754
300,R_foot_pitch,-1.520051,-0.300000,-0.362226,3.785058
300,R_foot_roll,-0.138404,0.000000,-0.003567,0.258793
310,L_hip_roll,0.690677,0.000000,0.001957,-0.295103
310,L_hip_yaw,-0.027918,0.000000,-0.016168,1.935609
310,L_hip_pitch,1.503738,-0.350000,-0.382146,5.018042
310,L_knee,-0.509685,-0.650000,-0.725607,8.542870
310,L_foot_pitch,-1.111637,0.300000,0.365693,-4.025915
310,L_foot_roll,0.234099,0.000000,-0.005847,0.412910
310,R_hip_roll,-0.426539,0.000000,-0.002830,0.329290
310,R_hip_yaw,-0.012408,0.000000,0.021240,-2.543286
310,R_hip_pitch,-0.000446,0.350000,0.374250,-4.119600
310,R_knee,0.231265,0.650000,0.704232,-6.059883
310,R_foot_pitch,-1.413870,-0.300000,-0.362821,3.834218
310,R_foot_roll,-0.428344,0.000000,-0.003971,0.275101
320,L_hip_roll,0.348113,0.000000,0.002322,-0.296426
320,L_hip_yaw,0.019423,0.000000,-0.016216,1.958623
320,L_hip_pitch,1.267800,-0.350000,-0.392660,6.077701
320,L_knee,-0.604089,-0.650000,-0.719274,7.596120
320,L_foot_pitch,-0.636704,0.300000,0.366512,-4.069482
320,L_foot_roll,-0.061337,0.000000,-0.006386,0.431016
320,R_hip_roll,-0.419705,0.000000,-0.002943,0.381021
320,R_hip_yaw,0.074093,0.000000,0.021084,-2.506208
320,R_hip_pitch,-0.374946,0.350000,0.385577,-5.334615
320,R_knee,0.125675,0.650000,0.699355,-5.401892
320,R_foot_pitch,-1.121930,-0.300000,-0.363513,3.882336
320,R_foot_roll,-0.856811,0.000000,-0.004300,0.287909
330,L_hip_roll,-0.065963,0.000000,0.002298,-0.258220
330,L_hip_yaw,0.091857,0.000000,-0.016438,2.002521
330,L_hip_pitch,0.930710,-0.350000,-0.401066,6.871943
330,L_knee,-0.714106,-0.650000,-0.711153,6.452572
330,L_foot_pitch,-0.177762,0.300000,0.367233,-4.099548
330,L_foot_roll,-0.248006,0.000000,-0.006807,0.446532
330,R_hip_roll,-0.490260,0.000000,-0.003398,0.466407
330,R_hip_yaw,0.217322,0.000000,0.020746,-2.447702
330,R_hip_pitch,-0.858937,0.350000,0.395337,-6.341606
330,R_knee,0.031803,0.650000,0.693762,-4.662291
330,R_foot_pitch,-0.871533,-0.300000,-0.364234,3.925625
330,R_foot_roll,-1.373701,0.000000,-0.004568,0.298615
340,L_hip_roll,-0.323411,0.000000,0.001969,-0.192336
340,L_hip_yaw,0.077025,0.000000,-0.016826,2.064713
340,L_hip_pitch,0.428913,-0.350000,-0.407355,7.419633
340,L_knee,-0.797308,-0.650000,-0.701541,5.169472
340,L_foot_pitch,0.321823,0.300000,0.367790,-4.114516
340,L_foot_roll,-0.312260,0.000000,-0.007151,0.460868
340,R_hip_roll,-0.701116,0.000000,-0.004111,0.573338
340,R_hip_yaw,0.414010,0.000000,0.020238,-2.370835
340,R_hip_pitch,-1.449296,0.350000,0.403426,-7.145344
340,R_knee,0.028019,0.650000,0.687581,-3.871863
340,R_foot_pitch,-0.646044,-0.300000,-0.364924,3.961597
340,R_foot_roll,-2.002830,0.000000,-0.004793,0.308601
350,L_hip_roll,-0.370350,0.000000,0.001433,-0.112007
350,L_hip_yaw,0.066509,0.000000,-0.017355,2.141133
350,L_hip_pitch,-0.070413,-0.350000,-0.411695,7.757914
350,L_knee,-0.878086,-0.650000,-0.690932,3.823339
350,L_foot_pitch,0.629209,0.300000,0.368146,-4.114807
350,L_foot_roll,-0.297013,0.000000,-0.007449,0.475461
350,R_hip_roll,-0.976124,0.000000,-0.004980,0.688539
350,R_hip_yaw,0.626411,0.000000,0.019588,-2.280097
350,R_hip_pitch,-1.927928,0.350000,0.409894,-7.765022
350,R_knee,0.069579,0.650000,0.681075,-3.073302
350,R_foot_pitch,-0.528196,-0.300000,-0.365537,3.989146
350,R_foot_roll,-2.483690,0.000000,-0.004994,0.319286
360,L_hip_roll,-0.401965,0.000000,0.000797,-0.030628
360,L_hip_yaw,0.088114,0.000000,-0.017993,2.226733
360,L_hip_pitch,-0.371874,-0.350000,-0.414400,7.935605
360,L_knee,-0.968293,-0.650000,-0.679962,2.502214
360,L_foot_pitch,0.730991,0.300000,0.368292,-4.103013
360,L_foot_roll,-0.369503,0.000000,-0.007729,0.491662
360,R_hip_roll,-1.131609,0.000000,-0.005898,0.798726
360,R_hip_yaw,0.769441,0.000000,0.018833,-2.180899
360,R_hip_pitch,-2.288901,0.350000,0.414899,-8.228678
360,R_knee,0.099250,0.650000,0.674594,-2.315345
360,R_foot_pitch,-0.487909,-0.300000,-0.366046,4.008465
360,R_foot_roll,-2.694958,0.000000,-0.005193,0.331999
370,L_hip_roll,-0.369000,0.000000,0.000160,0.047267
370,L_hip_yaw,0.115628,0.000000,-0.018698,2.317780
370,L_hip_pitch,-0.597880,-0.350000,-0.415880,8.018258
370,L_knee,-0.989979,-0.650000,-0.669371,1.316298
370,L_foot_pitch,0.757913,0.300000,0.368250,-4.084607
370,L_foot_roll,-0.428794,0.000000,-0.007884,0.432545
370,R_hip_roll,-1.192820,0.000000,-0.006784,0.900166
370,R_hip_yaw,0.840515,0.000000,0.018015,-2.076885
370,R_hip_pitch,-2.509696,0.350000,0.418746,-8.592539
370,R_knee,0.155938,0.650000,0.668659,-1.687041
370,R_foot_pitch,-0.477632,-0.300000,-0.366418,4.011563
370,R_foot_roll,-2.743783,0.000000,-0.005066,0.276495
380,L_hip_roll,-0.377875,0.000000,-0.000431,0.115643
380,L_hip_yaw,0.145172,0.000000,-0.019566,2.442653
380,L_hip_pitch,-0.695113,-0.350000,-0.418668,8.575974
380,L_knee,-1.043612,-0.650000,-0.663286,1.235143
380,L_foot_pitch,0.790315,0.300000,0.364901,-3.480938
380,L_foot_roll,-0.496609,0.000000,-0.008347,0.508533
380,R_hip_roll,-1.198938,0.000000,-0.007544,0.982302
380,R_hip_yaw,0.879085,0.000000,0.017056,-1.946199
380,R_hip_pitch,-2.580723,0.350000,0.423830,-9.298598
380,R_knee,0.129716,0.650000,0.667186,-1.972231
380,R_foot_pitch,-0.425297,-0.300000,-0.363347,3.569039
380,R_foot_roll,-2.778553,0.000000,-0.005673,0.368193
390,L_hip_roll,-0.418147,0.000000,-0.000880,0.137649
390,L_hip_yaw,0.158295,0.000000,-0.020433,2.531117
390,L_hip_pitch,-0.712146,-0.350000,-0.421105,8.709470
390,L_knee,-1.117455,-0.650000,-0.660515,1.063099
390,L_foot_pitch,0.773031,0.300000,0.361811,-3.468512
390,L_foot_roll,-0.566826,0.000000,-0.008808,0.575228
390,R_hip_roll,-1.182374,0.000000,-0.008114,1.015012
390,R_hip_yaw,0.883048,0.000000,0.016140,-1.853129
390,R_hip_pitch,-2.534256,0.350000,0.427170,-9.520272
390,R_knee,0.103124,0.650000,0.666786,-2.031818
390,R_foot_pitch,-0.375644,-0.300000,-0.361737,3.585003
390,R_foot_roll,-2.776119,0.000000,-0.006013,0.391665
400,L_hip_roll,-0.435685,0.000000,-0.001042,0.132824
400,L_hip_yaw,0.165571,0.000000,-0.021118,2.597833
400,L_hip_pitch,-0.702069,-0.350000,-0.421997,8.651123
400,L_knee,-1.202014,-0.650000,-0.659276,1.035364
400,L_foot_pitch,0.756067,0.300000,0.360165,-3.524207
400,L_foot_roll,-0.600062,0.000000,-0.009258,0.590723
400,R_hip_roll,-1.163844,0.000000,-0.008309,1.007525
400,R_hip_yaw,0.848698,0.000000,0.015415,-1.782778
400,R_hip_pitch,-2.435554,0.350000,0.428664,-9.517234
400,R_knee,0.069459,0.650000,0.667237,-2.160952
400,R_foot_pitch,-0.330622,-0.300000,-0.361131,3.624262
400,R_foot_roll,-2.752155,0.000000,-0.006515,0.381258
410,L_hip_roll,-0.454568,0.000000,-0.000944,0.090585
410,L_hip_yaw,0.158790,0.000000,-0.021638,2.639770
410,L_hip_pitch,-0.644235,-0.350000,-0.421484,8.459289
410,L_knee,-1.312353,-0.650000,-0.659450,1.195140
410,L_foot_pitch,0.763555,0.300000,0.359718,-3.587277
410,L_foot_roll,-0.604080,0.000000,-0.009672,0.628279
410,R_hip_roll,-1.181850,0.000000,-0.008190,0.954181
410,R_hip_yaw,0.799642,0.000000,0.014869,-1.739756
410,R_hip_pitch,-2.266489,0.350000,0.428452,-9.306240
410,R_knee,0.009158,0.650000,0.668421,-2.333018
410,R_foot_pitch,-0.249374,-0.300000,-0.361295,3.734736
410,R_foot_roll,-2.736034,0.000000,-0.006816,0.460206
420,L_hip_roll,-0.458409,0.000000,-0.000589,0.025414
420,L_hip_yaw,0.148282,0.000000,-0.021970,2.661599
420,L_hip_pitch,-0.595980,-0.350000,-0.419498,8.077406
420,L_knee,-1.441954,-0.650000,-0.660473,1.387657
420,L_foot_pitch,0.755158,0.300000,0.360239,-3.701327
420,L_foot_roll,-0.575550,0.000000,-0.010159,0.658954
420,R_hip_roll,-1.180890,0.000000,-0.007742,0.871832
420,R_hip_yaw,0.725380,0.000000,0.014525,-1.716351
420,R_hip_pitch,-2.049078,0.350000,0.426429,-8.894536
420,R_knee,-0.062322,0.650000,0.669722,-2.499584
420,R_foot_pitch,-0.106658,-0.300000,-0.362144,3.833232
420,R_foot_roll,-2.655882,0.000000,-0.007337,0.493139
430,L_hip_roll,-0.458824,0.000000,-0.000035,-0.058080
430,L_hip_yaw,0.145920,0.000000,-0.022135,2.666912
430,L_hip_pitch,-0.554177,-0.350000,-0.416195,7.565868
430,L_knee,-1.613747,-0.650000,-0.662097,1.646120
430,L_foot_pitch,0.743079,0.300000,0.361395,-3.813867
430,L_foot_roll,-0.528842,0.000000,-0.010657,0.682768
430,R_hip_roll,-1.186507,0.000000,-0.007043,0.766245
430,R_hip_yaw,0.637329,0.000000,0.014348,-1.711272
430,R_hip_pitch,-1.814077,0.350000,0.422869,-8.332311
430,R_knee,-0.150921,0.650000,0.671099,-2.680853
430,R_foot_pitch,0.066022,-0.300000,-0.363320,3.919942
430,R_foot_roll,-2.557977,0.000000,-0.007855,0.517725
440,L_hip_roll,-0.419006,0.000000,0.000668,-0.156034
440,L_hip_yaw,0.142023,0.000000,-0.022176,2.659953
440,L_hip_pitch,-0.527388,-0.350000,-0.411984,6.985571
440,L_knee,-1.786928,-0.650000,-0.664518,2.024160
440,L_foot_pitch,0.738832,0.300000,0.362700,-3.889078
440,L_foot_roll,-0.472522,0.000000,-0.011191,0.731488
440,R_hip_roll,-1.200000,0.000000,-0.006152,0.641942
440,R_hip_yaw,0.542968,0.000000,0.014314,-1.719769
440,R_hip_pitch,-1.563691,0.350000,0.418199,-7.676514
440,R_knee,-0.219793,0.650000,0.672809,-2.928373
440,R_foot_pitch,0.273314,-0.300000,-0.364445,3.970561
440,R_foot_roll,-2.423613,0.000000,-0.008407,0.566402
450,L_hip_roll,-0.367412,0.000000,0.001471,-0.259592
450,L_hip_yaw,0.136700,0.000000,-0.022104,2.640745
450,L_hip_pitch,-0.512649,-0.350000,-0.407163,6.356389
450,L_knee,-1.966193,-0.650000,-0.667838,2.513293
450,L_foot_pitch,0.716870,0.300000,0.363871,-3.939426
450,L_foot_roll,-0.411929,0.000000,-0.011827,0.774411
450,R_hip_roll,-1.192554,0.000000,-0.005124,0.507679
450,R_hip_yaw,0.449648,0.000000,0.014393,-1.739450
450,R_hip_pitch,-1.318210,0.350000,0.412735,-6.953992
450,R_knee,-0.271742,0.650000,0.675010,-3.246697
450,R_foot_pitch,0.502587,-0.300000,-0.365353,4.000685
450,R_foot_roll,-2.249095,0.000000,-0.009079,0.613812
460,L_hip_roll,-0.351071,0.000000,0.002316,-0.362933
460,L_hip_yaw,0.132074,0.000000,-0.021938,2.612032
460,L_hip_pitch,-0.512095,-0.350000,-0.401938,5.696233
460,L_knee,-2.134265,-0.650000,-0.672044,3.103748
460,L_foot_pitch,0.673078,0.300000,0.364796,-3.967914
460,L_foot_roll,-0.363464,0.000000,-0.012477,0.813720
460,R_hip_roll,-1.153365,0.000000,-0.004023,0.371198
460,R_hip_yaw,0.375366,0.000000,0.014569,-1.770031
460,R_hip_pitch,-1.102060,0.350000,0.406748,-6.194450
460,R_knee,-0.304807,0.650000,0.677813,-3.647472
460,R_foot_pitch,0.707229,-0.300000,-0.366002,4.013060
460,R_foot_roll,-2.043063,0.000000,-0.009768,0.654891
470,L_hip_roll,-0.344087,0.000000,0.003154,-0.460654
470,L_hip_yaw,0.123587,0.000000,-0.021690,2.574555
470,L_hip_pitch,-0.534508,-0.350000,-0.396444,5.014574
470,L_knee,-2.261997,-0.650000,-0.677039,3.775291
470,L_foot_pitch,0.599734,0.300000,0.365449,-3.980608
470,L_foot_roll,-0.328250,0.000000,-0.013127,0.852321
470,R_hip_roll,-1.103446,0.000000,-0.002908,0.238254
470,R_hip_yaw,0.306078,0.000000,0.014833,-1.809844
470,R_hip_pitch,-0.913419,0.350000,0.400465,-5.419630
470,R_knee,-0.320275,0.650000,0.681286,-4.132248
470,R_foot_pitch,0.864460,-0.300000,-0.366395,4.012537
470,R_foot_roll,-1.810457,0.000000,-0.010453,0.695326
480,L_hip_roll,-0.339728,0.000000,0.003940,-0.547882
480,L_hip_yaw,0.111298,0.000000,-0.021370,2.529570
480,L_hip_pitch,-0.557739,-0.350000,-0.390768,4.318013
480,L_knee,-2.364602,-0.650000,-0.682658,4.503401
480,L_foot_pitch,0.526939,0.300000,0.365859,-3.982997
480,L_foot_roll,-0.301600,0.000000,-0.013768,0.889732
480,R_hip_roll,-1.043224,0.000000,-0.001828,0.114372
480,R_hip_yaw,0.246203,0.000000,0.015171,-1.857341
480,R_hip_pitch,-0.738123,0.350000,0.394065,-4.646718
480,R_knee,-0.327745,0.650000,0.685432,-4.695776
480,R_foot_pitch,0.981792,-0.300000,-0.366575,4.004601
480,R_foot_roll,-1.571161,0.000000,-0.011128,0.734572
490,L_hip_roll,-0.348104,0.000000,0.004635,-0.620774
490,L_hip_yaw,0.095005,0.000000,-0.020990,2.478523
490,L_hip_pitch,-0.574894,-0.350000,-0.384969,3.612494
490,L_knee,-2.436549,-0.650000,-0.688705,5.262736
490,L_foot_pitch,0.465321,0.300000,0.366077,-3.979183
490,L_foot_roll,-0.262924,0.000000,-0.014396,0.925609
490,R_hip_roll,-0.971331,0.000000,-0.000828,0.004033
490,R_hip_yaw,0.189984,0.000000,0.015571,-1.910800
490,R_hip_pitch,-0.590162,0.350000,0.387689,-3.889673
490,R_knee,-0.327764,0.650000,0.690205,-5.327866
490,R_foot_pitch,1.066350,-0.300000,-0.366601,3.993396
490,R_foot_roll,-1.335780,0.000000,-0.011787,0.772229
500,L_hip_roll,-0.368371,0.000000,0.005211,-0.676943
500,L_hip_yaw,0.078487,0.000000,-0.020563,2.422934
500,L_hip_pitch,-0.586608,-0.350000,-0.379103,2.904339
500,L_knee,-2.470417,-0.650000,-0.694977,6.028969
500,L_foot_pitch,0.403717,0.300000,0.366155,-3.972398
500,L_foot_roll,-0.202543,0.000000,-0.015002,0.959780
500,R_hip_roll,-0.895964,0.000000,0.000058,-0.089738
500,R_hip_yaw,0.129955,0.000000,0.016017,-1.968446
500,R_hip_pitch,-0.447429,0.350000,0.381455,-3.160382
500,R_knee,-0.335387,0.650000,0.695519,-6.015148
500,R_foot_pitch,1.122274,-0.300000,-0.366529,3.981469
500,R_foot_roll,-1.106351,0.000000,-0.012424,0.808069
510,L_hip_roll,-0.389097,0.000000,0.005649,-0.715239
510,L_hip_yaw,0.064849,0.000000,-0.020100,2.364723
510,L_hip_pitch,-0.581191,-0.350000,-0.373229,2.201622
510,L_knee,-2.486248,-0.650000,-0.701283,6.781117
510,L_foot_pitch,0.339223,0.300000,0.366142,-3.964051
510,L_foot_roll,-0.128618,0.000000,-0.015585,0.992189
510,R_hip_roll,-0.801464,0.000000,0.000807,-0.165159
510,R_hip_yaw,0.068579,0.000000,0.016495,-2.028170
510,R_hip_pitch,-0.312543,0.350000,0.375458,-2.468533
510,R_knee,-0.342910,0.650000,0.701262,-6.741314
510,R_foot_pitch,1.138037,-0.300000,-0.366405,3.970777
510,R_foot_roll,-0.895974,0.000000,-0.013036,0.841987
520,L_hip_roll,-0.401419,0.000000,0.005942,-0.735910
520,L_hip_yaw,0.050529,0.000000,-0.019620,2.306005
520,L_hip_pitch,-0.566388,-0.350000,-0.367417,1.513764
520,L_knee,-2.469568,-0.650000,-0.707455,7.501583
520,L_foot_pitch,0.278563,0.300000,0.366070,-3.955067
520,L_foot_roll,-0.047212,0.000000,-0.016141,1.022954
520,R_hip_roll,-0.695751,0.000000,0.001407,-0.221858
520,R_hip_yaw,0.006419,0.000000,0.016987,-2.087730
520,R_hip_pitch,-0.177612,0.350000,0.369781,-1.822222
520,R_knee,-0.357011,0.650000,0.707299,-7.488544
520,R_foot_pitch,1.129910,-0.300000,-0.366267,3.962508
520,R_foot_roll,-0.691084,0.000000,-0.013618,0.874018
530,L_hip_roll,-0.407144,0.000000,0.006095,-0.740578
530,L_hip_yaw,0.036865,0.000000,-0.019139,2.249009
530,L_hip_pitch,-0.543380,-0.350000,-0.361746,0.851197
530,L_knee,-2.421361,-0.650000,-0.713352,8.176209
530,L_foot_pitch,0.223769,0.300000,0.365963,-3.946015
530,L_foot_roll,0.033127,0.000000,-0.016672,1.052326
530,R_hip_roll,-0.601905,0.000000,0.001855,-0.260866
530,R_hip_yaw,-0.048563,0.000000,0.017474,-2.144826
530,R_hip_pitch,-0.056143,0.350000,0.364488,-1.228234
530,R_knee,-0.366189,0.650000,0.713482,-8.238450
530,R_foot_pitch,1.087627,-0.300000,-0.366143,3.957241
530,R_foot_roll,-0.505086,0.000000,-0.014171,0.904354
540,L_hip_roll,-0.396653,0.000000,0.006121,-0.732189
540,L_hip_yaw,0.024162,0.000000,-0.018675,2.196023
540,L_hip_pitch,-0.518300,-0.350000,-0.356304,0.225112
540,L_knee,-2.339800,-0.650000,-0.718862,8.794377
540,L_foot_pitch,0.184442,0.300000,0.365837,-3.937201
540,L_foot_roll,0.110298,0.000000,-0.017180,1.080621
540,R_hip_roll,-0.508102,0.000000,0.002163,-0.284585
540,R_hip_yaw,-0.097565,0.000000,0.017937,-2.197145
540,R_hip_pitch,0.049387,0.350000,0.359635,-0.692090
540,R_knee,-0.369226,0.650000,0.719660,-8.972619
540,R_foot_pitch,1.025672,-0.300000,-0.366048,3.955073
540,R_foot_roll,-0.331492,0.000000,-0.014698,0.933311
550,L_hip_roll,-0.382972,0.000000,0.006046,-0.714078
550,L_hip_yaw,0.011164,0.000000,-0.018248,2.149215
550,L_hip_pitch,-0.490664,-0.350000,-0.351181,-0.353591
550,L_knee,-2.222068,-0.650000,-0.723897,9.347813
550,L_foot_pitch,0.152379,0.300000,0.365704,-3.928694
550,L_foot_roll,0.183896,0.000000,-0.017668,1.108216
550,R_hip_roll,-0.408227,0.000000,0.002350,-0.295848
550,R_hip_yaw,-0.135536,0.000000,0.018358,-2.242533
550,R_hip_pitch,0.133307,0.350000,0.355268,-0.218558
550,R_knee,-0.365201,0.650000,0.725686,-9.673980
550,R_foot_pitch,0.953031,-0.300000,-0.365992,3.955863
550,R_foot_roll,-0.157493,0.000000,-0.015199,0.961186
560,L_hip_roll,-0.362508,0.000000,0.005897,-0.690318
560,L_hip_yaw,-0.002776,0.000000,-0.017875,2.110505
560,L_hip_pitch,-0.462862,-0.350000,-0.346467,-0.874568
560,L_knee,-2.063832,-0.650000,-0.728392,9.830579
560,L_foot_pitch,0.130489,0.300000,0.365568,-3.920572
560,L_foot_roll,0.254807,0.000000,-0.018143,1.135547
560,R_hip_roll,-0.305552,0.000000,0.002440,-0.298298
560,R_hip_yaw,-0.161743,0.000000,0.018718,-2.279103
560,R_hip_pitch,0.197762,0.350000,0.351427,0.188376
560,R_knee,-0.350854,0.650000,0.731420,-10.326974
560,R_foot_pitch,0.863548,-0.300000,-0.365977,3.958790
560,R_foot_roll,0.012196,0.000000,-0.015682,0.988392
570,L_hip_roll,-0.338715,0.000000,0.005708,-0.665349
570,L_hip_yaw,-0.017153,0.000000,-0.017571,2.081616
570,L_hip_pitch,-0.439156,-0.350000,-0.342245,-1.328478
570,L_knee,-1.859605,-0.650000,-0.732298,10.238878
570,L_foot_pitch,0.108786,0.300000,0.365435,-3.912979
570,L_foot_roll,0.324361,0.000000,-0.018609,1.163063
570,R_hip_roll,-0.192497,0.000000,0.002464,-0.296005
570,R_hip_yaw,-0.177180,0.000000,0.019004,-2.305206
570,R_hip_pitch,0.243236,0.350000,0.348139,0.526512
570,R_knee,-0.328168,0.650000,0.736733,-10.916678
570,R_foot_pitch,0.759461,-0.300000,-0.365999,3.963840
570,R_foot_roll,0.189540,0.000000,-0.016150,1.015300
580,L_hip_roll,-0.323534,0.000000,0.005515,-0.643100
580,L_hip_yaw,-0.031815,0.000000,-0.017349,2.063740
580,L_hip_pitch,-0.409898,-0.350000,-0.338588,-1.707818
580,L_knee,-1.613898,-0.650000,-0.735583,10.569689
580,L_foot_pitch,0.072593,0.300000,0.365307,-3.905906
580,L_foot_roll,0.385550,0.000000,-0.019075,1.191099
580,R_hip_roll,-0.057844,0.000000,0.002453,-0.292609
580,R_hip_yaw,-0.178995,0.000000,0.019201,-2.319722
580,R_hip_pitch,0.274360,0.350000,0.345425,0.794159
580,R_knee,-0.289409,0.650000,0.741506,-11.430752
580,R_foot_pitch,0.642845,-0.300000,-0.366057,3.970561
580,R_foot_roll,0.383530,0.000000,-0.016609,1.042230
590,L_hip_roll,-0.301309,0.000000,0.005348,-0.627234
590,L_hip_yaw,-0.048444,0.000000,-0.017219,2.057344
590,L_hip_pitch,-0.368774,-0.350000,-0.335556,-2.007033
590,L_knee,-1.312689,-0.650000,-0.738222,10.820888
590,L_foot_pitch,0.005549,0.300000,0.365186,-3.899418
590,L_foot_roll,0.451775,0.000000,-0.019544,1.219962
590,R_hip_roll,0.111386,0.000000,0.002438,-0.291555
590,R_hip_yaw,-0.169918,0.000000,0.019303,-2.322281
590,R_hip_pitch,0.288321,0.350000,0.343297,0.990531
590,R_knee,-0.222760,0.650000,0.745640,-11.858940
590,R_foot_pitch,0.513042,-0.300000,-0.366143,3.978367
590,R_foot_roll,0.610225,0.000000,-0.017065,1.069425
600,L_hip_roll,-0.252950,0.000000,0.005237,-0.620598
600,L_hip_yaw,-0.064317,0.000000,-0.017178,2.061262
600,L_hip_pitch,-0.316011,-0.350000,-0.333190,-2.223007
600,L_knee,-0.949849,-0.650000,-0.740196,10.990695
600,L_foot_pitch,-0.159107,0.300000,0.365074,-3.893591
600,L_foot_roll,0.549227,0.000000,-0.020023,1.249829
600,R_hip_roll,0.325750,0.000000,0.002444,-0.295572
600,R_hip_yaw,-0.148577,0.000000,0.019311,-2.314036
600,R_hip_pitch,0.283878,0.350000,0.341762,1.115408
600,R_knee,-0.104550,0.650000,0.749053,-12.193413
600,R_foot_pitch,0.341849,-0.300000,-0.366252,3.986685
600,R_foot_roll,0.887737,0.000000,-0.017522,1.097157
610,L_hip_roll,-0.084963,0.000000,0.005205,-0.625550
610,L_hip_yaw,-0.083474,0.000000,-0.017224,2.075243
610,L_hip_pitch,-0.231529,-0.350000,-0.331515,-2.354304
610,L_knee,-0.557383,-0.650000,-0.741493,11.078102
610,L_foot_pitch,-0.544910,0.300000,0.364970,-3.888338
610,L_foot_roll,0.719055,0.000000,-0.020515,1.280849
610,R_hip_roll,0.552369,0.000000,0.002495,-0.306962
610,R_hip_yaw,-0.091844,0.000000,0.019229,-2.295339
610,R_hip_pitch,0.273616,0.350000,0.340818,1.169900
610,R_knee,0.118604,0.650000,0.751684,-12.428380
610,R_foot_pitch,0.054326,-0.300000,-0.366374,3.995100
610,R_foot_roll,1.213686,0.000000,-0.017984,1.125518
620,L_hip_roll,0.334802,0.000000,0.005272,-0.644249
620,L_hip_yaw,-0.074545,0.000000,-0.017351,2.098304
620,L_hip_pitch,-0.153427,-0.350000,-0.330539,-2.401404
620,L_knee,-0.141246,-0.650000,-0.742106,11.083469
620,L_foot_pitch,-1.134286,0.300000,0.364877,-3.883541
620,L_foot_roll,0.984915,0.000000,-0.021024,1.313237
620,R_hip_roll,0.618405,0.000000,0.002609,-0.327899
620,R_hip_yaw,-0.018862,0.000000,0.019062,-2.267216
620,R_hip_pitch,0.179815,0.350000,0.340453,1.156782
620,R_knee,0.445987,0.650000,0.753483,-12.559433
620,R_foot_pitch,-0.445410,-0.300000,-0.366504,4.003356
620,R_foot_roll,1.467426,0.000000,-0.018454,1.154687
630,L_hip_roll,0.907116,0.000000,0.005453,-0.677737
630,L_hip_yaw,0.012307,0.000000,-0.017550,2.128612
630,L_hip_pitch,-0.002605,-0.350000,-0.330254,-2.367428
630,L_knee,0.084111,-0.650000,-0.742038,11.006984
630,L_foot_pitch,-1.706217,0.300000,0.364791,-3.879453
630,L_foot_roll,1.334403,0.000000,-0.021553,1.346950
630,R_hip_roll,0.394441,0.000000,0.002803,-0.359533
630,R_hip_yaw,0.018545,0.000000,0.018821,-2.231504
630,R_hip_pitch,0.131668,0.350000,0.340644,1.079021
630,R_knee,0.805220,0.650000,0.754421,-12.585587
630,R_foot_pitch,-1.021546,-0.300000,-0.366634,4.010797
630,R_foot_roll,1.406901,0.000000,-0.018934,1.184644
640,L_hip_roll,1.472704,0.000000,0.005753,-0.725802
640,L_hip_yaw,0.042003,0.000000,-0.017804,2.164028
640,L_hip_pitch,0.143503,-0.350000,-0.330638,-2.255762
640,L_knee,0.093421,-0.650000,-0.741291,10.850041
640,L_foot_pitch,-1.988419,0.300000,0.364717,-3.875938
640,L_foot_roll,1.735912,0.000000,-0.022102,1.381860
640,R_hip_roll,0.155845,0.000000,0.003082,-0.401786
640,R_hip_yaw,0.043330,0.000000,0.018521,-2.190324
640,R_hip_pitch,0.182537,0.350000,0.341375,0.938339
640,R_knee,1.102654,0.650000,0.754500,-12.509567
640,R_foot_pitch,-1.371957,-0.300000,-0.366756,4.016956
640,R_foot_roll,1.175138,0.000000,-0.019426,1.215295
650,L_hip_roll,1.805458,0.000000,0.006173,-0.787987
650,L_hip_yaw,0.037310,0.000000,-0.018097,2.202162
650,L_hip_pitch,0.303976,-0.350000,-0.331659,-2.071445
650,L_knee,0.050568,-0.650000,-0.739879,10.614855
650,L_foot_pitch,-2.134214,0.300000,0.364651,-3.872830
650,L_foot_roll,2.042041,0.000000,-0.022670,1.417848
650,R_hip_roll,0.003858,0.000000,0.003449,-0.454399
650,R_hip_yaw,0.037183,0.000000,0.018179,-2.146075
650,R_hip_pitch,0.267443,0.350000,0.342620,0.738609
650,R_knee,1.310953,0.650000,0.753734,-12.334096
650,R_foot_pitch,-1.540569,-0.300000,-0.366864,4.022012
650,R_foot_roll,0.946437,0.000000,-0.019929,1.246519
660,L_hip_roll,1.938778,0.000000,0.006707,-0.863057
660,L_hip_yaw,0.010577,0.000000,-0.018409,2.240428
660,L_hip_pitch,0.444562,-0.350000,-0.333273,-1.820430
660,L_knee,0.024493,-0.650000,-0.737823,10.304888
660,L_foot_pitch,-2.159523,0.300000,0.364592,-3.870011
660,L_foot_roll,2.202720,0.000000,-0.023256,1.454702
660,R_hip_roll,-0.055045,0.000000,0.003899,-0.516388
660,R_hip_yaw,0.027354,0.000000,0.017817,-2.101326
660,R_hip_pitch,0.361806,0.350000,0.344352,0.483548
660,R_knee,1.447152,0.650000,0.752153,-12.064870
660,R_foot_pitch,-1.611951,-0.300000,-0.366957,4.025922
660,R_foot_roll,0.746591,0.000000,-0.020442,1.278134
670,L_hip_roll,1.964782,0.000000,0.007344,-0.949218
670,L_hip_yaw,-0.019898,0.000000,-0.018717,2.276232
670,L_hip_pitch,0.584238,-0.350000,-0.335432,-1.509330
670,L_knee,0.016998,-0.650000,-0.735153,9.924978
670,L_foot_pitch,-2.159003,0.300000,0.364540,-3.867372
670,L_foot_roll,2.295546,0.000000,-0.023857,1.492170
670,R_hip_roll,-0.082471,0.000000,0.004423,-0.586259
670,R_hip_yaw,0.008434,0.000000,0.017453,-2.058653
670,R_hip_pitch,0.454147,0.350000,0.346539,0.177044
670,R_knee,1.516906,0.650000,0.749808,-11.709841
670,R_foot_pitch,-1.629019,-0.300000,-0.367032,4.028725
670,R_foot_roll,0.584302,0.000000,-0.020962,1.309913
680,L_hip_roll,1.886414,0.000000,0.008069,-1.044249
680,L_hip_yaw,-0.049365,0.000000,-0.019002,2.307134
680,L_hip_pitch,0.722393,-0.350000,-0.338080,-1.145182
680,L_knee,0.003888,-0.650000,-0.731913,9.481453
680,L_foot_pitch,-2.134818,0.300000,0.364492,-3.864824
680,L_foot_roll,2.309181,0.000000,-0.024470,1.529966
680,R_hip_roll,-0.088685,0.000000,0.005010,-0.662130
680,R_hip_yaw,-0.011964,0.000000,0.017110,-2.020473
680,R_hip_pitch,0.547660,0.350000,0.349149,-0.176861
680,R_knee,1.542620,0.650000,0.746767,-11.279031
680,R_foot_pitch,-1.607053,-0.300000,-0.367091,4.030548
680,R_foot_roll,0.464654,0.000000,-0.021485,1.341603
690,L_hip_roll,1.753001,0.000000,0.008864,-1.145644
690,L_hip_yaw,-0.082037,0.000000,-0.019244,2.330987
690,L_hip_pitch,0.858144,-0.350000,-0.341159,-0.735263
690,L_knee,-0.007650,-0.650000,-0.728159,8.982163
690,L_foot_pitch,-2.078965,0.300000,0.364446,-3.862310
690,L_foot_roll,2.251553,0.000000,-0.025091,1.567793
690,R_hip_roll,-0.064238,0.000000,0.005642,-0.741876
690,R_hip_yaw,-0.036743,0.000000,0.016808,-1.988917
690,R_hip_pitch,0.638723,0.350000,0.352147,-0.573945
690,R_knee,1.518254,0.650000,0.743117,-10.784267
690,R_foot_pitch,-1.555846,-0.300000,-0.367133,4.031599
690,R_foot_roll,0.370205,0.000000,-0.022010,1.372944
700,L_hip_roll,1.617257,0.000000,0.009707,-1.250769
700,L_hip_yaw,-0.116664,0.000000,-0.019425,2.346056
700,L_hip_pitch,0.968558,-0.350000,-0.344609,-0.286976
700,L_knee,-0.012291,-0.650000,-0.723956,8.436404
700,L_foot_pitch,-2.005611,0.300000,0.364402,-3.859817
700,L_foot_roll,2.166651,0.000000,-0.025716,1.605357
700,R_hip_roll,-0.009920,0.000000,0.006303,-0.823275
700,R_hip_yaw,-0.058459,0.000000,0.016561,-1.965705
700,R_hip_pitch,0.723116,0.350000,0.355498,-1.009724
700,R_knee,1.475202,0.650000,0.738956,-10.238828
700,R_foot_pitch,-1.505938,-0.300000,-0.367163,4.032163
700,R_foot_roll,0.320332,0.000000,-0.022531,1.403680
710,L_hip_roll,1.502347,0.000000,0.010578,-1.357014
710,L_hip_yaw,-0.151988,0.000000,-0.019533,2.351126
710,L_hip_pitch,1.071130,-0.350000,-0.348368,0.192206
710,L_knee,0.002789,-0.650000,-0.719384,7.854751
710,L_foot_pitch,-1.942070,0.300000,0.364360,-3.857373
710,L_foot_roll,2.093438,0.000000,-0.026338,1.642379
710,R_hip_roll,0.042443,0.000000,0.006975,-0.904155
710,R_hip_yaw,-0.079798,0.000000,0.016385,-1.952061
710,R_hip_pitch,0.801444,0.350000,0.359164,-1.479332
710,R_knee,1.422936,0.650000,0.734397,-9.657018
710,R_foot_pitch,-1.460836,-0.300000,-0.367182,4.032576
710,R_foot_roll,0.299967,0.000000,-0.023044,1.433573
720,L_hip_roll,1.425467,0.000000,0.011455,-1.461964
720,L_hip_yaw,-0.188055,0.000000,-0.019560,2.346209
720,L_hip_pitch,1.155885,-0.350000,-0.352374,0.694899
720,L_knee,0.046416,-0.650000,-0.714532,7.248804
720,L_foot_pitch,-1.912540,0.300000,0.364318,-3.854986
720,L_foot_roll,2.056896,0.000000,-0.026955,1.678617
720,R_hip_roll,0.075314,0.000000,0.007640,-0.982563
720,R_hip_yaw,-0.095758,0.000000,0.016286,-1.947992
720,R_hip_pitch,0.848498,0.350000,0.363103,-1.977246
720,R_knee,1.401754,0.650000,0.729557,-9.053673
720,R_foot_pitch,-1.428256,-0.300000,-0.367197,4.033261
720,R_foot_roll,0.324792,0.000000,-0.023547,1.462427
730,L_hip_roll,1.378786,0.000000,0.012318,-1.563480
730,L_hip_yaw,-0.213852,0.000000,-0.019505,2.331522
730,L_hip_pitch,1.223916,-0.350000,-0.356565,1.213470
730,L_knee,0.084853,-0.650000,-0.709497,6.630687
730,L_foot_pitch,-1.908874,0.300000,0.364278,-3.852804
730,L_foot_roll,2.042284,0.000000,-0.027562,1.713859
730,R_hip_roll,0.078519,0.000000,0.008283,-1.056841
730,R_hip_yaw,-0.107378,0.000000,0.016265,-1.953265
730,R_hip_pitch,0.864462,0.350000,0.367268,-2.497402
730,R_knee,1.415982,0.650000,0.724559,-8.443707
730,R_foot_pitch,-1.410291,-0.300000,-0.367213,4.034564
730,R_foot_roll,0.370479,0.000000,-0.024034,1.490075
740,L_hip_roll,1.416702,0.000000,0.013122,-1.651335
740,L_hip_yaw,-0.226415,0.000000,-0.019534,2.355853
740,L_hip_pitch,1.264332,-0.350000,-0.362670,2.253883
740,L_knee,0.137859,-0.650000,-0.706935,6.776042
740,L_foot_pitch,-1.896813,0.300000,0.361217,-3.175550
740,L_foot_roll,2.083996,0.000000,-0.028641,1.876529
740,R_hip_roll,0.058201,0.000000,0.008847,-1.105706
740,R_hip_yaw,-0.126247,0.000000,0.016183,-1.925631
740,R_hip_pitch,0.864942,0.350000,0.373141,-3.531725
740,R_knee,1.454196,0.650000,0.721755,-8.602053
740,R_foot_pitch,-1.394192,-0.300000,-0.364695,3.390323
740,R_foot_roll,0.408100,0.000000,-0.024908,1.501043
750,L_hip_roll,1.453092,0.000000,0.013700,-1.694423
750,L_hip_yaw,-0.225320,0.000000,-0.019667,2.374321
750,L_hip_pitch,1.255287,-0.350000,-0.369771,3.056114
750,L_knee,0.198234,-0.650000,-0.707001,6.901929
750,L_foot_pitch,-1.876477,0.300000,0.356726,-3.008171
750,L_foot_roll,2.132674,0.000000,-0.029193,1.820785
750,R_hip_roll,0.045714,0.000000,0.009211,-1.135661
750,R_hip_yaw,-0.140324,0.000000,0.016004,-1.902122
750,R_hip_pitch,0.873627,0.350000,0.380426,-4.351158
750,R_knee,1.532380,0.650000,0.722252,-8.774362
750,R_foot_pitch,-1.370699,-0.300000,-0.360336,3.248867
750,R_foot_roll,0.444727,0.000000,-0.025333,1.574883
760,L_hip_roll,1.484938,0.000000,0.014156,-1.743802
760,L_hip_yaw,-0.220775,0.000000,-0.019754,2.373729
760,L_hip_pitch,1.192435,-0.350000,-0.376085,3.709040
760,L_knee,0.271756,-0.650000,-0.708099,7.114267
760,L_foot_pitch,-1.818775,0.300000,0.353129,-2.878375
760,L_foot_roll,2.156109,0.000000,-0.029745,1.858735
760,R_hip_roll,0.046228,0.000000,0.009490,-1.166779
760,R_hip_yaw,-0.147725,0.000000,0.015879,-1.898181
760,R_hip_pitch,0.854982,0.350000,0.386904,-5.034940
760,R_knee,1.624004,0.650000,0.723714,-9.039896
760,R_foot_pitch,-1.334023,-0.300000,-0.356891,3.121068
760,R_foot_roll,0.481422,0.000000,-0.025701,1.586612
770,L_hip_roll,1.530815,0.000000,0.014457,-1.765254
770,L_hip_yaw,-0.199261,0.000000,-0.019813,2.380755
770,L_hip_pitch,1.085371,-0.350000,-0.381067,4.163089
770,L_knee,0.346046,-0.650000,-0.709704,7.344286
770,L_foot_pitch,-1.740980,0.300000,0.350298,-2.764880
770,L_foot_roll,2.171875,0.000000,-0.030249,1.926824
770,R_hip_roll,0.042563,0.000000,0.009657,-1.171379
770,R_hip_yaw,-0.152205,0.000000,0.015783,-1.886879
770,R_hip_pitch,0.831283,0.350000,0.392246,-5.555361
770,R_knee,1.728255,0.650000,0.726011,-9.391009
770,R_foot_pitch,-1.281851,-0.300000,-0.354303,3.023339
770,R_foot_roll,0.505107,0.000000,-0.025957,1.558207
780,L_hip_roll,1.563784,0.000000,0.014654,-1.789862
780,L_hip_yaw,-0.163210,0.000000,-0.019815,2.372045
780,L_hip_pitch,0.948286,-0.350000,-0.384471,4.387780
780,L_knee,0.405543,-0.650000,-0.711782,7.622185
780,L_foot_pitch,-1.661980,0.300000,0.348328,-2.722601
780,L_foot_roll,2.159301,0.000000,-0.030874,2.078715
780,R_hip_roll,0.022560,0.000000,0.009789,-1.184353
780,R_hip_yaw,-0.161243,0.000000,0.015750,-1.891782
780,R_hip_pitch,0.805388,0.350000,0.396069,-5.843553
780,R_knee,1.830171,0.650000,0.728848,-9.777133
780,R_foot_pitch,-1.222577,-0.300000,-0.352629,2.994501
780,R_foot_roll,0.521483,0.000000,-0.026492,1.560770
790,L_hip_roll,1.582219,0.000000,0.014749,-1.780283
790,L_hip_yaw,-0.119127,0.000000,-0.019735,2.354183
790,L_hip_pitch,0.797654,-0.350000,-0.386237,4.440485
790,L_knee,0.468349,-0.650000,-0.714440,8.011618
790,L_foot_pitch,-1.579215,0.300000,0.346954,-2.740461
790,L_foot_roll,2.132302,0.000000,-0.031042,1.910199
790,R_hip_roll,0.000992,0.000000,0.009898,-1.198924
790,R_hip_yaw,-0.178144,0.000000,0.015817,-1.912357
790,R_hip_pitch,0.793091,0.350000,0.398158,-5.877710
790,R_knee,1.928762,0.650000,0.732035,-10.127744
790,R_foot_pitch,-1.140264,-0.300000,-0.351685,3.079864
790,R_foot_roll,0.531348,0.000000,-0.026871,1.633787
800,L_hip_roll,1.564499,0.000000,0.014868,-1.794768
800,L_hip_yaw,-0.074957,0.000000,-0.019510,2.315379
800,L_hip_pitch,0.625794,-0.350000,-0.386037,4.230070
800,L_knee,0.535888,-0.650000,-0.717175,8.357579
800,L_foot_pitch,-1.481879,0.300000,0.346461,-2.771724
800,L_foot_roll,2.069265,0.000000,-0.031443,1.935865
800,R_hip_roll,0.000757,0.000000,0.010067,-1.228546
800,R_hip_yaw,-0.194355,0.000000,0.016023,-1.948646
800,R_hip_pitch,0.778155,0.350000,0.398446,-5.753873
800,R_knee,2.010067,0.650000,0.735421,-10.587222
800,R_foot_pitch,-1.040233,-0.300000,-0.351195,3.070593
800,R_foot_roll,0.536695,0.000000,-0.027134,1.683129
810,L_hip_roll,1.511187,0.000000,0.014960,-1.791654
810,L_hip_yaw,-0.030849,0.000000,-0.019203,2.271704
810,L_hip_pitch,0.429662,-0.350000,-0.383973,3.808380
810,L_knee,0.613453,-0.650000,-0.720051,8.718599
810,L_foot_pitch,-1.370490,0.300000,0.346583,-2.773421
810,L_foot_roll,1.981221,0.000000,-0.031839,1.798168
810,R_hip_roll,0.028252,0.000000,0.010277,-1.251882
810,R_hip_yaw,-0.208829,0.000000,0.016319,-1.991479
810,R_hip_pitch,0.768400,0.350000,0.396834,-5.385841
810,R_knee,2.092938,0.650000,0.738822,-11.006686
810,R_foot_pitch,-0.917888,-0.300000,-0.351361,3.115431
810,R_foot_roll,0.534249,0.000000,-0.027539,1.657289
820,L_hip_roll,1.448620,0.000000,0.015084,-1.824319
820,L_hip_yaw,0.005850,0.000000,-0.018795,2.210288
820,L_hip_pitch,0.243009,-0.350000,-0.380228,3.178779
820,L_knee,0.680683,-0.650000,-0.723070,9.072226
820,L_foot_pitch,-1.275296,0.300000,0.347311,-2.948378
820,L_foot_roll,1.886123,0.000000,-0.032299,1.985696
820,R_hip_roll,0.045817,0.000000,0.010569,-1.301307
820,R_hip_yaw,-0.216075,0.000000,0.016730,-2.053044
820,R_hip_pitch,0.748857,0.350000,0.393441,-4.797800
820,R_knee,2.142499,0.650000,0.742103,-11.372497
820,R_foot_pitch,-0.805133,-0.300000,-0.352067,3.210316
820,R_foot_roll,0.526937,0.000000,-0.027961,1.718936
830,L_hip_roll,1.357635,0.000000,0.015290,-1.853051
830,L_hip_yaw,0.039890,0.000000,-0.018261,2.133773
830,L_hip_pitch,0.052228,-0.350000,-0.374863,2.400986
830,L_knee,0.751370,-0.650000,-0.725947,9.418196
830,L_foot_pitch,-1.180076,0.300000,0.348576,-3.019167
830,L_foot_roll,1.767575,0.000000,-0.032768,1.930866
830,R_hip_roll,0.063562,0.000000,0.010981,-1.364360
830,R_hip_yaw,-0.219115,0.000000,0.017264,-2.129962
830,R_hip_pitch,0.716989,0.350000,0.388443,-4.051881
830,R_knee,2.165342,0.650000,0.745118,-11.707459
830,R_foot_pitch,-0.693662,-0.300000,-0.352979,3.287486
830,R_foot_roll,0.515220,0.000000,-0.028298,1.738804
840,L_hip_roll,1.251636,0.000000,0.015585,-1.905973
840,L_hip_yaw,0.072414,0.000000,-0.017630,2.048065
840,L_hip_pitch,-0.127975,-0.350000,-0.368363,1.507469
840,L_knee,0.809609,-0.650000,-0.728941,9.774104
840,L_foot_pitch,-1.088201,0.300000,0.350078,-3.186946
840,L_foot_roll,1.628938,0.000000,-0.033116,2.036031
840,R_hip_roll,0.083891,0.000000,0.011531,-1.445163
840,R_hip_yaw,-0.220633,0.000000,0.017904,-2.216646
840,R_hip_pitch,0.692634,0.350000,0.382165,-3.183141
840,R_knee,2.160722,0.650000,0.747923,-12.020758
840,R_foot_pitch,-0.592075,-0.300000,-0.354151,3.371665
840,R_foot_roll,0.489336,0.000000,-0.028695,1.760439
850,L_hip_roll,1.162193,0.000000,0.015924,-1.938995
850,L_hip_yaw,0.110484,0.000000,-0.016989,1.980221
850,L_hip_pitch,-0.294970,-0.350000,-0.360965,0.547429
850,L_knee,0.859777,-0.650000,-0.731736,10.068955
850,L_foot_pitch,-0.993341,0.300000,0.351777,-3.268473
850,L_foot_roll,1.479409,0.000000,-0.033596,2.044419
850,R_hip_roll,0.118283,0.000000,0.012136,-1.513028
850,R_hip_yaw,-0.222616,0.000000,0.018553,-2.285846
850,R_hip_pitch,0.669119,0.350000,0.374966,-2.247520
850,R_knee,2.129441,0.650000,0.750456,-12.293823
850,R_foot_pitch,-0.500831,-0.300000,-0.355378,3.443299
850,R_foot_roll,0.468415,0.000000,-0.029061,1.778344
860,L_hip_roll,1.057456,0.000000,0.016153,-1.957084
860,L_hip_yaw,0.156360,0.000000,-0.016483,1.933962
860,L_hip_pitch,-0.439376,-0.350000,-0.353065,-0.432612
860,L_knee,0.882226,-0.650000,-0.734093,10.308898
860,L_foot_pitch,-0.917007,0.300000,0.353265,-3.333303
860,L_foot_roll,1.303252,0.000000,-0.033887,2.062498
860,R_hip_roll,0.151420,0.000000,0.012652,-1.565624
860,R_hip_yaw,-0.219885,0.000000,0.019069,-2.332942
860,R_hip_pitch,0.642402,0.350000,0.367296,-1.300049
860,R_knee,2.066572,0.650000,0.752714,-12.542578
860,R_foot_pitch,-0.435908,-0.300000,-0.356535,3.503156
860,R_foot_roll,0.442772,0.000000,-0.029387,1.794187
870,L_hip_roll,0.965014,0.000000,0.016292,-1.965129
870,L_hip_yaw,0.201392,0.000000,-0.016131,1.907872
870,L_hip_pitch,-0.576957,-0.350000,-0.345105,-1.372762
870,L_knee,0.895768,-0.650000,-0.736122,10.528506
870,L_foot_pitch,-0.842513,0.300000,0.354487,-3.378747
870,L_foot_roll,1.112346,0.000000,-0.034178,2.079661
870,R_hip_roll,0.202294,0.000000,0.013073,-1.606609
870,R_hip_yaw,-0.214521,0.000000,0.019427,-2.359531
870,R_hip_pitch,0.609047,0.350000,0.359600,-0.393575
870,R_knee,1.969370,0.650000,0.754831,-12.789690
870,R_foot_pitch,-0.388352,-0.300000,-0.357574,3.551917
870,R_foot_roll,0.426710,0.000000,-0.029679,1.808622
880,L_hip_roll,0.851936,0.000000,0.016352,-1.965268
880,L_hip_yaw,0.251191,0.000000,-0.015944,1.901961
880,L_hip_pitch,-0.698835,-0.350000,-0.337542,-2.221260
880,L_knee,0.892510,-0.650000,-0.738026,10.753873
880,L_foot_pitch,-0.767704,0.300000,0.355423,-3.405850
880,L_foot_roll,0.892314,0.000000,-0.034465,2.096232
880,R_hip_roll,0.254876,0.000000,0.013401,-1.637010
880,R_hip_yaw,-0.207796,0.000000,0.019617,-2.365590
880,R_hip_pitch,0.581609,0.350000,0.352305,0.423497
880,R_knee,1.823458,0.650000,0.756969,-13.055455
880,R_foot_pitch,-0.357284,-0.300000,-0.358462,3.589025
880,R_foot_roll,0.394527,0.000000,-0.029943,1.821907
890,L_hip_roll,0.726731,0.000000,0.016352,-1.959874
890,L_hip_yaw,0.300577,0.000000,-0.015917,1.914342
890,L_hip_pitch,-0.822021,-0.350000,-0.330781,-2.936242
890,L_knee,0.878886,-0.650000,-0.740009,11.008228
890,L_foot_pitch,-0.688076,0.300000,0.356070,-3.416200
890,L_foot_roll,0.664232,0.000000,-0.034745,2.112481
890,R_hip_roll,0.306254,0.000000,0.013645,-1.658308
890,R_hip_yaw,-0.194552,0.000000,0.019645,-2.353029
890,R_hip_pitch,0.547579,0.350000,0.345792,1.111604
890,R_knee,1.607724,0.650000,0.759283,-13.357492
890,R_foot_pitch,-0.354155,-0.300000,-0.359178,3.614114
890,R_foot_roll,0.356629,0.000000,-0.030185,1.834285
900,L_hip_roll,0.580176,0.000000,0.016308,-1.951143
900,L_hip_yaw,0.350728,0.000000,-0.016041,1.943750
900,L_hip_pitch,-0.942633,-0.350000,-0.325145,-3.488448
900,L_knee,0.852595,-0.650000,-0.742247,11.309040
900,L_foot_pitch,-0.586708,0.300000,0.356439,-3.411166
900,L_foot_roll,0.432151,0.000000,-0.035021,2.128698
900,R_hip_roll,0.360048,0.000000,0.013816,-1.672073
900,R_hip_yaw,-0.177594,0.000000,0.019519,-2.323165
900,R_hip_pitch,0.524347,0.350000,0.340365,1.643636
900,R_knee,1.306034,0.650000,0.761908,-13.708355
900,R_foot_pitch,-0.366144,-0.300000,-0.359709,3.627202
900,R_foot_roll,0.302635,0.000000,-0.030407,1.845970
910,L_hip_roll,0.408134,0.000000,0.016239,-1.941299
910,L_hip_yaw,0.394778,0.000000,-0.016301,1.987629
910,L_hip_pitch,-1.052452,-0.350000,-0.320850,-3.863489
910,L_knee,0.813887,-0.650000,-0.744870,11.666613
910,L_foot_pitch,-0.459294,0.300000,0.356547,-3.392292
910,L_foot_roll,0.230089,0.000000,-0.035295,2.145148
910,R_hip_roll,0.407221,0.000000,0.013928,-1.680235
910,R_hip_yaw,-0.161862,0.000000,0.019255,-2.278619
910,R_hip_pitch,0.503500,0.350000,0.336222,2.006354
910,R_knee,0.899908,0.650000,0.764933,-14.114063
910,R_foot_pitch,-0.395306,-0.300000,-0.360049,3.628163
910,R_foot_roll,0.232903,0.000000,-0.030615,1.857189
920,L_hip_roll,0.178236,0.000000,0.016163,-1.931980
920,L_hip_yaw,0.415092,0.000000,-0.016675,2.042948
920,L_hip_pitch,-1.127187,-0.350000,-0.317991,-4.062264
920,L_knee,0.755477,-0.650000,-0.747949,12.082818
920,L_foot_pitch,-0.265911,0.300000,0.356411,-3.360593
920,L_foot_roll,0.091941,0.000000,-0.035570,2.161844
920,R_hip_roll,0.433197,0.000000,0.013995,-1.684480
920,R_hip_yaw,-0.141701,0.000000,0.018875,-2.222493
920,R_hip_pitch,0.526405,0.350000,0.333452,2.200762
920,R_knee,0.353971,0.650000,0.768397,-14.573731
920,R_foot_pitch,-0.436187,-0.300000,-0.360193,3.616945
920,R_foot_roll,0.137958,0.000000,-0.030813,1.868151
930,L_hip_roll,-0.185491,0.000000,0.016092,-1.924429
930,L_hip_yaw,0.387009,0.000000,-0.017139,2.106135
930,L_hip_pitch,-1.124867,-0.350000,-0.316540,-4.100251
930,L_knee,0.623205,-0.650000,-0.751487,12.551727
930,L_foot_pitch,-0.056684,0.300000,0.356049,-3.317128
930,L_foot_roll,0.007707,0.000000,-0.035848,2.178867
930,R_hip_roll,0.448479,0.000000,0.014031,-1.686391
930,R_hip_yaw,-0.108194,0.000000,0.018405,-2.158414
930,R_hip_pitch,0.617148,0.350000,0.332029,2.241434
930,R_knee,-0.359042,0.650000,0.772283,-15.079976
930,R_foot_pitch,-0.458252,-0.300000,-0.360136,3.593401
930,R_foot_roll,0.022463,0.000000,-0.031003,1.878852
940,L_hip_roll,-0.725866,0.000000,0.016042,-1.919798
940,L_hip_yaw,0.305436,0.000000,-0.017661,2.173419
940,L_hip_pitch,-0.951691,-0.350000,-0.316345,-4.005912
940,L_knee,0.345125,-0.650000,-0.755414,13.060031
940,L_foot_pitch,0.193586,0.300000,0.355472,-3.262796
940,L_foot_roll,0.008027,0.000000,-0.036198,2.195765
940,R_hip_roll,0.368237,0.000000,0.014052,-1.687501
940,R_hip_yaw,-0.101866,0.000000,0.017876,-2.090203
940,R_hip_pitch,0.804040,0.350000,0.331815,2.154941
940,R_knee,-1.148175,0.650000,0.776523,-15.619755
940,R_foot_pitch,-0.390794,-0.300000,-0.359877,3.557684
940,R_foot_roll,-0.219353,0.000000,-0.031186,1.889348
950,L_hip_roll,-1.267021,0.000000,0.016006,-1.916581
950,L_hip_yaw,0.164589,0.000000,-0.018215,2.241919
950,L_hip_pitch,-0.566314,-0.350000,-0.317186,-3.813529
950,L_knee,-0.123875,-0.650000,-0.759637,13.590707
950,L_foot_pitch,0.474322,0.300000,0.354697,-3.197585
950,L_foot_roll,0.132781,0.000000,-0.036526,2.212672
950,R_hip_roll,0.177485,0.000000,0.014060,-1.687438
950,R_hip_yaw,-0.134874,0.000000,0.017314,-2.020769
950,R_hip_pitch,1.141549,0.350000,0.332594,1.973422
950,R_knee,-1.817838,0.650000,0.781010,-16.177531
950,R_foot_pitch,-0.058981,-0.300000,-0.359417,3.510153
950,R_foot_roll,-0.548405,0.000000,-0.031365,1.899430
960,L_hip_roll,-1.489948,0.000000,0.015917,-1.895570
960,L_hip_yaw,0.052061,0.000000,-0.018808,2.321162
960,L_hip_pitch,-0.152284,-0.350000,-0.318765,-3.565190
960,L_knee,-0.607101,-0.650000,-0.763897,14.089203
960,L_foot_pitch,0.748299,0.300000,0.353544,-3.097405
960,L_foot_roll,0.380453,0.000000,-0.036631,2.217804
960,R_hip_roll,-0.005860,0.000000,0.014012,-1.669284
960,R_hip_yaw,-0.217557,0.000000,0.016712,-1.940484
960,R_hip_pitch,1.530730,0.350000,0.334109,1.730075
960,R_knee,-2.165299,0.650000,0.785595,-16.727415
960,R_foot_pitch,0.365663,-0.300000,-0.358747,3.447101
960,R_foot_roll,-0.791774,0.000000,-0.031529,1.906853
970,L_hip_roll,-1.348776,0.000000,0.015783,-1.877167
970,L_hip_yaw,-0.008350,0.000000,-0.019441,2.396198
970,L_hip_pitch,0.062871,-0.350000,-0.320747,-3.300831
970,L_knee,-0.953360,-0.650000,-0.768030,14.572196
970,L_foot_pitch,1.050344,0.300000,0.352276,-3.001460
970,L_foot_roll,0.699651,0.000000,-0.037006,2.241870
970,R_hip_roll,-0.279669,0.000000,0.013881,-1.649809
970,R_hip_yaw,-0.338256,0.000000,0.016072,-1.864344
970,R_hip_pitch,1.761363,0.350000,0.336067,1.464948
970,R_knee,-2.264954,0.650000,0.790133,-17.265213
970,R_foot_pitch,0.681748,-0.300000,-0.357872,3.376678
970,R_foot_roll,-1.029158,0.000000,-0.031673,1.913842
980,L_hip_roll,-1.043177,0.000000,0.015580,-1.830407
980,L_hip_yaw,-0.032978,0.000000,-0.020064,2.471477
980,L_hip_pitch,0.144056,-0.350000,-0.322824,-3.042264
980,L_knee,-1.228297,-0.650000,-0.771851,14.997070
980,L_foot_pitch,1.298507,0.300000,0.350605,-2.781878
980,L_foot_roll,0.945017,0.000000,-0.037075,2.054584
980,R_hip_roll,-0.554402,0.000000,0.013685,-1.618000
980,R_hip_yaw,-0.393804,0.000000,0.015436,-1.788354
980,R_hip_pitch,1.852865,0.350000,0.338177,1.210124
980,R_knee,-2.264932,0.650000,0.794465,-17.753168
980,R_foot_pitch,0.989615,-0.300000,-0.356668,3.286616
980,R_foot_roll,-1.238688,0.000000,-0.031698,1.918950
990,L_hip_roll,-0.721471,0.000000,0.015302,-1.812793
990,L_hip_yaw,-0.046673,0.000000,-0.020684,2.527861
990,L_hip_pitch,0.151404,-0.350000,-0.324663,-2.932532
990,L_knee,-1.420958,-0.650000,-0.775075,15.218549
990,L_foot_pitch,1.442829,0.300000,0.348872,-2.864952
990,L_foot_roll,1.097238,0.000000,-0.037322,2.214895
990,R_hip_roll,-0.779957,0.000000,0.013407,-1.589247
990,R_hip_yaw,-0.395094,0.000000,0.014804,-1.721935
990,R_hip_pitch,1.826761,0.350000,0.340128,0.995296
990,R_knee,-2.227659,0.650000,0.798335,-18.176614
990,R_foot_pitch,1.257993,-0.300000,-0.355302,3.176275
990,R_foot_roll,-1.361027,0.000000,-0.031779,1.919851
1000,L_hip_roll,-0.443534,0.000000,0.015045,-1.782260
1000,L_hip_yaw,-0.049889,0.000000,-0.021205,2.592426
1000,L_hip_pitch,0.049307,-0.350000,-0.326212,-2.724775
1000,L_knee,-1.507313,-0.650000,-0.777784,15.579044
1000,L_foot_pitch,1.489000,0.300000,0.346447,-2.569999
1000,L_foot_roll,1.157081,0.000000,-0.037415,2.282478
1000,R_hip_roll,-0.922317,0.000000,0.013142,-1.554311
1000,R_hip_yaw,-0.375089,0.000000,0.014279,-1.664897
1000,R_hip_pitch,1.725487,0.350000,0.341788,0.841647
1000,R_knee,-2.160523,0.650000,0.801624,-18.499148
1000,R_foot_pitch,1.422215,-0.300000,-0.353452,3.036152
1000,R_foot_roll,-1.379929,0.000000,-0.031620,1.927436
1010,L_hip_roll,-0.227744,-0.056936,0.014784,-8.578977
1010,L_hip_yaw,-0.059242,-0.014811,-0.021633,0.858545
1010,L_hip_pitch,-0.066652,-0.366663,-0.327125,-4.667587
1010,L_knee,-1.524191,-1.031048,-0.779737,-29.972986
1010,L_foot_pitch,1.493751,0.449375,0.344002,6.576372
1010,L_foot_roll,1.174102,0.117410,-0.037556,9.307673
1010,R_hip_roll,-0.982489,-0.245622,0.012893,-30.998110
1010,R_hip_yaw,-0.331312,-0.082828,0.013838,-11.560447
1010,R_hip_pitch,1.629769,0.757442,0.342916,49.652987
1010,R_knee,-2.114806,0.121298,0.804257,-82.191649
1010,R_foot_pitch,1.492621,-0.150738,-0.351424,11.835448
1010,R_foot_roll,-1.354976,-0.135498,-0.031707,-6.204798
1020,L_hip_roll,-0.150070,-0.037517,0.014950,-6.351426
1020,L_hip_yaw,-0.095761,-0.023940,-0.018289,-1.210096
1020,L_hip_pitch,0.085282,-0.328680,-0.343892,4.647211
1020,L_knee,-1.376077,-0.994019,-0.806241,-18.216006
1020,L_foot_pitch,1.442044,0.444204,0.359858,3.470105
1020,L_foot_roll,1.193657,0.119366,-0.003705,2.129940
1020,R_hip_roll,-1.171581,-0.292895,0.014228,-37.101457
1020,R_hip_yaw,-0.213896,-0.053474,0.011961,-7.548377
1020,R_hip_pitch,1.306376,0.676594,0.348558,38.535583
1020,R_knee,-1.786800,0.203300,0.804722,-71.953332
1020,R_foot_pitch,1.627166,-0.137283,-0.346969,12.326391
1020,R_foot_roll,-1.332921,-0.133292,-0.032243,-5.967078
1030,L_hip_roll,-0.018682,-0.004670,0.015893,-2.589912
1030,L_hip_yaw,-0.092771,-0.023193,-0.014476,-1.262237
1030,L_hip_pitch,0.014012,-0.346497,-0.377998,7.529280
1030,L_knee,-1.294239,-0.973560,-0.857087,-8.494443
1030,L_foot_pitch,1.419140,0.441914,0.368440,3.998476
1030,L_foot_roll,1.111447,0.111145,0.052884,-1.978059
1030,R_hip_roll,-1.375838,-0.343960,0.017526,-43.755859
1030,R_hip_yaw,-0.132225,-0.033056,0.008761,-4.682666
1030,R_hip_pitch,0.981508,0.595377,0.360313,26.875643
1030,R_knee,-1.518696,0.270326,0.802872,-63.610697
1030,R_foot_pitch,1.603705,-0.139630,-0.338696,10.949045
1030,R_foot_roll,-1.485222,-0.148522,-0.032505,-7.011026
1040,L_hip_roll,0.165472,0.041368,0.017318,2.733292
1040,L_hip_yaw,-0.074793,-0.018698,-0.014880,-0.230443
1040,L_hip_pitch,-0.130342,-0.382585,-0.415221,7.510426
1040,L_knee,-1.237524,-0.959381,-0.910268,-0.875789
1040,L_foot_pitch,1.400336,0.440034,0.369533,4.295638
1040,L_foot_roll,0.979106,0.097911,0.096157,-3.220927
1040,R_hip_roll,-1.582567,-0.395642,0.021457,-50.496595
1040,R_hip_yaw,-0.086645,-0.021661,0.005558,-2.954129
1040,R_hip_pitch,0.724070,0.531018,0.373552,17.647881
1040,R_knee,-1.285982,0.328505,0.797580,-55.475612
1040,R_foot_pitch,1.542665,-0.145733,-0.328005,9.705653
1040,R_foot_roll,-1.677660,-0.167766,-0.033164,-7.236889
1050,L_hip_roll,0.352142,0.088035,0.018954,8.129575
1050,L_hip_yaw,-0.059409,-0.014852,-0.018732,0.937450
1050,L_hip_pitch,-0.272746,-0.418186,-0.447596,6.409221
1050,L_knee,-1.243249,-0.960812,-0.953444,2.763018
1050,L_foot_pitch,1.398768,0.439877,0.367849,4.542347
1050,L_foot_roll,0.807600,0.080760,0.114909,-2.931702
1050,R_hip_roll,-1.709091,-0.427273,0.024951,-51.000000
1050,R_hip_yaw,-0.035391,-0.008848,0.003086,-1.229826
1050,R_hip_pitch,0.468529,0.467132,0.385850,8.592726
1050,R_knee,-1.109900,0.372525,0.788744,-48.929785
1050,R_foot_pitch,1.445809,-0.155419,-0.315077,8.210456
1050,R_foot_roll,-1.843936,-0.184394,-0.032455,-9.228835
1060,L_hip_roll,0.389361,0.097340,0.021021,8.924597
1060,L_hip_yaw,-0.049750,-0.012438,-0.023778,1.849187
1060,L_hip_pitch,-0.420225,-0.455056,-0.471544,3.943884
1060,L_knee,-1.272285,-0.968071,-0.981606,3.710721
1060,L_foot_pitch,1.351470,0.435147,0.365492,4.415005
1060,L_foot_roll,0.630307,0.063031,0.111940,-1.964585
1060,R_hip_roll,-1.828738,-0.457185,0.027934,-51.000000
1060,R_hip_yaw,0.010676,0.002669,0.001666,0.215069
1060,R_hip_pitch,0.262235,0.415559,0.395374,1.591505
1060,R_knee,-0.974924,0.406269,0.775836,-42.904795
1060,R_foot_pitch,1.368091,-0.163191,-0.300922,6.648486
1060,R_foot_roll,-1.966007,-0.196601,-0.031974,-9.970918
1070,L_hip_roll,0.429421,0.107355,0.023632,9.775721
1070,L_hip_yaw,-0.049670,-0.012418,-0.027769,2.140966
1070,L_hip_pitch,-0.533494,-0.483374,-0.486524,1.485571
1070,L_knee,-1.269368,-0.967342,-0.994944,4.020359
1070,L_foot_pitch,1.315719,0.431572,0.363264,4.305788
1070,L_foot_roll,0.491203,0.049120,0.095484,-0.860247
1070,R_hip_roll,-1.850828,-0.462707,0.030556,-51.000000
1070,R_hip_yaw,0.019610,0.004902,0.001348,0.414098
1070,R_hip_pitch,0.128719,0.382180,0.401612,-2.814272
1070,R_knee,-0.931773,0.417057,0.759320,-39.282615
1070,R_foot_pitch,1.241162,-0.175884,-0.285267,4.901494
1070,R_foot_roll,-2.011666,-0.201167,-0.031292,-10.292975
1080,L_hip_roll,0.398856,0.099714,0.026534,8.486453
1080,L_hip_yaw,-0.044039,-0.011010,-0.029616,2.312728
1080,L_hip_pitch,-0.548807,-0.487202,-0.493513,1.133055
1080,L_knee,-1.289195,-0.972299,-0.995545,2.342116
1080,L_foot_pitch,1.295346,0.429535,0.361397,4.256086
1080,L_foot_roll,0.393528,0.039353,0.074203,0.000897
1080,R_hip_roll,-1.835495,-0.458874,0.032828,-51.000000
1080,R_hip_yaw,0.029003,0.007251,0.001868,0.561327
1080,R_hip_pitch,0.101619,0.375405,0.404390,-3.598799
1080,R_knee,-0.985605,0.403599,0.739413,-38.153608
1080,R_foot_pitch,1.098774,-0.190123,-0.268145,2.926600
1080,R_foot_roll,-2.073804,-0.207380,-0.030309,-10.728050
1090,L_hip_roll,0.386905,0.096726,0.029406,7.804257
1090,L_hip_yaw,-0.049166,-0.012292,-0.028875,1.794713
1090,L_hip_pitch,-0.518634,-0.479659,-0.493927,1.505973
1090,L_knee,-1.314006,-0.978502,-0.986213,-0.359847
1090,L_foot_pitch,1.323423,0.432342,0.359943,4.471084
1090,L_foot_roll,0.317523,0.031752,0.054610,0.364793
1090,R_hip_roll,-1.843067,-0.460767,0.034703,-51.000000
1090,R_hip_yaw,0.005787,0.001447,0.003070,-0.342355
1090,R_hip_pitch,0.140001,0.385000,0.403768,-2.055245
1090,R_knee,-1.022686,0.394329,0.716211,-36.177247
1090,R_foot_pitch,0.985600,-0.201440,-0.250116,1.079972
1090,R_foot_roll,-2.156602,-0.215660,-0.029229,-11.303391
1100,L_hip_roll,0.353336,0.088334,0.031941,6.534171
1100,L_hip_yaw,-0.037510,-0.009377,-0.026014,1.648948
1100,L_hip_pitch,-0.476855,-0.469214,-0.489647,1.876255
1100,L_knee,-1.369402,-0.992350,-0.970636,-4.329015
1100,L_foot_pitch,1.338464,0.433846,0.358915,4.580771
1100,L_foot_roll,0.238365,0.023837,0.039567,0.313030
1100,R_hip_roll,-1.818650,-0.454662,0.036022,-51.000000
1100,R_hip_yaw,-0.023607,-0.005902,0.004763,-1.464505
1100,R_hip_pitch,0.194958,0.398740,0.400547,0.189623
1100,R_knee,-1.103088,0.374228,0.690576,-35.322156
1100,R_foot_pitch,0.850911,-0.214909,-0.231413,-0.901545
1100,R_foot_roll,-2.206428,-0.220643,-0.027988,-11.696681
1110,L_hip_roll,0.302458,0.075614,0.033931,4.833430
1110,L_hip_yaw,-0.040572,-0.010143,-0.021723,0.914544
1110,L_hip_pitch,-0.381652,-0.445413,-0.483156,3.852917
1110,L_knee,-1.434778,-1.008695,-0.953592,-8.248043
1110,L_foot_pitch,1.367141,0.436714,0.358270,4.756898
1110,L_foot_roll,0.160427,0.016043,0.028859,0.114814
1110,R_hip_roll,-1.787294,-0.446824,0.036619,-51.000000
1110,R_hip_yaw,-0.031318,-0.007829,0.006695,-1.940185
1110,R_hip_pitch,0.268512,0.417128,0.395838,3.059334
1110,R_knee,-1.190399,0.352400,0.663595,-34.617605
1110,R_foot_pitch,0.740857,-0.225914,-0.212348,-2.727521
1110,R_foot_roll,-2.233726,-0.223373,-0.026481,-11.979279
1120,L_hip_roll,0.301277,0.075319,0.035123,4.747790
1120,L_hip_yaw,-0.037226,-0.009306,-0.016880,0.437688
1120,L_hip_pitch,-0.343760,-0.435940,-0.476602,4.266331
1120,L_knee,-1.466031,-1.016508,-0.939722,-10.360387
1120,L_foot_pitch,1.394872,0.439487,0.357941,4.914369
1120,L_foot_roll,0.148234,0.014823,0.020915,0.319669
1120,R_hip_roll,-1.779280,-0.444820,0.036275,-51.000000
1120,R_hip_yaw,-0.094134,-0.023534,0.008729,-4.077093
1120,R_hip_pitch,0.319160,0.429790,0.390666,5.204108
1120,R_knee,-1.247508,0.338123,0.636366,-33.089186
1120,R_foot_pitch,0.691204,-0.230880,-0.193267,-4.154053
1120,R_foot_roll,-2.235078,-0.223508,-0.024639,-12.133309
1130,L_hip_roll,0.327415,0.081854,0.035331,5.609842
1130,L_hip_yaw,-0.035493,-0.008873,-0.012773,0.122567
1130,L_hip_pitch,-0.300433,-0.425108,-0.471571,5.174579
1130,L_knee,-1.431215,-1.007804,-0.932198,-9.490570
1130,L_foot_pitch,1.381794,0.438179,0.357841,4.823416
1130,L_foot_roll,0.148966,0.014897,0.015498,0.382178
1130,R_hip_roll,-1.718973,-0.429743,0.034753,-51.000000
1130,R_hip_yaw,-0.130321,-0.032580,0.010599,-5.353008
1130,R_hip_pitch,0.318553,0.429638,0.385974,5.660230
1130,R_knee,-1.295900,0.326025,0.609956,-31.499014
1130,R_foot_pitch,0.642461,-0.235754,-0.174554,-5.514025
1130,R_foot_roll,-2.142859,-0.214286,-0.022307,-11.776035
1140,L_hip_roll,0.403374,0.100844,0.034532,8.083378
1140,L_hip_yaw,-0.025051,-0.006263,-0.010511,0.384242
1140,L_hip_pitch,-0.284451,-0.421113,-0.468186,5.365771
1140,L_knee,-1.362486,-0.990622,-0.930952,-7.046552
1140,L_foot_pitch,1.372774,0.437277,0.357835,4.765661
1140,L_foot_roll,0.143659,0.014366,0.012648,0.287940
1140,R_hip_roll,-1.618034,-0.404509,0.031898,-51.000000
1140,R_hip_yaw,-0.153840,-0.038460,0.012034,-6.180866
1140,R_hip_pitch,0.287702,0.421925,0.382231,5.082562
1140,R_knee,-1.345057,0.313736,0.585063,-30.161752
1140,R_foot_pitch,0.541901,-0.245810,-0.156526,-7.117295
1140,R_foot_roll,-2.013425,-0.201342,-0.019436,-11.198370
1150,L_hip_roll,0.412655,0.103164,0.032937,8.618266
1150,L_hip_yaw,-0.022676,-0.005669,-0.010448,0.658523
1150,L_hip_pitch,-0.260956,-0.415239,-0.465132,5.667374
1150,L_knee,-1.326937,-0.981734,-0.933156,-5.524569
1150,L_foot_pitch,1.362739,0.436274,0.357832,4.707753
1150,L_foot_roll,0.106011,0.010601,0.011425,0.026399
1150,R_hip_roll,-1.494240,-0.373560,0.027718,-47.674220
1150,R_hip_yaw,-0.158152,-0.039538,0.012952,-6.366963
1150,R_hip_pitch,0.309644,0.427411,0.379312,6.027219
1150,R_knee,-1.362642,0.309340,0.561824,-28.053154
1150,R_foot_pitch,0.495168,-0.250483,-0.139338,-8.344292
1150,R_foot_roll,-1.857999,-0.185800,-0.016137,-10.538432
1160,L_hip_roll,0.427274,0.106818,0.030808,9.356235
1160,L_hip_yaw,-0.032262,-0.008066,-0.012108,0.704131
1160,L_hip_pitch,-0.248539,-0.412135,-0.461381,5.494079
1160,L_knee,-1.288696,-0.972174,-0.936270,-3.991338
1160,L_foot_pitch,1.349940,0.434994,0.357800,4.635966
1160,L_foot_roll,0.019298,0.001930,0.010256,-0.368835
1160,R_hip_roll,-1.354035,-0.338509,0.022346,-42.712832
1160,R_hip_yaw,-0.148355,-0.037089,0.013409,-6.087901
1160,R_hip_pitch,0.263935,0.415984,0.377325,4.783316
1160,R_knee,-1.301798,0.324551,0.540491,-23.880669
1160,R_foot_pitch,0.443090,-0.255691,-0.123099,-9.529062
1160,R_foot_roll,-1.704310,-0.170431,-0.012486,-9.866912
1170,L_hip_roll,0.459465,0.114866,0.028459,10.607798
1170,L_hip_yaw,-0.038805,-0.009701,-0.015065,0.979353
1170,L_hip_pitch,-0.264645,-0.416161,-0.456301,4.241256
1170,L_knee,-1.215292,-0.953823,-0.938740,-1.613904
1170,L_foot_pitch,1.338504,0.433850,0.357736,4.574239
1170,L_foot_roll,-0.043240,-0.004324,0.007070,-0.280197
1170,R_hip_roll,-1.205259,-0.301315,0.016005,-37.406366
1170,R_hip_yaw,-0.152116,-0.038029,0.013482,-6.172363
1170,R_hip_pitch,0.245660,0.411415,0.376611,4.177722
1170,R_knee,-1.276620,0.330845,0.521782,-21.185365
1170,R_foot_pitch,0.379435,-0.262056,-0.108169,-10.655649
1170,R_foot_roll,-1.528245,-0.152825,-0.008579,-9.047614
1180,L_hip_roll,0.427682,0.106921,0.026348,9.860213
1180,L_hip_yaw,-0.053681,-0.013420,-0.018843,1.036949
1180,L_hip_pitch,-0.248144,-0.412036,-0.449449,3.727759
1180,L_knee,-1.099247,-0.924812,-0.939029,1.615394
1180,L_foot_pitch,1.322277,0.432228,0.357637,4.486389
1180,L_foot_roll,-0.094622,-0.009462,0.001616,-0.079214
1180,R_hip_roll,-1.051647,-0.262912,0.009053,-31.925711
1180,R_hip_yaw,-0.131688,-0.032922,0.013131,-5.470047
1180,R_hip_pitch,0.249098,0.412275,0.377427,4.022755
1180,R_knee,-1.267577,0.333106,0.506220,-19.361534
1180,R_foot_pitch,0.337261,-0.266274,-0.094670,-11.628644
1180,R_foot_roll,-1.328895,-0.132890,-0.004494,-8.064684
1190,L_hip_roll,0.366002,0.091500,0.024781,8.134266
1190,L_hip_yaw,-0.076622,-0.019156,-0.022771,0.807074
1190,L_hip_pitch,-0.224778,-0.406195,-0.440070,3.006707
1190,L_knee,-0.962534,-0.890634,-0.934574,4.574697
1190,L_foot_pitch,1.309804,0.430980,0.357495,4.424501
1190,L_foot_roll,-0.140102,-0.014010,-0.004716,0.053050
1190,R_hip_roll,-0.882164,-0.220541,0.001826,-25.958993
1190,R_hip_yaw,-0.105569,-0.026392,0.012496,-4.593684
1190,R_hip_pitch,0.257287,0.414322,0.380064,3.749544
1190,R_knee,-1.258287,0.335428,0.494291,-18.056541
1190,R_foot_pitch,0.310179,-0.268982,-0.083312,-12.155296
1190,R_foot_roll,-1.120359,-0.112036,-0.000151,-7.126082
1200,L_hip_roll,0.278327,0.069582,0.023939,5.523534
1200,L_hip_yaw,-0.098533,-0.024633,-0.026495,0.571761
1200,L_hip_pitch,-0.189159,-0.397290,-0.427210,2.154851
1200,L_knee,-0.786825,-0.846706,-0.922427,7.513802
1200,L_foot_pitch,1.287983,0.428798,0.357314,4.307644
1200,L_foot_roll,-0.168015,-0.016801,-0.010704,0.176900
1200,R_hip_roll,-0.707261,-0.176815,-0.005347,-19.868618
1200,R_hip_yaw,-0.088280,-0.022070,0.011808,-3.993909
1200,R_hip_pitch,0.231778,0.407945,0.384995,2.147573
1200,R_knee,-1.246890,0.338278,0.486883,-17.308461
1200,R_foot_pitch,0.284930,-0.271507,-0.075984,-12.238584
1200,R_foot_roll,-0.887956,-0.088796,0.004217,-6.036128
1210,L_hip_roll,0.132266,0.033066,0.023941,1.052628
1210,L_hip_yaw,-0.109901,-0.027475,-0.029910,0.607338
1210,L_hip_pitch,-0.138700,-0.384675,-0.409917,1.113846
1210,L_knee,-0.592150,-0.798037,-0.899891,9.512049
1210,L_foot_pitch,1.259686,0.425969,0.357096,4.154705
1210,L_foot_roll,-0.199760,-0.019976,-0.015436,0.119626
1210,R_hip_roll,-0.519753,-0.129938,-0.012143,-13.483222
1210,R_hip_yaw,-0.056472,-0.014118,0.011157,-2.965837
1210,R_hip_pitch,0.197695,0.399424,0.392085,0.086779
1210,R_knee,-1.231742,0.342065,0.483928,-16.900600
1210,R_foot_pitch,0.254790,-0.274521,-0.073354,-12.158990
1210,R_foot_roll,-0.654671,-0.065467,0.008570,-4.870202
1220,L_hip_roll,-0.010916,-0.002729,0.024665,-3.392102
1220,L_hip_yaw,-0.115839,-0.028960,-0.032475,0.615934
1220,L_hip_pitch,-0.098606,-0.374651,-0.387374,-0.929317
1220,L_knee,-0.369204,-0.742301,-0.864970,10.729391
1220,L_foot_pitch,1.231233,0.423123,0.356838,4.003056
1220,L_foot_roll,-0.233436,-0.023344,-0.018585,-0.043383
1220,R_hip_roll,-0.339006,-0.084751,-0.018309,-7.394658
1220,R_hip_yaw,-0.007238,-0.001809,0.010577,-1.428698
1220,R_hip_pitch,0.165970,0.391492,0.400576,-1.988891
1220,R_knee,-1.192402,0.351899,0.484293,-16.038258
1220,R_foot_pitch,0.221463,-0.277854,-0.074186,-12.039287
1220,R_foot_roll,-0.430711,-0.043071,0.012894,-3.781028
1230,L_hip_roll,-0.140845,-0.035211,0.025910,-7.485660
1230,L_hip_yaw,-0.110479,-0.027620,-0.033415,0.702869
1230,L_hip_pitch,-0.062174,-0.365544,-0.359504,-3.685037
1230,L_knee,-0.103955,-0.675989,-0.817049,11.663471
1230,L_foot_pitch,1.196195,0.419620,0.356546,3.813193
1230,L_foot_roll,-0.263467,-0.026347,-0.020583,-0.187408
1230,R_hip_roll,-0.170580,-0.042645,-0.023619,-1.800964
1230,R_hip_yaw,0.048525,0.012131,0.010161,0.274878
1230,R_hip_pitch,0.101422,0.375355,0.410026,-5.148889
1230,R_knee,-1.112696,0.371826,0.487142,-14.212323
1230,R_foot_pitch,0.168547,-0.283145,-0.077366,-11.969759
1230,R_foot_roll,-0.241062,-0.024106,0.017125,-2.886191
1240,L_hip_roll,-0.244738,-0.061184,0.027569,-10.840950
1240,L_hip_yaw,-0.088202,-0.022051,-0.032029,0.947117
1240,L_hip_pitch,-0.038398,-0.359599,-0.326844,-7.326598
1240,L_knee,0.170980,-0.607255,-0.756565,11.456324
1240,L_foot_pitch,1.118825,0.411883,0.356221,3.371760
1240,L_foot_roll,-0.308492,-0.030849,-0.022021,-0.404017
1240,R_hip_roll,-0.039261,-0.009815,-0.027832,2.522938
1240,R_hip_yaw,0.105421,0.026355,0.009970,1.982790
1240,R_hip_pitch,0.013706,0.353426,0.420431,-9.128678
1240,R_knee,-1.003113,0.399222,0.492333,-11.782932
1240,R_foot_pitch,0.047228,-0.295277,-0.082749,-12.152355
1240,R_foot_roll,-0.079364,-0.007936,0.021209,-2.145112
1250,L_hip_roll,-0.266812,-0.066703,0.029656,-11.799571
1250,L_hip_yaw,-0.041515,-0.010379,-0.027426,1.441185
1250,L_hip_pitch,-0.025327,-0.356332,-0.290688,-11.532141
1250,L_knee,0.419821,-0.545045,-0.685482,9.486540
1250,L_foot_pitch,1.009901,0.400990,0.355828,2.749837
1250,L_foot_roll,-0.377522,-0.037752,-0.023698,-0.658000
1250,R_hip_roll,0.006794,0.001698,-0.030679,4.097311
1250,R_hip_yaw,0.153624,0.038406,0.009943,3.423699
1250,R_hip_pitch,-0.080893,0.329777,0.432132,-13.519067
1250,R_knee,-0.863627,0.434093,0.500390,-8.878163
1250,R_foot_pitch,-0.129758,-0.312976,-0.091267,-12.345379
1250,R_foot_roll,0.024969,0.002497,0.025108,-1.733560
1260,L_hip_roll,-0.198119,-0.049530,0.032377,-10.140581
1260,L_hip_yaw,0.035153,0.008788,-0.018318,2.151183
1260,L_hip_pitch,0.023718,-0.344071,-0.253705,-14.427378
1260,L_knee,0.701219,-0.474695,-0.608604,8.414773
1260,L_foot_pitch,0.945025,0.394503,0.355334,2.400696
1260,L_foot_roll,-0.459234,-0.045923,-0.026786,-0.778993
1260,R_hip_roll,0.028025,0.007006,-0.031866,4.699382
1260,R_hip_yaw,0.179139,0.044785,0.009815,4.232893
1260,R_hip_pitch,-0.138207,0.315448,0.445787,-17.098930
1260,R_knee,-0.672610,0.481848,0.512302,-4.997777
1260,R_foot_pitch,-0.289108,-0.328911,-0.104581,-11.964421
1260,R_foot_roll,0.054517,0.005452,0.028776,-1.752731
1270,L_hip_roll,0.486534,0.121633,0.028435,11.902094
1270,L_hip_yaw,0.149481,0.037370,-0.019426,7.042867
1270,L_hip_pitch,0.106793,-0.323302,-0.255597,-7.186940
1270,L_knee,1.404746,-0.298814,-0.591464,35.100648
1270,L_foot_pitch,1.154107,0.415411,0.322418,6.189804
1270,L_foot_roll,-0.226025,-0.022603,-0.036173,-0.532195
1270,R_hip_roll,0.375254,0.093814,-0.037384,16.408378
1270,R_hip_yaw,0.173788,0.043447,0.006569,4.795385
1270,R_hip_pitch,0.036310,0.359077,0.459561,-13.366943
1270,R_knee,-0.349637,0.562591,0.525116,3.191905
1270,R_foot_pitch,-0.333767,-0.333377,-0.128973,-9.468246
1270,R_foot_roll,0.070424,0.007042,0.033322,-2.049911
1280,L_hip_roll,0.624159,0.156040,0.022301,16.593125
1280,L_hip_yaw,0.174920,0.043730,-0.020348,7.681221
1280,L_hip_pitch,-0.217228,-0.404307,-0.262186,-16.589308
1280,L_knee,1.456679,-0.285830,-0.589464,36.150147
1280,L_foot_pitch,0.694678,0.369468,0.315450,4.006493
1280,L_foot_roll,-0.033246,-0.003325,-0.028433,1.058563
1280,R_hip_roll,0.222035,0.055509,-0.043235,12.376473
1280,R_hip_yaw,0.090054,0.022514,0.003972,2.392433
1280,R_hip_pitch,-0.065340,0.333665,0.472542,-17.879524
1280,R_knee,0.132926,0.683231,0.541696,15.204530
1280,R_foot_pitch,-0.382935,-0.338294,-0.168523,-5.650985
1280,R_foot_roll,-0.076169,-0.007617,0.037016,-2.940520
1290,L_hip_roll,1.044809,0.261202,0.017218,29.753424
1290,L_hip_yaw,0.110248,0.027562,-0.019611,5.542672
1290,L_hip_pitch,-0.556488,-0.489122,-0.265715,-26.556858
1290,L_knee,1.813983,-0.196504,-0.586022,46.354113
1290,L_foot_pitch,0.669463,0.366946,0.307881,4.280362
1290,L_foot_roll,0.337615,0.033762,-0.024130,3.072414
1290,R_hip_roll,0.130420,0.032605,-0.047737,10.022589
1290,R_hip_yaw,0.035461,0.008865,0.003178,0.685416
1290,R_hip_pitch,-0.211254,0.297187,0.486565,-24.173248
1290,R_knee,0.414575,0.753644,0.565414,19.951063
1290,R_foot_pitch,-0.387267,-0.338727,-0.225346,-0.605907
1290,R_foot_roll,-0.172296,-0.017230,0.034099,-2.357004
1300,L_hip_roll,1.063821,0.265955,0.012931,30.758425
1300,L_hip_yaw,0.209199,0.052300,-0.018871,8.508061
1300,L_hip_pitch,-0.551874,-0.487969,-0.267341,-26.384977
1300,L_knee,1.839794,-0.190052,-0.581418,46.462934
1300,L_foot_pitch,0.515681,0.351568,0.300364,3.827470
1300,L_foot_roll,0.497249,0.049725,-0.020615,3.846420
1300,R_hip_roll,0.012509,0.003127,-0.049614,6.376573
1300,R_hip_yaw,0.032170,0.008043,-0.000091,1.508277
1300,R_hip_pitch,-0.085515,0.328621,0.500621,-21.915116
1300,R_knee,0.587863,0.796966,0.597056,20.553720
1300,R_foot_pitch,-0.299933,-0.329993,-0.287719,3.332328
1300,R_foot_roll,-0.380201,-0.038020,0.018637,-1.381678
1310,L_hip_roll,1.104695,0.276174,0.009161,32.412945
1310,L_hip_yaw,0.243696,0.060924,-0.018512,9.500597
1310,L_hip_pitch,-0.592797,-0.498199,-0.267401,-27.746859
1310,L_knee,1.775958,-0.206010,-0.575447,43.686728
1310,L_foot_pitch,0.449181,0.344918,0.292629,3.926245
1310,L_foot_roll,0.643608,0.064361,-0.017831,4.568640
1310,R_hip_roll,-0.030453,-0.007613,-0.049488,4.980646
1310,R_hip_yaw,0.011650,0.002912,-0.005142,1.395676
1310,R_hip_pitch,-0.018442,0.345389,0.513647,-21.435815
1310,R_knee,0.781277,0.845319,0.637057,20.705766
1310,R_foot_pitch,-0.263215,-0.326322,-0.334395,4.061736
1310,R_foot_roll,-0.440001,-0.044000,-0.005641,0.185311
1320,L_hip_roll,1.206987,0.301747,0.005825,35.828493
1320,L_hip_yaw,0.220693,0.055173,-0.018021,8.756446
1320,L_hip_pitch,-0.623803,-0.505951,-0.266743,-28.749048
1320,L_knee,1.834969,-0.191258,-0.568755,44.677684
1320,L_foot_pitch,0.442698,0.344270,0.285242,4.344006
1320,L_foot_roll,0.860534,0.086053,-0.015016,5.725014
1320,R_hip_roll,-0.042249,-0.010562,-0.048634,4.462212
1320,R_hip_yaw,-0.038289,-0.009572,-0.008481,0.097230
1320,R_hip_pitch,0.113108,0.378277,0.526636,-19.053123
1320,R_knee,0.894105,0.873526,0.685410,17.482163
1320,R_foot_pitch,-0.210084,-0.321008,-0.357076,3.428448
1320,R_foot_roll,-0.481094,-0.048109,-0.028392,0.791482
1330,L_hip_roll,1.058887,0.264722,0.003139,31.624742
1330,L_hip_yaw,0.275023,0.068756,-0.017929,10.411784
1330,L_hip_pitch,-0.586693,-0.496673,-0.266568,-27.604257
1330,L_knee,1.803115,-0.199221,-0.562487,42.977824
1330,L_foot_pitch,0.343436,0.334344,0.277347,4.213754
1330,L_foot_roll,0.948624,0.094862,-0.012554,6.138166
1330,R_hip_roll,-0.061732,-0.015433,-0.046738,3.507640
1330,R_hip_yaw,-0.043753,-0.010938,-0.011509,0.388822
1330,R_hip_pitch,0.252893,0.413223,0.539000,-16.227611
1330,R_knee,1.002666,0.900666,0.739377,13.894716
1330,R_foot_pitch,-0.177465,-0.317747,-0.359440,2.042046
1330,R_foot_roll,-0.514894,-0.051489,-0.044281,0.802763
1340,L_hip_roll,0.934469,0.233617,0.001020,28.113462
1340,L_hip_yaw,0.261538,0.065384,-0.017932,9.994801
1340,L_hip_pitch,-0.511263,-0.477816,-0.266929,-25.239716
1340,L_knee,1.721681,-0.219580,-0.556130,39.750187
1340,L_foot_pitch,0.236967,0.323697,0.269496,4.056844
1340,L_foot_roll,1.045415,0.104542,-0.010573,6.621752
1340,R_hip_roll,-0.099441,-0.024860,-0.043966,1.994854
1340,R_hip_yaw,-0.059189,-0.014797,-0.014325,0.169138
1340,R_hip_pitch,0.334882,0.433720,0.549731,-14.862643
1340,R_knee,1.082562,0.920641,0.794998,9.601513
1340,R_foot_pitch,-0.185577,-0.318558,-0.349493,0.557837
1340,R_foot_roll,-0.526633,-0.052663,-0.053067,0.620082
1350,L_hip_roll,0.899514,0.224878,-0.000931,27.283943
1350,L_hip_yaw,0.235283,0.058821,-0.017867,9.195346
1350,L_hip_pitch,-0.486957,-0.471739,-0.267758,-24.379779
1350,L_knee,1.653235,-0.236691,-0.549507,36.866538
1350,L_foot_pitch,0.133983,0.313398,0.261557,3.866923
1350,L_foot_roll,1.183912,0.118391,-0.008797,7.498823
1350,R_hip_roll,-0.072153,-0.018038,-0.040974,2.448730
1350,R_hip_yaw,-0.043769,-0.010942,-0.016080,0.738313
1350,R_hip_pitch,0.396653,0.449163,0.557354,-13.536521
1350,R_knee,1.191758,0.947940,0.848114,6.938456
1350,R_foot_pitch,-0.247743,-0.324774,-0.335966,-0.653828
1350,R_foot_roll,-0.408042,-0.040804,-0.056447,1.098648
1360,L_hip_roll,0.857752,0.214438,-0.002611,26.211723
1360,L_hip_yaw,0.189475,0.047369,-0.017637,7.794409
1360,L_hip_pitch,-0.304493,-0.426123,-0.269258,-18.594279
1360,L_knee,1.499045,-0.275239,-0.542830,31.512163
1360,L_foot_pitch,-0.063306,0.293669,0.254034,3.205140
1360,L_foot_roll,1.287809,0.128781,-0.007441,7.940435
1360,R_hip_roll,-0.163048,-0.040762,-0.037872,-0.664055
1360,R_hip_yaw,-0.051737,-0.012934,-0.016145,0.308242
1360,R_hip_pitch,0.475413,0.468853,0.560763,-11.151753
1360,R_knee,1.202653,0.950663,0.895700,2.179026
1360,R_foot_pitch,-0.324939,-0.332494,-0.325814,-1.178771
1360,R_foot_roll,-0.426067,-0.042607,-0.054036,0.222244
1370,L_hip_roll,0.967595,0.241899,-0.004179,29.676929
1370,L_hip_yaw,0.156253,0.039063,-0.017618,6.802933
1370,L_hip_pitch,-0.210283,-0.402571,-0.271821,-15.405623
1370,L_knee,1.441725,-0.289569,-0.537031,29.141403
1370,L_foot_pitch,-0.150557,0.284944,0.246103,3.078726
1370,L_foot_roll,1.464684,0.146468,-0.005814,9.010920
1370,R_hip_roll,-0.165491,-0.041373,-0.034790,-1.098024
1370,R_hip_yaw,-0.080041,-0.020010,-0.014395,-0.914308
1370,R_hip_pitch,0.607549,0.501887,0.558882,-6.376234
1370,R_knee,1.218173,0.954543,0.934816,-1.062382
1370,R_foot_pitch,-0.376833,-0.337683,-0.321879,-1.090683
1370,R_foot_roll,-0.398124,-0.039812,-0.048781,0.016763
1380,L_hip_roll,0.958300,0.239575,-0.005381,29.493901
1380,L_hip_yaw,0.124096,0.031024,-0.017630,5.840106
1380,L_hip_pitch,-0.027260,-0.356815,-0.275366,-9.352628
1380,L_knee,1.336053,-0.315987,-0.531940,25.456719
1380,L_foot_pitch,-0.309269,0.269073,0.238640,2.543361
1380,L_foot_roll,1.545554,0.154555,-0.004747,9.461401
1380,R_hip_roll,-0.200522,-0.050130,-0.031289,-2.644593
1380,R_hip_yaw,-0.091660,-0.022915,-0.012522,-1.389353
1380,R_hip_pitch,0.618120,0.504530,0.551679,-4.722495
1380,R_knee,1.240956,0.960239,0.963502,-2.763921
1380,R_foot_pitch,-0.429660,-0.342966,-0.323047,-0.933737
1380,R_foot_roll,-0.292578,-0.029258,-0.043981,0.463860
1390,L_hip_roll,1.087785,0.271946,-0.006280,33.462349
1390,L_hip_yaw,0.045756,0.011439,-0.017623,3.481803
1390,L_hip_pitch,0.025088,-0.343728,-0.279782,-7.217128
1390,L_knee,1.286481,-0.328380,-0.527641,23.494754
1390,L_foot_pitch,-0.474517,0.252548,0.231547,1.953643
1390,L_foot_roll,1.728387,0.172839,-0.003746,10.570360
1390,R_hip_roll,-0.271151,-0.067788,-0.027335,-5.260981
1390,R_hip_yaw,-0.088153,-0.022038,-0.011799,-1.246317
1390,R_hip_pitch,0.562059,0.490515,0.539446,-4.424851
1390,R_knee,1.313686,0.978422,0.981316,-1.639757
1390,R_foot_pitch,-0.515672,-0.351567,-0.327382,-0.943934
1390,R_foot_roll,-0.203879,-0.020388,-0.038421,0.485382
1400,L_hip_roll,1.174912,0.293728,-0.007092,36.180223
1400,L_hip_yaw,0.019038,0.004759,-0.017801,2.739722
1400,L_hip_pitch,0.133766,-0.316559,-0.284874,-3.248077
1400,L_knee,1.244568,-0.338858,-0.524368,22.002706
1400,L_foot_pitch,-0.519596,0.248040,0.224866,2.016949
1400,L_foot_roll,1.794014,0.179401,-0.001917,10.638644
1400,R_hip_roll,-0.201497,-0.050374,-0.023468,-3.600562
1400,R_hip_yaw,-0.083913,-0.020978,-0.011943,-1.041775
1400,R_hip_pitch,0.593047,0.498262,0.522466,-1.024409
1400,R_knee,1.322083,0.980521,0.989477,-1.515528
1400,R_foot_pitch,-0.529832,-0.352983,-0.334310,-0.360376
1400,R_foot_roll,-0.132609,-0.013261,-0.030833,0.254766
1410,L_hip_roll,1.267673,0.316918,-0.007551,38.956563
1410,L_hip_yaw,-0.028787,-0.007197,-0.018146,1.345842
1410,L_hip_pitch,0.204384,-0.298904,-0.290716,-0.364212
1410,L_knee,1.169878,-0.357531,-0.522314,19.615112
1410,L_foot_pitch,-0.639658,0.236034,0.218854,1.612370
1410,L_foot_roll,1.874024,0.187402,-0.000367,11.177934
1410,R_hip_roll,-0.263753,-0.065938,-0.019545,-5.973125
1410,R_hip_yaw,-0.068902,-0.017225,-0.012665,-0.451072
1410,R_hip_pitch,0.572268,0.493067,0.501997,1.081158
1410,R_knee,1.349752,0.987438,0.990113,-0.107463
1410,R_foot_pitch,-0.636638,-0.363664,-0.341562,-0.671869
1410,R_foot_roll,-0.069911,-0.006991,-0.022412,0.118615
1420,L_hip_roll,1.368510,0.342128,-0.007556,41.948996
1420,L_hip_yaw,-0.118253,-0.029563,-0.018490,-1.297346
1420,L_hip_pitch,0.323603,-0.269099,-0.297554,4.156771
1420,L_knee,1.169316,-0.357671,-0.521781,19.722112
1420,L_foot_pitch,-0.638494,0.236151,0.213481,1.863984
1420,L_foot_roll,1.911244,0.191124,0.000571,11.346514
1420,R_hip_roll,-0.256380,-0.064095,-0.015602,-6.202703
1420,R_hip_yaw,-0.099034,-0.024759,-0.013154,-1.375914
1420,R_hip_pitch,0.592987,0.498247,0.479687,4.488987
1420,R_knee,1.291448,0.972862,0.985920,-1.016469
1420,R_foot_pitch,-0.685148,-0.368515,-0.348948,-0.431716
1420,R_foot_roll,-0.030845,-0.003085,-0.014084,-0.126123
1430,L_hip_roll,1.394568,0.348642,-0.007107,42.624520
1430,L_hip_yaw,-0.151207,-0.037802,-0.018951,-2.210329
1430,L_hip_pitch,0.426717,-0.243321,-0.305087,8.184784
1430,L_knee,1.121347,-0.369663,-0.522245,18.374054
1430,L_foot_pitch,-0.679548,0.232045,0.208526,1.901391
1430,L_foot_roll,1.906405,0.190641,0.000059,11.586364
1430,R_hip_roll,-0.229287,-0.057322,-0.011725,-5.856713
1430,R_hip_yaw,-0.078938,-0.019735,-0.014172,-0.500990
1430,R_hip_pitch,0.615444,0.503861,0.456561,7.992576
1430,R_knee,1.270095,0.967524,0.978430,-0.443661
1430,R_foot_pitch,-0.743964,-0.374396,-0.354166,-0.924954
1430,R_foot_roll,-0.004774,-0.000477,-0.007057,-0.208093
1440,L_hip_roll,1.539296,0.384824,-0.006312,46.869204
1440,L_hip_yaw,-0.213986,-0.053496,-0.019410,-4.050423
1440,L_hip_pitch,0.500172,-0.224957,-0.313083,11.431303
1440,L_knee,1.090070,-0.377482,-0.523270,17.673741
1440,L_foot_pitch,-0.697373,0.230263,0.203742,2.035552
1440,L_foot_roll,1.951212,0.195121,-0.001655,11.823630
1440,R_hip_roll,-0.242937,-0.060734,-0.007991,-6.681447
1440,R_hip_yaw,-0.083527,-0.020882,-0.015746,-0.464811
1440,R_hip_pitch,0.601164,0.500291,0.433807,10.185024
1440,R_knee,1.259771,0.964943,0.969160,0.424336
1440,R_foot_pitch,-0.821488,-0.382149,-0.355465,-1.565888
1440,R_foot_roll,0.064719,0.006472,-0.001912,0.077286
1450,L_hip_roll,1.623631,0.405908,-0.005432,49.263684
1450,L_hip_yaw,-0.254478,-0.063619,-0.019813,-5.220079
1450,L_hip_pitch,0.591275,-0.202181,-0.321930,15.291940
1450,L_knee,1.069528,-0.382618,-0.525459,17.408519
1450,L_foot_pitch,-0.713408,0.228659,0.199320,2.163243
1450,L_foot_roll,1.939424,0.193942,-0.001756,11.736521
1450,R_hip_roll,-0.222088,-0.055522,-0.004551,-6.447730
1450,R_hip_yaw,-0.086857,-0.021714,-0.017168,-0.409981
1450,R_hip_pitch,0.650038,0.512510,0.412672,13.987474
1450,R_knee,1.227466,0.956867,0.960349,0.381619
1450,R_foot_pitch,-0.875570,-0.387557,-0.355304,-1.979863
1450,R_foot_roll,0.096198,0.009620,0.002664,-0.026228
1460,L_hip_roll,1.644732,0.411183,-0.004165,49.713419
1460,L_hip_yaw,-0.288489,-0.072122,-0.020063,-6.233064
1460,L_hip_pitch,0.680678,-0.179831,-0.331284,19.142464
1460,L_knee,1.015730,-0.396068,-0.528115,16.131910
1460,L_foot_pitch,-0.747312,0.225269,0.195004,2.306981
1460,L_foot_roll,1.902991,0.190299,-0.002151,11.413826
1460,R_hip_roll,-0.243136,-0.060784,-0.001226,-7.471940
1460,R_hip_yaw,-0.091442,-0.022861,-0.018472,-0.398664
1460,R_hip_pitch,0.670923,0.517731,0.394271,16.496057
1460,R_knee,1.195197,0.948799,0.953745,-0.076021
1460,R_foot_pitch,-0.929180,-0.392918,-0.354762,-2.347011
1460,R_foot_roll,0.119521,0.011952,0.006952,-0.089728
1470,L_hip_roll,1.723773,0.430943,-0.002580,51.000000
1470,L_hip_yaw,-0.336089,-0.084022,-0.020031,-7.702064
1470,L_hip_pitch,0.735734,-0.166066,-0.340863,21.901348
1470,L_knee,0.984600,-0.403850,-0.530793,15.438899
1470,L_foot_pitch,-0.766627,0.223337,0.190700,2.391791
1470,L_foot_roll,1.907784,0.190778,-0.002997,11.980413
1470,R_hip_roll,-0.260334,-0.065083,0.001896,-8.341733
1470,R_hip_yaw,-0.095983,-0.023996,-0.019764,-0.383699
1470,R_hip_pitch,0.688980,0.522245,0.379353,18.471838
1470,R_knee,1.158849,0.939712,0.950273,-1.077564
1470,R_foot_pitch,-0.963700,-0.396370,-0.354251,-2.572757
1470,R_foot_roll,0.144581,0.014458,0.010562,-0.083517
1480,L_hip_roll,1.682718,0.420679,-0.000779,50.394497
1480,L_hip_yaw,-0.356180,-0.089045,-0.019762,-8.349440
1480,L_hip_pitch,0.767898,-0.158025,-0.350354,24.024906
1480,L_knee,0.970887,-0.407278,-0.533121,15.316202
1480,L_foot_pitch,-0.770498,0.222950,0.186139,2.711814
1480,L_foot_roll,1.858635,0.185863,-0.003779,11.343320
1480,R_hip_roll,-0.249921,-0.062480,0.004648,-8.310292
1480,R_hip_yaw,-0.098552,-0.024638,-0.021168,-0.269898
1480,R_hip_pitch,0.726882,0.531721,0.367978,20.627541
1480,R_knee,1.114071,0.928518,0.949762,-2.619186
1480,R_foot_pitch,-0.964716,-0.396472,-0.353883,-2.585825
1480,R_foot_roll,0.128341,0.012834,0.013585,-0.316703
1490,L_hip_roll,1.666289,0.416572,0.001235,49.615826
1490,L_hip_yaw,-0.369211,-0.092303,-0.019289,-8.821911
1490,L_hip_pitch,0.778251,-0.155437,-0.359471,25.354519
1490,L_knee,0.937687,-0.415578,-0.534617,14.359619
1490,L_foot_pitch,-0.781335,0.221866,0.181175,2.941694
1490,L_foot_roll,1.795481,0.179548,-0.004891,11.355228
1490,R_hip_roll,-0.248425,-0.062106,0.006993,-8.510312
1490,R_hip_yaw,-0.092953,-0.023238,-0.022696,0.085074
1490,R_hip_pitch,0.698225,0.524556,0.360033,20.385882
1490,R_knee,1.075805,0.918951,0.951320,-4.110547
1490,R_foot_pitch,-0.977106,-0.397711,-0.353625,-2.667322
1490,R_foot_roll,0.151796,0.015180,0.015331,-0.115769
1500,L_hip_roll,1.605810,0.401453,0.003473,47.535725
1500,L_hip_yaw,-0.366220,-0.091555,-0.018655,-8.815165
1500,L_hip_pitch,0.732518,-0.166871,-0.367887,24.936397
1500,L_knee,0.966447,-0.408388,-0.535004,15.197003
1500,L_foot_pitch,-0.763008,0.223699,0.175695,3.477226
1500,L_foot_roll,1.717252,0.171725,-0.006324,10.694495
1500,R_hip_roll,-0.236951,-0.059238,0.008913,-8.347397
1500,R_hip_yaw,-0.089349,-0.022337,-0.023879,0.276127
1500,R_hip_pitch,0.678931,0.519733,0.354784,20.221012
1500,R_knee,1.028976,0.907244,0.953280,-5.696131
1500,R_foot_pitch,-0.973683,-0.397368,-0.353446,-2.650151
1500,R_foot_roll,0.162466,0.016247,0.016383,-0.105697
1510,L_hip_roll,1.502100,0.375525,0.005865,44.125892
1510,L_hip_yaw,-0.334280,-0.083570,-0.017979,-7.938702
1510,L_hip_pitch,0.669071,-0.182732,-0.375337,23.818182
1510,L_knee,0.954031,-0.411492,-0.534048,14.553247
1510,L_foot_pitch,-0.756327,0.224367,0.169631,3.946060
1510,L_foot_roll,1.579215,0.157922,-0.007849,9.986837
1510,R_hip_roll,-0.229429,-0.057357,0.010339,-8.238926
1510,R_hip_yaw,-0.081107,-0.020277,-0.024310,0.494453
1510,R_hip_pitch,0.636965,0.509241,0.351255,19.245894
1510,R_knee,0.976330,0.894082,0.953642,-7.079108
1510,R_foot_pitch,-0.975499,-0.397550,-0.353317,-2.665327
1510,R_foot_roll,0.179046,0.017905,0.017416,-0.070119
1520,L_hip_roll,1.397439,0.349360,0.008337,40.685566
1520,L_hip_yaw,-0.312332,-0.078083,-0.017281,-7.367914
1520,L_hip_pitch,0.565901,-0.208525,-0.381729,21.393055
1520,L_knee,0.991723,-0.402069,-0.531629,15.266191
1520,L_foot_pitch,-0.688041,0.231196,0.162934,4.800001
1520,L_foot_roll,1.421391,0.142139,-0.009702,9.186388
1520,R_hip_roll,-0.202040,-0.050510,0.011183,-7.455971
1520,R_hip_yaw,-0.073650,-0.018412,-0.023699,0.527796
1520,R_hip_pitch,0.568331,0.492083,0.348673,17.433452
1520,R_knee,0.906641,0.876660,0.950626,-8.400985
1520,R_foot_pitch,-0.963699,-0.396370,-0.353220,-2.597331
1520,R_foot_roll,0.195186,0.019519,0.018646,-0.074425
1530,L_hip_roll,1.199039,0.299760,0.010774,34.432202
1530,L_hip_yaw,-0.253100,-0.063275,-0.016660,-5.649846
1530,L_hip_pitch,0.451402,-0.237149,-0.387212,18.516182
1530,L_knee,0.991329,-0.402168,-0.527996,14.685585
1530,L_foot_pitch,-0.624218,0.237578,0.155703,5.618694
1530,L_foot_roll,1.153297,0.115330,-0.011350,7.836601
1530,R_hip_roll,-0.139018,-0.034754,0.011403,-5.533185
1530,R_hip_yaw,-0.050450,-0.012612,-0.021963,0.907911
1530,R_hip_pitch,0.482716,0.470679,0.346131,15.207857
1530,R_knee,0.769263,0.842316,0.942368,-10.928868
1530,R_foot_pitch,-0.976257,-0.397626,-0.353137,-2.676867
1530,R_foot_roll,0.177957,0.017796,0.020080,-0.276504
1540,L_hip_roll,0.970235,0.242559,0.013239,27.281018
1540,L_hip_yaw,-0.201247,-0.050312,-0.016133,-4.150457
1540,L_hip_pitch,0.289051,-0.277737,-0.391881,14.148121
1540,L_knee,1.009152,-0.397712,-0.523383,14.605477
1540,L_foot_pitch,-0.517372,0.248263,0.148113,6.787387
1540,L_foot_roll,0.836013,0.083601,-0.013429,5.951452
1540,R_hip_roll,-0.088348,-0.022087,0.011150,-3.941234
1540,R_hip_yaw,-0.014527,-0.003632,-0.018677,1.406180
1540,R_hip_pitch,0.337667,0.434417,0.342274,11.513268
1540,R_knee,0.597954,0.799489,0.926090,-13.177917
1540,R_foot_pitch,-1.021302,-0.402130,-0.353073,-2.948580
1540,R_foot_roll,0.155469,0.015547,0.020891,-0.358441
1550,L_hip_roll,0.660640,0.165160,0.015682,17.688435
1550,L_hip_yaw,-0.139836,-0.034959,-0.015747,-2.336449
1550,L_hip_pitch,0.128424,-0.317894,-0.396040,9.769405
1550,L_knee,1.019197,-0.395201,-0.518456,14.281707
1550,L_foot_pitch,-0.390627,0.260937,0.140521,7.965072
1550,L_foot_roll,0.405802,0.040580,-0.015749,3.731025
1550,R_hip_roll,0.027028,0.006757,0.010521,-0.371648
1550,R_hip_yaw,0.026848,0.006712,-0.012913,1.667482
1550,R_hip_pitch,0.184890,0.396223,0.335279,8.162732
1550,R_knee,0.366894,0.741724,0.898277,-15.481842
1550,R_foot_pitch,-1.065569,-0.406557,-0.353065,-3.207011
1550,R_foot_roll,0.111181,0.011118,0.020516,-0.473560
1560,L_hip_roll,0.233952,0.058488,0.017976,4.649650
1560,L_hip_yaw,-0.071828,-0.017957,-0.015595,-0.288459
1560,L_hip_pitch,-0.043324,-0.360831,-0.400080,5.134033
1560,L_knee,1.011931,-0.397017,-0.513974,13.637748
1560,L_foot_pitch,-0.235197,0.276480,0.133203,9.306875
1560,L_foot_roll,-0.144222,-0.014422,-0.018073,0.415977
1560,R_hip_roll,0.168234,0.042058,0.009606,4.003091
1560,R_hip_yaw,0.079780,0.019945,-0.003923,1.841520
1560,R_hip_pitch,-0.042738,0.339315,0.323237,3.348968
1560,R_knee,0.086969,0.671742,0.855381,-17.096031
1560,R_foot_pitch,-1.125549,-0.412555,-0.353134,-3.555114
1560,R_foot_roll,0.053490,0.005349,0.018320,-0.482254
1570,L_hip_roll,-0.315633,-0.078908,0.019797,-11.989971
1570,L_hip_yaw,-0.016979,-0.004245,-0.015787,1.419957
1570,L_hip_pitch,-0.161394,-0.390348,-0.404347,2.131590
1570,L_knee,0.955238,-0.411190,-0.510832,11.721366
1570,L_foot_pitch,-0.026389,0.297361,0.126652,10.857778
1570,L_foot_roll,-0.746427,-0.074643,-0.020250,-3.046857
1570,R_hip_roll,0.345205,0.086301,0.008382,9.497640
1570,R_hip_yaw,0.120757,0.030189,0.008770,1.170513
1570,R_hip_pitch,-0.264538,0.283866,0.304014,-0.193261
1570,R_knee,-0.201020,0.599745,0.793898,-16.381889
1570,R_foot_pitch,-1.111966,-0.411197,-0.353290,-3.454989
1570,R_foot_roll,-0.071113,-0.007111,0.013856,-0.733530
1580,L_hip_roll,-0.899608,-0.224902,0.020307,-29.382308
1580,L_hip_yaw,-0.011351,-0.002838,-0.016462,1.722640
1580,L_hip_pitch,-0.139515,-0.384879,-0.409681,3.592403
1580,L_knee,0.789432,-0.452642,-0.511275,7.291781
1580,L_foot_pitch,0.286347,0.328635,0.124752,12.140898
1580,L_foot_roll,-1.161590,-0.116159,-0.022529,-5.410939
1580,R_hip_roll,0.476716,0.119179,0.006369,13.799812
1580,R_hip_yaw,0.121326,0.030332,0.024160,-0.826693
1580,R_hip_pitch,-0.361290,0.259677,0.276205,1.106429
1580,R_knee,-0.566972,0.508257,0.712362,-15.620679
1580,R_foot_pitch,-0.957049,-0.395705,-0.353468,-2.516321
1580,R_foot_roll,-0.319049,-0.031905,0.005739,-1.313108
1590,L_hip_roll,-1.143903,-0.285976,0.017908,-36.052089
1590,L_hip_yaw,-0.023308,-0.005827,-0.017716,1.567883
1590,L_hip_pitch,0.173400,-0.306650,-0.417796,14.296228
1590,L_knee,0.343365,-0.564159,-0.519206,-4.246327
1590,L_foot_pitch,0.630987,0.363099,0.135406,11.991923
1590,L_foot_roll,-1.187479,-0.118748,-0.024275,-5.533292
1590,R_hip_roll,0.473121,0.118280,0.002433,14.419951
1590,R_hip_yaw,0.094455,0.023614,0.037704,-2.798872
1590,R_hip_pitch,-0.160702,0.309824,0.240300,12.159192
1590,R_knee,-0.985363,0.403659,0.612473,-14.527778
1590,R_foot_pitch,-0.700585,-0.370058,-0.353463,-1.004365
1590,R_foot_roll,-0.631893,-0.063189,-0.009063,-1.546846
1600,L_hip_roll,-0.841367,-0.210342,0.013562,-26.903993
1600,L_hip_yaw,-0.101769,-0.025442,-0.017752,-1.254455
1600,L_hip_pitch,0.085222,-0.328694,-0.429954,13.280925
1600,L_knee,-0.147102,-0.686775,-0.537592,-16.015097
1600,L_foot_pitch,1.193553,0.419355,0.168415,10.461928
1600,L_foot_roll,-0.527085,-0.052709,-0.026308,-1.092505
1600,R_hip_roll,-0.111336,-0.027834,-0.002830,-2.825238
1600,R_hip_yaw,-0.234990,-0.058747,0.042770,-12.375542
1600,R_hip_pitch,-0.113774,0.321556,0.214464,11.585784
1600,R_knee,-1.709780,0.222555,0.533876,-38.610149
1600,R_foot_pitch,-0.431425,-0.343143,-0.337359,-0.866868
1600,R_foot_roll,-1.112307,-0.111231,-0.018845,-7.611555
1610,L_hip_roll,-0.774097,-0.193524,0.013429,-24.739041
1610,L_hip_yaw,-0.012746,-0.003187,-0.015275,0.984432
1610,L_hip_pitch,0.531787,-0.217053,-0.444254,28.773336
1610,L_knee,-0.564698,-0.791175,-0.567303,-23.299958
1610,L_foot_pitch,1.563868,0.456387,0.239832,4.486504
1610,L_foot_roll,0.017554,0.001755,-0.026412,1.969026
1610,R_hip_roll,-0.595119,-0.148780,-0.003012,-17.536969
1610,R_hip_yaw,-0.115235,-0.028809,0.042999,-8.510155
1610,R_hip_pitch,0.711478,0.527870,0.221819,36.324035
1610,R_knee,-1.935952,0.166012,0.540473,-45.254875
1610,R_foot_pitch,-0.046972,-0.304697,-0.335893,1.711080
1610,R_foot_roll,-1.618975,-0.161898,-0.014571,-8.936411
1620,L_hip_roll,-0.488408,-0.122102,0.008392,-14.877841
1620,L_hip_yaw,-0.030034,-0.007509,-0.000003,-3.025777
1620,L_hip_pitch,0.386748,-0.253313,-0.459464,26.180977
1620,L_knee,-0.956050,-0.889012,-0.610480,-28.752052
1620,L_foot_pitch,1.648792,0.464879,0.337108,-2.143458
1620,L_foot_roll,0.261800,0.026180,-0.019054,1.452029
1620,R_hip_roll,-0.811813,-0.202953,-0.002933,-23.972348
1620,R_hip_yaw,-0.169068,-0.042267,0.042310,-10.105639
1620,R_hip_pitch,0.671047,0.517762,0.225554,34.728866
1620,R_knee,-1.967375,0.158156,0.543254,-46.448695
1620,R_foot_pitch,0.221855,-0.277815,-0.333870,3.134497
1620,R_foot_roll,-1.685313,-0.168531,-0.014332,-9.245371
1630,L_hip_roll,-0.131719,-0.032930,-0.000001,-3.098784
1630,L_hip_yaw,-0.017208,-0.004302,0.019527,-4.514054
1630,L_hip_pitch,0.280065,-0.279984,-0.476883,25.490908
1630,L_knee,-0.902045,-0.875511,-0.667117,-18.813467
1630,L_foot_pitch,1.657957,0.465796,0.403932,0.060519
1630,L_foot_roll,0.556824,0.055682,-0.000916,1.402228
1630,R_hip_roll,-0.843624,-0.210906,-0.003195,-24.896198
1630,R_hip_yaw,-0.128222,-0.032055,0.041470,-8.709084
1630,R_hip_pitch,0.740865,0.535216,0.228735,36.492335
1630,R_knee,-1.785034,0.203741,0.544857,-41.022317
1630,R_foot_pitch,0.560844,-0.243916,-0.331122,4.926152
1630,R_foot_roll,-1.561785,-0.156178,-0.014564,-8.460724
1640,L_hip_roll,-0.082583,-0.020646,-0.006927,-1.082167
1640,L_hip_yaw,0.007609,0.001902,0.028179,-3.386749
1640,L_hip_pitch,0.031292,-0.342177,-0.495011,19.995579
1640,L_knee,-1.133336,-0.933334,-0.730584,-18.058744
1640,L_foot_pitch,1.493320,0.449332,0.419255,1.531451
1640,L_foot_roll,0.490225,0.049023,0.022222,-0.714425
1640,R_hip_roll,-0.969197,-0.242299,-0.003334,-28.669804
1640,R_hip_yaw,-0.085481,-0.021370,0.040529,-7.356932
1640,R_hip_pitch,0.551104,0.487776,0.232274,30.273260
1640,R_knee,-1.688033,0.227992,0.545802,-38.221997
1640,R_foot_pitch,0.534933,-0.246507,-0.327827,4.534429
1640,R_foot_roll,-1.738399,-0.173840,-0.014985,-9.481200
1650,L_hip_roll,0.106966,0.026742,-0.011251,4.903426
1650,L_hip_yaw,0.049733,0.012433,0.025241,-0.875301
1650,L_hip_pitch,-0.335635,-0.433909,-0.511456,10.828721
1650,L_knee,-1.040130,-0.910033,-0.796176,-7.084339
1650,L_foot_pitch,1.333628,0.433363,0.414196,2.080665
1650,L_foot_roll,0.454548,0.045455,0.040497,-1.097837
1650,R_hip_roll,-1.059451,-0.264863,-0.003158,-31.434149
1650,R_hip_yaw,-0.087631,-0.021908,0.040008,-7.401257
1650,R_hip_pitch,0.095897,0.373974,0.236799,15.975598
1650,R_knee,-1.399866,0.300034,0.546873,-29.730419
1650,R_foot_pitch,0.622508,-0.237749,-0.324380,4.845721
1650,R_foot_roll,-1.668160,-0.166816,-0.015653,-9.002417
1660,L_hip_roll,0.120960,0.030240,-0.013713,5.462436
1660,L_hip_yaw,0.069702,0.017426,0.016116,1.203710
1660,L_hip_pitch,-0.580740,-0.495185,-0.524289,4.502716
1660,L_knee,-1.014120,-0.903530,-0.859072,0.558447
1660,L_foot_pitch,1.236892,0.423689,0.402851,2.459837
1660,L_foot_roll,0.344549,0.034455,0.048557,-1.252645
1660,R_hip_roll,-1.078133,-0.269533,-0.002599,-32.103406
1660,R_hip_yaw,-0.047476,-0.011869,0.039641,-6.144511
1660,R_hip_pitch,-0.175000,0.306250,0.241426,7.347964
1660,R_knee,-1.252258,0.336935,0.547763,-25.359002
1660,R_foot_pitch,0.538877,-0.246112,-0.320879,4.132291
1660,R_foot_roll,-1.671727,-0.167173,-0.016325,-8.981875
1670,L_hip_roll,0.168444,0.042111,-0.015327,7.046962
1670,L_hip_yaw,0.059032,0.014758,0.006093,1.961492
1670,L_hip_pitch,-0.705524,-0.526381,-0.530910,0.877054
1670,L_knee,-1.025542,-0.906386,-0.911765,5.302283
1670,L_foot_pitch,1.226065,0.422607,0.391075,3.008962
1670,L_foot_roll,0.246581,0.024658,0.047334,-0.942110
1670,R_hip_roll,-1.077365,-0.269341,-0.001737,-32.205451
1670,R_hip_yaw,0.003672,0.000918,0.039139,-4.528703
1670,R_hip_pitch,-0.296420,0.275895,0.245146,3.371643
1670,R_knee,-1.192470,0.351882,0.547954,-23.506782
1670,R_foot_pitch,0.511838,-0.248816,-0.317386,3.761770
1670,R_foot_roll,-1.705574,-0.170557,-0.017056,-9.138077
1680,L_hip_roll,0.134621,0.033655,-0.016593,6.143792
1680,L_hip_yaw,0.032518,0.008129,-0.002080,1.924325
1680,L_hip_pitch,-0.707754,-0.526938,-0.530468,0.054401
1680,L_knee,-1.047585,-0.911896,-0.950491,7.811077
1680,L_foot_pitch,1.176420,0.417642,0.381059,3.094919
1680,L_foot_roll,0.134907,0.013491,0.039658,-0.659370
1680,R_hip_roll,-1.039221,-0.259805,-0.000632,-31.221676
1680,R_hip_yaw,0.104979,0.026245,0.038473,-1.394872
1680,R_hip_pitch,-0.412412,0.246897,0.247659,-0.288463
1680,R_knee,-1.058084,0.385479,0.547123,-19.261848
1680,R_foot_pitch,0.578137,-0.242186,-0.313776,3.923826
1680,R_foot_roll,-1.683157,-0.168316,-0.017820,-8.954006
1690,L_hip_roll,0.127418,0.031855,-0.017686,6.056003
1690,L_hip_yaw,0.032428,0.008107,-0.007840,2.366340
1690,L_hip_pitch,-0.735737,-0.533934,-0.522605,-2.477835
1690,L_knee,-1.181457,-0.945364,-0.973705,5.014974
1690,L_foot_pitch,1.258104,0.425810,0.373278,3.832664
1690,L_foot_roll,0.167690,0.016769,0.028608,0.423559
1690,R_hip_roll,-1.165968,-0.291492,0.000555,-35.161457
1690,R_hip_yaw,0.123087,0.030772,0.037933,-0.818998
1690,R_hip_pitch,-0.359521,0.260120,0.249093,1.217742
1690,R_knee,-1.148161,0.362960,0.545639,-21.763348
1690,R_foot_pitch,0.597632,-0.240237,-0.310179,3.844825
1690,R_foot_roll,-1.867290,-0.186729,-0.018559,-10.020214
1700,L_hip_roll,0.145972,0.036493,-0.018870,6.764977
1700,L_hip_yaw,0.021226,0.005307,-0.010397,1.980974
1700,L_hip_pitch,-0.648084,-0.512021,-0.509276,-1.820126
1700,L_knee,-1.236348,-0.959087,-0.984405,3.674834
1700,L_foot_pitch,1.234442,0.423444,0.367641,3.825109
1700,L_foot_roll,0.176457,0.017646,0.019567,0.584482
1700,R_hip_roll,-1.422730,-0.355682,0.001704,-43.000544
1700,R_hip_yaw,0.135236,0.033809,0.037687,-0.451398
1700,R_hip_pitch,-0.407868,0.248033,0.250207,-0.385319
1700,R_knee,-1.038774,0.390307,0.544054,-18.294836
1700,R_foot_pitch,0.712944,-0.228706,-0.306677,4.328914
1700,R_foot_roll,-2.025637,-0.202564,-0.019271,-10.931935
1710,L_hip_roll,0.256370,0.064092,-0.020557,10.359518
1710,L_hip_yaw,0.040862,0.010215,-0.010180,2.337050
1710,L_hip_pitch,-0.647487,-0.511872,-0.492477,-4.134891
1710,L_knee,-1.287651,-0.971913,-0.986231,1.560265
1710,L_foot_pitch,1.229042,0.422904,0.363727,3.879129
1710,L_foot_roll,0.220574,0.022057,0.015021,0.700449
1710,R_hip_roll,-1.444035,-0.361009,0.002280,-43.608529
1710,R_hip_yaw,0.123246,0.030812,0.037699,-0.837376
1710,R_hip_pitch,-0.491881,0.227030,0.252005,-3.228620
1710,R_knee,-1.097670,0.375583,0.543590,-20.201385
1710,R_foot_pitch,0.835598,-0.216440,-0.303721,4.982164
1710,R_foot_roll,-2.067740,-0.206774,-0.019844,-11.175998
1720,L_hip_roll,0.168621,0.042155,-0.022180,7.843533
1720,L_hip_yaw,0.042530,0.010632,-0.007824,1.892698
1720,L_hip_pitch,-0.565563,-0.491391,-0.473614,-4.054061
1720,L_knee,-1.348962,-0.987241,-0.982401,-1.111225
1720,L_foot_pitch,1.170885,0.417088,0.361061,3.583577
1720,L_foot_roll,0.197287,0.019729,0.014419,0.247250
1720,R_hip_roll,-1.523355,-0.380839,0.002459,-46.019713
1720,R_hip_yaw,0.189285,0.047321,0.037750,1.152448
1720,R_hip_pitch,-0.457145,0.235714,0.254196,-2.438126
1720,R_knee,-1.070429,0.382393,0.543959,-19.428968
1720,R_foot_pitch,0.928897,-0.207110,-0.301227,5.403442
1720,R_foot_roll,-2.140827,-0.214083,-0.020107,-11.615690
1730,L_hip_roll,0.216772,0.054193,-0.023366,9.415742
1730,L_hip_yaw,0.035697,0.008924,-0.003490,0.989430
1730,L_hip_pitch,-0.543677,-0.485919,-0.454495,-5.647979
1730,L_knee,-1.266861,-0.966715,-0.976655,0.616410
1730,L_foot_pitch,1.125917,0.412592,0.359231,3.355779
1730,L_foot_roll,0.146898,0.014690,0.015590,-0.184918
1730,R_hip_roll,-1.413748,-0.353437,0.002442,-42.684666
1730,R_hip_yaw,0.227161,0.056790,0.037860,2.254840
1730,R_hip_pitch,-0.519790,0.220052,0.256949,-4.754158
1730,R_knee,-1.091690,0.377077,0.545137,-20.346996
1730,R_foot_pitch,0.962659,-0.203734,-0.299145,5.541276
1730,R_foot_roll,-2.042876,-0.204288,-0.020269,-11.036011
1740,L_hip_roll,0.151765,0.037941,-0.023719,7.372345
1740,L_hip_yaw,0.049420,0.012355,0.001443,0.836850
1740,L_hip_pitch,-0.499263,-0.474816,-0.435550,-6.590199
1740,L_knee,-1.309483,-0.977371,-0.969742,-1.660618
1740,L_foot_pitch,1.105216,0.410522,0.357919,3.269661
1740,L_foot_roll,0.034769,0.003477,0.015457,-0.618142
1740,R_hip_roll,-1.450408,-0.362602,0.002385,-43.808334
1740,R_hip_yaw,0.277992,0.069498,0.038089,3.745782
1740,R_hip_pitch,-0.659624,0.185094,0.260106,-9.318558
1740,R_knee,-1.047331,0.388167,0.546734,-19.178256
1740,R_foot_pitch,0.831423,-0.216858,-0.297189,4.620934
1740,R_foot_roll,-2.215755,-0.221576,-0.020161,-12.090096
1750,L_hip_roll,0.083104,0.020776,-0.022891,5.112468
1750,L_hip_yaw,0.050769,0.012692,0.006212,0.310787
1750,L_hip_pitch,-0.504318,-0.476080,-0.416947,-8.913740
1750,L_knee,-1.265370,-0.966342,-0.962838,-1.031948
1750,L_foot_pitch,1.070872,0.407087,0.356966,3.088834
1750,L_foot_roll,-0.086500,-0.008650,0.011825,-0.733996
1750,R_hip_roll,-1.432812,-0.358203,0.002610,-43.328993
1750,R_hip_yaw,0.335461,0.083865,0.038333,5.443891
1750,R_hip_pitch,-0.694506,0.176373,0.262825,-10.617010
1750,R_knee,-1.051154,0.387211,0.548099,-19.431268
1750,R_foot_pitch,0.776641,-0.222336,-0.295338,4.201955
1750,R_foot_roll,-2.194638,-0.219464,-0.020244,-11.957483
1760,L_hip_roll,0.084773,0.021193,-0.021269,4.907603
1760,L_hip_yaw,0.044799,0.011200,0.010567,-0.325135
1760,L_hip_pitch,-0.561393,-0.490348,-0.399296,-12.623220
1760,L_knee,-1.276583,-0.969146,-0.957357,-1.881368
1760,L_foot_pitch,1.135166,0.413517,0.356248,3.499723
1760,L_foot_roll,-0.172970,-0.017297,0.004274,-0.439130
1760,R_hip_roll,-1.533246,-0.383311,0.002938,-46.384526
1760,R_hip_yaw,0.379590,0.094898,0.038546,6.744031
1760,R_hip_pitch,-0.789571,0.152607,0.264958,-13.679830
1760,R_knee,-0.988722,0.402820,0.549208,-17.670182
1760,R_foot_pitch,0.793929,-0.220607,-0.293542,4.198471
1760,R_foot_roll,-2.301425,-0.230143,-0.020121,-12.615514
1770,L_hip_roll,0.030244,0.007561,-0.019270,3.013323
1770,L_hip_yaw,0.072606,0.018152,0.013625,0.315369
1770,L_hip_pitch,-0.589463,-0.497366,-0.383944,-14.998599
1770,L_knee,-1.284375,-0.971094,-0.954828,-2.017072
1770,L_foot_pitch,1.088342,0.408834,0.355763,3.222690
1770,L_foot_roll,-0.207135,-0.020713,-0.005566,0.077844
1770,R_hip_roll,-1.473725,-0.368431,0.003122,-44.592866
1770,R_hip_yaw,0.394478,0.098620,0.038609,7.208143
1770,R_hip_pitch,-0.783022,0.154245,0.267006,-13.749167
1770,R_knee,-1.022230,0.394443,0.550475,-18.872676
1770,R_foot_pitch,0.780066,-0.221993,-0.291932,4.047396
1770,R_foot_roll,-2.210398,-0.221040,-0.019845,-12.100251
1780,L_hip_roll,0.049722,0.012431,-0.017224,3.356868
1780,L_hip_yaw,0.072572,0.018143,0.016081,-0.003127
1780,L_hip_pitch,-0.638872,-0.509718,-0.372404,-17.437412
1780,L_knee,-1.241875,-0.960469,-0.956983,0.020517
1780,L_foot_pitch,1.079208,0.407921,0.355418,3.181487
1780,L_foot_roll,-0.198447,-0.019845,-0.014385,0.426988
1780,R_hip_roll,-1.471682,-0.367921,0.003091,-44.510924
1780,R_hip_yaw,0.393165,0.098291,0.038399,7.221521
1780,R_hip_pitch,-0.798587,0.150353,0.269417,-14.550830
1780,R_knee,-0.995629,0.401093,0.551991,-18.264106
1780,R_foot_pitch,0.810993,-0.218901,-0.290404,4.136054
1780,R_foot_roll,-2.135588,-0.213559,-0.019302,-11.713650
1790,L_hip_roll,-0.000417,-0.000104,-0.015283,1.634843
1790,L_hip_yaw,0.084790,0.021198,0.018332,0.148556
1790,L_hip_pitch,-0.638611,-0.509653,-0.365213,-17.861272
1790,L_knee,-1.237219,-0.959305,-0.963313,1.253767
1790,L_foot_pitch,1.056073,0.405607,0.355121,3.057217
1790,L_foot_roll,-0.207736,-0.020774,-0.019857,0.328759
1790,R_hip_roll,-1.493185,-0.373296,0.002837,-45.097873
1790,R_hip_yaw,0.414184,0.103546,0.037812,7.967246
1790,R_hip_pitch,-0.813706,0.146573,0.272451,-15.439705
1790,R_knee,-0.977722,0.405570,0.553610,-17.928877
1790,R_foot_pitch,0.832315,-0.216769,-0.288805,4.158109
1790,R_foot_roll,-2.073587,-0.207359,-0.018525,-11.416989
1800,L_hip_roll,0.063605,0.015901,-0.013815,3.452018
1800,L_hip_yaw,0.078326,0.019582,0.020228,-0.252624
1800,L_hip_pitch,-0.636548,-0.509137,-0.361884,-17.854779
1800,L_knee,-1.194779,-0.948695,-0.971991,3.715865
1800,L_foot_pitch,1.064021,0.406402,0.354842,3.120538
1800,L_foot_roll,-0.164001,-0.016400,-0.022101,0.460234
1800,R_hip_roll,-1.449059,-0.362265,0.002097,-43.620159
1800,R_hip_yaw,0.414609,0.103652,0.036870,8.120213
1800,R_hip_pitch,-0.827070,0.143232,0.276171,-16.350781
1800,R_knee,-0.946607,0.413348,0.555367,-17.223596
1800,R_foot_pitch,0.861464,-0.213854,-0.287146,4.230279
1800,R_foot_roll,-1.987504,-0.198750,-0.017426,-11.001165
1810,L_hip_roll,0.047203,0.011801,-0.012849,2.875567
1810,L_hip_yaw,0.082314,0.020578,0.021447,-0.179661
1810,L_hip_pitch,-0.630077,-0.507519,-0.361152,-17.556547
1810,L_knee,-1.155934,-0.938984,-0.980422,5.733143
1810,L_foot_pitch,1.025711,0.402571,0.354595,2.901326
1810,L_foot_roll,-0.154633,-0.015463,-0.021721,0.247693
1810,R_hip_roll,-1.406870,-0.351718,0.000828,-42.159152
1810,R_hip_yaw,0.412195,0.103049,0.035684,8.211627
1810,R_hip_pitch,-0.827317,0.143171,0.280206,-16.847350
1810,R_knee,-0.910561,0.422360,0.557015,-16.306197
1810,R_foot_pitch,0.889200,-0.211080,-0.285380,4.273668
1810,R_foot_roll,-1.886723,-0.188672,-0.016045,-10.504381
1820,L_hip_roll,0.098049,0.024512,-0.012290,4.380763
1820,L_hip_yaw,0.066106,0.016526,0.021776,-0.628698
1820,L_hip_pitch,-0.623975,-0.505994,-0.361635,-17.246188
1820,L_knee,-1.070679,-0.917670,-0.985829,8.533552
1820,L_foot_pitch,1.011040,0.401104,0.354351,2.829504
1820,L_foot_roll,-0.149357,-0.014936,-0.019795,0.074594
1820,R_hip_roll,-1.298338,-0.324585,-0.000938,-38.637157
1820,R_hip_yaw,0.409593,0.102398,0.034360,8.299757
1820,R_hip_pitch,-0.838916,0.140271,0.284186,-17.659841
1820,R_knee,-0.869729,0.432568,0.558342,-15.210376
1820,R_foot_pitch,0.859937,-0.214006,-0.283475,3.972992
1820,R_foot_roll,-1.757878,-0.175788,-0.014395,-9.857940
1830,L_hip_roll,0.076959,0.019240,-0.011889,3.690305
1830,L_hip_yaw,0.057639,0.014410,0.020831,-0.610177
1830,L_hip_pitch,-0.599581,-0.499895,-0.361921,-16.562446
1830,L_knee,-1.007937,-0.901984,-0.985436,9.667772
1830,L_foot_pitch,0.999370,0.399937,0.354100,2.774727
1830,L_foot_roll,-0.159064,-0.015906,-0.017933,-0.034859
1830,R_hip_roll,-1.216177,-0.304044,-0.003054,-35.899508
1830,R_hip_yaw,0.404847,0.101212,0.032997,8.322321
1830,R_hip_pitch,-0.798804,0.150299,0.287712,-16.810961
1830,R_knee,-0.874906,0.431273,0.559127,-15.388541
1830,R_foot_pitch,0.837985,-0.216202,-0.281420,3.699034
1830,R_foot_roll,-1.667902,-0.166790,-0.012541,-9.445577
1840,L_hip_roll,0.065133,0.016283,-0.011356,3.254484
1840,L_hip_yaw,0.041404,0.010351,0.018418,-0.677359
1840,L_hip_pitch,-0.578776,-0.494694,-0.361039,-16.178331
1840,L_knee,-0.924409,-0.881102,-0.977335,10.395753
1840,L_foot_pitch,0.993708,0.399371,0.353861,2.752878
1840,L_foot_roll,-0.168349,-0.016835,-0.016979,-0.047971
1840,R_hip_roll,-1.142853,-0.285713,-0.005303,-33.422479
1840,R_hip_yaw,0.381747,0.095437,0.031701,7.771908
1840,R_hip_pitch,-0.757435,0.160641,0.290536,-15.840466
1840,R_knee,-0.867261,0.433185,0.559157,-15.086376
1840,R_foot_pitch,0.767322,-0.223268,-0.279140,3.113825
1840,R_foot_roll,-1.563303,-0.156330,-0.010541,-8.951624
1850,L_hip_roll,0.028673,0.007168,-0.010630,2.051378
1850,L_hip_yaw,0.025437,0.006359,0.014648,-0.570311
1850,L_hip_pitch,-0.510077,-0.477519,-0.358735,-14.532298
1850,L_knee,-0.854891,-0.863723,-0.960881,9.669486
1850,L_foot_pitch,1.017746,0.401775,0.353653,2.905983
1850,L_foot_roll,-0.169894,-0.016989,-0.016899,0.010275
1850,R_hip_roll,-1.088787,-0.272197,-0.007592,-31.525626
1850,R_hip_yaw,0.365301,0.091325,0.030517,7.411132
1850,R_hip_pitch,-0.717965,0.170509,0.292815,-14.889249
1850,R_knee,-0.878306,0.430424,0.558578,-15.301756
1850,R_foot_pitch,0.715916,-0.228408,-0.276679,2.644316
1850,R_foot_roll,-1.492409,-0.149241,-0.008412,-8.665959
1860,L_hip_roll,-0.013353,-0.003338,-0.009715,0.663630
1860,L_hip_yaw,0.008723,0.002181,0.009755,-0.393812
1860,L_hip_pitch,-0.465818,-0.466455,-0.354903,-13.818583
1860,L_knee,-0.733581,-0.833395,-0.936303,9.588849
1860,L_foot_pitch,1.002330,0.400233,0.353519,2.812121
1860,L_foot_roll,-0.141561,-0.014156,-0.017145,0.200435
1860,R_hip_roll,-0.990093,-0.247523,-0.009857,-28.298703
1860,R_hip_yaw,0.322939,0.080735,0.029470,6.249038
1860,R_hip_pitch,-0.658709,0.185323,0.294675,-13.294651
1860,R_knee,-0.895208,0.426198,0.557629,-15.668077
1860,R_foot_pitch,0.643191,-0.235681,-0.274138,2.052738
1860,R_foot_roll,-1.318334,-0.131833,-0.006171,-7.766892
1870,L_hip_roll,-0.085424,-0.021356,-0.008635,-1.645493
1870,L_hip_yaw,-0.010356,-0.002589,0.004194,-0.253741
1870,L_hip_pitch,-0.359786,-0.439947,-0.349607,-11.403425
1870,L_knee,-0.614121,-0.803530,-0.904128,8.582290
1870,L_foot_pitch,1.015931,0.401593,0.353437,2.895736
1870,L_foot_roll,-0.104501,-0.010450,-0.016664,0.279484
1870,R_hip_roll,-0.923868,-0.230967,-0.012002,-26.072896
1870,R_hip_yaw,0.284849,0.071212,0.028531,5.213704
1870,R_hip_pitch,-0.588928,0.202768,0.296274,-11.380309
1870,R_knee,-0.925036,0.418741,0.556522,-16.424665
1870,R_foot_pitch,0.571038,-0.242896,-0.271594,1.470223
1870,R_foot_roll,-1.173241,-0.117324,-0.003785,-7.051832
1880,L_hip_roll,-0.144064,-0.036016,-0.007539,-3.526299
1880,L_hip_yaw,-0.032423,-0.008106,-0.001588,-0.220148
1880,L_hip_pitch,-0.266907,-0.416727,-0.342776,-9.598077
1880,L_knee,-0.438145,-0.759536,-0.864817,8.465861
1880,L_foot_pitch,0.999556,0.399956,0.353401,2.794311
1880,L_foot_roll,-0.058811,-0.005881,-0.014613,0.260000
1880,R_hip_roll,-0.767278,-0.191820,-0.013999,-21.148608
1880,R_hip_yaw,0.229668,0.057417,0.027659,3.655999
1880,R_hip_pitch,-0.510242,0.222439,0.297762,-9.190775
1880,R_knee,-0.938150,0.415463,0.555517,-16.721687
1880,R_foot_pitch,0.497175,-0.250283,-0.269175,0.902088
1880,R_foot_roll,-0.901322,-0.090132,-0.001275,-5.583777
1890,L_hip_roll,-0.249645,-0.062411,-0.006506,-6.815343
1890,L_hip_yaw,-0.052924,-0.013231,-0.007316,-0.161294
1890,L_hip_pitch,-0.124756,-0.381189,-0.334125,-6.558335
1890,L_knee,-0.210379,-0.702595,-0.818523,9.054347
1890,L_foot_pitch,0.978682,0.397868,0.353386,2.669616
1890,L_foot_roll,-0.014178,-0.001418,-0.010908,0.155611
1890,R_hip_roll,-0.601528,-0.150382,-0.015758,-15.998753
1890,R_hip_yaw,0.177014,0.044253,0.026804,2.182102
1890,R_hip_pitch,-0.415226,0.246193,0.299236,-6.522368
1890,R_knee,-0.967151,0.408212,0.554860,-17.557532
1890,R_foot_pitch,0.363026,-0.263697,-0.267005,-0.003007
1890,R_foot_roll,-0.601835,-0.060184,0.001382,-3.957867
1900,L_hip_roll,-0.360945,-0.090236,-0.005651,-10.227991
1900,L_hip_yaw,-0.063632,-0.015908,-0.012721,0.116192
1900,L_hip_pitch,0.026531,-0.343367,-0.322738,-3.712743
1900,L_knee,0.021140,-0.644715,-0.764097,8.589416
1900,L_foot_pitch,0.920691,0.392069,0.353353,2.326197
1900,L_foot_roll,0.001592,0.000159,-0.005932,-0.151949
1900,R_hip_roll,-0.317758,-0.079440,-0.017180,-7.350529
1900,R_hip_yaw,0.141311,0.035328,0.025951,1.212174
1900,R_hip_pitch,-0.291064,0.277234,0.300685,-2.966257
1900,R_knee,-0.960424,0.409894,0.554739,-17.403695
1900,R_foot_pitch,0.227767,-0.277223,-0.265224,-0.875605
1900,R_foot_roll,-0.231467,-0.023147,0.004158,-1.913042
1910,L_hip_roll,-0.380785,-0.095196,-0.005066,-10.872052
1910,L_hip_yaw,-0.065946,-0.016487,-0.016887,0.363464
1910,L_hip_pitch,0.180591,-0.304852,-0.307816,-1.237030
1910,L_knee,0.319545,-0.570114,-0.700702,9.059688
1910,L_foot_pitch,0.786797,0.378680,0.353260,1.535893
1910,L_foot_roll,0.047337,0.004734,-0.000819,-0.139891
1910,R_hip_roll,-0.007568,-0.001892,-0.018081,1.992681
1910,R_hip_yaw,0.124565,0.031141,0.025250,0.773403
1910,R_hip_pitch,-0.251244,0.287189,0.302243,-2.008933
1910,R_knee,-0.860393,0.434902,0.555441,-14.621291
1910,R_foot_pitch,0.020448,-0.297955,-0.264228,-2.125610
1910,R_foot_roll,0.163319,0.016332,0.006937,0.283533
1920,L_hip_roll,-0.250083,-0.062521,-0.004393,-7.062904
1920,L_hip_yaw,-0.038580,-0.009645,-0.018541,1.092664
1920,L_hip_pitch,0.271982,-0.282005,-0.288597,-1.267460
1920,L_knee,0.575576,-0.506106,-0.627737,7.008552
1920,L_foot_pitch,0.552721,0.355272,0.353009,0.166110
1920,L_foot_roll,0.083005,0.008300,0.003929,-0.178112
1920,R_hip_roll,0.239350,0.059838,-0.017906,9.248776
1920,R_hip_yaw,0.150081,0.037520,0.024844,1.550782
1920,R_hip_pitch,-0.261094,0.284726,0.304371,-2.606833
1920,R_knee,-0.568176,0.507956,0.557963,-6.351063
1920,R_foot_pitch,-0.283884,-0.328388,-0.263857,-3.858913
1920,R_foot_roll,0.419581,0.041958,0.009487,1.672883
1930,L_hip_roll,0.328850,0.082213,-0.002830,10.065575
1930,L_hip_yaw,-0.048812,-0.012203,-0.017644,0.683025
1930,L_hip_pitch,-0.027890,-0.356973,-0.272857,-10.546345
1930,L_knee,1.366317,-0.308421,-0.570285,29.277220
1930,L_foot_pitch,0.672278,0.367228,0.315238,11.926628
1930,L_foot_roll,0.250639,0.025064,-0.001385,2.684950
1930,R_hip_roll,0.373961,0.093490,-0.016885,13.206428
1930,R_hip_yaw,0.034449,0.008612,0.024659,-1.880673
1930,R_hip_pitch,-0.181465,0.304634,0.307396,-0.610386
1930,R_knee,-0.171745,0.607064,0.563084,4.761654
1930,R_foot_pitch,-0.446371,-0.344637,-0.265021,-4.646727
1930,R_foot_roll,0.291337,0.029134,0.011808,0.907834
1940,L_hip_roll,0.755413,0.188853,-0.004140,23.424151
1940,L_hip_yaw,0.073050,0.018262,-0.018867,4.622867
1940,L_hip_pitch,0.056569,-0.335858,-0.275478,-6.562438
1940,L_knee,1.423493,-0.294127,-0.570718,34.058503
1940,L_foot_pitch,0.281961,0.328196,0.303528,1.377440
1940,L_foot_roll,0.528048,0.052805,0.000809,2.616353
1940,R_hip_roll,0.316533,0.079133,-0.018180,11.880355
1940,R_hip_yaw,0.086623,0.021656,0.022690,0.314741
1940,R_hip_pitch,-0.278874,0.280281,0.312826,-4.553913
1940,R_knee,0.273079,0.718270,0.573069,16.190530
1940,R_foot_pitch,-0.645315,-0.364531,-0.276910,-3.267354
1940,R_foot_roll,0.100122,0.010012,0.014635,-0.615438
1950,L_hip_roll,1.208766,0.302191,-0.006892,37.407862
1950,L_hip_yaw,0.000337,0.000084,-0.019752,2.407458
1950,L_hip_pitch,-0.154926,-0.388732,-0.281258,-12.376007
1950,L_knee,1.381728,-0.304568,-0.578077,33.501047
1950,L_foot_pitch,0.149306,0.314931,0.304948,0.539908
1950,L_foot_roll,0.829467,0.082947,0.003526,4.293160
1950,R_hip_roll,0.175674,0.043919,-0.019615,7.731310
1950,R_hip_yaw,0.032940,0.008235,0.017128,-0.472964
1950,R_hip_pitch,-0.379065,0.255234,0.322761,-9.305161
1950,R_knee,0.484192,0.771048,0.596071,18.003484
1950,R_foot_pitch,-0.722766,-0.372277,-0.307886,-0.305436
1950,R_foot_roll,-0.053763,-0.005376,0.014376,-0.951287
1960,L_hip_roll,1.327874,0.331968,-0.009361,41.184725
1960,L_hip_yaw,0.030016,0.007504,-0.020055,3.334608
1960,L_hip_pitch,-0.150904,-0.387726,-0.286772,-11.532144
1960,L_knee,1.525154,-0.268712,-0.585304,38.770402
1960,L_foot_pitch,-0.005923,0.299408,0.306450,-0.503601
1960,L_foot_roll,1.078714,0.107871,0.006142,5.616349
1960,R_hip_roll,-0.025145,-0.006286,-0.019380,1.455827
1960,R_hip_yaw,0.019186,0.004797,0.009413,0.276040
1960,R_hip_pitch,-0.245508,0.288623,0.337489,-7.458213
1960,R_knee,0.641051,0.810263,0.634872,16.657184
1960,R_foot_pitch,-0.650438,-0.365044,-0.343912,2.089978
1960,R_foot_roll,-0.316759,-0.031676,0.007795,-1.516775
1970,L_hip_roll,1.374853,0.343713,-0.011387,42.780204
1970,L_hip_yaw,0.064239,0.016060,-0.020146,4.394015
1970,L_hip_pitch,-0.196975,-0.399244,-0.292092,-12.534208
1970,L_knee,1.297436,-0.325641,-0.592206,32.358516
1970,L_foot_pitch,-0.146416,0.285358,0.308414,-1.997584
1970,L_foot_roll,1.199293,0.119929,0.008126,6.363500
1970,R_hip_roll,-0.082350,-0.020588,-0.018006,-0.478814
1970,R_hip_yaw,0.009301,0.002325,0.001823,0.686646
1970,R_hip_pitch,-0.137259,0.315685,0.355698,-6.692458
1970,R_knee,0.815400,0.853850,0.685347,14.850071
1970,R_foot_pitch,-0.656561,-0.365656,-0.365586,1.174673
1970,R_foot_roll,-0.409450,-0.040945,-0.005797,-0.552925
1980,L_hip_roll,1.491907,0.372977,-0.013034,46.436157
1980,L_hip_yaw,0.071336,0.017834,-0.019810,4.478797
1980,L_hip_pitch,-0.103258,-0.375815,-0.297585,-8.805040
1980,L_knee,1.311738,-0.322066,-0.598875,33.936790
1980,L_foot_pitch,-0.256812,0.274319,0.309258,-2.279081
1980,L_foot_roll,1.445456,0.144546,0.009613,8.189974
1980,R_hip_roll,-0.212087,-0.053022,-0.016211,-4.622365
1980,R_hip_yaw,-0.060139,-0.015035,-0.002711,-1.202021
1980,R_hip_pitch,-0.001903,0.349524,0.376434,-5.327021
1980,R_knee,0.892464,0.873116,0.743925,9.468218
1980,R_foot_pitch,-0.596470,-0.359647,-0.370532,0.739922
1980,R_foot_roll,-0.484024,-0.048402,-0.022104,-0.027573
1990,L_hip_roll,1.346287,0.336572,-0.014274,42.203423
1990,L_hip_yaw,0.068403,0.017101,-0.019385,4.339152
1990,L_hip_pitch,-0.120940,-0.380235,-0.303271,-8.721753
1990,L_knee,1.124728,-0.368818,-0.605888,29.094198
1990,L_foot_pitch,-0.456948,0.254305,0.310768,-3.558742
1990,L_foot_roll,1.541623,0.154162,0.011329,8.466384
1990,R_hip_roll,-0.256685,-0.064171,-0.014176,-6.206713
1990,R_hip_yaw,-0.065622,-0.016406,-0.006022,-0.910368
1990,R_hip_pitch,0.199544,0.399886,0.396904,-1.543690
1990,R_knee,1.031807,0.907952,0.804716,6.470757
1990,R_foot_pitch,-0.639328,-0.363933,-0.368665,-0.081043
1990,R_foot_roll,-0.507164,-0.050716,-0.036345,0.376156
2000,L_hip_roll,1.340104,0.335026,-0.015220,42.124603
2000,L_hip_yaw,0.053278,0.013319,-0.018927,3.827593
2000,L_hip_pitch,0.052505,-0.336874,-0.308886,-2.730474
2000,L_knee,1.046363,-0.388409,-0.612299,27.588633
2000,L_foot_pitch,-0.637935,0.236206,0.311928,-4.717413
2000,L_foot_roll,1.682314,0.168231,0.012788,9.147654
2000,R_hip_roll,-0.353333,-0.088333,-0.012316,-9.284756
2000,R_hip_yaw,-0.121649,-0.030412,-0.009141,-2.275541
2000,R_hip_pitch,0.296423,0.424106,0.415914,-0.824375
2000,R_knee,1.077654,0.919414,0.863611,1.013562
2000,R_foot_pitch,-0.623160,-0.362316,-0.364721,-0.255746
2000,R_foot_roll,-0.505625,-0.050563,-0.045995,0.451515
2010,L_hip_roll,1.334676,0.333669,-0.016196,42.131710
2010,L_hip_yaw,-0.004535,-0.001134,-0.018557,2.058215
2010,L_hip_pitch,0.126246,-0.318439,-0.314235,0.016652
2010,L_knee,0.910911,-0.422272,-0.618239,24.095081
2010,L_foot_pitch,-0.768012,0.223199,0.313303,-5.308654
2010,L_foot_roll,1.792275,0.179227,0.013835,9.374447
2010,R_hip_roll,-0.220367,-0.055092,-0.011182,-5.330017
2010,R_hip_yaw,-0.099099,-0.024775,-0.013133,-0.920734
2010,R_hip_pitch,0.466016,0.466504,0.431790,2.820270
2010,R_knee,1.111372,0.927843,0.916337,-3.424546
2010,R_foot_pitch,-0.715356,-0.371536,-0.360663,-1.054755
2010,R_foot_roll,-0.437697,-0.043770,-0.050615,0.678180
2020,L_hip_roll,1.243619,0.310905,-0.016986,39.397202
2020,L_hip_yaw,-0.048696,-0.012174,-0.018266,0.704889
2020,L_hip_pitch,0.213640,-0.296590,-0.319173,3.196189
2020,L_knee,0.888622,-0.427844,-0.623862,24.089927
2020,L_foot_pitch,-0.909380,0.209062,0.314148,-6.427705
2020,L_foot_roll,1.880715,0.188071,0.015399,10.167387
2020,R_hip_roll,-0.272943,-0.068236,-0.010435,-7.019432
2020,R_hip_yaw,-0.099912,-0.024978,-0.017488,-0.506424
2020,R_hip_pitch,0.518943,0.479736,0.442884,3.546908
2020,R_knee,1.168874,0.942219,0.958551,-5.617628
2020,R_foot_pitch,-0.795629,-0.379563,-0.357410,-1.599473
2020,R_foot_roll,-0.327812,-0.032781,-0.050382,0.857142
2030,L_hip_roll,1.368761,0.342190,-0.017296,43.174285
2030,L_hip_yaw,-0.095850,-0.023962,-0.018033,-0.729647
2030,L_hip_pitch,0.366481,-0.258380,-0.323023,8.084378
2030,L_knee,0.754224,-0.461444,-0.628231,20.392278
2030,L_foot_pitch,-1.026662,0.197334,0.314949,-7.126647
2030,L_foot_roll,2.023453,0.202345,0.015501,11.123160
2030,R_hip_roll,-0.202440,-0.050610,-0.010005,-4.881186
2030,R_hip_yaw,-0.117177,-0.029294,-0.020616,-0.789754
2030,R_hip_pitch,0.652293,0.513073,0.448801,7.371775
2030,R_knee,1.191444,0.947861,0.988566,-7.301890
2030,R_foot_pitch,-0.863287,-0.386329,-0.355309,-2.029694
2030,R_foot_roll,-0.209285,-0.020928,-0.044925,0.725957
2040,L_hip_roll,1.305834,0.326458,-0.017166,41.189918
2040,L_hip_yaw,-0.150905,-0.037726,-0.017846,-2.404984
2040,L_hip_pitch,0.389805,-0.252549,-0.325867,9.054734
2040,L_knee,0.784660,-0.453835,-0.631685,21.674911
2040,L_foot_pitch,-1.084466,0.191553,0.315489,-7.494331
2040,L_foot_roll,2.063660,0.206366,0.015960,11.335000
2040,R_hip_roll,-0.160953,-0.040238,-0.009679,-3.720207
2040,R_hip_yaw,-0.134502,-0.033626,-0.022936,-1.066352
2040,R_hip_pitch,0.709078,0.527270,0.449864,9.378389
2040,R_knee,1.249017,0.962254,1.006398,-6.545702
2040,R_foot_pitch,-0.926077,-0.392608,-0.354046,-2.411742
2040,R_foot_roll,-0.141645,-0.014165,-0.035508,0.271258
2050,L_hip_roll,1.291336,0.322834,-0.016431,40.632792
2050,L_hip_yaw,-0.171284,-0.042821,-0.017755,-3.012718
2050,L_hip_pitch,0.461757,-0.234561,-0.327897,11.409471
2050,L_knee,0.753115,-0.461721,-0.634165,20.951317
2050,L_foot_pitch,-1.197024,0.180298,0.315927,-8.155051
2050,L_foot_roll,2.124267,0.212427,0.016461,11.651201
2050,R_hip_roll,-0.175126,-0.043781,-0.008988,-4.249877
2050,R_hip_yaw,-0.134893,-0.033723,-0.025646,-0.657532
2050,R_hip_pitch,0.723238,0.530809,0.447534,10.336749
2050,R_knee,1.324587,0.981147,1.013988,-4.300818
2050,R_foot_pitch,-0.964032,-0.396403,-0.353370,-2.629912
2050,R_foot_roll,-0.030292,-0.003029,-0.025179,0.354684
2060,L_hip_roll,1.371077,0.342769,-0.015609,42.932165
2060,L_hip_yaw,-0.213494,-0.053374,-0.017684,-4.290833
2060,L_hip_pitch,0.483380,-0.229155,-0.329407,12.155814
2060,L_knee,0.789214,-0.452697,-0.635902,22.129230
2060,L_foot_pitch,-1.179771,0.182023,0.315632,-8.003086
2060,L_foot_roll,2.187515,0.218752,0.017266,11.942357
2060,R_hip_roll,-0.065950,-0.016487,-0.008395,-1.014949
2060,R_hip_yaw,-0.142591,-0.035648,-0.028876,-0.485619
2060,R_hip_pitch,0.728895,0.532224,0.443483,11.094316
2060,R_knee,1.340406,0.985101,1.014703,-3.399065
2060,R_foot_pitch,-0.975883,-0.397588,-0.353092,-2.685241
2060,R_foot_roll,0.018613,0.001861,-0.014730,-0.016721
2070,L_hip_roll,1.312708,0.328177,-0.014362,40.989651
2070,L_hip_yaw,-0.215160,-0.053790,-0.017595,-4.353878
2070,L_hip_pitch,0.419709,-0.245073,-0.329961,10.238074
2070,L_knee,0.863114,-0.434221,-0.636217,24.250442
2070,L_foot_pitch,-1.119590,0.188041,0.314890,-7.393951
2070,L_foot_roll,2.120075,0.212007,0.016410,11.443882
2070,R_hip_roll,-0.082464,-0.020616,-0.007529,-1.679702
2070,R_hip_yaw,-0.133896,-0.033474,-0.032341,0.221721
2070,R_hip_pitch,0.693688,0.523422,0.438764,10.637265
2070,R_knee,1.350841,0.987710,1.010986,-2.262274
2070,R_foot_pitch,-0.960528,-0.396053,-0.353034,-2.581172
2070,R_foot_roll,0.047399,0.004740,-0.005587,-0.173619
2080,L_hip_roll,1.285527,0.321382,-0.012867,39.941787
2080,L_hip_yaw,-0.256605,-0.064151,-0.017557,-5.603211
2080,L_hip_pitch,0.411527,-0.247118,-0.329765,9.874040
2080,L_knee,0.808433,-0.447892,-0.635143,22.294762
2080,L_foot_pitch,-1.107443,0.189256,0.314059,-7.311135
2080,L_foot_roll,2.067948,0.206795,0.015577,11.792192
2080,R_hip_roll,-0.059191,-0.014798,-0.006352,-1.133719
2080,R_hip_yaw,-0.108671,-0.027168,-0.035375,1.239058
2080,R_hip_pitch,0.672400,0.518100,0.434158,10.503689
2080,R_knee,1.413769,1.003442,1.004300,0.654136
2080,R_foot_pitch,-0.998257,-0.399826,-0.353062,-2.801461
2080,R_foot_roll,0.093199,0.009320,0.001183,-0.071642
2090,L_hip_roll,1.389691,0.347423,-0.011494,42.935794
2090,L_hip_yaw,-0.224089,-0.056022,-0.017522,-4.618596
2090,L_hip_pitch,0.432524,-0.241869,-0.329837,10.584794
2090,L_knee,0.845350,-0.438663,-0.633849,23.302409
2090,L_foot_pitch,-1.036562,0.196344,0.312170,-6.796564
2090,L_foot_roll,2.023698,0.202370,0.016035,11.090687
2090,R_hip_roll,-0.047103,-0.011776,-0.005224,-0.897841
2090,R_hip_yaw,-0.125090,-0.031272,-0.036495,0.625073
2090,R_hip_pitch,0.633578,0.508394,0.430941,9.519589
2090,R_knee,1.380500,0.995125,0.997388,0.348310
2090,R_foot_pitch,-0.984605,-0.398461,-0.353165,-2.704153
2090,R_foot_roll,0.126411,0.012641,0.006317,-0.066309
2100,L_hip_roll,1.344978,0.336245,-0.009780,41.357294
2100,L_hip_yaw,-0.201441,-0.050360,-0.017498,-3.940125
2100,L_hip_pitch,0.394037,-0.251491,-0.329664,9.383114
2100,L_knee,0.809060,-0.447735,-0.631859,21.935384
2100,L_foot_pitch,-1.054539,0.194546,0.309988,-6.761468
2100,L_foot_roll,1.975286,0.197529,0.015632,10.756153
2100,R_hip_roll,-0.113608,-0.028402,-0.003798,-3.108192
2100,R_hip_yaw,-0.116125,-0.029031,-0.035659,0.661303
2100,R_hip_pitch,0.644240,0.511060,0.429179,9.952404
2100,R_knee,1.440103,1.010026,0.991216,2.858618
2100,R_foot_pitch,-1.010882,-0.401088,-0.353295,-2.855366
2100,R_foot_roll,0.143574,0.014357,0.010211,-0.077775
2110,L_hip_roll,1.443062,0.360766,-0.007778,44.036534
2110,L_hip_yaw,-0.194996,-0.048749,-0.017394,-3.777359
2110,L_hip_pitch,0.400369,-0.249908,-0.329446,9.551389
2110,L_knee,0.817101,-0.445725,-0.629496,21.838778
2110,L_foot_pitch,-0.990954,0.200905,0.307972,-6.237860
2110,L_foot_roll,1.930115,0.193011,0.013744,10.848469
2110,R_hip_roll,-0.115656,-0.028914,-0.002262,-3.339201
2110,R_hip_yaw,-0.132780,-0.033195,-0.033405,-0.251791
2110,R_hip_pitch,0.660020,0.515005,0.429516,10.093920
2110,R_knee,1.420219,1.005055,0.987313,2.348514
2110,R_foot_pitch,-0.973331,-0.397333,-0.353444,-2.617479
2110,R_foot_roll,0.163802,0.016380,0.013140,-0.055587
2120,L_hip_roll,1.421500,0.355375,-0.005714,43.139874
2120,L_hip_yaw,-0.158950,-0.039737,-0.017231,-2.717864
2120,L_hip_pitch,0.372433,-0.256892,-0.329740,8.808189
2120,L_knee,0.825726,-0.443569,-0.627401,21.871621
2120,L_foot_pitch,-0.972595,0.202741,0.305773,-5.812083
2120,L_foot_roll,1.852364,0.185236,0.012730,10.099567
2120,R_hip_roll,-0.148292,-0.037073,-0.000731,-4.518658
2120,R_hip_yaw,-0.132589,-0.033147,-0.030809,-0.512179
2120,R_hip_pitch,0.660390,0.515098,0.432529,9.502153
2120,R_knee,1.424309,1.006077,0.986697,2.266748
2120,R_foot_pitch,-0.951526,-0.395153,-0.353556,-2.487662
2120,R_foot_roll,0.164408,0.016441,0.015259,-0.102286
2130,L_hip_roll,1.404573,0.351143,-0.003421,42.304665
2130,L_hip_yaw,-0.140649,-0.035162,-0.017014,-2.203178
2130,L_hip_pitch,0.359157,-0.260211,-0.330391,8.487217
2130,L_knee,0.797292,-0.450677,-0.625474,20.766365
2130,L_foot_pitch,-0.954686,0.204531,0.303767,-5.732940
2130,L_foot_roll,1.784961,0.178496,0.011116,10.294446
2130,R_hip_roll,-0.179648,-0.044912,0.000842,-5.645420
2130,R_hip_yaw,-0.136516,-0.034129,-0.028808,-0.805522
2130,R_hip_pitch,0.665317,0.516329,0.437813,8.805369
2130,R_knee,1.414041,1.003510,0.988649,1.492208
2130,R_foot_pitch,-0.932780,-0.393278,-0.353597,-2.379162
2130,R_foot_roll,0.164691,0.016469,0.016565,-0.101379
2140,L_hip_roll,1.389175,0.347294,-0.001073,41.563197
2140,L_hip_yaw,-0.114037,-0.028509,-0.016741,-1.440060
2140,L_hip_pitch,0.326899,-0.268275,-0.331365,7.676003
2140,L_knee,0.804944,-0.448764,-0.623787,20.847750
2140,L_foot_pitch,-0.918530,0.208147,0.301650,-5.431432
2140,L_foot_roll,1.698492,0.169849,0.009819,9.765466
2140,R_hip_roll,-0.175585,-0.043896,0.002227,-5.662655
2140,R_hip_yaw,-0.140614,-0.035154,-0.027691,-0.963850
2140,R_hip_pitch,0.673585,0.518396,0.444807,8.078620
2140,R_knee,1.383501,0.995875,0.992214,0.047929
2140,R_foot_pitch,-0.889903,-0.388990,-0.353579,-2.128452
2140,R_foot_roll,0.149174,0.014917,0.017238,-0.185168
2150,L_hip_roll,1.290296,0.322574,0.001463,38.267384
2150,L_hip_yaw,-0.079709,-0.019927,-0.016431,-0.451782
2150,L_hip_pitch,0.282014,-0.279496,-0.332498,6.473242
2150,L_knee,0.798635,-0.450341,-0.622297,20.486713
2150,L_foot_pitch,-0.884962,0.211504,0.299784,-5.113392
2150,L_foot_roll,1.550785,0.155078,0.007730,9.113360
2150,R_hip_roll,-0.192690,-0.048173,0.003444,-6.310374
2150,R_hip_yaw,-0.135913,-0.033978,-0.027563,-0.741664
2150,R_hip_pitch,0.635503,0.508876,0.452601,5.963977
2150,R_knee,1.315071,0.978768,0.995606,-2.302518
2150,R_foot_pitch,-0.875118,-0.387512,-0.353485,-2.053678
2150,R_foot_roll,0.125324,0.012532,0.017218,-0.252463
2160,L_hip_roll,1.169041,0.292260,0.004117,34.283460
2160,L_hip_yaw,-0.050065,-0.012516,-0.016126,0.393863
2160,L_hip_pitch,0.205739,-0.298565,-0.333399,4.236336
2160,L_knee,0.800805,-0.449799,-0.620684,20.312349
2160,L_foot_pitch,-0.822029,0.217797,0.298182,-4.611768
2160,L_foot_roll,1.392597,0.139260,0.005662,8.562609
2160,R_hip_roll,-0.176589,-0.044147,0.004392,-5.905892
2160,R_hip_yaw,-0.135014,-0.033754,-0.027978,-0.647077
2160,R_hip_pitch,0.625710,0.506428,0.459658,4.979013
2160,R_knee,1.244226,0.961056,0.995938,-4.018087
2160,R_foot_pitch,-0.849834,-0.384983,-0.353337,-1.914550
2160,R_foot_roll,0.087957,0.008796,0.016432,-0.356155
2170,L_hip_roll,1.062944,0.265736,0.006622,30.859161
2170,L_hip_yaw,-0.008879,-0.002220,-0.015801,1.601475
2170,L_hip_pitch,0.124411,-0.318897,-0.334484,1.998012
2170,L_knee,0.827732,-0.443067,-0.619581,21.117979
2170,L_foot_pitch,-0.733420,0.226658,0.296028,-4.020549
2170,L_foot_roll,1.176322,0.117632,0.004338,6.851004
2170,R_hip_roll,-0.110866,-0.027717,0.004823,-3.919156
2170,R_hip_yaw,-0.119362,-0.029841,-0.028520,-0.104609
2170,R_hip_pitch,0.550915,0.487729,0.464800,2.330251
2170,R_knee,1.101241,0.925310,0.990644,-7.036450
2170,R_foot_pitch,-0.834222,-0.383422,-0.353154,-1.834883
2170,R_foot_roll,0.064496,0.006450,0.014623,-0.276221
2180,L_hip_roll,0.847011,0.211753,0.009280,24.024601
2180,L_hip_yaw,0.041267,0.010317,-0.015481,3.062887
2180,L_hip_pitch,0.036068,-0.340983,-0.335220,-0.611245
2180,L_knee,0.816832,-0.445792,-0.618318,20.607170
2180,L_foot_pitch,-0.674188,0.232581,0.294523,-3.574246
2180,L_foot_roll,0.867203,0.086720,0.002071,5.380825
2180,R_hip_roll,-0.049826,-0.012457,0.004952,-2.088741
2180,R_hip_yaw,-0.092503,-0.023126,-0.028429,0.584725
2180,R_hip_pitch,0.458137,0.464534,0.466501,-0.224791
2180,R_knee,0.936363,0.884091,0.976509,-9.228716
2180,R_foot_pitch,-0.863444,-0.386344,-0.352949,-2.023982
2180,R_foot_roll,0.050588,0.005059,0.012012,-0.146919
2190,L_hip_roll,0.629971,0.157493,0.012045,17.151180
2190,L_hip_yaw,0.061116,0.015279,-0.015092,3.596657
2190,L_hip_pitch,-0.074664,-0.368666,-0.335692,-3.940244
2190,L_knee,0.854660,-0.436335,-0.617181,21.559495
2190,L_foot_pitch,-0.556196,0.244380,0.293271,-2.786327
2190,L_foot_roll,0.507592,0.050759,-0.000799,3.725192
2190,R_hip_roll,0.066986,0.016746,0.004809,1.458427
2190,R_hip_yaw,-0.061559,-0.015390,-0.026580,1.062946
2190,R_hip_pitch,0.338542,0.434635,0.463001,-2.819983
2190,R_knee,0.737318,0.834329,0.950040,-10.689858
2190,R_foot_pitch,-0.876613,-0.387661,-0.352780,-2.106620
2190,R_foot_roll,0.003591,0.000359,0.009353,-0.289927
2200,L_hip_roll,0.340899,0.085225,0.014653,8.193272
2200,L_hip_yaw,0.109979,0.027495,-0.014716,5.027702
2200,L_hip_pitch,-0.126882,-0.381720,-0.336281,-5.419454
2200,L_knee,0.833443,-0.441639,-0.616676,20.922480
2200,L_foot_pitch,-0.446245,0.255376,0.291960,-2.083028
2200,L_foot_roll,0.019515,0.001951,-0.002993,0.781767
2200,R_hip_roll,0.219813,0.054953,0.004386,6.115452
2200,R_hip_yaw,-0.020365,-0.005091,-0.022385,1.559205
2200,R_hip_pitch,0.163610,0.390903,0.453053,-6.192240
2200,R_knee,0.455613,0.763903,0.908755,-12.634122
2200,R_foot_pitch,-0.912849,-0.391285,-0.352671,-2.324736
2200,R_foot_roll,-0.059469,-0.005947,0.006125,-0.371302
2210,L_hip_roll,-0.019338,-0.004834,0.017098,-2.851197
2210,L_hip_yaw,0.115059,0.028765,-0.014381,5.146970
2210,L_hip_pitch,-0.172542,-0.393136,-0.336499,-6.763838
2210,L_knee,0.789074,-0.452732,-0.616450,19.674975
2210,L_foot_pitch,-0.297570,0.270243,0.291384,-1.211029
2210,L_foot_roll,-0.480999,-0.048100,-0.005345,-2.375730
2210,R_hip_roll,0.340240,0.085060,0.003950,9.782246
2210,R_hip_yaw,0.020843,0.005211,-0.015603,1.727999
2210,R_hip_pitch,-0.045476,0.338631,0.434915,-9.391809
2210,R_knee,0.217310,0.704327,0.849786,-10.819055
2210,R_foot_pitch,-0.914515,-0.391451,-0.352627,-2.330572
2210,R_foot_roll,-0.153157,-0.015316,0.001267,-0.454063
2220,L_hip_roll,-0.432764,-0.108191,0.018833,-15.359466
2220,L_hip_yaw,0.078019,0.019505,-0.014216,4.044327
2220,L_hip_pitch,-0.198120,-0.399530,-0.336307,-7.596535
2220,L_knee,0.713575,-0.471606,-0.616978,17.567660
2220,L_foot_pitch,-0.012340,0.298766,0.291543,0.420721
2220,L_foot_roll,-0.959788,-0.095979,-0.007641,-5.086215
2220,R_hip_roll,0.465495,0.116374,0.003323,13.654957
2220,R_hip_yaw,0.050658,0.012664,-0.006621,1.368832
2220,R_hip_pitch,-0.255195,0.286201,0.407554,-11.492633
2220,R_knee,-0.036897,0.640776,0.772523,-7.456050
2220,R_foot_pitch,-0.753548,-0.375355,-0.352635,-1.359882
2220,R_foot_roll,-0.356223,-0.035622,-0.005991,-0.982726
2230,L_hip_roll,-0.883788,-0.220947,0.018976,-28.703522
2230,L_hip_yaw,0.031296,0.007824,-0.014585,2.748902
2230,L_hip_pitch,-0.043787,-0.360947,-0.335974,-3.016679
2230,L_knee,0.448545,-0.537864,-0.619021,10.026202
2230,L_foot_pitch,0.342169,0.334217,0.292449,2.365999
2230,L_foot_roll,-1.244947,-0.124495,-0.009913,-6.667889
2230,R_hip_roll,0.506543,0.126636,0.002059,15.120026
2230,R_hip_yaw,0.087586,0.021897,0.002645,1.454913
2230,R_hip_pitch,-0.306410,0.273398,0.371668,-7.948760
2230,R_knee,-0.373917,0.556521,0.680218,-5.227497
2230,R_foot_pitch,-0.429591,-0.342959,-0.352534,0.559036
2230,R_foot_roll,-0.705976,-0.070598,-0.017956,-1.801955
2240,L_hip_roll,-0.686517,-0.171629,0.017687,-22.657331
2240,L_hip_yaw,-0.102283,-0.025571,-0.014600,-1.430790
2240,L_hip_pitch,-0.111071,-0.377768,-0.335676,-5.126104
2240,L_knee,0.113944,-0.621514,-0.622691,0.462712
2240,L_foot_pitch,1.066970,0.406697,0.294546,6.523183
2240,L_foot_roll,-0.747662,-0.074766,-0.014111,-2.984372
2240,R_hip_roll,0.079438,0.019860,-0.000709,2.827188
2240,R_hip_yaw,-0.163142,-0.040786,0.007469,-5.804726
2240,R_hip_pitch,-0.016741,0.345815,0.341116,1.963409
2240,R_knee,-1.123444,0.369139,0.604274,-24.565435
2240,R_foot_pitch,-0.142779,-0.314278,-0.307048,-10.637099
2240,R_foot_roll,-1.296710,-0.129671,-0.014835,-10.096987
2250,L_hip_roll,-0.858185,-0.214546,0.018566,-28.240547
2250,L_hip_yaw,-0.032229,-0.008057,-0.013857,0.624310
2250,L_hip_pitch,0.384968,-0.253758,-0.337986,10.524104
2250,L_knee,-0.465403,-0.766351,-0.631186,-15.084221
2250,L_foot_pitch,1.407282,0.440728,0.308822,5.720271
2250,L_foot_roll,-0.347365,-0.034737,-0.020096,-0.250774
2250,R_hip_roll,-0.614606,-0.153652,-0.001592,-18.475607
2250,R_hip_yaw,-0.125994,-0.031498,0.007696,-4.777317
2250,R_hip_pitch,0.342544,0.435636,0.334976,11.898646
2250,R_knee,-1.468315,0.282921,0.587944,-36.984008
2250,R_foot_pitch,0.176649,-0.282335,-0.258250,-1.290173
2250,R_foot_roll,-1.821708,-0.182171,0.002298,-11.072811
2260,L_hip_roll,-0.581507,-0.145377,0.018767,-19.509541
2260,L_hip_yaw,-0.021967,-0.005492,-0.008140,-0.620024
2260,L_hip_pitch,0.390201,-0.252450,-0.343767,11.606363
2260,L_knee,-1.084896,-0.921224,-0.650486,-30.082068
2260,L_foot_pitch,1.670476,0.467048,0.348931,2.173316
2260,L_foot_roll,0.091609,0.009161,-0.023146,2.120180
2260,R_hip_roll,-1.101115,-0.275279,0.000227,-33.196179
2260,R_hip_yaw,-0.188090,-0.047022,0.008318,-6.693267
2260,R_hip_pitch,0.433710,0.458427,0.336606,14.475542
2260,R_knee,-1.598897,0.250276,0.591554,-41.308804
2260,R_foot_pitch,0.479913,-0.252009,-0.259820,0.619616
2260,R_foot_roll,-2.136651,-0.213665,0.001454,-12.805333
2270,L_hip_roll,-0.125022,-0.031255,0.014993,-5.032877
2270,L_hip_yaw,-0.000809,-0.000202,0.003260,-1.589900
2270,L_hip_pitch,0.341418,-0.264645,-0.357165,12.880400
2270,L_knee,-1.068674,-0.917169,-0.691916,-21.731486
2270,L_foot_pitch,1.777150,0.477715,0.381762,3.984671
2270,L_foot_roll,0.615119,0.061512,-0.015194,3.297194
2270,R_hip_roll,-1.167799,-0.291950,0.001193,-35.238431
2270,R_hip_yaw,-0.141582,-0.035396,0.008152,-5.160066
2270,R_hip_pitch,0.545808,0.486452,0.338554,17.533115
2270,R_knee,-1.427143,0.293214,0.595263,-36.619794
2270,R_foot_pitch,1.006107,-0.199389,-0.261203,3.843265
2270,R_foot_roll,-1.941897,-0.194190,0.000418,-11.576284
2280,L_hip_roll,0.095199,0.023800,0.009452,2.293356
2280,L_hip_yaw,-0.010087,-0.002522,0.012923,-2.578722
2280,L_hip_pitch,0.173264,-0.306684,-0.377945,10.732610
2280,L_knee,-1.233399,-0.958350,-0.753533,-17.973267
2280,L_foot_pitch,1.741694,0.474169,0.389315,4.942801
2280,L_foot_roll,0.741820,0.074182,0.009132,0.992446
2280,R_hip_roll,-1.308410,-0.327102,0.001768,-39.515745
2280,R_hip_yaw,-0.155093,-0.038773,0.007539,-5.508295
2280,R_hip_pitch,0.534350,0.483588,0.341517,16.716071
2280,R_knee,-1.398758,0.300310,0.599427,-36.327596
2280,R_foot_pitch,1.072644,-0.192736,-0.262417,4.299315
2280,R_foot_roll,-1.998014,-0.199801,-0.000478,-11.870301
2290,L_hip_roll,0.252123,0.063031,0.004376,7.495921
2290,L_hip_yaw,0.028147,0.007037,0.015596,-0.934895
2290,L_hip_pitch,-0.143526,-0.385882,-0.401358,4.189885
2290,L_knee,-1.243385,-0.960846,-0.824892,-9.008142
2290,L_foot_pitch,1.610911,0.461091,0.387055,4.874358
2290,L_foot_roll,0.738492,0.073849,0.038897,-0.690502
2290,R_hip_roll,-1.501188,-0.375297,0.002463,-45.409315
2290,R_hip_yaw,-0.160295,-0.040074,0.007065,-5.621566
2290,R_hip_pitch,0.226334,0.406583,0.345498,6.908655
2290,R_knee,-1.136707,0.365823,0.603915,-29.012947
2290,R_foot_pitch,1.197847,-0.180215,-0.263478,5.089252
2290,R_foot_roll,-2.028620,-0.202862,-0.001405,-11.996152
2300,L_hip_roll,0.380380,0.095095,0.000319,11.744808
2300,L_hip_yaw,0.069551,0.017388,0.012056,1.171370
2300,L_hip_pitch,-0.435127,-0.458782,-0.424053,-2.061642
2300,L_knee,-1.142974,-0.935744,-0.897739,2.489853
2300,L_foot_pitch,1.475774,0.447577,0.381659,4.537359
2300,L_foot_roll,0.672211,0.067221,0.061145,-1.361633
2300,R_hip_roll,-1.462183,-0.365546,0.003154,-44.299008
2300,R_hip_yaw,-0.122383,-0.030596,0.006601,-4.417463
2300,R_hip_pitch,-0.043242,0.339190,0.349964,-1.733586
2300,R_knee,-1.018042,0.395490,0.608632,-26.052777
2300,R_foot_pitch,1.125176,-0.187482,-0.264554,4.737413
2300,R_foot_roll,-1.914727,-0.191473,-0.002252,-11.275625
2310,L_hip_roll,0.366720,0.091680,-0.002609,11.552292
2310,L_hip_yaw,0.052001,0.013000,0.006630,1.290281
2310,L_hip_pitch,-0.602663,-0.500666,-0.442017,-5.561859
2310,L_knee,-1.204096,-0.951024,-0.961656,6.992049
2310,L_foot_pitch,1.414494,0.441449,0.375828,4.500141
2310,L_foot_roll,0.514710,0.051471,0.071207,-1.697010
2310,R_hip_roll,-1.479774,-0.369943,0.003832,-44.924905
2310,R_hip_yaw,-0.085714,-0.021429,0.006074,-3.247241
2310,R_hip_pitch,-0.132395,0.316901,0.353593,-4.687280
2310,R_knee,-0.903540,0.424115,0.612601,-22.938832
2310,R_foot_pitch,1.124940,-0.187506,-0.265488,4.751456
2310,R_foot_roll,-1.946506,-0.194651,-0.002966,-11.430090
2320,L_hip_roll,0.459840,0.114960,-0.004477,14.487907
2320,L_hip_yaw,0.028347,0.007087,0.001289,1.205949
2320,L_hip_pitch,-0.662722,-0.515680,-0.453672,-6.569211
2320,L_knee,-1.170437,-0.942609,-1.010936,12.397208
2320,L_foot_pitch,1.373935,0.437394,0.370664,4.475543
2320,L_foot_roll,0.420114,0.042011,0.069003,-0.985992
2320,R_hip_roll,-1.345279,-0.336320,0.004407,-40.927775
2320,R_hip_yaw,0.024054,0.006013,0.005444,0.136200
2320,R_hip_pitch,-0.267609,0.283098,0.355984,-8.937509
2320,R_knee,-0.781484,0.454629,0.615377,-19.521922
2320,R_foot_pitch,1.180558,-0.181944,-0.266142,5.106412
2320,R_foot_roll,-1.857834,-0.185783,-0.003667,-10.863921
2330,L_hip_roll,0.303177,0.075794,-0.005116,9.706822
2330,L_hip_yaw,0.012765,0.003191,-0.003813,1.319925
2330,L_hip_pitch,-0.712144,-0.528036,-0.458116,-8.302675
2330,L_knee,-1.263513,-0.965878,-1.042675,11.526203
2330,L_foot_pitch,1.416568,0.441657,0.366509,4.877410
2330,L_foot_roll,0.400494,0.040049,0.058545,0.096947
2330,R_hip_roll,-1.422621,-0.355655,0.004913,-43.323999
2330,R_hip_yaw,0.026619,0.006655,0.004974,0.231892
2330,R_hip_pitch,-0.248658,0.287836,0.356923,-8.304166
2330,R_knee,-0.843475,0.439131,0.616851,-21.401992
2330,R_foot_pitch,1.135065,-0.186494,-0.266461,4.809590
2330,R_foot_roll,-1.992913,-0.199291,-0.004297,-11.637485
2340,L_hip_roll,0.322118,0.080530,-0.004998,10.246080
2340,L_hip_yaw,-0.007327,-0.001832,-0.007978,1.085910
2340,L_hip_pitch,-0.616264,-0.504066,-0.455967,-6.224904
2340,L_knee,-1.380501,-0.995125,-1.057195,8.204954
2340,L_foot_pitch,1.451941,0.445194,0.363420,5.170193
2340,L_foot_roll,0.328613,0.032861,0.047266,0.128913
2340,R_hip_roll,-1.541895,-0.385474,0.005192,-46.884453
2340,R_hip_yaw,0.055801,0.013950,0.004749,1.120301
2340,R_hip_pitch,-0.196692,0.300827,0.356585,-6.622406
2340,R_knee,-0.851972,0.437007,0.617062,-21.584787
2340,R_foot_pitch,1.144029,-0.185597,-0.266405,4.827458
2340,R_foot_roll,-2.159331,-0.215933,-0.004860,-12.618207
2350,L_hip_roll,0.307128,0.076782,-0.004810,9.772140
2350,L_hip_yaw,0.017291,0.004323,-0.011057,2.106454
2350,L_hip_pitch,-0.680907,-0.520227,-0.449131,-9.383033
2350,L_knee,-1.479522,-1.019880,-1.058311,4.225229
2350,L_foot_pitch,1.400441,0.440044,0.361308,4.897653
2350,L_foot_roll,0.315375,0.031537,0.037975,0.432576
2350,R_hip_roll,-1.601254,-0.400313,0.004838,-48.549668
2350,R_hip_yaw,0.033321,0.008330,0.004814,0.399247
2350,R_hip_pitch,-0.345575,0.263606,0.355798,-10.979739
2350,R_knee,-0.837809,0.440548,0.616821,-21.124568
2350,R_foot_pitch,1.242812,-0.175719,-0.266206,5.406235
2350,R_foot_roll,-2.207973,-0.220797,-0.005435,-12.880113
2360,L_hip_roll,0.265206,0.066302,-0.004527,8.460832
2360,L_hip_yaw,0.030555,0.007639,-0.012134,2.356873
2360,L_hip_pitch,-0.592045,-0.498011,-0.440051,-7.886685
2360,L_knee,-1.520784,-1.030196,-1.051619,1.704643
2360,L_foot_pitch,1.359599,0.435960,0.359891,4.682585
2360,L_foot_roll,0.306233,0.030623,0.031674,0.408364
2360,R_hip_roll,-1.616008,-0.404002,0.003920,-48.842781
2360,R_hip_yaw,0.053289,0.013322,0.004943,1.002429
2360,R_hip_pitch,-0.218031,0.295492,0.354675,-6.977094
2360,R_knee,-0.924948,0.418763,0.616251,-23.627016
2360,R_foot_pitch,1.242310,-0.175769,-0.265909,5.372263
2360,R_foot_roll,-2.247252,-0.224725,-0.005430,-13.174318
2370,L_hip_roll,0.264132,0.066033,-0.004120,8.373038
2370,L_hip_yaw,0.023955,0.005989,-0.009995,1.561146
2370,L_hip_pitch,-0.527227,-0.481807,-0.430869,-6.996822
2370,L_knee,-1.532434,-1.033108,-1.041528,-0.078338
2370,L_foot_pitch,1.324524,0.432452,0.358910,4.495165
2370,L_foot_roll,0.252736,0.025274,0.028641,-0.016509
2370,R_hip_roll,-1.530290,-0.382573,0.002632,-46.078851
2370,R_hip_yaw,0.087623,0.021906,0.005083,2.000334
2370,R_hip_pitch,-0.257172,0.285707,0.353642,-8.071640
2370,R_knee,-0.955763,0.411059,0.615520,-24.463086
2370,R_foot_pitch,1.288363,-0.171164,-0.265455,5.605011
2370,R_foot_roll,-2.186768,-0.218677,-0.005300,-12.822276
2380,L_hip_roll,0.153533,0.038383,-0.003223,4.865634
2380,L_hip_yaw,0.058936,0.014734,-0.005340,1.876625
2380,L_hip_pitch,-0.569947,-0.492487,-0.422223,-9.257347
2380,L_knee,-1.539857,-1.034964,-1.030201,-1.703559
2380,L_foot_pitch,1.235586,0.423559,0.358216,3.979747
2380,L_foot_roll,0.119234,0.011923,0.026494,-0.653470
2380,R_hip_roll,-1.524619,-0.381155,0.001252,-45.758606
2380,R_hip_yaw,0.110165,0.027541,0.005375,2.626438
2380,R_hip_pitch,-0.352123,0.261969,0.352556,-10.748596
2380,R_knee,-0.896164,0.425959,0.614262,-22.435528
2380,R_foot_pitch,1.209733,-0.179027,-0.264644,5.033706
2380,R_foot_roll,-2.198479,-0.219848,-0.004948,-12.929798
2390,L_hip_roll,0.144606,0.036151,-0.001897,4.429390
2390,L_hip_yaw,0.047038,0.011759,0.001393,0.484971
2390,L_hip_pitch,-0.488314,-0.472079,-0.415010,-7.467305
2390,L_knee,-1.522015,-1.030504,-1.020072,-2.140605
2390,L_foot_pitch,1.247187,0.424719,0.357646,4.077936
2390,L_foot_roll,0.065764,0.006576,0.022097,-0.387186
2390,R_hip_roll,-1.509401,-0.377350,-0.000166,-45.111276
2390,R_hip_yaw,0.145623,0.036406,0.005712,3.654409
2390,R_hip_pitch,-0.292756,0.276811,0.351341,-8.828612
2390,R_knee,-0.969792,0.407552,0.612632,-24.449462
2390,R_foot_pitch,1.099759,-0.190024,-0.263620,4.311369
2390,R_foot_roll,-2.248819,-0.224882,-0.004507,-13.270606
2400,L_hip_roll,0.114670,0.028667,-0.000449,3.343975
2400,L_hip_yaw,0.054505,0.013626,0.008923,-0.157594
2400,L_hip_pitch,-0.504345,-0.476086,-0.409525,-8.464645
2400,L_knee,-1.588331,-1.047083,-1.012096,-4.900279
2400,L_foot_pitch,1.268191,0.426819,0.357187,4.217719
2400,L_foot_roll,-0.020193,-0.002019,0.015415,-0.348271
2400,R_hip_roll,-1.539890,-0.384973,-0.001791,-45.808842
2400,R_hip_yaw,0.176658,0.044164,0.006083,4.530356
2400,R_hip_pitch,-0.335021,0.266245,0.350067,-9.925555
2400,R_knee,-0.940614,0.414846,0.610818,-23.321510
2400,R_foot_pitch,1.081149,-0.191885,-0.262479,4.113794
2400,R_foot_roll,-2.314992,-0.231499,-0.003882,-13.734938
2410,L_hip_roll,0.082405,0.020601,0.001009,2.211534
2410,L_hip_yaw,0.069309,0.017327,0.015462,-0.355156
2410,L_hip_pitch,-0.516611,-0.479153,-0.406396,-8.907717
2410,L_knee,-1.612254,-1.053064,-1.008029,-5.568986
2410,L_foot_pitch,1.229476,0.422948,0.356887,3.986922
2410,L_foot_roll,-0.037106,-0.003711,0.007458,0.128042
2410,R_hip_roll,-1.485165,-0.371291,-0.003676,-43.910879
2410,R_hip_yaw,0.189461,0.047365,0.006479,4.869151
2410,R_hip_pitch,-0.335972,0.266007,0.348924,-9.851293
2410,R_knee,-0.944223,0.413944,0.609107,-23.267656
2410,R_foot_pitch,1.024015,-0.197598,-0.261333,3.714836
2410,R_foot_roll,-2.248759,-0.224876,-0.003279,-13.350606
2420,L_hip_roll,0.136384,0.034096,0.002272,3.704979
2420,L_hip_yaw,0.071344,0.017836,0.020571,-0.767302
2420,L_hip_pitch,-0.571391,-0.492848,-0.406517,-10.202181
2420,L_knee,-1.580456,-1.045114,-1.009770,-3.808848
2420,L_foot_pitch,1.206397,0.420640,0.356677,3.856916
2420,L_foot_roll,-0.019109,-0.001911,0.000410,0.460423
2420,R_hip_roll,-1.429953,-0.357488,-0.005882,-41.957418
2420,R_hip_yaw,0.174237,0.043559,0.006831,4.374905
2420,R_hip_pitch,-0.318321,0.270420,0.348118,-9.257699
2420,R_knee,-0.941201,0.414700,0.607737,-23.041619
2420,R_foot_pitch,1.005099,-0.199490,-0.260259,3.541272
2420,R_foot_roll,-2.149369,-0.214937,-0.002339,-12.870661
2430,L_hip_roll,0.093670,0.023418,0.003489,2.264384
2430,L_hip_yaw,0.077570,0.019393,0.023798,-0.749231
2430,L_hip_pitch,-0.599670,-0.499918,-0.409934,-10.323388
2430,L_knee,-1.551937,-1.037984,-1.016587,-1.713863
2430,L_foot_pitch,1.161860,0.416186,0.356476,3.602770
2430,L_foot_roll,0.006678,0.000668,-0.003791,0.550640
2430,R_hip_roll,-1.426707,-0.356677,-0.008299,-41.558187
2430,R_hip_yaw,0.158810,0.039703,0.007034,3.908334
2430,R_hip_pitch,-0.321550,0.269612,0.347684,-9.341524
2430,R_knee,-0.918545,0.420364,0.606494,-22.211932
2430,R_foot_pitch,1.012310,-0.198769,-0.259123,3.502502
2430,R_foot_roll,-2.054820,-0.205482,-0.000603,-12.497126
2440,L_hip_roll,0.136273,0.034068,0.004545,3.455732
2440,L_hip_yaw,0.070742,0.017686,0.024933,-0.895529
2440,L_hip_pitch,-0.621055,-0.505264,-0.415883,-10.052844
2440,L_knee,-1.506519,-1.026630,-1.026026,0.911438
2440,L_foot_pitch,1.151245,0.415125,0.356234,3.559190
2440,L_foot_roll,0.062814,0.006281,-0.004659,0.619530
2440,R_hip_roll,-1.369686,-0.342422,-0.010952,-39.493363
2440,R_hip_yaw,0.145831,0.036458,0.007028,3.539848
2440,R_hip_pitch,-0.296129,0.275968,0.347787,-8.650690
2440,R_knee,-0.903710,0.424073,0.605599,-21.714484
2440,R_foot_pitch,1.024431,-0.197557,-0.258020,3.524319
2440,R_foot_roll,-1.946330,-0.194633,0.001136,-11.908411
2450,L_hip_roll,0.141723,0.035431,0.005345,3.535124
2450,L_hip_yaw,0.071870,0.017967,0.023972,-0.533001
2450,L_hip_pitch,-0.652116,-0.513029,-0.423078,-10.053833
2450,L_knee,-1.427274,-1.006819,-1.034989,4.179209
2450,L_foot_pitch,1.103438,0.410344,0.355964,3.289662
2450,L_foot_roll,0.108253,0.010825,-0.002468,0.484329
2450,R_hip_roll,-1.305969,-0.326492,-0.013957,-37.190331
2450,R_hip_yaw,0.108384,0.027096,0.006853,2.451815
2450,R_hip_pitch,-0.285705,0.278574,0.348307,-8.432180
2450,R_knee,-0.880988,0.429753,0.604987,-20.973221
2450,R_foot_pitch,1.052002,-0.194800,-0.256967,3.624284
2450,R_foot_roll,-1.787183,-0.178718,0.003032,-11.102513
2460,L_hip_roll,0.156617,0.039154,0.006040,3.907292
2460,L_hip_yaw,0.056908,0.014227,0.021227,-0.507415
2460,L_hip_pitch,-0.634543,-0.508636,-0.430152,-8.746352
2460,L_knee,-1.337612,-0.984403,-1.040073,6.943650
2460,L_foot_pitch,1.092254,0.409225,0.355653,3.246620
2460,L_foot_roll,0.129457,0.012946,0.001845,0.193253
2460,R_hip_roll,-1.226733,-0.306683,-0.017263,-34.387023
2460,R_hip_yaw,0.094359,0.023590,0.006516,2.088678
2460,R_hip_pitch,-0.278092,0.280477,0.349050,-8.307836
2460,R_knee,-0.853948,0.436513,0.604434,-20.093877
2460,R_foot_pitch,1.043113,-0.195689,-0.255886,3.503086
2460,R_foot_roll,-1.667059,-0.166706,0.005183,-10.534732
2470,L_hip_roll,0.138118,0.034529,0.006772,3.250419
2470,L_hip_yaw,0.043858,0.010964,0.017003,-0.249411
2470,L_hip_pitch,-0.627105,-0.506776,-0.435487,-8.130188
2470,L_knee,-1.244844,-0.961211,-1.037889,8.607180
2470,L_foot_pitch,1.053759,0.405376,0.355325,3.034591
2470,L_foot_roll,0.127834,0.012783,0.006520,-0.059033
2470,R_hip_roll,-1.087247,-0.271812,-0.020814,-29.757311
2470,R_hip_yaw,0.084354,0.021089,0.006077,1.846383
2470,R_hip_pitch,-0.242196,0.289451,0.349692,-7.281026
2470,R_knee,-0.856326,0.435918,0.603750,-20.062709
2470,R_foot_pitch,0.997574,-0.200243,-0.254783,3.161611
2470,R_foot_roll,-1.504650,-0.150465,0.007521,-9.717610
2480,L_hip_roll,0.104250,0.026063,0.007803,2.067803
2480,L_hip_yaw,0.024349,0.006087,0.011703,-0.124473
2480,L_hip_pitch,-0.598962,-0.499741,-0.437964,-7.292068
2480,L_knee,-1.117669,-0.929417,-1.026246,10.033856
2480,L_foot_pitch,1.045762,0.404576,0.354995,3.007094
2480,L_foot_roll,0.119009,0.011901,0.010024,-0.168003
2480,R_hip_roll,-1.018021,-0.254505,-0.024389,-27.263602
2480,R_hip_yaw,0.053597,0.013399,0.005655,0.968177
2480,R_hip_pitch,-0.182662,0.304335,0.350023,-5.504132
2480,R_knee,-0.872946,0.431764,0.602736,-20.399300
2480,R_foot_pitch,0.931648,-0.206835,-0.253587,2.679900
2480,R_foot_roll,-1.370458,-0.137046,0.009995,-9.070602
2490,L_hip_roll,0.050686,0.012672,0.009174,0.268685
2490,L_hip_yaw,0.001435,0.000359,0.005790,-0.055518
2490,L_hip_pitch,-0.531879,-0.482970,-0.437080,-5.733704
2490,L_knee,-0.995050,-0.898762,-1.003806,9.897822
2490,L_foot_pitch,1.067064,0.406706,0.354682,3.150402
2490,L_foot_roll,0.098219,0.009822,0.011844,-0.238235
2490,R_hip_roll,-0.929695,-0.232424,-0.027870,-24.205258
2490,R_hip_yaw,0.040031,0.010008,0.005289,0.600634
2490,R_hip_pitch,-0.155323,0.311169,0.350171,-4.697171
2490,R_knee,-0.871104,0.432224,0.601402,-20.161246
2490,R_foot_pitch,0.855011,-0.214499,-0.252266,2.130283
2490,R_foot_roll,-1.260429,-0.126043,0.012569,-8.574855
2500,L_hip_roll,-0.061706,-0.015427,0.010743,-3.305844
2500,L_hip_yaw,-0.017204,-0.004301,-0.000392,0.134987
2500,L_hip_pitch,-0.471846,-0.467962,-0.432424,-4.876501
2500,L_knee,-0.841606,-0.860401,-0.970041,9.339464
2500,L_foot_pitch,1.045597,0.404560,0.354445,3.025894
2500,L_foot_roll,0.074769,0.007477,0.012151,-0.264891
2500,R_hip_roll,-0.794134,-0.198534,-0.031235,-19.749765
2500,R_hip_yaw,0.010138,0.002535,0.005005,-0.272042
2500,R_hip_pitch,-0.102167,0.324458,0.350267,-3.111878
2500,R_knee,-0.907290,0.423177,0.599974,-21.078966
2500,R_foot_pitch,0.766552,-0.223345,-0.250929,1.524467
2500,R_foot_roll,-1.048244,-0.104824,0.015213,-7.467432
2510,L_hip_roll,-0.199442,-0.049861,0.012277,-7.605272
2510,L_hip_yaw,-0.039898,-0.009975,-0.006149,0.061943
2510,L_hip_pitch,-0.377122,-0.444280,-0.424030,-3.391110
2510,L_knee,-0.635384,-0.808846,-0.925487,9.156993
2510,L_foot_pitch,1.058210,0.405821,0.354269,3.108166
2510,L_foot_roll,0.038006,0.003801,0.011511,-0.380505
2510,R_hip_roll,-0.672606,-0.168151,-0.034404,-15.748916
2510,R_hip_yaw,-0.010762,-0.002690,0.004782,-0.873980
2510,R_hip_pitch,-0.061115,0.334721,0.350440,-1.920010
2510,R_knee,-0.928642,0.417840,0.598632,-21.574123
2510,R_foot_pitch,0.645218,-0.235478,-0.249636,0.724869
2510,R_foot_roll,-0.845476,-0.084548,0.017988,-6.428839
2520,L_hip_roll,-0.346357,-0.086589,0.013324,-12.065379
2520,L_hip_yaw,-0.060884,-0.015221,-0.010794,-0.143077
2520,L_hip_pitch,-0.248950,-0.412238,-0.411834,-1.396668
2520,L_knee,-0.408359,-0.752090,-0.870455,8.331610
2520,L_foot_pitch,1.026719,0.402672,0.354144,2.920881
2520,L_foot_roll,-0.008190,-0.000819,0.010213,-0.517553
2520,R_hip_roll,-0.430954,-0.107738,-0.037388,-8.155665
2520,R_hip_yaw,-0.019002,-0.004750,0.004571,-1.094658
2520,R_hip_pitch,-0.026285,0.343429,0.350824,-0.947211
2520,R_knee,-0.928862,0.417784,0.597606,-21.503779
2520,R_foot_pitch,0.512172,-0.248783,-0.248509,-0.116321
2520,R_foot_roll,-0.531053,-0.053105,0.020881,-4.729322
2530,L_hip_roll,-0.536737,-0.134184,0.013568,-17.721768
2530,L_hip_yaw,-0.070865,-0.017716,-0.013747,-0.282200
2530,L_hip_pitch,-0.103499,-0.375875,-0.395492,0.589379
2530,L_knee,-0.118396,-0.679599,-0.805249,8.239945
2530,L_foot_pitch,0.944782,0.394478,0.354040,2.435511
2530,L_foot_roll,-0.081392,-0.008139,0.008173,-0.755848
2530,R_hip_roll,-0.138226,-0.034556,-0.040068,0.902752
2530,R_hip_yaw,-0.015634,-0.003908,0.004387,-0.975035
2530,R_hip_pitch,0.013668,0.353417,0.351375,0.173017
2530,R_knee,-0.915669,0.421083,0.597114,-21.109540
2530,R_foot_pitch,0.340452,-0.265955,-0.247696,-1.157975
2530,R_foot_roll,-0.167339,-0.016734,0.023904,-2.738127
2540,L_hip_roll,-0.592747,-0.148187,0.012783,-19.191714
2540,L_hip_yaw,-0.065484,-0.016371,-0.014041,-0.399758
2540,L_hip_pitch,-0.016336,-0.354084,-0.374494,0.203169
2540,L_knee,0.177949,-0.605513,-0.729967,7.100913
2540,L_foot_pitch,0.820168,0.382017,0.353867,1.708363
2540,L_foot_roll,-0.151152,-0.015115,0.004964,-0.846484
2540,R_hip_roll,0.165211,0.041303,-0.042171,10.188688
2540,R_hip_yaw,0.039553,0.009888,0.004326,0.671356
2540,R_hip_pitch,-0.035557,0.341111,0.352004,-1.387164
2540,R_knee,-0.752023,0.461994,0.597381,-16.322200
2540,R_foot_pitch,0.133710,-0.286629,-0.247364,-2.362000
2540,R_foot_roll,0.163141,0.016314,0.027003,-0.946235
2550,L_hip_roll,-0.476402,-0.119101,0.011126,-15.440136
2550,L_hip_yaw,-0.046243,-0.011561,-0.010649,-0.621072
2550,L_hip_pitch,0.040882,-0.339779,-0.349202,-1.480379
2550,L_knee,0.469890,-0.532528,-0.646176,5.114273
2550,L_foot_pitch,0.603669,0.360367,0.353544,0.445469
2550,L_foot_roll,-0.155070,-0.015507,0.000154,-0.413982
2550,R_hip_roll,0.316087,0.079022,-0.043222,14.707491
2550,R_hip_yaw,0.106994,0.026749,0.004516,2.644042
2550,R_hip_pitch,-0.157543,0.310614,0.353021,-5.233199
2550,R_knee,-0.524095,0.518976,0.599218,-9.913020
2550,R_foot_pitch,-0.169077,-0.316908,-0.247930,-4.032766
2550,R_foot_roll,0.371966,0.037197,0.029990,0.143610
2560,L_hip_roll,0.110616,0.027654,0.011941,1.891958
2560,L_hip_yaw,0.002072,0.000518,-0.009785,1.364821
2560,L_hip_pitch,-0.243165,-0.410791,-0.334908,-9.828074
2560,L_knee,1.289575,-0.327606,-0.604639,31.018109
2560,L_foot_pitch,0.730153,0.373015,0.288152,12.838288
2560,L_foot_roll,0.041816,0.004182,-0.023199,2.698506
2560,R_hip_roll,0.410504,0.102626,-0.043872,17.691759
2560,R_hip_yaw,0.040317,0.010079,0.004585,0.677486
2560,R_hip_pitch,-0.054293,0.336427,0.353765,-2.118065
2560,R_knee,-0.191131,0.602217,0.601984,-0.256803
2560,R_foot_pitch,-0.301509,-0.330151,-0.249228,-4.709762
2560,R_foot_roll,0.268376,0.026838,0.032806,-0.651748
2570,L_hip_roll,0.543724,0.135931,0.009641,15.343765
2570,L_hip_yaw,0.104397,0.026099,-0.010893,4.536430
2570,L_hip_pitch,-0.252762,-0.413190,-0.333458,-9.494758
2570,L_knee,1.376762,-0.305809,-0.599114,35.262257
2570,L_foot_pitch,0.297671,0.329767,0.266485,3.803920
2570,L_foot_roll,0.351150,0.035115,-0.019555,4.098740
2570,R_hip_roll,0.333644,0.083411,-0.046040,15.791987
2570,R_hip_yaw,0.097022,0.024256,0.003693,2.587952
2570,R_hip_pitch,-0.240424,0.289894,0.355579,-8.147281
2570,R_knee,0.301518,0.725380,0.607084,13.550598
2570,R_foot_pitch,-0.540393,-0.354039,-0.256683,-4.737937
2570,R_foot_roll,0.164332,0.016433,0.034705,-1.210329
2580,L_hip_roll,1.113855,0.278464,0.006568,32.965335
2580,L_hip_yaw,0.071030,0.017757,-0.011530,3.551763
2580,L_hip_pitch,-0.414464,-0.453616,-0.335193,-14.054419
2580,L_knee,1.457877,-0.285531,-0.601592,38.184996
2580,L_foot_pitch,0.177510,0.317751,0.266626,3.002892
2580,L_foot_roll,0.708575,0.070858,-0.017261,4.917391
2580,R_hip_roll,0.217858,0.054465,-0.048343,12.518274
2580,R_hip_yaw,0.049123,0.012281,0.003499,0.977441
2580,R_hip_pitch,-0.347655,0.263086,0.360790,-12.346341
2580,R_knee,0.574952,0.793738,0.621334,18.777644
2580,R_foot_pitch,-0.653509,-0.365351,-0.282424,-1.526936
2580,R_foot_roll,0.065537,0.006554,0.031624,-0.828443
2590,L_hip_roll,1.270928,0.317732,0.003904,37.887755
2590,L_hip_yaw,0.134904,0.033726,-0.012072,5.555773
2590,L_hip_pitch,-0.368359,-0.442090,-0.336955,-12.395964
2590,L_knee,1.505546,-0.273613,-0.604381,40.046472
2590,L_foot_pitch,-0.031892,0.296811,0.267763,1.674141
2590,L_foot_roll,0.955262,0.095526,-0.014494,6.282847
2590,R_hip_roll,-0.008472,-0.002118,-0.048602,5.487528
2590,R_hip_yaw,0.040130,0.010032,0.003236,0.898319
2590,R_hip_pitch,-0.194773,0.301307,0.369274,-9.119228
2590,R_knee,0.756058,0.839014,0.649317,19.410815
2590,R_foot_pitch,-0.594128,-0.359413,-0.321783,1.694847
2590,R_foot_roll,-0.222122,-0.022212,0.021095,-1.404886
2600,L_hip_roll,1.372054,0.343013,0.001871,41.132400
2600,L_hip_yaw,0.149286,0.037321,-0.012361,5.974167
2600,L_hip_pitch,-0.382306,-0.445577,-0.339083,-12.566982
2600,L_knee,1.330329,-0.317418,-0.607429,35.093524
2600,L_foot_pitch,-0.161687,0.283831,0.268412,0.863611
2600,L_foot_roll,1.132379,0.113238,-0.012583,7.283326
2600,R_hip_roll,-0.128661,-0.032165,-0.047031,1.580362
2600,R_hip_yaw,0.023171,0.005793,0.002683,0.384803
2600,R_hip_pitch,-0.096325,0.325919,0.382053,-8.172790
2600,R_knee,0.921248,0.880312,0.691900,17.825667
2600,R_foot_pitch,-0.587526,-0.358753,-0.354877,2.304264
2600,R_foot_roll,-0.340056,-0.034006,0.004402,-0.480736
2610,L_hip_roll,1.531234,0.382808,0.000391,46.039820
2610,L_hip_yaw,0.165193,0.041298,-0.012287,6.421690
2610,L_hip_pitch,-0.272331,-0.418083,-0.341790,-8.790854
2610,L_knee,1.305831,-0.323542,-0.610666,34.888980
2610,L_foot_pitch,-0.247626,0.275237,0.269423,0.382775
2610,L_foot_roll,1.385889,0.138589,-0.010602,8.457695
2610,R_hip_roll,-0.218132,-0.054533,-0.044365,-1.522818
2610,R_hip_yaw,-0.042081,-0.010520,0.002966,-1.686121
2610,R_hip_pitch,0.065443,0.366361,0.399078,-5.727456
2610,R_knee,0.975214,0.893804,0.746720,11.818866
2610,R_foot_pitch,-0.536718,-0.353672,-0.368405,1.514000
2610,R_foot_roll,-0.431432,-0.043143,-0.014423,0.047850
2620,L_hip_roll,1.354132,0.338533,-0.000382,40.683550
2620,L_hip_yaw,0.148941,0.037235,-0.012073,5.891780
2620,L_hip_pitch,-0.252117,-0.413029,-0.345275,-7.826028
2620,L_knee,1.128936,-0.367766,-0.614813,30.002743
2620,L_foot_pitch,-0.457910,0.254209,0.270450,-1.098249
2620,L_foot_roll,1.522961,0.152296,-0.009631,9.920579
2620,R_hip_roll,-0.323272,-0.080818,-0.040625,-5.254251
2620,R_hip_yaw,-0.047843,-0.011961,0.001868,-1.448443
2620,R_hip_pitch,0.264069,0.416017,0.417457,-1.934703
2620,R_knee,1.088937,0.922234,0.807233,7.773589
2620,R_foot_pitch,-0.578452,-0.357845,-0.369431,0.436705
2620,R_foot_roll,-0.475435,-0.047543,-0.030858,0.438988
2630,L_hip_roll,1.369102,0.342276,-0.000808,41.189968
2630,L_hip_yaw,0.118811,0.029703,-0.011757,4.939375
2630,L_hip_pitch,-0.092680,-0.373170,-0.349374,-2.434593
2630,L_knee,1.049271,-0.387682,-0.619403,28.248954
2630,L_foot_pitch,-0.591491,0.240851,0.271753,-1.983158
2630,L_foot_roll,1.673867,0.167387,-0.008452,10.594506
2630,R_hip_roll,-0.375527,-0.093882,-0.036527,-7.286970
2630,R_hip_yaw,-0.098979,-0.024745,-0.000880,-2.573752
2630,R_hip_pitch,0.379532,0.444883,0.435348,-0.569848
2630,R_knee,1.117298,0.929325,0.867939,1.443401
2630,R_foot_pitch,-0.576608,-0.357661,-0.365110,-0.092799
2630,R_foot_roll,-0.468381,-0.046838,-0.042316,0.610430
2640,L_hip_roll,1.334506,0.333626,-0.001175,40.233868
2640,L_hip_yaw,0.070334,0.017583,-0.011509,3.473538
2640,L_hip_pitch,-0.003290,-0.350823,-0.353368,0.722661
2640,L_knee,0.911636,-0.422091,-0.623544,24.641032
2640,L_foot_pitch,-0.762673,0.223733,0.273150,-3.113133
2640,L_foot_roll,1.815000,0.181500,-0.006993,11.035799
2640,R_hip_roll,-0.303048,-0.075762,-0.032742,-5.512626
2640,R_hip_yaw,-0.077607,-0.019402,-0.005384,-1.135313
2640,R_hip_pitch,0.547987,0.486997,0.450542,3.079501
2640,R_knee,1.150403,0.937601,0.923287,-3.362664
2640,R_foot_pitch,-0.686150,-0.368615,-0.359153,-1.180408
2640,R_foot_roll,-0.385529,-0.038553,-0.048023,0.907181
2650,L_hip_roll,1.300838,0.325210,-0.001232,39.135561
2650,L_hip_yaw,0.005291,0.001323,-0.011222,1.468678
2650,L_hip_pitch,0.091506,-0.327123,-0.357170,3.947990
2650,L_knee,0.850209,-0.437448,-0.627548,23.155876
2650,L_foot_pitch,-0.917922,0.208208,0.274309,-4.064398
2650,L_foot_roll,1.942718,0.194272,-0.006701,12.206267
2650,R_hip_roll,-0.358232,-0.089558,-0.029202,-7.602186
2650,R_hip_yaw,-0.082036,-0.020509,-0.010437,-0.753155
2650,R_hip_pitch,0.594988,0.498747,0.461224,3.662334
2650,R_knee,1.200111,0.950028,0.968399,-6.158796
2650,R_foot_pitch,-0.796069,-0.379607,-0.354880,-1.790680
2650,R_foot_roll,-0.275507,-0.027551,-0.047614,0.934478
2660,L_hip_roll,1.410816,0.352704,-0.001128,42.438430
2660,L_hip_yaw,-0.050223,-0.012556,-0.010976,-0.209457
2660,L_hip_pitch,0.249535,-0.287616,-0.360536,9.036542
2660,L_knee,0.743010,-0.464248,-0.631184,20.343999
2660,L_foot_pitch,-1.056539,0.194346,0.275302,-4.955171
2660,L_foot_roll,2.126015,0.212601,-0.004797,12.892885
2660,R_hip_roll,-0.308474,-0.077118,-0.026114,-6.400258
2660,R_hip_yaw,-0.100207,-0.025052,-0.014312,-0.965945
2660,R_hip_pitch,0.729804,0.532451,0.466717,7.598262
2660,R_knee,1.218659,0.954665,1.001009,-8.208675
2660,R_foot_pitch,-0.864708,-0.386471,-0.352848,-2.154532
2660,R_foot_roll,-0.164561,-0.016456,-0.041178,0.662759
2670,L_hip_roll,1.370964,0.342741,-0.000631,41.129351
2670,L_hip_yaw,-0.098760,-0.024690,-0.010803,-1.683719
2670,L_hip_pitch,0.309770,-0.272558,-0.363135,11.102324
2670,L_knee,0.740243,-0.464939,-0.634224,20.602438
2670,L_foot_pitch,-1.135311,0.186469,0.276299,-5.487416
2670,L_foot_roll,2.181835,0.218184,-0.002472,12.966498
2670,R_hip_roll,-0.256889,-0.064222,-0.023276,-5.203245
2670,R_hip_yaw,-0.118781,-0.029695,-0.017327,-1.203887
2670,R_hip_pitch,0.776532,0.544133,0.467103,9.413959
2670,R_knee,1.266400,0.966600,1.020628,-7.868731
2670,R_foot_pitch,-0.929065,-0.392907,-0.352019,-2.502523
2670,R_foot_roll,-0.078925,-0.007892,-0.030861,0.294391
2680,L_hip_roll,1.386108,0.346527,0.000292,41.440900
2680,L_hip_yaw,-0.143620,-0.035905,-0.010699,-3.032546
2680,L_hip_pitch,0.365458,-0.258635,-0.365076,12.934009
2680,L_knee,0.739169,-0.465208,-0.636698,20.787841
2680,L_foot_pitch,-1.244161,0.175584,0.277123,-6.160222
2680,L_foot_roll,2.293471,0.229347,0.000714,13.382600
2680,R_hip_roll,-0.262820,-0.065705,-0.020342,-5.740200
2680,R_hip_yaw,-0.124061,-0.031015,-0.020576,-0.901738
2680,R_hip_pitch,0.796521,0.549130,0.463537,10.771267
2680,R_knee,1.334689,0.983672,1.028737,-5.756923
2680,R_foot_pitch,-0.971975,-0.397197,-0.351824,-2.724435
2680,R_foot_roll,0.025971,0.002597,-0.019625,0.265265
2690,L_hip_roll,1.449706,0.362427,0.001310,43.235255
2690,L_hip_yaw,-0.176075,-0.044019,-0.010694,-3.997369
2690,L_hip_pitch,0.412085,-0.246979,-0.366284,14.405024
2690,L_knee,0.751898,-0.462026,-0.638257,21.256664
2690,L_foot_pitch,-1.255533,0.174447,0.277567,-6.210923
2690,L_foot_roll,2.351101,0.235110,0.004765,13.383401
2690,R_hip_roll,-0.146749,-0.036687,-0.017614,-2.542412
2690,R_hip_yaw,-0.130127,-0.032532,-0.024322,-0.601938
2690,R_hip_pitch,0.795897,0.548974,0.457617,11.615981
2690,R_knee,1.352452,0.988113,1.028496,-4.536756
2690,R_foot_pitch,-0.991641,-0.399164,-0.351962,-2.809766
2690,R_foot_roll,0.101095,0.010109,-0.008525,0.061943
2700,L_hip_roll,1.417518,0.354379,0.002611,42.058160
2700,L_hip_yaw,-0.188280,-0.047070,-0.010742,-4.355453
2700,L_hip_pitch,0.368746,-0.257814,-0.366687,13.070884
2700,L_knee,0.822408,-0.444398,-0.638713,23.313898
2700,L_foot_pitch,-1.232862,0.176714,0.277557,-6.028816
2700,L_foot_roll,2.330590,0.233059,0.008602,13.131596
2700,R_hip_roll,-0.187253,-0.046813,-0.014811,-4.140606
2700,R_hip_yaw,-0.122090,-0.030523,-0.028312,0.133509
2700,R_hip_pitch,0.754948,0.538737,0.450603,11.297691
2700,R_knee,1.381309,0.995327,1.022650,-2.499409
2700,R_foot_pitch,-1.000731,-0.400073,-0.352242,-2.839555
2700,R_foot_roll,0.139512,0.013951,0.001444,-0.141324
2710,L_hip_roll,1.419184,0.354796,0.004205,41.910173
2710,L_hip_yaw,-0.244066,-0.061016,-0.010789,-6.024242
2710,L_hip_pitch,0.367342,-0.258164,-0.366146,12.862899
2710,L_knee,0.811747,-0.447063,-0.637591,22.670826
2710,L_foot_pitch,-1.190809,0.180919,0.276849,-5.647359
2710,L_foot_roll,2.293209,0.229321,0.010844,12.960368
2710,R_hip_roll,-0.131312,-0.032828,-0.011998,-2.763544
2710,R_hip_yaw,-0.103944,-0.025986,-0.031703,0.968926
2710,R_hip_pitch,0.736599,0.534150,0.443567,11.539041
2710,R_knee,1.431579,1.007895,1.013561,0.301868
2710,R_foot_pitch,-1.029290,-0.402929,-0.352558,-2.990821
2710,R_foot_roll,0.188303,0.018830,0.009458,-0.128013
2720,L_hip_roll,1.481626,0.370407,0.005925,43.560083
2720,L_hip_yaw,-0.209351,-0.052338,-0.010902,-4.955793
2720,L_hip_pitch,0.384993,-0.253752,-0.365007,13.228397
2720,L_knee,0.830331,-0.442417,-0.635062,22.822553
2720,L_foot_pitch,-1.136203,0.186380,0.275427,-5.174955
2720,L_foot_roll,2.224930,0.222493,0.011378,12.671080
2720,R_hip_roll,-0.110079,-0.027520,-0.009433,-2.419738
2720,R_hip_yaw,-0.108401,-0.027100,-0.033271,0.797669
2720,R_hip_pitch,0.681732,0.520433,0.437931,10.363137
2720,R_knee,1.424753,1.006188,1.004419,1.045886
2720,R_foot_pitch,-1.034203,-0.403420,-0.352890,-2.998668
2720,R_foot_roll,0.233520,0.023352,0.015662,-0.070786
2730,L_hip_roll,1.487447,0.371862,0.008046,43.423616
2730,L_hip_yaw,-0.195970,-0.048993,-0.011034,-4.543400
2730,L_hip_pitch,0.341404,-0.264649,-0.363268,11.629418
2730,L_knee,0.825432,-0.443642,-0.631315,22.095020
2730,L_foot_pitch,-1.123373,0.187663,0.273420,-4.922186
2730,L_foot_roll,2.190321,0.219032,0.009266,12.918817
2730,R_hip_roll,-0.165976,-0.041494,-0.006816,-4.431171
2730,R_hip_yaw,-0.102416,-0.025604,-0.032745,0.725681
2730,R_hip_pitch,0.676109,0.519027,0.434107,10.495154
2730,R_knee,1.465706,1.016426,0.996847,3.024178
2730,R_foot_pitch,-1.064982,-0.406498,-0.353207,-3.167669
2730,R_foot_roll,0.252357,0.025236,0.020496,-0.132668
2740,L_hip_roll,1.568124,0.392031,0.010439,45.551193
2740,L_hip_yaw,-0.171083,-0.042771,-0.011125,-3.788638
2740,L_hip_pitch,0.338836,-0.265291,-0.361309,11.339259
2740,L_knee,0.819718,-0.445070,-0.626910,21.376587
2740,L_foot_pitch,-1.069056,0.193094,0.271043,-4.430859
2740,L_foot_roll,2.134225,0.213423,0.005478,12.862057
2740,R_hip_roll,-0.166762,-0.041690,-0.004281,-4.728542
2740,R_hip_yaw,-0.114357,-0.028589,-0.030453,-0.068657
2740,R_hip_pitch,0.701195,0.525299,0.432713,11.113103
2740,R_knee,1.458997,1.014749,0.992380,2.940912
2740,R_foot_pitch,-1.041525,-0.404152,-0.353512,-3.008581
2740,R_foot_roll,0.267962,0.026796,0.024182,-0.152859
2750,L_hip_roll,1.573798,0.393450,0.013083,45.363398
2750,L_hip_yaw,-0.137164,-0.034291,-0.011155,-2.775402
2750,L_hip_pitch,0.330627,-0.267343,-0.359791,10.970933
2750,L_knee,0.814928,-0.446268,-0.622583,20.742387
2750,L_foot_pitch,-1.059605,0.194039,0.268549,-4.221364
2750,L_foot_roll,2.065631,0.206563,0.000934,12.813744
2750,R_hip_roll,-0.226468,-0.056617,-0.001816,-6.827281
2750,R_hip_yaw,-0.116734,-0.029184,-0.027408,-0.513483
2750,R_hip_pitch,0.691850,0.522963,0.434483,10.300297
2750,R_knee,1.464248,1.016062,0.992084,2.731356
2750,R_foot_pitch,-1.031986,-0.403199,-0.353758,-2.945696
2750,R_foot_roll,0.283735,0.028374,0.026627,-0.081316
2760,L_hip_roll,1.583495,0.395874,0.015988,45.290616
2760,L_hip_yaw,-0.119845,-0.029961,-0.011095,-2.272364
2760,L_hip_pitch,0.314090,-0.271477,-0.358807,10.402011
2760,L_knee,0.802162,-0.449460,-0.618588,19.914981
2760,L_foot_pitch,-1.037446,0.196255,0.266066,-3.944158
2760,L_foot_roll,2.022133,0.202213,-0.004138,12.883024
2760,R_hip_roll,-0.259738,-0.064934,0.000525,-8.074642
2760,R_hip_yaw,-0.124851,-0.031213,-0.024612,-1.043739
2760,R_hip_pitch,0.716918,0.529230,0.439148,10.234405
2760,R_knee,1.465142,1.016285,0.995424,2.036242
2760,R_foot_pitch,-1.007330,-0.400733,-0.353920,-2.795872
2760,R_foot_roll,0.281687,0.028169,0.028311,-0.153351
2770,L_hip_roll,1.556792,0.389198,0.018967,44.129076
2770,L_hip_yaw,-0.088738,-0.022184,-0.010982,-1.355100
2770,L_hip_pitch,0.292573,-0.276857,-0.358459,9.789507
2770,L_knee,0.795684,-0.451079,-0.615216,19.396464
2770,L_foot_pitch,-1.012700,0.198730,0.263732,-3.677722
2770,L_foot_roll,1.931493,0.193149,-0.008791,12.534839
2770,R_hip_roll,-0.264588,-0.066147,0.002483,-8.411695
2770,R_hip_yaw,-0.128509,-0.032127,-0.022784,-1.245245
2770,R_hip_pitch,0.723645,0.530911,0.446212,9.368524
2770,R_knee,1.437378,1.009345,1.001452,0.261159
2770,R_foot_pitch,-0.968662,-0.396866,-0.353995,-2.568089
2770,R_foot_roll,0.270115,0.027012,0.029379,-0.219148
2780,L_hip_roll,1.477397,0.369349,0.022031,41.366519
2780,L_hip_yaw,-0.064302,-0.016076,-0.010834,-0.644752
2780,L_hip_pitch,0.253493,-0.286627,-0.358728,8.699814
2780,L_knee,0.798977,-0.450256,-0.612593,19.250567
2780,L_foot_pitch,-0.987183,0.201282,0.261635,-3.423881
2780,L_foot_roll,1.819363,0.181936,-0.012851,12.066179
2780,R_hip_roll,-0.283742,-0.070936,0.004031,-9.132856
2780,R_hip_yaw,-0.125206,-0.031302,-0.022237,-1.089604
2780,R_hip_pitch,0.700625,0.525156,0.454761,7.561311
2780,R_knee,1.395643,0.998911,1.008213,-1.759321
2780,R_foot_pitch,-0.948202,-0.394820,-0.353971,-2.456929
2780,R_foot_roll,0.254679,0.025468,0.029691,-0.257139
2790,L_hip_roll,1.367091,0.341773,0.025150,37.684031
2790,L_hip_yaw,-0.029356,-0.007339,-0.010676,0.386292
2790,L_hip_pitch,0.184506,-0.303873,-0.359243,6.697206
2790,L_knee,0.802269,-0.449433,-0.610481,19.132248
2790,L_foot_pitch,-0.928223,0.207178,0.259753,-2.976103
2790,L_foot_roll,1.670183,0.167018,-0.016596,11.370965
2790,R_hip_roll,-0.253043,-0.063261,0.005025,-8.261836
2790,R_hip_yaw,-0.122821,-0.030705,-0.022559,-0.922390
2790,R_hip_pitch,0.691604,0.522901,0.463249,6.351068
2790,R_knee,1.322687,0.980672,1.012826,-4.159033
2790,R_foot_pitch,-0.923305,-0.392330,-0.353870,-2.319642
2790,R_foot_roll,0.220179,0.022018,0.029356,-0.388833
2800,L_hip_roll,1.236903,0.309226,0.028292,33.397228
2800,L_hip_yaw,0.011152,0.002788,-0.010518,1.580907
2800,L_hip_pitch,0.091106,-0.327223,-0.359836,3.978265
2800,L_knee,0.810767,-0.447308,-0.608744,19.218550
2800,L_foot_pitch,-0.871321,0.212868,0.258071,-2.554777
2800,L_foot_roll,1.469760,0.146976,-0.020243,10.388602
2800,R_hip_roll,-0.216512,-0.054128,0.005385,-7.149430
2800,R_hip_yaw,-0.105765,-0.026441,-0.023210,-0.319523
2800,R_hip_pitch,0.622299,0.505575,0.470267,3.622531
2800,R_knee,1.210357,0.952589,1.012357,-6.848186
2800,R_foot_pitch,-0.921465,-0.392146,-0.353714,-2.322824
2800,R_foot_roll,0.207096,0.020710,0.028033,-0.269990
2810,L_hip_roll,1.061872,0.265468,0.031503,27.775262
2810,L_hip_yaw,0.054527,0.013632,-0.010360,2.867763
2810,L_hip_pitch,-0.015190,-0.353798,-0.360502,0.910922
2810,L_knee,0.830876,-0.442281,-0.607441,19.773018
2810,L_foot_pitch,-0.788553,0.221145,0.256548,-2.028118
2810,L_foot_roll,1.197287,0.119729,-0.023690,8.728265
2810,R_hip_roll,-0.139921,-0.034980,0.005168,-4.761667
2810,R_hip_yaw,-0.082640,-0.020660,-0.023275,0.277591
2810,R_hip_pitch,0.537458,0.484364,0.474236,0.980611
2810,R_knee,1.062032,0.915508,1.003450,-9.234330
2810,R_foot_pitch,-0.933714,-0.393371,-0.353539,-2.406722
2810,R_foot_roll,0.196342,0.019634,0.026130,-0.200702
2820,L_hip_roll,0.826327,0.206582,0.034749,20.291095
2820,L_hip_yaw,0.097155,0.024289,-0.010219,4.126544
2820,L_hip_pitch,-0.126666,-0.381666,-0.361361,-2.343759
2820,L_knee,0.846013,-0.438497,-0.606871,20.174546
2820,L_foot_pitch,-0.703028,0.229697,0.255490,-1.468536
2820,L_foot_roll,0.848979,0.084898,-0.026300,6.954525
2820,R_hip_roll,-0.025179,-0.006295,0.004439,-1.193606
2820,R_hip_yaw,-0.048777,-0.012194,-0.021712,0.904166
2820,R_hip_pitch,0.432158,0.458040,0.473458,-1.550973
2820,R_knee,0.868915,0.867229,0.982684,-11.232107
2820,R_foot_pitch,-0.956685,-0.395668,-0.353389,-2.549689
2820,R_foot_roll,0.169356,0.016936,0.024220,-0.254610
2830,L_hip_roll,0.554537,0.138634,0.038123,11.736148
2830,L_hip_yaw,0.132771,0.033193,-0.010058,5.172492
2830,L_hip_pitch,-0.217440,-0.404360,-0.362321,-4.920607
2830,L_knee,0.855284,-0.436179,-0.606799,20.515538
2830,L_foot_pitch,-0.597004,0.240300,0.254697,-0.783072
2830,L_foot_roll,0.400680,0.040068,-0.029261,4.335114
2830,R_hip_roll,0.117167,0.029292,0.003398,3.228385
2830,R_hip_yaw,-0.014194,-0.003549,-0.017746,1.206211
2830,R_hip_pitch,0.260461,0.415115,0.466554,-5.219516
2830,R_knee,0.627557,0.806889,0.947206,-12.652386
2830,R_foot_pitch,-1.001328,-0.400133,-0.353290,-2.817549
2830,R_foot_roll,0.142923,0.014292,0.021967,-0.217832
2840,L_hip_roll,0.196545,0.049136,0.041441,0.598359
2840,L_hip_yaw,0.159943,0.039986,-0.009922,5.985492
2840,L_hip_pitch,-0.276960,-0.419240,-0.363329,-6.588291
2840,L_knee,0.807210,-0.448198,-0.607322,19.201662
2840,L_foot_pitch,-0.500823,0.249918,0.254471,-0.278946
2840,L_foot_roll,-0.105522,-0.010552,-0.032019,1.673895
2840,R_hip_roll,0.286870,0.071717,0.002230,8.463522
2840,R_hip_yaw,0.030311,0.007578,-0.011270,1.532601
2840,R_hip_pitch,0.078769,0.369692,0.451931,-8.076199
2840,R_knee,0.359399,0.739850,0.894320,-12.519448
2840,R_foot_pitch,-1.043004,-0.404300,-0.353268,-3.060211
2840,R_foot_roll,0.085354,0.008535,0.018908,-0.289064
2850,L_hip_roll,-0.232807,-0.058202,0.044362,-12.554843
2850,L_hip_yaw,0.143656,0.035914,-0.009966,5.525004
2850,L_hip_pitch,-0.306382,-0.426596,-0.364429,-7.307587
2850,L_knee,0.747949,-0.463013,-0.608931,17.766673
2850,L_foot_pitch,-0.295759,0.270424,0.255000,0.879195
2850,L_foot_roll,-0.639548,-0.063955,-0.034860,-1.530874
2850,R_hip_roll,0.470081,0.117520,0.001021,14.112804
2850,R_hip_yaw,0.065976,0.016494,-0.002728,1.404353
2850,R_hip_pitch,-0.152594,0.311852,0.428319,-11.270252
2850,R_knee,0.095431,0.673858,0.822543,-9.952187
2850,R_foot_pitch,-0.991598,-0.399160,-0.353334,-2.739218
2850,R_foot_roll,-0.028028,-0.002803,0.014268,-0.502719
2860,L_hip_roll,-0.758949,-0.189737,0.046164,-28.408386
2860,L_hip_yaw,0.098858,0.024715,-0.010496,4.297773
2860,L_hip_pitch,-0.245225,-0.411306,-0.365680,-5.335396
2860,L_knee,0.601134,-0.499716,-0.612258,13.922510
2860,L_foot_pitch,0.008206,0.300821,0.256287,2.494283
2860,L_foot_roll,-1.053786,-0.105379,-0.037636,-3.824615
2860,R_hip_roll,0.598529,0.149632,-0.000354,18.155497
2860,R_hip_yaw,0.090364,0.022591,0.006343,1.095190
2860,R_hip_pitch,-0.288197,0.277951,0.395389,-10.476273
2860,R_knee,-0.212980,0.596755,0.733037,-6.844428
2860,R_foot_pitch,-0.760282,-0.376028,-0.353403,-1.351226
2860,R_foot_roll,-0.283824,-0.028382,0.006515,-1.212633
2870,L_hip_roll,-1.072653,-0.268163,0.045663,-37.464323
2870,L_hip_yaw,0.025249,0.006312,-0.011558,2.265810
2870,L_hip_pitch,-0.006074,-0.351519,-0.366918,1.998452
2870,L_knee,0.240307,-0.589923,-0.617561,3.960688
2870,L_foot_pitch,0.348796,0.334880,0.258955,4.229654
2870,L_foot_roll,-1.119170,-0.111917,-0.040215,-4.104009
2870,R_hip_roll,0.602240,0.150560,-0.002430,18.625846
2870,R_hip_yaw,0.090008,0.022502,0.013334,0.571742
2870,R_hip_pitch,-0.161436,0.309641,0.354524,-1.106647
2870,R_knee,-0.636454,0.490887,0.630318,-6.211661
2870,R_foot_pitch,-0.423820,-0.342382,-0.353235,0.624433
2870,R_foot_roll,-0.638504,-0.063850,-0.007499,-1.769168
2880,L_hip_roll,-0.788795,-0.197199,0.045783,-29.343989
2880,L_hip_yaw,-0.066435,-0.016609,-0.010447,-1.035399
2880,L_hip_pitch,-0.076920,-0.369230,-0.367323,-0.233541
2880,L_knee,-0.249643,-0.712411,-0.623026,-10.247748
2880,L_foot_pitch,0.997143,0.399714,0.264607,7.460414
2880,L_foot_roll,-0.439370,-0.043937,-0.042839,0.250857
2880,R_hip_roll,0.102858,0.025715,-0.003712,3.285388
2880,R_hip_yaw,-0.149312,-0.037328,0.013867,-6.401788
2880,R_hip_pitch,0.022322,0.355580,0.341886,1.512376
2880,R_knee,-1.547333,0.263167,0.597539,-40.711601
2880,R_foot_pitch,-0.069233,-0.306923,-0.259011,-1.819200
2880,R_foot_roll,-1.212703,-0.121270,0.009126,-6.921246
2890,L_hip_roll,-1.011991,-0.252998,0.047883,-36.352308
2890,L_hip_yaw,0.010982,0.002745,-0.007053,0.904563
2890,L_hip_pitch,0.350144,-0.262464,-0.370789,13.615152
2890,L_knee,-0.685010,-0.821253,-0.637673,-19.865246
2890,L_foot_pitch,1.347352,0.434735,0.291818,4.853580
2890,L_foot_roll,0.066029,0.006603,-0.041283,2.647051
2890,R_hip_roll,-0.683930,-0.170983,-0.000110,-20.899015
2890,R_hip_yaw,-0.132084,-0.033021,0.015336,-5.870935
2890,R_hip_pitch,0.519804,0.479951,0.341533,16.765996
2890,R_knee,-1.643238,0.239190,0.600199,-43.382155
2890,R_foot_pitch,0.293363,-0.270664,-0.263152,-0.399854
2890,R_foot_roll,-1.795287,-0.179529,0.000853,-10.692550
2900,L_hip_roll,-0.498537,-0.124634,0.045996,-19.959781
2900,L_hip_yaw,-0.026729,-0.006682,0.004616,-3.042507
2900,L_hip_pitch,0.304930,-0.273767,-0.379246,13.619749
2900,L_knee,-1.100575,-0.925144,-0.669046,-27.005494
2900,L_foot_pitch,1.629409,0.462941,0.344479,1.254533
2900,L_foot_roll,0.437959,0.043796,-0.025690,1.954986
2900,R_hip_roll,-0.913344,-0.228336,0.002800,-27.936273
2900,R_hip_yaw,-0.175559,-0.043890,0.015977,-7.240550
2900,R_hip_pitch,0.601665,0.500416,0.340182,19.367203
2900,R_knee,-1.615173,0.246207,0.601019,-42.645021
2900,R_foot_pitch,0.716912,-0.228309,-0.263626,2.099399
2900,R_foot_roll,-1.873460,-0.187346,-0.000589,-11.064065
2910,L_hip_roll,-0.162668,-0.040667,0.039486,-8.872574
2910,L_hip_yaw,-0.002529,-0.000632,0.019358,-3.584929
2910,L_hip_pitch,0.233773,-0.291557,-0.394213,14.124722
2910,L_knee,-1.084628,-0.921157,-0.719322,-18.390097
2910,L_foot_pitch,1.659211,0.465921,0.383007,2.874730
2910,L_foot_roll,0.758101,0.075810,0.003419,1.248979
2910,R_hip_roll,-1.042711,-0.260678,0.004465,-31.951114
2910,R_hip_yaw,-0.182902,-0.045726,0.016032,-7.380620
2910,R_hip_pitch,0.672813,0.518203,0.339693,21.428734
2910,R_knee,-1.463157,0.284211,0.602205,-38.282222
2910,R_foot_pitch,1.049940,-0.195006,-0.264173,4.199048
2910,R_foot_roll,-1.742855,-0.174286,-0.001871,-10.221900
2920,L_hip_roll,0.035458,0.008864,0.031684,-1.934998
2920,L_hip_yaw,0.015825,0.003956,0.026158,-2.918636
2920,L_hip_pitch,0.050827,-0.337293,-0.413932,11.177465
2920,L_knee,-1.283975,-0.970994,-0.782482,-16.138339
2920,L_foot_pitch,1.605176,0.460518,0.392080,3.910381
2920,L_foot_roll,0.754766,0.075477,0.036780,-0.899274
2920,R_hip_roll,-1.186574,-0.296644,0.005475,-36.325676
2920,R_hip_yaw,-0.167253,-0.041813,0.015639,-6.856936
2920,R_hip_pitch,0.579002,0.494751,0.340677,18.329865
2920,R_knee,-1.340112,0.314972,0.604026,-34.900671
2920,R_foot_pitch,1.107449,-0.189255,-0.264665,4.577259
2920,R_foot_roll,-1.866526,-0.186653,-0.002909,-10.927597
2930,L_hip_roll,0.297101,0.074275,0.023892,6.813849
2930,L_hip_yaw,0.052100,0.013025,0.024204,-0.823678
2930,L_hip_pitch,-0.266024,-0.416506,-0.434777,4.238656
2930,L_knee,-1.203600,-0.950900,-0.850986,-5.072105
2930,L_foot_pitch,1.493521,0.449352,0.389639,4.069274
2930,L_foot_roll,0.731926,0.073193,0.062773,-1.407947
2930,R_hip_roll,-1.297053,-0.324263,0.006043,-39.675881
2930,R_hip_yaw,-0.153245,-0.038311,0.015255,-6.398729
2930,R_hip_pitch,0.209516,0.402379,0.343366,6.751016
2930,R_knee,-1.079690,0.380077,0.606936,-27.555321
2930,R_foot_pitch,1.228558,-0.177144,-0.265363,5.369854
2930,R_foot_roll,-1.814058,-0.181406,-0.003915,-10.558432
2940,L_hip_roll,0.394268,0.098567,0.016813,10.480969
2940,L_hip_yaw,0.078110,0.019528,0.016719,1.216955
2940,L_hip_pitch,-0.543823,-0.485956,-0.453521,-2.245484
2940,L_knee,-1.159186,-0.939796,-0.917359,3.543895
2940,L_foot_pitch,1.421709,0.442171,0.383536,4.177322
2940,L_foot_roll,0.614119,0.061412,0.075456,-1.570874
2940,R_hip_roll,-1.336250,-0.334063,0.006448,-40.898293
2940,R_hip_yaw,-0.126284,-0.031571,0.014862,-5.532367
2940,R_hip_pitch,-0.040560,0.339860,0.346758,-1.153940
2940,R_knee,-0.944414,0.413896,0.610401,-23.921601
2940,R_foot_pitch,1.149130,-0.185087,-0.266233,4.958524
2940,R_foot_roll,-1.803346,-0.180335,-0.004720,-10.460315
2950,L_hip_roll,0.400133,0.100033,0.010691,11.295169
2950,L_hip_yaw,0.055592,0.013898,0.007964,1.542693
2950,L_hip_pitch,-0.656845,-0.514211,-0.467097,-4.585630
2950,L_knee,-1.207629,-0.951907,-0.973074,7.457114
2950,L_foot_pitch,1.456325,0.445632,0.377029,4.738757
2950,L_foot_roll,0.495886,0.049589,0.075676,-1.173694
2950,R_hip_roll,-1.432853,-0.358213,0.006900,-43.861194
2950,R_hip_yaw,-0.044802,-0.011200,0.014285,-2.990864
2950,R_hip_pitch,-0.157240,0.310690,0.349598,-4.905633
2950,R_knee,-0.867879,0.433030,0.613440,-21.910017
2950,R_foot_pitch,1.120396,-0.187960,-0.267111,4.828196
2950,R_foot_roll,-1.912370,-0.191237,-0.005486,-11.070782
2960,L_hip_roll,0.435346,0.108837,0.005280,12.948194
2960,L_hip_yaw,0.036943,0.009236,0.000068,1.819944
2960,L_hip_pitch,-0.697745,-0.524436,-0.474426,-5.568428
2960,L_knee,-1.229782,-0.957445,-1.014204,10.205390
2960,L_foot_pitch,1.394918,0.439492,0.371452,4.583291
2960,L_foot_roll,0.338642,0.033864,0.067070,-0.923569
2960,R_hip_roll,-1.340725,-0.335181,0.007216,-41.103566
2960,R_hip_yaw,0.027783,0.006946,0.013587,-0.727362
2960,R_hip_pitch,-0.310928,0.272268,0.351487,-9.649300
2960,R_knee,-0.749484,0.462629,0.615718,-18.562593
2960,R_foot_pitch,1.133327,-0.186667,-0.267896,4.945625
2960,R_foot_roll,-1.851942,-0.185194,-0.006222,-10.672583
2970,L_hip_roll,0.408255,0.102064,0.000698,12.575743
2970,L_hip_yaw,0.030840,0.007710,-0.006417,2.254724
2970,L_hip_pitch,-0.742273,-0.535568,-0.474884,-7.553738
2970,L_knee,-1.323720,-0.980930,-1.039401,8.805015
2970,L_foot_pitch,1.455861,0.445586,0.367091,5.093374
2970,L_foot_roll,0.354751,0.035475,0.053045,0.437535
2970,R_hip_roll,-1.430011,-0.357503,0.007410,-43.810985
2970,R_hip_yaw,0.051557,0.012889,0.013004,0.035025
2970,R_hip_pitch,-0.204291,0.298927,0.351985,-6.341386
2970,R_knee,-0.845670,0.438583,0.617079,-21.507459
2970,R_foot_pitch,1.142867,-0.185713,-0.268568,5.031452
2970,R_foot_roll,-2.003777,-0.200378,-0.006854,-11.551137
2980,L_hip_roll,0.382696,0.095674,-0.003004,12.176706
2980,L_hip_yaw,0.023720,0.005930,-0.010467,2.236967
2980,L_hip_pitch,-0.677996,-0.519499,-0.470023,-6.588063
2980,L_knee,-1.393523,-0.998381,-1.050624,6.854853
2980,L_foot_pitch,1.415751,0.441575,0.363913,4.928468
2980,L_foot_roll,0.307227,0.030723,0.040220,0.491225
2980,R_hip_roll,-1.561670,-0.390417,0.007603,-47.780444
2980,R_hip_yaw,0.057393,0.014348,0.012696,0.215487
2980,R_hip_pitch,-0.264010,0.283997,0.351583,-8.061756
2980,R_knee,-0.785348,0.453663,0.617559,-19.683790
2980,R_foot_pitch,1.186343,-0.181366,-0.268956,5.276005
2980,R_foot_roll,-2.103531,-0.210353,-0.007461,-12.117907
2990,L_hip_roll,0.377467,0.094367,-0.006212,12.375107
2990,L_hip_yaw,0.037121,0.009280,-0.011767,2.542745
2990,L_hip_pitch,-0.660599,-0.515150,-0.461620,-7.397804
2990,L_knee,-1.468204,-1.017051,-1.051124,3.728710
2990,L_foot_pitch,1.407074,0.440707,0.361694,4.927929
2990,L_foot_roll,0.299855,0.029986,0.031624,0.578665
2990,R_hip_roll,-1.597551,-0.399388,0.007493,-48.792532
2990,R_hip_yaw,0.032641,0.008160,0.012671,-0.548794
2990,R_hip_pitch,-0.299630,0.275092,0.351011,-9.050973
2990,R_knee,-0.840465,0.439884,0.617830,-21.388933
2990,R_foot_pitch,1.240675,-0.175932,-0.269260,5.635655
2990,R_foot_roll,-2.168133,-0.216813,-0.008022,-12.480726
3000,L_hip_roll,0.270528,0.067632,-0.008866,9.407344
3000,L_hip_yaw,0.041863,0.010466,-0.010249,2.209693
3000,L_hip_pitch,-0.585438,-0.496359,-0.451102,-6.521555
3000,L_knee,-1.531089,-1.032772,-1.044626,0.571856
3000,L_foot_pitch,1.360004,0.436000,0.360175,4.675767
3000,L_foot_roll,0.258061,0.025806,0.026938,0.245658
3000,R_hip_roll,-1.646466,-0.411616,0.007095,-50.202864
3000,R_hip_yaw,0.083299,0.020825,0.012700,0.978474
3000,R_hip_pitch,-0.254542,0.286365,0.350140,-7.552564
3000,R_knee,-0.844543,0.438864,0.617907,-21.476622
3000,R_foot_pitch,1.338884,-0.166112,-0.269540,6.228132
3000,R_foot_roll,-2.210392,-0.221039,-0.008311,-12.741614
3010,L_hip_roll,0.346398,0.086600,-0.011098,11.938525
3010,L_hip_yaw,0.041305,0.010326,-0.005936,1.417698
3010,L_hip_pitch,-0.578431,-0.494608,-0.440193,-7.596828
3010,L_knee,-1.488596,-1.022149,-1.035099,0.554523
3010,L_foot_pitch,1.321774,0.432177,0.359133,4.470431
3010,L_foot_roll,0.220261,0.022026,0.024600,0.020745
3010,R_hip_roll,-1.553144,-0.388286,0.006360,-47.261064
3010,R_hip_yaw,0.106916,0.026729,0.012802,1.655188
3010,R_hip_pitch,-0.289131,0.277717,0.349370,-8.546028
3010,R_knee,-0.874748,0.431313,0.618114,-22.462602
3010,R_foot_pitch,1.319149,-0.168085,-0.269823,6.139902
3010,R_foot_roll,-2.144324,-0.214432,-0.008411,-12.361892
3020,L_hip_roll,0.212695,0.053174,-0.012449,7.942955
3020,L_hip_yaw,0.055962,0.013990,-0.000051,1.074884
3020,L_hip_pitch,-0.514562,-0.478640,-0.429786,-6.857940
3020,L_knee,-1.543357,-1.035839,-1.024539,-2.421214
3020,L_foot_pitch,1.282517,0.428252,0.358379,4.257732
3020,L_foot_roll,0.116075,0.011607,0.022289,-0.388466
3020,R_hip_roll,-1.569849,-0.392462,0.005563,-47.698412
3020,R_hip_yaw,0.147096,0.036774,0.013016,2.829772
3020,R_hip_pitch,-0.287972,0.278007,0.348699,-8.411573
3020,R_knee,-0.920111,0.419972,0.618222,-23.777019
3020,R_foot_pitch,1.193515,-0.180648,-0.269997,5.363832
3020,R_foot_roll,-2.254973,-0.225497,-0.008321,-13.041354
3030,L_hip_roll,0.222396,0.055599,-0.012733,8.196677
3030,L_hip_yaw,0.058930,0.014733,0.006477,0.327857
3030,L_hip_pitch,-0.538134,-0.484534,-0.420573,-8.517263
3030,L_knee,-1.515504,-1.028876,-1.014957,-2.512556
3030,L_foot_pitch,1.264642,0.426464,0.357813,4.168583
3030,L_foot_roll,0.009556,0.000956,0.018091,-0.534620
3030,R_hip_roll,-1.590693,-0.397673,0.004892,-48.235633
3030,R_hip_yaw,0.178055,0.044514,0.013337,3.705577
3030,R_hip_pitch,-0.350738,0.262315,0.347906,-10.187210
3030,R_knee,-0.890132,0.427467,0.617926,-22.808644
3030,R_foot_pitch,1.088388,-0.191161,-0.269927,4.705774
3030,R_foot_roll,-2.276306,-0.227631,-0.008086,-13.241514
3040,L_hip_roll,0.175166,0.043792,-0.012267,6.648275
3040,L_hip_yaw,0.058819,0.014705,0.012644,-0.314702
3040,L_hip_pitch,-0.544758,-0.486190,-0.413199,-9.398244
3040,L_knee,-1.577390,-1.044347,-1.008037,-4.908125
3040,L_foot_pitch,1.309927,0.430993,0.357375,4.456023
3040,L_foot_roll,-0.075115,-0.007511,0.010984,-0.319480
3040,R_hip_roll,-1.646924,-0.411731,0.004176,-49.833864
3040,R_hip_yaw,0.219871,0.054968,0.013705,4.917274
3040,R_hip_pitch,-0.391916,0.252021,0.347113,-11.334822
3040,R_knee,-0.862717,0.434321,0.617546,-21.950092
3040,R_foot_pitch,1.072796,-0.192720,-0.269763,4.604767
3040,R_foot_roll,-2.366488,-0.236649,-0.007806,-13.760546
3050,L_hip_roll,0.141288,0.035322,-0.011345,5.499722
3050,L_hip_yaw,0.077907,0.019477,0.017286,-0.113244
3050,L_hip_pitch,-0.568511,-0.492128,-0.408582,-10.340931
3050,L_knee,-1.589700,-1.047425,-1.005702,-4.983625
3050,L_foot_pitch,1.249109,0.424911,0.357096,4.089483
3050,L_foot_roll,-0.088850,-0.008885,0.001988,0.246626
3050,R_hip_roll,-1.566462,-0.391615,0.003205,-47.263224
3050,R_hip_yaw,0.222711,0.055678,0.014040,4.966295
3050,R_hip_pitch,-0.392518,0.251871,0.346564,-11.327045
3050,R_knee,-0.891337,0.427166,0.617496,-22.861525
3050,R_foot_pitch,1.010504,-0.198950,-0.269716,4.250473
3050,R_foot_roll,-2.277132,-0.227713,-0.007348,-13.279853
3060,L_hip_roll,0.138582,0.034646,-0.010215,5.261994
3060,L_hip_yaw,0.081108,0.020277,0.020597,-0.322563
3060,L_hip_pitch,-0.626831,-0.506708,-0.407411,-11.880872
3060,L_knee,-1.566231,-1.041558,-1.009263,-3.269135
3060,L_foot_pitch,1.223524,0.422352,0.356889,3.948163
3060,L_foot_roll,-0.068433,-0.006843,-0.005762,0.580037
3060,R_hip_roll,-1.544549,-0.386137,0.001963,-46.438383
3060,R_hip_yaw,0.206562,0.051640,0.014290,4.461130
3060,R_hip_pitch,-0.385006,0.253748,0.346344,-11.097881
3060,R_knee,-0.867801,0.433050,0.617786,-22.200653
3060,R_foot_pitch,1.032806,-0.196719,-0.269743,4.383324
3060,R_foot_roll,-2.195314,-0.219531,-0.006504,-12.889491
3070,L_hip_roll,0.124731,0.031183,-0.008984,4.697131
3070,L_hip_yaw,0.084564,0.021141,0.022755,-0.346547
3070,L_hip_pitch,-0.645774,-0.511443,-0.409727,-11.832382
3070,L_knee,-1.542489,-1.035622,-1.017758,-1.130042
3070,L_foot_pitch,1.194171,0.419417,0.356664,3.788241
3070,L_foot_roll,-0.044566,-0.004457,-0.009948,0.584917
3070,R_hip_roll,-1.532445,-0.383111,0.000496,-45.872422
3070,R_hip_yaw,0.205700,0.051425,0.014350,4.454188
3070,R_hip_pitch,-0.384939,0.253765,0.346606,-11.191913
3070,R_knee,-0.848809,0.437798,0.618370,-21.741391
3070,R_foot_pitch,1.043008,-0.195699,-0.269779,4.448662
3070,R_foot_roll,-2.115831,-0.211583,-0.005486,-12.476360
3080,L_hip_roll,0.173216,0.043304,-0.007897,6.047148
3080,L_hip_yaw,0.077885,0.019471,0.023591,-0.520423
3080,L_hip_pitch,-0.669811,-0.517453,-0.414701,-11.752361
3080,L_knee,-1.489939,-1.022485,-1.028681,1.863861
3080,L_foot_pitch,1.184225,0.418423,0.356408,3.747293
3080,L_foot_roll,0.019954,0.001995,-0.010538,0.689871
3080,R_hip_roll,-1.478111,-0.369528,-0.001387,-43.965915
3080,R_hip_yaw,0.183675,0.045919,0.014211,3.824710
3080,R_hip_pitch,-0.363327,0.259168,0.347394,-10.683428
3080,R_knee,-0.837563,0.440609,0.619285,-21.546061
3080,R_foot_pitch,1.062232,-0.193777,-0.269854,4.575252
3080,R_foot_roll,-2.011533,-0.201153,-0.004182,-11.954070
3090,L_hip_roll,0.150450,0.037612,-0.006891,5.236158
3090,L_hip_yaw,0.075821,0.018955,0.022924,-0.338281
3090,L_hip_pitch,-0.681572,-0.520393,-0.420928,-11.293438
3090,L_knee,-1.428252,-1.007063,-1.038688,4.671424
3090,L_foot_pitch,1.134900,0.413490,0.356134,3.468327
3090,L_foot_roll,0.043800,0.004380,-0.007990,0.390284
3090,R_hip_roll,-1.421974,-0.355494,-0.003692,-41.969673
3090,R_hip_yaw,0.165987,0.041497,0.013907,3.347105
3090,R_hip_pitch,-0.347404,0.263149,0.348472,-10.350351
3090,R_knee,-0.810942,0.447264,0.620302,-20.860755
3090,R_foot_pitch,1.094866,-0.190513,-0.269904,4.764856
3090,R_foot_roll,-1.878424,-0.187842,-0.002633,-11.276214
3100,L_hip_roll,0.195445,0.048861,-0.005919,6.480842
3100,L_hip_yaw,0.059101,0.014775,0.020785,-0.455802
3100,L_hip_pitch,-0.683372,-0.520843,-0.426978,-10.697596
3100,L_knee,-1.339797,-0.984949,-1.044380,7.441857
3100,L_foot_pitch,1.121529,0.412153,0.355826,3.411347
3100,L_foot_roll,0.065293,0.006529,-0.003763,0.181436
3100,R_hip_roll,-1.323089,-0.330772,-0.006439,-38.623483
3100,R_hip_yaw,0.156016,0.039004,0.013482,3.107697
3100,R_hip_pitch,-0.351241,0.262190,0.349633,-10.609334
3100,R_knee,-0.775930,0.456018,0.621227,-19.912919
3100,R_foot_pitch,1.068988,-0.193101,-0.269875,4.601782
3100,R_foot_roll,-1.757652,-0.175765,-0.000782,-10.692497
3110,L_hip_roll,0.164774,0.041193,-0.004770,5.381399
3110,L_hip_yaw,0.048254,0.012064,0.017174,-0.192767
3110,L_hip_pitch,-0.667821,-0.516955,-0.431417,-9.916621
3110,L_knee,-1.259131,-0.964783,-1.042740,8.820001
3110,L_foot_pitch,1.084707,0.408471,0.355502,3.209576
3110,L_foot_roll,0.067050,0.006705,0.000315,0.017617
3110,R_hip_roll,-1.206177,-0.301544,-0.009517,-34.727996
3110,R_hip_yaw,0.141886,0.035471,0.013002,2.744917
3110,R_hip_pitch,-0.297147,0.275713,0.350575,-9.059327
3110,R_knee,-0.795583,0.451104,0.621873,-20.537775
3110,R_foot_pitch,1.035372,-0.196463,-0.269765,4.381922
3110,R_foot_roll,-1.620111,-0.162011,0.001257,-10.004819
3120,L_hip_roll,0.133121,0.033280,-0.003148,4.184793
3120,L_hip_yaw,0.030523,0.007631,0.012393,-0.069070
3120,L_hip_pitch,-0.644274,-0.511069,-0.433357,-9.240177
3120,L_knee,-1.146191,-0.936548,-1.031868,9.942214
3120,L_foot_pitch,1.068894,0.406889,0.355175,3.134664
3120,L_foot_roll,0.059794,0.005979,0.003290,-0.079647
3120,R_hip_roll,-1.125617,-0.281404,-0.012678,-31.933519
3120,R_hip_yaw,0.121651,0.030413,0.012551,2.184732
3120,R_hip_pitch,-0.267264,0.283184,0.351116,-8.191483
3120,R_knee,-0.788998,0.452750,0.621977,-20.292300
3120,R_foot_pitch,0.963598,-0.203640,-0.269450,3.906416
3120,R_foot_roll,-1.505042,-0.150504,0.003445,-9.457977
3130,L_hip_roll,0.065491,0.016373,-0.001064,1.863989
3130,L_hip_yaw,0.010561,0.002640,0.006937,0.038580
3130,L_hip_pitch,-0.579849,-0.494962,-0.432368,-7.730109
3130,L_knee,-1.040614,-0.910153,-1.010742,9.524413
3130,L_foot_pitch,1.071596,0.407160,0.354862,3.167142
3130,L_foot_roll,0.042813,0.004281,0.004893,-0.144073
3130,R_hip_roll,-1.031611,-0.257903,-0.015819,-28.740007
3130,R_hip_yaw,0.104538,0.026134,0.012169,1.711297
3130,R_hip_pitch,-0.211726,0.297069,0.351349,-6.530266
3130,R_knee,-0.806326,0.448418,0.621574,-20.722876
3130,R_foot_pitch,0.897571,-0.210243,-0.268934,3.462939
3130,R_foot_roll,-1.389269,-0.138927,0.005735,-8.910701
3140,L_hip_roll,-0.010341,-0.002585,0.001310,-0.715475
3140,L_hip_yaw,-0.010279,-0.002570,0.001230,0.099656
3140,L_hip_pitch,-0.521812,-0.480453,-0.428237,-6.793250
3140,L_knee,-0.893545,-0.873386,-0.979216,9.149109
3140,L_foot_pitch,1.057340,0.405734,0.354604,3.089817
3140,L_foot_roll,0.035870,0.003587,0.005334,-0.115238
3140,R_hip_roll,-0.917901,-0.229475,-0.018914,-24.964167
3140,R_hip_yaw,0.072410,0.018102,0.011881,0.770607
3140,R_hip_pitch,-0.164729,0.308818,0.351444,-5.128675
3140,R_knee,-0.822377,0.444406,0.620889,-21.106561
3140,R_foot_pitch,0.810691,-0.218931,-0.268295,2.895507
3140,R_foot_roll,-1.212797,-0.121280,0.008133,-8.006484
3150,L_hip_roll,-0.134948,-0.033737,0.003760,-4.746867
3150,L_hip_yaw,-0.028186,-0.007046,-0.004273,0.183473
3150,L_hip_pitch,-0.420266,-0.455066,-0.421053,-4.897819
3150,L_knee,-0.727728,-0.831932,-0.937835,8.216035
3150,L_foot_pitch,1.056045,0.405605,0.354402,3.089538
3150,L_foot_roll,0.018195,0.001820,0.005235,-0.190453
3150,R_hip_roll,-0.787084,-0.196771,-0.021903,-20.696248
3150,R_hip_yaw,0.048327,0.012082,0.011650,0.075788
3150,R_hip_pitch,-0.115296,0.321176,0.351603,-3.681895
3150,R_knee,-0.839698,0.440075,0.620161,-21.545842
3150,R_foot_pitch,0.710086,-0.228991,-0.267625,2.253034
3150,R_foot_roll,-1.022379,-0.102238,0.010663,-7.027855
3160,L_hip_roll,-0.266141,-0.066535,0.005933,-8.895474
3160,L_hip_yaw,-0.050182,-0.012545,-0.008936,-0.035298
3160,L_hip_pitch,-0.311482,-0.427870,-0.410815,-3.166503
3160,L_knee,-0.491282,-0.772820,-0.887262,8.369911
3160,L_foot_pitch,1.021918,0.402192,0.354252,2.888208
3160,L_foot_roll,-0.000223,-0.000022,0.005016,-0.282824
3160,R_hip_roll,-0.567506,-0.141876,-0.024761,-13.778826
3160,R_hip_yaw,0.026335,0.006584,0.011428,-0.557211
3160,R_hip_pitch,-0.067257,0.333186,0.351958,-2.307191
3160,R_knee,-0.856779,0.435805,0.619668,-22.037292
3160,R_foot_pitch,0.585256,-0.241474,-0.267066,1.489679
3160,R_foot_roll,-0.708597,-0.070860,0.013322,-5.318156
3170,L_hip_roll,-0.443269,-0.110817,0.007524,-14.335203
3170,L_hip_yaw,-0.063114,-0.015779,-0.012238,-0.174961
3170,L_hip_pitch,-0.147045,-0.386761,-0.397100,-0.244399
3170,L_knee,-0.230991,-0.707748,-0.827492,8.082193
3170,L_foot_pitch,0.960655,0.396066,0.354115,2.529887
3170,L_foot_roll,-0.051708,-0.005171,0.004720,-0.563367
3170,R_hip_roll,-0.300874,-0.075218,-0.027378,-5.500673
3170,R_hip_yaw,0.020507,0.005127,0.011202,-0.702516
3170,R_hip_pitch,0.003756,0.350939,0.352442,-0.242437
3170,R_knee,-0.839060,0.440235,0.619530,-21.524670
3170,R_foot_pitch,0.425570,-0.257443,-0.266714,0.533584
3170,R_foot_roll,-0.381544,-0.038154,0.016140,-3.537951
3180,L_hip_roll,-0.540046,-0.135011,0.008202,-17.212168
3180,L_hip_yaw,-0.067794,-0.016949,-0.013493,-0.410284
3180,L_hip_pitch,-0.023377,-0.355844,-0.379125,0.856042
3180,L_knee,0.034067,-0.641483,-0.757977,6.717608
3180,L_foot_pitch,0.833254,0.383325,0.353932,1.782728
3180,L_foot_roll,-0.094843,-0.009484,0.003729,-0.659100
3180,R_hip_roll,0.043998,0.011000,-0.029612,5.069174
3180,R_hip_yaw,0.039829,0.009957,0.011073,-0.125610
3180,R_hip_pitch,-0.000381,0.349905,0.352942,-0.452840
3180,R_knee,-0.743795,0.464051,0.619892,-18.809614
3180,R_foot_pitch,0.248513,-0.275149,-0.266974,-0.474663
3180,R_foot_roll,0.010853,0.001085,0.018960,-1.367234
3190,L_hip_roll,-0.478938,-0.119735,0.008076,-15.303799
3190,L_hip_yaw,-0.046545,-0.011636,-0.011859,-0.277642
3190,L_hip_pitch,0.063983,-0.334004,-0.356840,0.410041
3190,L_knee,0.328850,-0.567788,-0.679803,5.445617
3190,L_foot_pitch,0.600485,0.360048,0.353622,0.420009
3190,L_foot_roll,-0.081108,-0.008111,0.001546,-0.323195
3190,R_hip_roll,0.254735,0.063684,-0.030997,11.441442
3190,R_hip_yaw,0.097189,0.024297,0.011173,1.561344
3190,R_hip_pitch,-0.074038,0.331491,0.353824,-2.792224
3190,R_knee,-0.540790,0.514803,0.621662,-13.069540
3190,R_foot_pitch,-0.038513,-0.303851,-0.267614,-2.070332
3190,R_foot_roll,0.299944,0.029994,0.021904,0.201437
3200,L_hip_roll,0.092996,0.023249,0.007527,1.953281
3200,L_hip_yaw,-0.041448,-0.010362,-0.010768,0.128703
3200,L_hip_pitch,-0.201340,-0.400335,-0.341820,-7.819697
3200,L_knee,1.107105,-0.373224,-0.631138,28.641270
3200,L_foot_pitch,0.634329,0.363433,0.301533,11.286613
3200,L_foot_roll,0.127936,0.012794,-0.003800,1.520983
3200,R_hip_roll,0.409741,0.102435,-0.031982,16.254593
3200,R_hip_yaw,0.029098,0.007275,0.011251,-0.480067
3200,R_hip_pitch,-0.005762,0.348559,0.354459,-0.728664
3200,R_knee,-0.230282,0.592430,0.624260,-4.083862
3200,R_foot_pitch,-0.253361,-0.325336,-0.268980,-3.230949
3200,R_foot_roll,0.308561,0.030856,0.024541,0.074666
3210,L_hip_roll,0.547061,0.136765,0.006164,16.018856
3210,L_hip_yaw,0.078408,0.019602,-0.011811,3.909853
3210,L_hip_pitch,-0.172027,-0.393007,-0.340829,-6.082636
3210,L_knee,1.282839,-0.329290,-0.627560,36.055501
3210,L_foot_pitch,0.211103,0.321110,0.286171,2.161420
3210,L_foot_roll,0.428272,0.042827,-0.014641,2.779404
3210,R_hip_roll,0.403094,0.100773,-0.034389,16.537119
3210,R_hip_yaw,0.101630,0.025407,0.010330,1.948299
3210,R_hip_pitch,-0.141253,0.314687,0.354856,-4.867004
3210,R_knee,0.293220,0.723305,0.626459,11.431153
3210,R_foot_pitch,-0.523895,-0.352390,-0.271397,-4.605700
3210,R_foot_roll,0.203851,0.020385,0.027360,-0.711025
3220,L_hip_roll,1.084198,0.271049,0.002720,32.561681
3220,L_hip_yaw,0.031746,0.007937,-0.012619,2.506647
3220,L_hip_pitch,-0.362246,-0.440561,-0.341835,-11.801157
3220,L_knee,1.288863,-0.327784,-0.629234,36.284931
3220,L_foot_pitch,0.032855,0.303285,0.285808,1.085616
3220,L_foot_roll,0.754036,0.075404,-0.010104,4.641038
3220,R_hip_roll,0.265021,0.066255,-0.036995,12.592127
3220,R_hip_yaw,0.056628,0.014157,0.009739,0.559559
3220,R_hip_pitch,-0.282759,0.279310,0.357838,-9.836132
3220,R_knee,0.588675,0.797169,0.635751,17.978029
3220,R_foot_pitch,-0.682737,-0.368274,-0.288059,-2.236593
3220,R_foot_roll,0.095550,0.009555,0.027513,-0.806515
3230,L_hip_roll,1.306748,0.326687,-0.000122,39.477225
3230,L_hip_yaw,0.086569,0.021642,-0.013179,4.237539
3230,L_hip_pitch,-0.330629,-0.432657,-0.342772,-10.648147
3230,L_knee,1.395676,-0.301081,-0.631003,39.819762
3230,L_foot_pitch,-0.146458,0.285354,0.286702,-0.042523
3230,L_foot_roll,1.034688,0.103469,-0.007564,6.154490
3230,R_hip_roll,0.029697,0.007424,-0.037431,5.305659
3230,R_hip_yaw,0.043842,0.010961,0.007905,0.635414
3230,R_hip_pitch,-0.163871,0.309032,0.364634,-7.508647
3230,R_knee,0.761562,0.840391,0.659050,18.817765
3230,R_foot_pitch,-0.648936,-0.364894,-0.321430,0.960723
3230,R_foot_roll,-0.187670,-0.018767,0.020744,-1.509833
3240,L_hip_roll,1.386963,0.346741,-0.002269,42.099915
3240,L_hip_yaw,0.113018,0.028255,-0.013521,5.028500
3240,L_hip_pitch,-0.346900,-0.436725,-0.344074,-10.966228
3240,L_knee,1.198129,-0.350468,-0.632860,34.083214
3240,L_foot_pitch,-0.292900,0.270710,0.287475,-0.916781
3240,L_foot_roll,1.201189,0.120119,-0.005243,7.092225
3240,R_hip_roll,-0.115400,-0.028850,-0.035921,0.650361
3240,R_hip_yaw,0.030468,0.007617,0.005254,0.511924
3240,R_hip_pitch,-0.074393,0.331402,0.376289,-6.731191
3240,R_knee,0.913107,0.878277,0.697766,17.234775
3240,R_foot_pitch,-0.658308,-0.365831,-0.353207,1.799418
3240,R_foot_roll,-0.334540,-0.033454,0.006714,-0.796140
3250,L_hip_roll,1.585653,0.396413,-0.003896,48.194814
3250,L_hip_yaw,0.128139,0.032035,-0.013485,5.448938
3250,L_hip_pitch,-0.253863,-0.413466,-0.346491,-7.747829
3250,L_knee,1.201758,-0.349560,-0.635676,34.652244
3250,L_foot_pitch,-0.356463,0.264354,0.287740,-1.350667
3250,L_foot_roll,1.476326,0.147633,-0.003487,8.533598
3250,R_hip_roll,-0.218078,-0.054519,-0.033415,-2.819966
3250,R_hip_yaw,-0.035260,-0.008815,0.003822,-1.459922
3250,R_hip_pitch,0.061934,0.365484,0.392606,-5.006583
3250,R_knee,0.972571,0.893143,0.749136,11.768828
3250,R_foot_pitch,-0.619010,-0.361901,-0.367091,0.984776
3250,R_foot_roll,-0.426938,-0.042694,-0.011212,-0.128764
3260,L_hip_roll,1.418272,0.354568,-0.004708,43.180174
3260,L_hip_yaw,0.116130,0.029032,-0.013336,5.061200
3260,L_hip_pitch,-0.225099,-0.406275,-0.349490,-6.512756
3260,L_knee,1.036926,-0.390769,-0.639086,30.135579
3260,L_foot_pitch,-0.548654,0.245135,0.289094,-2.633522
3260,L_foot_roll,1.603005,0.160300,-0.002312,9.383047
3260,R_hip_roll,-0.324029,-0.081007,-0.029966,-6.508510
3260,R_hip_yaw,-0.040614,-0.010153,0.001996,-1.209136
3260,R_hip_pitch,0.255891,0.413973,0.410674,-1.352832
3260,R_knee,1.089569,0.922392,0.806766,8.103232
3260,R_foot_pitch,-0.658157,-0.365816,-0.369038,0.108041
3260,R_foot_roll,-0.476827,-0.047683,-0.028034,0.324589
3270,L_hip_roll,1.425568,0.356392,-0.005129,43.426937
3270,L_hip_yaw,0.094406,0.023601,-0.013043,4.363830
3270,L_hip_pitch,-0.068735,-0.367184,-0.353199,-1.273640
3270,L_knee,0.958958,-0.410260,-0.643126,28.362791
3270,L_foot_pitch,-0.673196,0.232680,0.290166,-3.473532
3270,L_foot_roll,1.738187,0.173819,-0.001710,10.323368
3270,R_hip_roll,-0.383334,-0.095833,-0.026351,-8.680766
3270,R_hip_yaw,-0.092294,-0.023074,-0.000665,-2.432361
3270,R_hip_pitch,0.366064,0.441516,0.428611,-0.186964
3270,R_knee,1.123563,0.930891,0.865431,2.094335
3270,R_foot_pitch,-0.642354,-0.364235,-0.366619,-0.180022
3270,R_foot_roll,-0.482434,-0.048243,-0.040353,0.499662
3280,L_hip_roll,1.373009,0.343252,-0.005593,41.890747
3280,L_hip_yaw,0.045326,0.011332,-0.012781,2.870585
3280,L_hip_pitch,0.028706,-0.342824,-0.356925,1.998471
3280,L_knee,0.817802,-0.445550,-0.647114,24.508086
3280,L_foot_pitch,-0.827660,0.217234,0.291424,-4.561733
3280,L_foot_roll,1.859777,0.185978,-0.000446,11.220682
3280,R_hip_roll,-0.312256,-0.078064,-0.023281,-6.857731
3280,R_hip_yaw,-0.074867,-0.018717,-0.004616,-1.222762
3280,R_hip_pitch,0.543653,0.485913,0.444216,3.654838
3280,R_knee,1.160981,0.940245,0.919772,-2.575416
3280,R_foot_pitch,-0.734791,-0.373479,-0.363056,-0.996368
3280,R_foot_roll,-0.413514,-0.041351,-0.047149,0.797350
3290,L_hip_roll,1.345672,0.336418,-0.005761,41.060134
3290,L_hip_yaw,-0.010248,-0.002562,-0.012508,1.162953
3290,L_hip_pitch,0.108361,-0.322910,-0.360025,4.749353
3290,L_knee,0.776744,-0.455814,-0.650420,23.674058
3290,L_foot_pitch,-0.956139,0.204386,0.292624,-5.421761
3290,L_foot_roll,1.978434,0.197843,0.000049,11.787284
3290,R_hip_roll,-0.340969,-0.085242,-0.020617,-8.011990
3290,R_hip_yaw,-0.080402,-0.020100,-0.009074,-0.913325
3290,R_hip_pitch,0.602613,0.500653,0.455728,4.447819
3290,R_knee,1.208782,0.952195,0.965017,-5.552465
3290,R_foot_pitch,-0.831479,-0.383148,-0.359733,-1.703687
3290,R_foot_roll,-0.303595,-0.030359,-0.048047,0.926138
3300,L_hip_roll,1.428302,0.357075,-0.005622,43.503345
3300,L_hip_yaw,-0.068537,-0.017134,-0.012258,-0.604856
3300,L_hip_pitch,0.276507,-0.280873,-0.362473,9.996395
3300,L_knee,0.666158,-0.483461,-0.653055,20.577644
3300,L_foot_pitch,-1.094581,0.190542,0.293567,-6.272139
3300,L_foot_roll,2.143039,0.214304,0.000551,12.736153
3300,R_hip_roll,-0.295555,-0.073889,-0.018430,-6.845539
3300,R_hip_yaw,-0.098458,-0.024615,-0.012638,-1.127505
3300,R_hip_pitch,0.739416,0.534854,0.462519,8.240956
3300,R_knee,1.225661,0.956415,0.998752,-7.874855
3300,R_foot_pitch,-0.894468,-0.389447,-0.357252,-2.142447
3300,R_foot_roll,-0.203731,-0.020373,-0.042901,0.646456
3310,L_hip_roll,1.391212,0.347803,-0.005059,42.256777
3310,L_hip_yaw,-0.120046,-0.030011,-0.012084,-2.168392
3310,L_hip_pitch,0.317751,-0.270562,-0.364100,11.349827
3310,L_knee,0.682701,-0.479325,-0.655027,21.253766
3310,L_foot_pitch,-1.156036,0.184396,0.294338,-6.669330
3310,L_foot_roll,2.198923,0.219892,0.001348,13.044909
3310,R_hip_roll,-0.229829,-0.057457,-0.016494,-5.114490
3310,R_hip_yaw,-0.116380,-0.029095,-0.015700,-1.309575
3310,R_hip_pitch,0.793079,0.548270,0.464509,10.055583
3310,R_knee,1.270792,0.967698,1.020131,-7.870783
3310,R_foot_pitch,-0.956978,-0.395698,-0.355567,-2.546393
3310,R_foot_roll,-0.114723,-0.011472,-0.033711,0.353240
3320,L_hip_roll,1.379252,0.344813,-0.003948,41.719931
3320,L_hip_yaw,-0.149623,-0.037406,-0.012011,-3.049906
3320,L_hip_pitch,0.395232,-0.251192,-0.364964,13.708435
3320,L_knee,0.665863,-0.483534,-0.656258,20.812046
3320,L_foot_pitch,-1.277294,0.172271,0.294892,-7.398589
3320,L_foot_roll,2.284749,0.228475,0.002135,13.496739
3320,R_hip_roll,-0.242790,-0.060698,-0.014413,-5.770203
3320,R_hip_yaw,-0.123840,-0.030960,-0.019244,-1.017404
3320,R_hip_pitch,0.816849,0.554212,0.462683,11.306701
3320,R_knee,1.334190,0.983548,1.030225,-6.147031
3320,R_foot_pitch,-0.998307,-0.399831,-0.354521,-2.800026
3320,R_foot_roll,-0.008080,-0.000808,-0.023244,0.333940
3330,L_hip_roll,1.438475,0.359619,-0.002694,43.356117
3330,L_hip_yaw,-0.189099,-0.047275,-0.012033,-4.226257
3330,L_hip_pitch,0.422824,-0.244294,-0.365076,14.470705
3330,L_knee,0.696955,-0.475761,-0.656598,21.692331
3330,L_foot_pitch,-1.284739,0.171526,0.295109,-7.420831
3330,L_foot_roll,2.357075,0.235708,0.003745,13.706688
3330,R_hip_roll,-0.140814,-0.035204,-0.012493,-2.898605
3330,R_hip_yaw,-0.130961,-0.032740,-0.023445,-0.681976
3330,R_hip_pitch,0.833565,0.558391,0.458450,12.486518
3330,R_knee,1.361875,0.990469,1.031763,-4.803768
3330,R_foot_pitch,-1.014713,-0.401471,-0.353953,-2.891754
3330,R_foot_roll,0.057035,0.005704,-0.012431,0.041805
3340,L_hip_roll,1.393690,0.348422,-0.001267,41.803568
3340,L_hip_yaw,-0.197068,-0.049267,-0.012096,-4.455080
3340,L_hip_pitch,0.394261,-0.251435,-0.364487,13.482972
3340,L_knee,0.756367,-0.460908,-0.655982,23.306441
3340,L_foot_pitch,-1.262923,0.173708,0.294940,-7.238682
3340,L_foot_roll,2.317259,0.231726,0.005880,13.338359
3340,R_hip_roll,-0.158103,-0.039526,-0.010571,-3.681232
3340,R_hip_yaw,-0.124421,-0.031105,-0.028009,0.087751
3340,R_hip_pitch,0.783124,0.545781,0.453169,11.654149
3340,R_knee,1.393184,0.998296,1.027510,-2.881340
3340,R_foot_pitch,-1.010750,-0.401075,-0.353691,-2.860000
3340,R_foot_roll,0.109943,0.010994,-0.002602,-0.060835
3350,L_hip_roll,1.391233,0.347808,0.000360,41.530275
3350,L_hip_yaw,-0.247817,-0.061954,-0.012147,-5.974275
3350,L_hip_pitch,0.377330,-0.255668,-0.363068,12.706603
3350,L_knee,0.752782,-0.461805,-0.653974,22.787625
3350,L_foot_pitch,-1.231036,0.176896,0.294149,-6.923189
3350,L_foot_roll,2.286138,0.228614,0.007210,13.200559
3350,R_hip_roll,-0.115814,-0.028953,-0.008664,-2.611519
3350,R_hip_yaw,-0.104123,-0.026031,-0.032042,1.069032
3350,R_hip_pitch,0.758869,0.539717,0.447837,11.535317
3350,R_knee,1.458621,1.014655,1.019747,0.260559
3350,R_foot_pitch,-1.043442,-0.404344,-0.353597,-3.049492
3350,R_foot_roll,0.173436,0.017344,0.005523,-0.007442
3360,L_hip_roll,1.459415,0.364854,0.002048,43.365774
3360,L_hip_yaw,-0.219737,-0.054934,-0.012242,-5.109448
3360,L_hip_pitch,0.392233,-0.251942,-0.361118,12.901343
3360,L_knee,0.784830,-0.453792,-0.650767,23.284197
3360,L_foot_pitch,-1.168406,0.183159,0.292748,-6.414401
3360,L_foot_roll,2.229854,0.222985,0.007548,12.917684
3360,R_hip_roll,-0.091121,-0.022780,-0.007009,-2.049097
3360,R_hip_yaw,-0.113318,-0.028329,-0.034111,0.789127
3360,R_hip_pitch,0.709747,0.527437,0.443747,10.357556
3360,R_knee,1.439332,1.009833,1.011636,0.524026
3360,R_foot_pitch,-1.038218,-0.403822,-0.353631,-3.003489
3360,R_foot_roll,0.205584,0.020558,0.012432,-0.136075
3370,L_hip_roll,1.442774,0.360694,0.004095,42.564710
3370,L_hip_yaw,-0.198143,-0.049536,-0.012368,-4.447289
3370,L_hip_pitch,0.344423,-0.263894,-0.358608,11.083384
3370,L_knee,0.772579,-0.456855,-0.646464,22.273070
3370,L_foot_pitch,-1.171336,0.182866,0.290813,-6.260690
3370,L_foot_roll,2.187902,0.218790,0.005799,13.062228
3370,R_hip_roll,-0.143758,-0.035939,-0.005283,-3.862970
3370,R_hip_yaw,-0.102662,-0.025666,-0.034015,0.915005
3370,R_hip_pitch,0.697477,0.524369,0.441210,10.171946
3370,R_knee,1.493108,1.023277,1.004575,2.903272
3370,R_foot_pitch,-1.071696,-0.407170,-0.353729,-3.195732
3370,R_foot_roll,0.234011,0.023401,0.017850,-0.118442
3380,L_hip_roll,1.528905,0.382226,0.006393,44.870563
3380,L_hip_yaw,-0.172240,-0.043060,-0.012457,-3.664392
3380,L_hip_pitch,0.332571,-0.266857,-0.355901,10.428945
3380,L_knee,0.776003,-0.455999,-0.641593,21.786075
3380,L_foot_pitch,-1.106285,0.189371,0.288546,-5.718778
3380,L_foot_roll,2.132642,0.213264,0.002736,12.931904
3380,R_hip_roll,-0.146679,-0.036670,-0.003600,-4.123865
3380,R_hip_yaw,-0.116316,-0.029079,-0.031963,0.061078
3380,R_hip_pitch,0.713726,0.528431,0.440809,10.428787
3380,R_knee,1.489337,1.022334,1.000064,2.949774
3380,R_foot_pitch,-1.045823,-0.404582,-0.353879,-3.025234
3380,R_foot_roll,0.252510,0.025251,0.021909,-0.145058
3390,L_hip_roll,1.539749,0.384937,0.008948,44.845420
3390,L_hip_yaw,-0.135046,-0.033762,-0.012485,-2.551704
3390,L_hip_pitch,0.314240,-0.271440,-0.353640,9.666017
3390,L_knee,0.775747,-0.456063,-0.636878,21.245273
3390,L_foot_pitch,-1.093923,0.190608,0.286214,-5.504591
3390,L_foot_roll,2.071015,0.207102,-0.000979,12.883060
3390,R_hip_roll,-0.202240,-0.050560,-0.001940,-6.008266
3390,R_hip_yaw,-0.117270,-0.029318,-0.028865,-0.369321
3390,R_hip_pitch,0.709673,0.527418,0.443297,9.718869
3390,R_knee,1.498128,1.024532,0.999354,2.932246
3390,R_foot_pitch,-1.033819,-0.403382,-0.354021,-2.949618
3390,R_foot_roll,0.262559,0.026256,0.024698,-0.123051
3400,L_hip_roll,1.536546,0.384137,0.011823,44.380867
3400,L_hip_yaw,-0.114025,-0.028506,-0.012424,-1.938583
3400,L_hip_pitch,0.301359,-0.274660,-0.351985,9.140826
3400,L_knee,0.760324,-0.459919,-0.632591,20.317368
3400,L_foot_pitch,-1.071959,0.192804,0.283931,-5.245577
3400,L_foot_roll,2.015349,0.201535,-0.005325,12.848004
3400,R_hip_roll,-0.238898,-0.059725,-0.000291,-7.289485
3400,R_hip_yaw,-0.127229,-0.031807,-0.025788,-1.011468
3400,R_hip_pitch,0.726104,0.531526,0.448523,9.330753
3400,R_knee,1.502477,1.025619,1.002094,2.417273
3400,R_foot_pitch,-1.006860,-0.400686,-0.354111,-2.787646
3400,R_foot_roll,0.266241,0.026624,0.026474,-0.130920
3410,L_hip_roll,1.526652,0.381663,0.014665,43.777561
3410,L_hip_yaw,-0.081164,-0.020291,-0.012389,-0.951687
3410,L_hip_pitch,0.275700,-0.281075,-0.351190,8.419500
3410,L_knee,0.771190,-0.457203,-0.629273,20.440026
3410,L_foot_pitch,-1.033914,0.196609,0.282313,-4.980918
3410,L_foot_roll,1.932861,0.193286,-0.007355,12.038965
3410,R_hip_roll,-0.235259,-0.058815,0.001059,-7.295778
3410,R_hip_yaw,-0.132108,-0.033027,-0.023595,-1.286152
3410,R_hip_pitch,0.737356,0.534339,0.456066,8.553945
3410,R_knee,1.478114,1.019529,1.007526,0.814476
3410,R_foot_pitch,-0.961439,-0.396144,-0.354138,-2.520151
3410,R_foot_roll,0.248613,0.024861,0.027529,-0.238312
3420,L_hip_roll,1.430545,0.357636,0.017531,40.507713
3420,L_hip_yaw,-0.054407,-0.013602,-0.012284,-0.171718
3420,L_hip_pitch,0.238632,-0.290342,-0.351346,7.342187
3420,L_knee,0.767565,-0.458109,-0.627222,20.095058
3420,L_foot_pitch,-1.011350,0.198865,0.280722,-4.756682
3420,L_foot_roll,1.810931,0.181093,-0.008494,11.559129
3420,R_hip_roll,-0.258827,-0.064707,0.002108,-8.116994
3420,R_hip_yaw,-0.129542,-0.032386,-0.022812,-1.168686
3420,R_hip_pitch,0.714457,0.528614,0.465032,6.703442
3420,R_knee,1.437268,1.009317,1.013817,-1.147113
3420,R_foot_pitch,-0.938784,-0.393878,-0.354076,-2.397874
3420,R_foot_roll,0.227498,0.022750,0.027671,-0.272164
3430,L_hip_roll,1.328893,0.332223,0.020676,37.065635
3430,L_hip_yaw,-0.023413,-0.005853,-0.012120,0.735331
3430,L_hip_pitch,0.172565,-0.306859,-0.351472,5.358764
3430,L_knee,0.771611,-0.457097,-0.625192,19.970182
3430,L_foot_pitch,-0.947915,0.205208,0.279192,-4.290750
3430,L_foot_roll,1.660405,0.166041,-0.011187,10.946166
3430,R_hip_roll,-0.223287,-0.055822,0.002823,-7.084928
3430,R_hip_yaw,-0.127942,-0.031986,-0.023055,-1.016630
3430,R_hip_pitch,0.707233,0.526808,0.473930,5.496825
3430,R_knee,1.373435,0.993359,1.018259,-3.286244
3430,R_foot_pitch,-0.908855,-0.390885,-0.353940,-2.231959
3430,R_foot_roll,0.197620,0.019762,0.026929,-0.332990
3440,L_hip_roll,1.209992,0.302498,0.023922,33.127300
3440,L_hip_yaw,0.015264,0.003816,-0.011934,1.875311
3440,L_hip_pitch,0.091941,-0.327015,-0.351610,3.010348
3440,L_knee,0.788434,-0.452891,-0.623370,20.361584
3440,L_foot_pitch,-0.886465,0.211353,0.277696,-3.891448
3440,L_foot_roll,1.472125,0.147212,-0.014279,9.759253
3440,R_hip_roll,-0.190602,-0.047650,0.003079,-6.085541
3440,R_hip_yaw,-0.115530,-0.028882,-0.023849,-0.505889
3440,R_hip_pitch,0.647360,0.511840,0.481436,2.979371
3440,R_knee,1.263241,0.965810,1.018107,-6.006308
3440,R_foot_pitch,-0.895258,-0.389526,-0.353752,-2.166372
3440,R_foot_roll,0.177560,0.017756,0.025267,-0.258181
3450,L_hip_roll,1.026285,0.256571,0.027245,27.168767
3450,L_hip_yaw,0.056713,0.014178,-0.011743,3.088912
3450,L_hip_pitch,-0.002551,-0.350638,-0.351850,0.149087
3450,L_knee,0.793204,-0.451699,-0.622032,20.288762
3450,L_foot_pitch,-0.815772,0.218423,0.276647,-3.386490
3450,L_foot_roll,1.202002,0.120200,-0.017224,8.678372
3450,R_hip_roll,-0.130928,-0.032732,0.002916,-4.245468
3450,R_hip_yaw,-0.094242,-0.023560,-0.024408,0.124636
3450,R_hip_pitch,0.569098,0.492275,0.486012,0.453961
3450,R_knee,1.124719,0.931180,1.010103,-8.269693
3450,R_foot_pitch,-0.906975,-0.390698,-0.353538,-2.250563
3450,R_foot_roll,0.165388,0.016539,0.023054,-0.168481
3460,L_hip_roll,0.822514,0.205628,0.030593,20.651664
3460,L_hip_yaw,0.091474,0.022869,-0.011535,4.103125
3460,L_hip_pitch,-0.112486,-0.378121,-0.352131,-3.108955
3460,L_knee,0.820081,-0.444980,-0.621135,21.035692
3460,L_foot_pitch,-0.719364,0.228064,0.275668,-2.776361
3460,L_foot_roll,0.878755,0.087876,-0.019482,6.851995
3460,R_hip_roll,-0.017544,-0.004386,0.002320,-0.728121
3460,R_hip_yaw,-0.064098,-0.016024,-0.023685,0.772714
3460,R_hip_pitch,0.469516,0.467379,0.486022,-2.024673
3460,R_knee,0.944098,0.886025,0.990988,-10.174281
3460,R_foot_pitch,-0.917461,-0.391746,-0.353347,-2.320714
3460,R_foot_roll,0.138653,0.013865,0.020891,-0.220253
3470,L_hip_roll,0.563278,0.140819,0.034043,12.464691
3470,L_hip_yaw,0.137428,0.034357,-0.011301,5.455872
3470,L_hip_pitch,-0.187997,-0.396999,-0.352399,-5.301108
3470,L_knee,0.819277,-0.445181,-0.620561,21.031405
3470,L_foot_pitch,-0.621967,0.237803,0.275230,-2.218057
3470,L_foot_roll,0.442000,0.044200,-0.022054,4.329090
3470,R_hip_roll,0.120181,0.030045,0.001459,3.528214
3470,R_hip_yaw,-0.026965,-0.006741,-0.020863,1.321152
3470,R_hip_pitch,0.314575,0.428644,0.480170,-5.344615
3470,R_knee,0.697337,0.824334,0.958067,-12.153953
3470,R_foot_pitch,-0.954949,-0.395495,-0.353203,-2.549327
3470,R_foot_roll,0.106010,0.010601,0.018528,-0.228418
3480,L_hip_roll,0.242247,0.060562,0.037514,2.424353
3480,L_hip_yaw,0.148196,0.037049,-0.011066,5.747413
3480,L_hip_pitch,-0.246937,-0.411734,-0.352792,-7.027271
3480,L_knee,0.801300,-0.449675,-0.620676,20.571894
3480,L_foot_pitch,-0.521851,0.247815,0.274982,-1.682434
3480,L_foot_roll,-0.028691,-0.002869,-0.025135,1.677828
3480,R_hip_roll,0.256716,0.064179,0.000548,7.729269
3480,R_hip_yaw,0.009398,0.002349,-0.015524,1.513995
3480,R_hip_pitch,0.137606,0.384401,0.466824,-8.230642
3480,R_knee,0.457869,0.764467,0.908383,-11.586776
3480,R_foot_pitch,-0.988867,-0.398887,-0.353127,-2.749507
3480,R_foot_roll,0.046964,0.004696,0.015389,-0.299890
3490,L_hip_roll,-0.139909,-0.034977,0.040598,-9.330971
3490,L_hip_yaw,0.144014,0.036003,-0.010921,5.628609
3490,L_hip_pitch,-0.270119,-0.417530,-0.353036,-7.688287
3490,L_knee,0.740748,-0.464813,-0.621448,18.940779
3490,L_foot_pitch,-0.333624,0.266638,0.275478,-0.564969
3490,L_foot_roll,-0.565442,-0.056544,-0.027960,-1.523821
3490,R_hip_roll,0.449632,0.112408,-0.000401,13.646921
3490,R_hip_yaw,0.048870,0.012217,-0.008026,1.629387
3490,R_hip_pitch,-0.076499,0.330875,0.444777,-11.130279
3490,R_knee,0.187773,0.696943,0.840564,-9.776387
3490,R_foot_pitch,-0.948327,-0.394833,-0.353135,-2.497171
3490,R_foot_roll,-0.064092,-0.006409,0.010708,-0.505611
3500,L_hip_roll,-0.636486,-0.159121,0.042705,-24.362078
3500,L_hip_yaw,0.102469,0.025617,-0.011101,4.448519
3500,L_hip_pitch,-0.249773,-0.412443,-0.353132,-7.082493
3500,L_knee,0.626834,-0.493292,-0.623375,15.899232
3500,L_foot_pitch,-0.035318,0.296468,0.276888,1.036908
3500,L_foot_roll,-1.016814,-0.101681,-0.030801,-4.015747
3500,R_hip_roll,0.561115,0.140279,-0.001425,17.118751
3500,R_hip_yaw,0.075109,0.018777,0.000322,1.404997
3500,R_hip_pitch,-0.267479,0.283130,0.413649,-12.227895
3500,R_knee,-0.097497,0.625626,0.755511,-6.513656
3500,R_foot_pitch,-0.747443,-0.374744,-0.353159,-1.292625
3500,R_foot_roll,-0.304885,-0.030488,0.003023,-1.141001
3510,L_hip_roll,-0.988888,-0.247222,0.042797,-34.684127
3510,L_hip_yaw,0.031611,0.007903,-0.011901,2.476545
3510,L_hip_pitch,-0.044635,-0.361159,-0.353229,-0.928895
3510,L_knee,0.316091,-0.570977,-0.627201,7.222140
3510,L_foot_pitch,0.312571,0.331257,0.279150,2.844298
3510,L_foot_roll,-1.159847,-0.115985,-0.033256,-4.741203
3510,R_hip_roll,0.579916,0.144979,-0.002990,17.963545
3510,R_hip_yaw,0.092591,0.023148,0.007372,1.316055
3510,R_hip_pitch,-0.203351,0.299162,0.374280,-4.848901
3510,R_knee,-0.466772,0.533307,0.656757,-4.638560
3510,R_foot_pitch,-0.388717,-0.338872,-0.352995,0.823004
3510,R_foot_roll,-0.666573,-0.066657,-0.010497,-1.824679
3520,L_hip_roll,-0.735938,-0.183985,0.042220,-27.076953
3520,L_hip_yaw,-0.085756,-0.021439,-0.011459,-1.293008
3520,L_hip_pitch,-0.100936,-0.375234,-0.352607,-2.834802
3520,L_knee,-0.040939,-0.660235,-0.631193,-3.092632
3520,L_foot_pitch,1.024712,0.402471,0.282069,6.923655
3520,L_foot_roll,-0.608347,-0.060835,-0.035964,-1.277610
3520,R_hip_roll,0.149815,0.037454,-0.005782,5.463234
3520,R_hip_yaw,-0.188503,-0.047126,0.008524,-6.795959
3520,R_hip_pitch,0.099021,0.374755,0.352598,4.115527
3520,R_knee,-1.222418,0.344395,0.604479,-27.858448
3520,R_foot_pitch,-0.109407,-0.310941,-0.272144,-11.124777
3520,R_foot_roll,-1.226716,-0.122672,0.012253,-10.673837
3530,L_hip_roll,-0.887866,-0.221967,0.043695,-32.136868
3530,L_hip_yaw,-0.027026,-0.006757,-0.010157,0.366637
3530,L_hip_pitch,0.354897,-0.261276,-0.354868,11.684596
3530,L_knee,-0.562455,-0.790614,-0.641150,-16.508414
3530,L_foot_pitch,1.377219,0.437722,0.300473,5.580915
3530,L_foot_roll,-0.152371,-0.015237,-0.037719,1.525171
3530,R_hip_roll,-0.601786,-0.150446,-0.003712,-17.910161
3530,R_hip_yaw,-0.175156,-0.043789,0.009427,-6.468510
3530,R_hip_pitch,0.434449,0.458612,0.349683,12.855051
3530,R_knee,-1.525925,0.268519,0.598509,-40.147476
3530,R_foot_pitch,0.208819,-0.279118,-0.250249,-1.441094
3530,R_foot_roll,-1.757352,-0.175735,0.005447,-10.590935
3540,L_hip_roll,-0.542781,-0.135695,0.042890,-21.095314
3540,L_hip_yaw,-0.017849,-0.004462,-0.003325,-1.212279
3540,L_hip_pitch,0.371154,-0.257211,-0.360978,13.140653
3540,L_knee,-1.119256,-0.929814,-0.663572,-29.204312
3540,L_foot_pitch,1.656056,0.465606,0.345097,1.953774
3540,L_foot_roll,0.262150,0.026215,-0.030507,2.218372
3540,R_hip_roll,-0.996467,-0.249117,-0.001602,-29.852101
3540,R_hip_yaw,-0.209924,-0.052481,0.010002,-7.535106
3540,R_hip_pitch,0.563327,0.490832,0.351213,16.635457
3540,R_knee,-1.637525,0.240619,0.603188,-43.949480
3540,R_foot_pitch,0.557822,-0.244218,-0.252732,0.750514
3540,R_foot_roll,-2.027318,-0.202732,0.004501,-12.341711
3550,L_hip_roll,-0.153791,-0.038448,0.037681,-8.481858
3550,L_hip_yaw,0.003004,0.000751,0.008819,-2.161902
3550,L_hip_pitch,0.319356,-0.270161,-0.374052,14.157100
3550,L_knee,-1.119681,-0.929920,-0.706692,-21.450632
3550,L_foot_pitch,1.727684,0.472768,0.380432,3.601299
3550,L_foot_roll,0.679185,0.067918,-0.009510,2.172301
3550,R_hip_roll,-1.093333,-0.273333,-0.000413,-32.840273
3550,R_hip_yaw,-0.169481,-0.042370,0.009797,-6.198916
3550,R_hip_pitch,0.630889,0.507722,0.352800,18.420810
3550,R_knee,-1.446705,0.288324,0.607438,-38.695708
3550,R_foot_pitch,1.040585,-0.195941,-0.254866,3.733200
3550,R_foot_roll,-1.854065,-0.185406,0.003473,-11.227160
3560,L_hip_roll,0.101239,0.025310,0.030661,0.087511
3560,L_hip_yaw,-0.003161,-0.000790,0.018077,-2.910854
3560,L_hip_pitch,0.133623,-0.316594,-0.393437,11.228058
3560,L_knee,-1.277032,-0.969258,-0.767752,-17.693825
3560,L_foot_pitch,1.699069,0.469907,0.388994,4.646125
3560,L_foot_roll,0.781393,0.078139,0.021717,0.121774
3560,R_hip_roll,-1.231567,-0.307892,0.000356,-37.053505
3560,R_hip_yaw,-0.176062,-0.044016,0.009225,-6.343063
3560,R_hip_pitch,0.609500,0.502375,0.355168,17.401350
3560,R_knee,-1.380864,0.304784,0.611707,-37.261679
3560,R_foot_pitch,1.127072,-0.187293,-0.256682,4.337989
3560,R_foot_roll,-1.912525,-0.191253,0.002519,-11.530739
3570,L_hip_roll,0.269071,0.067268,0.023954,5.824410
3570,L_hip_yaw,0.038031,0.009508,0.019682,-1.010262
3570,L_hip_pitch,-0.190326,-0.397581,-0.414945,4.220083
3570,L_knee,-1.277553,-0.969388,-0.837521,-8.696667
3570,L_foot_pitch,1.577692,0.457769,0.387058,4.659235
3570,L_foot_roll,0.756903,0.075690,0.051666,-1.164705
3570,R_hip_roll,-1.431549,-0.357887,0.001136,-43.166619
3570,R_hip_yaw,-0.174140,-0.043535,0.008781,-6.245090
3570,R_hip_pitch,0.276173,0.419043,0.358512,6.900167
3570,R_knee,-1.119838,0.370040,0.616166,-29.973475
3570,R_foot_pitch,1.236972,-0.176303,-0.258297,5.066744
3570,R_foot_roll,-1.953634,-0.195363,0.001493,-11.710397
3580,L_hip_roll,0.393064,0.098266,0.018140,10.168989
3580,L_hip_yaw,0.073658,0.018414,0.015022,1.038439
3580,L_hip_pitch,-0.470079,-0.467520,-0.435632,-1.918556
3580,L_knee,-1.175580,-0.943895,-0.908404,2.591992
3580,L_foot_pitch,1.468593,0.446859,0.381715,4.491493
3580,L_foot_roll,0.673525,0.067352,0.070613,-1.528754
3580,R_hip_roll,-1.431380,-0.357845,0.001907,-43.236082
3580,R_hip_yaw,-0.129301,-0.032325,0.008311,-4.827070
3580,R_hip_pitch,0.008160,0.352040,0.362353,-1.614384
3580,R_knee,-0.989009,0.402748,0.620723,-26.607610
3580,R_foot_pitch,1.167997,-0.183200,-0.259855,4.755684
3580,R_foot_roll,-1.865239,-0.186524,0.000543,-11.135405
3590,L_hip_roll,0.409114,0.102278,0.013200,11.143631
3590,L_hip_yaw,0.054995,0.013749,0.008555,1.250677
3590,L_hip_pitch,-0.637328,-0.509332,-0.451656,-5.631028
3590,L_knee,-1.225034,-0.956259,-0.970316,7.210073
3590,L_foot_pitch,1.436394,0.443639,0.375869,4.631126
3590,L_foot_roll,0.529467,0.052947,0.076584,-1.539822
3590,R_hip_roll,-1.469721,-0.367430,0.002631,-44.479917
3590,R_hip_yaw,-0.086379,-0.021595,0.007725,-3.456922
3590,R_hip_pitch,-0.099122,0.325219,0.365429,-5.062029
3590,R_knee,-0.872412,0.431897,0.624510,-23.421230
3590,R_foot_pitch,1.174899,-0.182510,-0.261242,4.842724
3590,R_foot_roll,-1.908035,-0.190804,-0.000282,-11.350668
3600,L_hip_roll,0.491059,0.122765,0.009084,14.027437
3600,L_hip_yaw,0.033197,0.008299,0.002231,1.330539
3600,L_hip_pitch,-0.687931,-0.521983,-0.461459,-6.571095
3600,L_knee,-1.197699,-0.949425,-1.017630,12.190246
3600,L_foot_pitch,1.400626,0.440063,0.370708,4.631200
3600,L_foot_roll,0.424612,0.042461,0.071359,-0.873798
3600,R_hip_roll,-1.353844,-0.338461,0.003218,-41.044853
3600,R_hip_yaw,0.021382,0.005345,0.006988,-0.116563
3600,R_hip_pitch,-0.231750,0.292062,0.367332,-9.175081
3600,R_knee,-0.759758,0.460061,0.627112,-20.257638
3600,R_foot_pitch,1.213268,-0.178673,-0.262335,5.115973
3600,R_foot_roll,-1.835852,-0.183585,-0.001075,-10.878269
3610,L_hip_roll,0.368308,0.092077,0.006057,10.564017
3610,L_hip_yaw,0.015185,0.003796,-0.003603,1.424245
3610,L_hip_pitch,-0.729659,-0.532415,-0.464208,-8.255090
3610,L_knee,-1.286672,-0.971668,-1.047659,11.280169
3610,L_foot_pitch,1.455833,0.445583,0.366585,5.104669
3610,L_foot_roll,0.406732,0.040673,0.059273,0.203887
3610,R_hip_roll,-1.454282,-0.363570,0.003754,-44.138872
3610,R_hip_yaw,0.033430,0.008358,0.006367,0.285668
3610,R_hip_pitch,-0.215307,0.296173,0.367792,-8.561295
3610,R_knee,-0.807129,0.448218,0.628351,-21.665778
3610,R_foot_pitch,1.178332,-0.182167,-0.263053,4.902771
3610,R_foot_roll,-1.990698,-0.199070,-0.001799,-11.764998
3620,L_hip_roll,0.371045,0.092761,0.003775,10.896400
3620,L_hip_yaw,0.003891,0.000973,-0.008253,1.496169
3620,L_hip_pitch,-0.648619,-0.512155,-0.460572,-6.781428
3620,L_knee,-1.401738,-1.000435,-1.060906,7.907366
3620,L_foot_pitch,1.468581,0.446858,0.363547,5.256691
3620,L_foot_roll,0.332319,0.033232,0.047266,0.195038
3620,R_hip_roll,-1.576293,-0.394073,0.004100,-47.795056
3620,R_hip_yaw,0.060217,0.015054,0.005997,1.115845
3620,R_hip_pitch,-0.198502,0.300375,0.367024,-7.889727
3620,R_knee,-0.802073,0.449482,0.628322,-21.416173
3620,R_foot_pitch,1.199204,-0.180080,-0.263372,5.012916
3620,R_foot_roll,-2.148730,-0.214873,-0.002468,-12.687128
3630,L_hip_roll,0.370877,0.092719,0.001635,11.139980
3630,L_hip_yaw,0.022681,0.005670,-0.011331,2.270260
3630,L_hip_pitch,-0.690991,-0.522748,-0.452513,-9.387231
3630,L_knee,-1.481491,-1.020373,-1.061326,4.489347
3630,L_foot_pitch,1.429437,0.442944,0.361469,5.060114
3630,L_foot_roll,0.315553,0.031555,0.037826,0.440475
3630,R_hip_roll,-1.636005,-0.409001,0.003871,-49.491881
3630,R_hip_yaw,0.038793,0.009698,0.005930,0.443387
3630,R_hip_pitch,-0.336645,0.265839,0.365817,-11.871141
3630,R_knee,-0.783729,0.454068,0.627840,-20.800059
3630,R_foot_pitch,1.298932,-0.170107,-0.263531,5.618272
3630,R_foot_roll,-2.201338,-0.220134,-0.003134,-12.966880
3640,L_hip_roll,0.330647,0.082662,-0.000265,10.121002
3640,L_hip_yaw,0.033071,0.008268,-0.012038,2.379998
3640,L_hip_pitch,-0.603566,-0.500892,-0.442242,-8.095079
3640,L_knee,-1.514264,-1.028566,-1.054100,2.135625
3640,L_foot_pitch,1.392242,0.439224,0.360070,4.865835
3640,L_foot_roll,0.299774,0.029977,0.031465,0.393515
3640,R_hip_roll,-1.644371,-0.411093,0.003140,-49.622598
3640,R_hip_yaw,0.065160,0.016290,0.005942,1.248381
3640,R_hip_pitch,-0.216797,0.295801,0.364223,-8.036387
3640,R_knee,-0.863021,0.434245,0.627039,-23.042726
3640,R_foot_pitch,1.311560,-0.168844,-0.263599,5.690032
3640,R_foot_roll,-2.239005,-0.223900,-0.003304,-13.225692
3650,L_hip_roll,0.318698,0.079675,-0.001788,9.909631
3650,L_hip_yaw,0.028661,0.007165,-0.009577,1.627013
3650,L_hip_pitch,-0.548699,-0.487175,-0.431699,-7.683153
3650,L_knee,-1.526702,-1.031676,-1.043204,0.203504
3650,L_foot_pitch,1.355596,0.435560,0.359109,4.667845
3650,L_foot_roll,0.232366,0.023237,0.028112,-0.065154
3650,R_hip_roll,-1.567443,-0.391861,0.002102,-47.157931
3650,R_hip_yaw,0.103523,0.025881,0.006007,2.372479
3650,R_hip_pitch,-0.259441,0.285140,0.362634,-9.159632
3650,R_knee,-0.888372,0.427907,0.626056,-23.678292
3650,R_foot_pitch,1.330669,-0.166933,-0.263502,5.774734
3650,R_foot_roll,-2.192369,-0.219237,-0.003307,-12.968479
3660,L_hip_roll,0.222552,0.055638,-0.002563,7.013993
3660,L_hip_yaw,0.060493,0.015123,-0.004683,1.821664
3660,L_hip_pitch,-0.584005,-0.496001,-0.421724,-9.862111
3660,L_knee,-1.527396,-1.031849,-1.031018,-1.309999
3660,L_foot_pitch,1.285345,0.428535,0.358429,4.264261
3660,L_foot_roll,0.100061,0.010006,0.025270,-0.613728
3660,R_hip_roll,-1.579684,-0.394921,0.001032,-47.416677
3660,R_hip_yaw,0.128031,0.032008,0.006268,3.056424
3660,R_hip_pitch,-0.353506,0.261624,0.361043,-11.764173
3660,R_knee,-0.839800,0.440050,0.624655,-21.985664
3660,R_foot_pitch,1.226199,-0.177380,-0.263107,5.086929
3660,R_foot_roll,-2.230278,-0.223028,-0.003159,-13.205535
3670,L_hip_roll,0.215514,0.053878,-0.002643,6.772424
3670,L_hip_yaw,0.050332,0.012583,0.002129,0.498337
3670,L_hip_pitch,-0.510181,-0.477545,-0.413300,-8.445479
3670,L_knee,-1.516232,-1.029058,-1.020052,-2.054216
3670,L_foot_pitch,1.301367,0.430137,0.357886,4.385144
3670,L_foot_roll,0.040087,0.004009,0.020063,-0.344150
3670,R_hip_roll,-1.575037,-0.393759,-0.000046,-47.132510
3670,R_hip_yaw,0.165490,0.041373,0.006603,4.141653
3670,R_hip_pitch,-0.309003,0.272749,0.359387,-10.241032
3670,R_knee,-0.904280,0.423930,0.622967,-23.723490
3670,R_foot_pitch,1.113358,-0.188664,-0.262511,4.372655
3670,R_foot_roll,-2.294413,-0.229441,-0.002830,-13.621945
3680,L_hip_roll,0.166517,0.041629,-0.002284,5.213954
3680,L_hip_yaw,0.055075,0.013769,0.009573,-0.206524
3680,L_hip_pitch,-0.519963,-0.479991,-0.406825,-9.340142
3680,L_knee,-1.591194,-1.047799,-1.011484,-5.096520
3680,L_foot_pitch,1.322397,0.432240,0.357469,4.521669
3680,L_foot_roll,-0.049588,-0.004959,0.012647,-0.291843
3680,R_hip_roll,-1.609424,-0.402356,-0.001266,-48.001926
3680,R_hip_yaw,0.199590,0.049897,0.006986,5.108846
3680,R_hip_pitch,-0.347053,0.263237,0.357748,-11.176397
3680,R_knee,-0.880887,0.429778,0.621205,-22.788026
3680,R_foot_pitch,1.094701,-0.190530,-0.261827,4.203178
3680,R_foot_roll,-2.366036,-0.236604,-0.002396,-14.107395
3690,L_hip_roll,0.135018,0.033755,-0.001653,4.182282
3690,L_hip_yaw,0.069901,0.017475,0.015906,-0.364534
3690,L_hip_pitch,-0.544388,-0.486097,-0.403090,-10.180116
3690,L_knee,-1.606864,-1.051716,-1.007426,-5.448695
3690,L_foot_pitch,1.276540,0.427654,0.357213,4.245606
3690,L_foot_roll,-0.064429,-0.006443,0.004119,0.211525
3690,R_hip_roll,-1.559212,-0.389803,-0.002677,-46.302664
3690,R_hip_yaw,0.206927,0.051732,0.007408,5.278088
3690,R_hip_pitch,-0.358677,0.260331,0.356397,-11.417742
3690,R_knee,-0.884073,0.428982,0.619777,-22.785529
3690,R_foot_pitch,1.042577,-0.195742,-0.261214,3.877242
3690,R_foot_roll,-2.295104,-0.229510,-0.002359,-13.596363
3700,L_hip_roll,0.168770,0.042193,-0.001009,5.123301
3700,L_hip_yaw,0.073770,0.018443,0.020686,-0.671675
3700,L_hip_pitch,-0.593534,-0.498384,-0.402997,-11.294462
3700,L_knee,-1.582549,-1.045637,-1.009717,-3.805534
3700,L_foot_pitch,1.251267,0.425127,0.357030,4.103107
3700,L_foot_roll,-0.045894,-0.004589,-0.003213,0.532046
3700,R_hip_roll,-1.511114,-0.377778,-0.004369,-44.625362
3700,R_hip_yaw,0.192634,0.048158,0.007769,4.815186
3700,R_hip_pitch,-0.339020,0.265245,0.355513,-10.760182
3700,R_knee,-0.887090,0.428228,0.618873,-22.803493
3700,R_foot_pitch,1.029360,-0.197064,-0.260738,3.776022
3700,R_foot_roll,-2.204637,-0.220464,-0.002353,-13.107695
3710,L_hip_roll,0.130948,0.032737,-0.000301,3.886492
3710,L_hip_yaw,0.078946,0.019737,0.023628,-0.665979
3710,L_hip_pitch,-0.621862,-0.505465,-0.406516,-11.377823
3710,L_knee,-1.554044,-1.038511,-1.017475,-1.562156
3710,L_foot_pitch,1.207004,0.420700,0.356839,3.851294
3710,L_foot_roll,-0.018700,-0.001870,-0.007371,0.597755
3710,R_hip_roll,-1.501455,-0.375364,-0.006325,-44.079153
3710,R_hip_yaw,0.178470,0.044618,0.007956,4.389467
3710,R_hip_pitch,-0.339552,0.265112,0.355018,-10.754517
3710,R_knee,-0.866827,0.433293,0.618120,-22.104042
3710,R_foot_pitch,1.039611,-0.196039,-0.260203,3.790916
3710,R_foot_roll,-2.109760,-0.210976,-0.001406,-12.713513
3720,L_hip_roll,0.173061,0.043265,0.000290,5.112862
3720,L_hip_yaw,0.072943,0.018236,0.024580,-0.772263
3720,L_hip_pitch,-0.644660,-0.511165,-0.412777,-11.096070
3720,L_knee,-1.510639,-1.027660,-1.028105,1.161471
3720,L_foot_pitch,1.194505,0.419451,0.356599,3.796890
3720,L_foot_roll,0.035792,0.003579,-0.008028,0.637169
3720,R_hip_roll,-1.447436,-0.361859,-0.008737,-42.105861
3720,R_hip_yaw,0.162802,0.040701,0.007922,3.945052
3720,R_hip_pitch,-0.310852,0.272287,0.354829,-9.896103
3720,R_knee,-0.849162,0.437709,0.617345,-21.479604
3720,R_foot_pitch,1.055819,-0.194418,-0.259547,3.839304
3720,R_foot_roll,-2.002634,-0.200263,0.001221,-12.424821
3730,L_hip_roll,0.180494,0.045124,0.000759,5.274814
3730,L_hip_yaw,0.072333,0.018083,0.023578,-0.474936
3730,L_hip_pitch,-0.675806,-0.518951,-0.420446,-11.027306
3730,L_knee,-1.433865,-1.008466,-1.038328,4.505862
3730,L_foot_pitch,1.149354,0.414935,0.356324,3.544170
3730,L_foot_roll,0.083046,0.008305,-0.005677,0.514829
3730,R_hip_roll,-1.383804,-0.345951,-0.011489,-39.851856
3730,R_hip_yaw,0.125592,0.031398,0.007737,2.860001
3730,R_hip_pitch,-0.302004,0.274499,0.355143,-9.730988
3730,R_knee,-0.823580,0.444105,0.616983,-20.732079
3730,R_foot_pitch,1.084450,-0.191555,-0.258963,3.994547
3730,R_foot_roll,-1.849787,-0.184979,0.003541,-11.479231
3740,L_hip_roll,0.198563,0.049641,0.001257,5.753796
3740,L_hip_yaw,0.057001,0.014250,0.020855,-0.461432
3740,L_hip_pitch,-0.661003,-0.515251,-0.428088,-9.729986
3740,L_knee,-1.348571,-0.987143,-1.044601,7.269791
3740,L_foot_pitch,1.132287,0.413229,0.356009,3.465824
3740,L_foot_roll,0.105654,0.010565,-0.001287,0.233152
3740,R_hip_roll,-1.295835,-0.323959,-0.014532,-36.812018
3740,R_hip_yaw,0.112064,0.028016,0.007415,2.509841
3740,R_hip_pitch,-0.288027,0.277993,0.355762,-9.398427
3740,R_knee,-0.799882,0.450029,0.616831,-20.000939
3740,R_foot_pitch,1.072820,-0.192718,-0.258422,3.887965
3740,R_foot_roll,-1.727203,-0.172720,0.005523,-10.896367
3750,L_hip_roll,0.172816,0.043204,0.001951,4.865243
3750,L_hip_yaw,0.044115,0.011029,0.016628,-0.194689
3750,L_hip_pitch,-0.652714,-0.513178,-0.434072,-8.999421
3750,L_knee,-1.260300,-0.965075,-1.043511,8.922341
3750,L_foot_pitch,1.092159,0.409216,0.355673,3.245143
3750,L_foot_roll,0.106401,0.010640,0.003430,-0.005562
3750,R_hip_roll,-1.160501,-0.290125,-0.017844,-32.334722
3750,R_hip_yaw,0.099087,0.024772,0.007007,2.172604
3750,R_hip_pitch,-0.244900,0.288775,0.356276,-8.139151
3750,R_knee,-0.806370,0.448407,0.616542,-20.136953
3750,R_foot_pitch,1.027890,-0.197211,-0.257846,3.578694
3750,R_foot_roll,-1.570459,-0.157046,0.007677,-10.103355
3760,L_hip_roll,0.144271,0.036068,0.003089,3.818485
3760,L_hip_yaw,0.023197,0.005799,0.011295,-0.105045
3760,L_hip_pitch,-0.625102,-0.506275,-0.437299,-8.077904
3760,L_knee,-1.137715,-0.934429,-1.032860,10.318021
3760,L_foot_pitch,1.084484,0.408448,0.355331,3.220545
3760,L_foot_roll,0.101807,0.010181,0.007031,-0.104249
3760,R_hip_roll,-1.089122,-0.272280,-0.021216,-29.795005
3760,R_hip_yaw,0.067869,0.016967,0.006633,1.273167
3760,R_hip_pitch,-0.187618,0.303096,0.356496,-6.419512
3760,R_knee,-0.815047,0.446238,0.615904,-20.279539
3760,R_foot_pitch,0.963517,-0.203648,-0.257151,3.134043
3760,R_foot_roll,-1.443311,-0.144331,0.009982,-9.490713
3770,L_hip_roll,0.085291,0.021323,0.004694,1.814862
3770,L_hip_yaw,0.002019,0.000505,0.005257,0.044510
3770,L_hip_pitch,-0.559863,-0.489966,-0.437245,-6.468404
3770,L_knee,-1.024170,-0.906042,-1.011307,10.007202
3770,L_foot_pitch,1.096708,0.409671,0.355007,3.309770
3770,L_foot_roll,0.083843,0.008384,0.009048,-0.179475
3770,R_hip_roll,-0.994762,-0.248691,-0.024546,-26.568929
3770,R_hip_yaw,0.049713,0.012428,0.006328,0.759729
3770,R_hip_pitch,-0.151012,0.312247,0.356559,-5.326429
3770,R_knee,-0.816653,0.445837,0.614958,-20.194062
3770,R_foot_pitch,0.889005,-0.211100,-0.256325,2.627200
3770,R_foot_roll,-1.330507,-0.133051,0.012391,-8.968693
3780,L_hip_roll,-0.026565,-0.006641,0.006621,-1.797570
3780,L_hip_yaw,-0.016347,-0.004087,-0.001094,0.260863
3780,L_hip_pitch,-0.497959,-0.474490,-0.433559,-5.419666
3780,L_knee,-0.875657,-0.868914,-0.978457,9.422124
3780,L_foot_pitch,1.071696,0.407170,0.354754,3.165810
3780,L_foot_roll,0.063519,0.006352,0.009663,-0.216723
3780,R_hip_roll,-0.858087,-0.214522,-0.027807,-22.087999
3780,R_hip_yaw,0.019329,0.004832,0.006108,-0.135133
3780,R_hip_pitch,-0.095893,0.326027,0.356621,-3.685292
3780,R_knee,-0.851182,0.437205,0.613948,-21.115556
3780,R_foot_pitch,0.799395,-0.220060,-0.255478,2.042903
3780,R_foot_roll,-1.126425,-0.112643,0.014882,-7.901848
3790,L_hip_roll,-0.157891,-0.039473,0.008614,-5.969296
3790,L_hip_yaw,-0.038284,-0.009571,-0.006982,0.221604
3790,L_hip_pitch,-0.407540,-0.451885,-0.426272,-3.921228
3790,L_knee,-0.673067,-0.818267,-0.934897,9.254629
3790,L_foot_pitch,1.078549,0.407855,0.354557,3.215157
3790,L_foot_roll,0.031498,0.003150,0.009399,-0.330494
3790,R_hip_roll,-0.728836,-0.182209,-0.030920,-17.856924
3790,R_hip_yaw,-0.006390,-0.001598,0.005954,-0.890986
3790,R_hip_pitch,-0.048620,0.337845,0.356813,-2.313347
3790,R_knee,-0.869222,0.432694,0.613057,-21.568804
3790,R_foot_pitch,0.684577,-0.231542,-0.254671,1.311744
3790,R_foot_roll,-0.921745,-0.092175,0.017512,-6.843842
3800,L_hip_roll,-0.308891,-0.077223,0.010233,-10.633259
3800,L_hip_yaw,-0.059455,-0.014864,-0.011702,0.013900
3800,L_hip_pitch,-0.278144,-0.419536,-0.415304,-1.729137
3800,L_knee,-0.446830,-0.761708,-0.880918,8.538078
3800,L_foot_pitch,1.044678,0.404468,0.354406,3.015700
3800,L_foot_roll,-0.008925,-0.000893,0.008515,-0.460904
3800,R_hip_roll,-0.482849,-0.120712,-0.033885,-10.133671
3800,R_hip_yaw,-0.018517,-0.004629,0.005812,-1.235790
3800,R_hip_pitch,-0.006326,0.348418,0.357279,-1.133810
3800,R_knee,-0.874993,0.431252,0.612520,-21.727081
3800,R_foot_pitch,0.555003,-0.244500,-0.254028,0.519763
3800,R_foot_roll,-0.609061,-0.060906,0.020263,-5.146234
3810,L_hip_roll,-0.510117,-0.127529,0.011147,-16.702716
3810,L_hip_yaw,-0.070873,-0.017718,-0.014669,-0.172797
3810,L_hip_pitch,-0.124688,-0.381172,-0.400243,0.649331
3810,L_knee,-0.160838,-0.690210,-0.816681,8.422865
3810,L_foot_pitch,0.962418,0.396242,0.354273,2.530227
3810,L_foot_roll,-0.082970,-0.008297,0.006962,-0.743010
3810,R_hip_roll,-0.178515,-0.044629,-0.036577,-0.721904
3810,R_hip_yaw,-0.017878,-0.004470,0.005687,-1.204127
3810,R_hip_pitch,0.044087,0.361022,0.357956,0.282702
3810,R_knee,-0.865511,0.433622,0.612512,-21.499439
3810,R_foot_pitch,0.386025,-0.261397,-0.253679,-0.480667
3810,R_foot_roll,-0.243686,-0.024369,0.023148,-3.137264
3820,L_hip_roll,-0.589671,-0.147418,0.011072,-18.965377
3820,L_hip_yaw,-0.068165,-0.017041,-0.014947,-0.373294
3820,L_hip_pitch,-0.030634,-0.357659,-0.380418,0.592495
3820,L_knee,0.127829,-0.618043,-0.742055,7.093193
3820,L_foot_pitch,0.833553,0.383355,0.354074,1.778568
3820,L_foot_roll,-0.153557,-0.015356,0.004201,-0.853614
3820,R_hip_roll,0.138841,0.034710,-0.038739,8.994286
3820,R_hip_yaw,0.030635,0.007659,0.005685,0.234646
3820,R_hip_pitch,0.008444,0.352111,0.358712,-0.883601
3820,R_knee,-0.720655,0.469836,0.613222,-17.323707
3820,R_foot_pitch,0.184065,-0.281593,-0.253778,-1.633149
3820,R_foot_roll,0.102289,0.010229,0.026114,-1.245188
3830,L_hip_roll,-0.487252,-0.121813,0.010072,-15.702946
3830,L_hip_yaw,-0.044722,-0.011181,-0.011550,-0.469885
3830,L_hip_pitch,0.037599,-0.340600,-0.356095,-0.664876
3830,L_knee,0.419952,-0.545012,-0.658551,5.110306
3830,L_foot_pitch,0.614652,0.361465,0.353729,0.502541
3830,L_foot_roll,-0.153389,-0.015339,-0.000277,-0.405495
3830,R_hip_roll,0.318472,0.079618,-0.039913,14.395974
3830,R_hip_yaw,0.103019,0.025755,0.005923,2.350666
3830,R_hip_pitch,-0.085408,0.328648,0.359666,-3.873781
3830,R_knee,-0.513625,0.521594,0.615185,-11.547857
3830,R_foot_pitch,-0.120877,-0.312088,-0.254951,-3.311541
3830,R_foot_roll,0.335168,0.033517,0.028917,-0.003704
3840,L_hip_roll,0.104027,0.026007,0.010033,1.987486
3840,L_hip_yaw,-0.021143,-0.005286,-0.010846,0.750140
3840,L_hip_pitch,-0.268201,-0.417050,-0.344268,-9.518888
3840,L_knee,1.238907,-0.340273,-0.620449,31.433792
3840,L_foot_pitch,0.694949,0.369495,0.283712,12.300514
3840,L_foot_roll,0.067766,0.006777,-0.015475,1.719805
3840,R_hip_roll,0.419195,0.104799,-0.041017,17.617451
3840,R_hip_yaw,0.027755,0.006939,0.006009,0.091642
3840,R_hip_pitch,-0.033988,0.341503,0.360389,-2.298038
3840,R_knee,-0.172051,0.606987,0.617919,-1.611911
3840,R_foot_pitch,-0.280739,-0.328074,-0.256268,-4.146252
3840,R_foot_roll,0.273830,0.027383,0.031761,-0.550499
3850,L_hip_roll,0.544734,0.136183,0.007862,15.732740
3850,L_hip_yaw,0.094542,0.023635,-0.011752,4.354972
3850,L_hip_pitch,-0.276076,-0.419019,-0.343705,-8.910392
3850,L_knee,1.384626,-0.303844,-0.618422,37.955285
3850,L_foot_pitch,0.285644,0.328564,0.272817,3.359312
3850,L_foot_roll,0.373413,0.037341,-0.017367,2.704418
3850,R_hip_roll,0.380956,0.095239,-0.043483,16.949675
3850,R_hip_yaw,0.095153,0.023788,0.005175,2.355660
3850,R_hip_pitch,-0.188671,0.302832,0.361437,-7.179213
3850,R_knee,0.331810,0.732952,0.621739,12.900330
3850,R_foot_pitch,-0.519232,-0.351923,-0.261885,-4.615889
3850,R_foot_roll,0.165496,0.016550,0.033837,-1.218234
3860,L_hip_roll,1.071816,0.267954,0.004550,31.969485
3860,L_hip_yaw,0.059748,0.014937,-0.012332,3.300391
3860,L_hip_pitch,-0.445818,-0.461455,-0.344388,-14.027627
3860,L_knee,1.401061,-0.299735,-0.619701,38.453045
3860,L_foot_pitch,0.124386,0.312439,0.273453,2.431989
3860,L_foot_roll,0.706076,0.070608,-0.013581,4.525865
3860,R_hip_roll,0.235906,0.058976,-0.045890,12.764507
3860,R_hip_yaw,0.052285,0.013071,0.004789,0.982005
3860,R_hip_pitch,-0.315246,0.271189,0.365562,-11.849170
3860,R_knee,0.605900,0.801475,0.633871,18.421855
3860,R_foot_pitch,-0.655347,-0.365535,-0.283730,-1.848180
3860,R_foot_roll,0.056698,0.005670,0.031429,-0.925068
3870,L_hip_roll,1.280453,0.320113,0.001756,38.403405
3870,L_hip_yaw,0.120927,0.030232,-0.012781,5.268864
3870,L_hip_pitch,-0.384702,-0.446176,-0.344907,-12.224055
3870,L_knee,1.439582,-0.290105,-0.620732,39.601566
3870,L_foot_pitch,-0.092031,0.290797,0.274128,0.345627
3870,L_foot_roll,0.983239,0.098324,-0.011192,6.169667
3870,R_hip_roll,0.001119,0.000280,-0.046161,5.462039
3870,R_hip_yaw,0.047447,0.011862,0.003878,1.087325
3870,R_hip_pitch,-0.191697,0.302076,0.373118,-9.403659
3870,R_knee,0.787158,0.846790,0.659616,19.314197
3870,R_foot_pitch,-0.620764,-0.362076,-0.320461,1.296221
3870,R_foot_roll,-0.204964,-0.020496,0.021041,-1.284473
3880,L_hip_roll,1.387383,0.346846,-0.000395,41.882708
3880,L_hip_yaw,0.145774,0.036444,-0.013057,5.954231
3880,L_hip_pitch,-0.387531,-0.446883,-0.346075,-11.977578
3880,L_knee,1.272679,-0.331830,-0.622368,35.019189
3880,L_foot_pitch,-0.204355,0.279564,0.273970,0.377318
3880,L_foot_roll,1.163548,0.116355,-0.009350,7.124462
3880,R_hip_roll,-0.126493,-0.031623,-0.044628,1.359382
3880,R_hip_yaw,0.027282,0.006820,0.003075,0.458397
3880,R_hip_pitch,-0.075020,0.331245,0.384919,-7.773123
3880,R_knee,0.934451,0.883613,0.699923,17.485693
3880,R_foot_pitch,-0.612286,-0.361229,-0.353334,2.119481
3880,R_foot_roll,-0.337085,-0.033708,0.004710,-0.542538
3890,L_hip_roll,1.533616,0.383404,-0.001920,46.314162
3890,L_hip_yaw,0.160846,0.040212,-0.013033,6.407072
3890,L_hip_pitch,-0.267302,-0.416825,-0.348130,-8.140881
3890,L_knee,1.218874,-0.345281,-0.624878,33.621646
3890,L_foot_pitch,-0.330497,0.266950,0.275365,-1.143888
3890,L_foot_roll,1.420836,0.142084,-0.007623,8.703679
3890,R_hip_roll,-0.247479,-0.061870,-0.041992,-2.717836
3890,R_hip_yaw,-0.032653,-0.008163,0.003531,-1.518876
3890,R_hip_pitch,0.074309,0.368577,0.400907,-5.579539
3890,R_knee,0.995585,0.898896,0.752353,11.979814
3890,R_foot_pitch,-0.574446,-0.357445,-0.367362,1.269955
3890,R_foot_roll,-0.427951,-0.042795,-0.013746,0.014181
3900,L_hip_roll,1.404441,0.351110,-0.002733,42.541796
3900,L_hip_yaw,0.134641,0.033660,-0.012740,5.536080
3900,L_hip_pitch,-0.262032,-0.415508,-0.350818,-7.491570
3900,L_knee,1.094926,-0.376269,-0.627977,30.514707
3900,L_foot_pitch,-0.479918,0.252008,0.275713,-1.348887
3900,L_foot_roll,1.567907,0.156791,-0.006228,9.234042
3900,R_hip_roll,-0.329734,-0.082434,-0.038344,-5.692617
3900,R_hip_yaw,-0.046161,-0.011540,0.003122,-1.633839
3900,R_hip_pitch,0.268265,0.417066,0.418431,-1.854552
3900,R_knee,1.104300,0.926075,0.810865,7.965167
3900,R_foot_pitch,-0.606734,-0.360673,-0.369195,0.389025
3900,R_foot_roll,-0.466161,-0.046616,-0.030001,0.425652
3910,L_hip_roll,1.388053,0.347013,-0.003138,42.032651
3910,L_hip_yaw,0.116158,0.029039,-0.012399,4.937685
3910,L_hip_pitch,-0.080237,-0.370059,-0.354392,-1.511287
3910,L_knee,0.993107,-0.401723,-0.632049,28.031086
3910,L_foot_pitch,-0.645207,0.235479,0.277000,-2.629988
3910,L_foot_roll,1.709719,0.170972,-0.005355,10.639558
3910,R_hip_roll,-0.399664,-0.099916,-0.034390,-8.258114
3910,R_hip_yaw,-0.092890,-0.023222,0.000981,-2.650759
3910,R_hip_pitch,0.402441,0.450610,0.435663,0.137979
3910,R_knee,1.125342,0.931335,0.870107,1.550590
3910,R_foot_pitch,-0.599632,-0.359963,-0.366315,-0.015480
3910,R_foot_roll,-0.481814,-0.048181,-0.041356,0.466397
3920,L_hip_roll,1.368831,0.342208,-0.003491,41.517548
3920,L_hip_yaw,0.053816,0.013454,-0.012062,3.030155
3920,L_hip_pitch,0.000166,-0.349958,-0.357929,1.270339
3920,L_knee,0.858990,-0.435252,-0.635798,24.395819
3920,L_foot_pitch,-0.794188,0.220581,0.278252,-3.578270
3920,L_foot_roll,1.853347,0.185335,-0.004537,11.339115
3920,R_hip_roll,-0.319347,-0.079837,-0.030782,-6.222811
3920,R_hip_yaw,-0.072685,-0.018171,-0.003206,-1.283894
3920,R_hip_pitch,0.558611,0.489653,0.450494,3.423887
3920,R_knee,1.167403,0.941851,0.924531,-2.941652
3920,R_foot_pitch,-0.715841,-0.371584,-0.361448,-1.138242
3920,R_foot_roll,-0.386252,-0.038625,-0.047448,0.929080
3930,L_hip_roll,1.349578,0.337395,-0.003525,40.881855
3930,L_hip_yaw,-0.001305,-0.000326,-0.011713,1.328402
3930,L_hip_pitch,0.110354,-0.322411,-0.361104,4.947597
3930,L_knee,0.801475,-0.449631,-0.639102,23.048647
3930,L_foot_pitch,-0.948000,0.205200,0.279437,-4.561873
3930,L_foot_roll,1.984302,0.198430,-0.004236,12.184187
3930,R_hip_roll,-0.363960,-0.090990,-0.027462,-7.956161
3930,R_hip_yaw,-0.081693,-0.020423,-0.008108,-1.023303
3930,R_hip_pitch,0.620958,0.505239,0.461177,4.432050
3930,R_knee,1.205142,0.951286,0.969405,-6.133851
3930,R_foot_pitch,-0.813549,-0.381355,-0.357408,-1.755128
3930,R_foot_roll,-0.285386,-0.028539,-0.047477,0.897918
3940,L_hip_roll,1.434309,0.358577,-0.003187,43.364907
3940,L_hip_yaw,-0.064687,-0.016172,-0.011405,-0.598807
3940,L_hip_pitch,0.258124,-0.285469,-0.363782,9.622161
3940,L_knee,0.692921,-0.476770,-0.641938,20.061827
3940,L_foot_pitch,-1.083427,0.191657,0.280452,-5.414973
3940,L_foot_roll,2.159125,0.215912,-0.003764,13.135883
3940,R_hip_roll,-0.318750,-0.079688,-0.024497,-6.895323
3940,R_hip_yaw,-0.094174,-0.023544,-0.012195,-0.998369
3940,R_hip_pitch,0.751721,0.537930,0.466941,8.191672
3940,R_knee,1.230184,0.957546,1.002253,-8.048188
3940,R_foot_pitch,-0.892846,-0.389285,-0.355053,-2.234170
3940,R_foot_roll,-0.176352,-0.017635,-0.041499,0.661125
3950,L_hip_roll,1.403096,0.350774,-0.002440,42.285861
3950,L_hip_yaw,-0.114026,-0.028507,-0.011182,-2.100035
3950,L_hip_pitch,0.325707,-0.268573,-0.365874,11.867379
3950,L_knee,0.707538,-0.473115,-0.644431,20.804378
3950,L_foot_pitch,-1.161798,0.183820,0.281419,-5.956856
3950,L_foot_roll,2.225363,0.222536,-0.002317,13.287637
3950,R_hip_roll,-0.268410,-0.067102,-0.021756,-5.719541
3950,R_hip_yaw,-0.118995,-0.029749,-0.015603,-1.380513
3950,R_hip_pitch,0.798468,0.549617,0.467855,9.917825
3950,R_knee,1.274524,0.968631,1.022474,-7.923523
3950,R_foot_pitch,-0.945033,-0.394503,-0.353773,-2.537664
3950,R_foot_roll,-0.091361,-0.009136,-0.031607,0.299015
3960,L_hip_roll,1.406190,0.351548,-0.001278,42.208533
3960,L_hip_yaw,-0.150545,-0.037636,-0.011072,-3.193833
3960,L_hip_pitch,0.376390,-0.255902,-0.367362,13.488954
3960,L_knee,0.695337,-0.476166,-0.646458,20.598777
3960,L_foot_pitch,-1.270837,0.172916,0.282274,-6.633162
3960,L_foot_roll,2.324072,0.232407,0.000213,13.653928
3960,R_hip_roll,-0.258500,-0.064625,-0.018965,-5.759241
3960,R_hip_yaw,-0.120263,-0.030066,-0.019369,-0.871444
3960,R_hip_pitch,0.823870,0.555968,0.464936,11.359885
3960,R_knee,1.341522,0.985380,1.031382,-5.949429
3960,R_foot_pitch,-0.993125,-0.399312,-0.353158,-2.810227
3960,R_foot_roll,0.019745,0.001975,-0.020658,0.312468
3970,L_hip_roll,1.455251,0.363813,-0.000003,43.531684
3970,L_hip_yaw,-0.189308,-0.047327,-0.011070,-4.349757
3970,L_hip_pitch,0.415876,-0.246031,-0.368185,14.715127
3970,L_knee,0.732464,-0.466884,-0.647705,21.787469
3970,L_foot_pitch,-1.277430,0.172257,0.282822,-6.673727
3970,L_foot_roll,2.383272,0.238327,0.003929,13.639141
3970,R_hip_roll,-0.162142,-0.040536,-0.016369,-3.143599
3970,R_hip_yaw,-0.130400,-0.032600,-0.023633,-0.650103
3970,R_hip_pitch,0.825964,0.556491,0.459706,12.195636
3970,R_knee,1.361869,0.990467,1.031921,-4.739148
3970,R_foot_pitch,-1.004960,-0.400496,-0.352954,-2.860505
3970,R_foot_roll,0.077745,0.007774,-0.009585,-0.024298
3980,L_hip_roll,1.413568,0.353392,0.001497,42.059253
3980,L_hip_yaw,-0.196947,-0.049237,-0.011134,-4.565405
3980,L_hip_pitch,0.385505,-0.253624,-0.368250,13.725726
3980,L_knee,0.782504,-0.454374,-0.647875,23.181327
3980,L_foot_pitch,-1.253603,0.174640,0.282920,-6.482061
3980,L_foot_roll,2.343877,0.234388,0.007787,13.245761
3980,R_hip_roll,-0.173546,-0.043387,-0.013762,-3.827699
3980,R_hip_yaw,-0.120902,-0.030226,-0.028091,0.190395
3980,R_hip_pitch,0.787639,0.546910,0.453458,11.856831
3980,R_knee,1.388009,0.997002,1.026800,-2.865087
3980,R_foot_pitch,-1.008170,-0.400817,-0.352969,-2.863907
3980,R_foot_roll,0.129587,0.012959,0.000213,-0.095660
3990,L_hip_roll,1.406379,0.351595,0.003252,41.622120
3990,L_hip_yaw,-0.249385,-0.062346,-0.011195,-6.135141
3990,L_hip_pitch,0.374907,-0.256273,-0.367358,13.200184
3990,L_knee,0.782357,-0.454411,-0.646440,22.822447
3990,L_foot_pitch,-1.214166,0.178583,0.282298,-6.124466
3990,L_foot_roll,2.305291,0.230529,0.010223,13.046867
3990,R_hip_roll,-0.134576,-0.033644,-0.011188,-2.938082
3990,R_hip_yaw,-0.104029,-0.026007,-0.031872,1.017582
3990,R_hip_pitch,0.759650,0.539913,0.447183,11.724008
3990,R_knee,1.447987,1.011997,1.018254,0.189865
3990,R_foot_pitch,-1.037539,-0.403754,-0.353081,-3.026941
3990,R_foot_roll,0.184969,0.018497,0.008090,-0.063999
4000,L_hip_roll,1.480719,0.370180,0.005108,43.620740
4000,L_hip_yaw,-0.220066,-0.055016,-0.011304,-5.229769
4000,L_hip_pitch,0.388237,-0.252941,-0.365812,13.377038
4000,L_knee,0.808111,-0.447972,-0.643573,23.139626
4000,L_foot_pitch,-1.158314,0.184169,0.280956,-5.646053
4000,L_foot_roll,2.253456,0.225346,0.011029,12.833080
4000,R_hip_roll,-0.116859,-0.029215,-0.008897,-2.654894
4000,R_hip_yaw,-0.109338,-0.027335,-0.033668,0.833554
4000,R_hip_pitch,0.710343,0.527586,0.442231,10.641367
4000,R_knee,1.434615,1.008654,1.009471,0.705431
4000,R_foot_pitch,-1.038371,-0.403837,-0.353264,-3.013819
4000,R_foot_roll,0.222377,0.022238,0.014544,-0.109709
4010,L_hip_roll,1.464620,0.366155,0.007304,42.821944
4010,L_hip_yaw,-0.199834,-0.049958,-0.011448,-4.606909
4010,L_hip_pitch,0.349604,-0.262599,-0.363600,11.866014
4010,L_knee,0.788181,-0.452955,-0.639406,21.902687
4010,L_foot_pitch,-1.155683,0.184432,0.278981,-5.449900
4010,L_foot_roll,2.201267,0.220127,0.009311,12.938701
4010,R_hip_roll,-0.154424,-0.038606,-0.006643,-4.066514
4010,R_hip_yaw,-0.101444,-0.025361,-0.033270,0.827124
4010,R_hip_pitch,0.699041,0.524760,0.438980,10.547008
4010,R_knee,1.484872,1.021218,1.002007,2.984881
4010,R_foot_pitch,-1.070756,-0.407076,-0.353472,-3.195854
4010,R_foot_roll,0.249989,0.024999,0.019633,-0.110353
4020,L_hip_roll,1.558867,0.389717,0.009755,45.349403
4020,L_hip_yaw,-0.171768,-0.042942,-0.011552,-3.757327
4020,L_hip_pitch,0.330357,-0.267411,-0.361141,11.013840
4020,L_knee,0.799929,-0.450018,-0.634579,21.663920
4020,L_foot_pitch,-1.092443,0.190756,0.276628,-4.910765
4020,L_foot_roll,2.149603,0.214960,0.005967,12.881270
4020,R_hip_roll,-0.168352,-0.042088,-0.004488,-4.714766
4020,R_hip_yaw,-0.113679,-0.028420,-0.030966,0.004067
4020,R_hip_pitch,0.711165,0.527791,0.438058,10.726938
4020,R_knee,1.479083,1.019771,0.997459,2.944950
4020,R_foot_pitch,-1.049007,-0.404901,-0.353702,-3.048250
4020,R_foot_roll,0.268683,0.026868,0.023532,-0.132702
4030,L_hip_roll,1.557228,0.389307,0.012473,44.930935
4030,L_hip_yaw,-0.137439,-0.034360,-0.011596,-2.728668
4030,L_hip_pitch,0.318292,-0.270427,-0.359064,10.454252
4030,L_knee,0.793464,-0.451634,-0.629811,20.918492
4030,L_foot_pitch,-1.081575,0.191843,0.274162,-4.691537
4030,L_foot_roll,2.080315,0.208032,0.001706,12.839538
4030,R_hip_roll,-0.215282,-0.053821,-0.002398,-6.383854
4030,R_hip_yaw,-0.115737,-0.028934,-0.027737,-0.468521
4030,R_hip_pitch,0.711801,0.527950,0.440152,10.195080
4030,R_knee,1.486007,1.021502,0.996933,2.834069
4030,R_foot_pitch,-1.035717,-0.403572,-0.353902,-2.963025
4030,R_foot_roll,0.278852,0.027885,0.026284,-0.122449
4040,L_hip_roll,1.562368,0.390592,0.015458,44.713254
4040,L_hip_yaw,-0.113373,-0.028343,-0.011556,-2.020283
4040,L_hip_pitch,0.302407,-0.274398,-0.357585,9.864061
4040,L_knee,0.782079,-0.454480,-0.625460,20.111542
4040,L_foot_pitch,-1.053771,0.194623,0.271813,-4.403833
4040,L_foot_roll,2.020657,0.202066,-0.003078,12.761633
4040,R_hip_roll,-0.250429,-0.062607,-0.000399,-7.653664
4040,R_hip_yaw,-0.125177,-0.031294,-0.024678,-1.072545
4040,R_hip_pitch,0.725785,0.531446,0.445094,9.755799
4040,R_knee,1.484403,1.021101,0.999994,2.090119
4040,R_foot_pitch,-1.008306,-0.400831,-0.354033,-2.797627
4040,R_foot_roll,0.280496,0.028050,0.028089,-0.145777
4050,L_hip_roll,1.539648,0.384912,0.018524,43.657756
4050,L_hip_yaw,-0.084158,-0.021039,-0.011468,-1.156958
4050,L_hip_pitch,0.275298,-0.281175,-0.356828,9.034766
4050,L_knee,0.782888,-0.454278,-0.621849,19.786065
4050,L_foot_pitch,-1.027959,0.197204,0.269644,-4.140463
4050,L_foot_roll,1.939690,0.193969,-0.007286,12.453498
4050,R_hip_roll,-0.262048,-0.065512,0.001289,-8.168562
4050,R_hip_yaw,-0.128169,-0.032042,-0.022613,-1.275764
4050,R_hip_pitch,0.734567,0.533642,0.452383,8.939821
4050,R_knee,1.459616,1.014904,1.005689,0.459352
4050,R_foot_pitch,-0.969758,-0.396976,-0.354085,-2.571218
4050,R_foot_roll,0.264687,0.026469,0.029133,-0.233988
4060,L_hip_roll,1.454298,0.363574,0.021683,40.706067
4060,L_hip_yaw,-0.055848,-0.013962,-0.011351,-0.325465
4060,L_hip_pitch,0.240364,-0.289909,-0.356716,8.028762
4060,L_knee,0.779702,-0.455075,-0.619011,19.421933
4060,L_foot_pitch,-1.000203,0.199980,0.267701,-3.880612
4060,L_foot_roll,1.815618,0.181562,-0.010946,11.890513
4060,R_hip_roll,-0.273601,-0.068400,0.002612,-8.636753
4060,R_hip_yaw,-0.125259,-0.031315,-0.021902,-1.144653
4060,R_hip_pitch,0.713554,0.528389,0.461085,7.175048
4060,R_knee,1.415498,1.003875,1.012090,-1.596555
4060,R_foot_pitch,-0.947659,-0.394766,-0.354045,-2.450770
4060,R_foot_roll,0.245936,0.024594,0.029342,-0.274592
4070,L_hip_roll,1.349042,0.337260,0.024915,37.157690
4070,L_hip_yaw,-0.023032,-0.005758,-0.011215,0.641860
4070,L_hip_pitch,0.172955,-0.306761,-0.356904,6.039995
4070,L_knee,0.784034,-0.453991,-0.616723,19.319290
4070,L_foot_pitch,-0.942354,0.205765,0.265973,-3.450283
4070,L_foot_roll,1.667234,0.166723,-0.014410,11.201681
4070,R_hip_roll,-0.245931,-0.061483,0.003440,-7.845792
4070,R_hip_yaw,-0.122180,-0.030545,-0.022150,-0.955256
4070,R_hip_pitch,0.698609,0.524652,0.469726,5.768260
4070,R_knee,1.346548,0.986637,1.016412,-3.847558
4070,R_foot_pitch,-0.923635,-0.392363,-0.353929,-2.319473
4070,R_foot_roll,0.216155,0.021615,0.028762,-0.348519
4080,L_hip_roll,1.219364,0.304841,0.028209,32.864204
4080,L_hip_yaw,0.016662,0.004166,-0.011067,1.812821
4080,L_hip_pitch,0.083769,-0.329058,-0.357199,3.412574
4080,L_knee,0.795616,-0.451096,-0.614850,19.484718
4080,L_foot_pitch,-0.882633,0.211737,0.264460,-3.023772
4080,L_foot_roll,1.466698,0.146670,-0.017984,10.235974
4080,R_hip_roll,-0.207314,-0.051829,0.003710,-6.666551
4080,R_hip_yaw,-0.106726,-0.026681,-0.022795,-0.396684
4080,R_hip_pitch,0.636068,0.509017,0.476875,3.231742
4080,R_knee,1.233716,0.958429,1.015758,-6.543214
4080,R_foot_pitch,-0.917811,-0.391781,-0.353763,-2.298728
4080,R_foot_roll,0.200173,0.020017,0.027281,-0.259631
4090,L_hip_roll,1.036345,0.259086,0.031674,26.935995
4090,L_hip_yaw,0.060324,0.015081,-0.010899,3.099971
4090,L_hip_pitch,-0.018053,-0.354513,-0.357484,0.384881
4090,L_knee,0.805886,-0.448528,-0.613278,19.628567
4090,L_foot_pitch,-0.807430,0.219257,0.263152,-2.514367
4090,L_foot_roll,1.189584,0.118958,-0.022334,8.945499
4090,R_hip_roll,-0.138729,-0.034682,0.003491,-4.535732
4090,R_hip_yaw,-0.083885,-0.020971,-0.022956,0.213167
4090,R_hip_pitch,0.551148,0.487787,0.480971,0.570321
4090,R_knee,1.087797,0.921949,1.006851,-8.881322
4090,R_foot_pitch,-0.931494,-0.393149,-0.353578,-2.392094
4090,R_foot_roll,0.186836,0.018684,0.025293,-0.198126
4100,L_hip_roll,0.828616,0.207154,0.035072,20.319083
4100,L_hip_yaw,0.099133,0.024783,-0.010744,4.248845
4100,L_hip_pitch,-0.127615,-0.381904,-0.358091,-2.768945
4100,L_knee,0.832707,-0.441823,-0.612602,20.489546
4100,L_foot_pitch,-0.708756,0.229124,0.262124,-1.936188
4100,L_foot_roll,0.856289,0.085629,-0.024943,6.811415
4100,R_hip_roll,-0.016640,-0.004160,0.002763,-0.732028
4100,R_hip_yaw,-0.051292,-0.012823,-0.021649,0.853271
4100,R_hip_pitch,0.446596,0.461649,0.480385,-1.971226
4100,R_knee,0.897609,0.874402,0.986355,-10.850195
4100,R_foot_pitch,-0.946058,-0.394606,-0.353419,-2.484851
4100,R_foot_roll,0.159994,0.015999,0.023290,-0.245916
4110,L_hip_roll,0.549376,0.137344,0.038655,11.497052
4110,L_hip_yaw,0.139784,0.034946,-0.010560,5.443159
4110,L_hip_pitch,-0.206479,-0.401620,-0.358785,-5.030836
4110,L_knee,0.831804,-0.442049,-0.612427,20.500137
4110,L_foot_pitch,-0.616782,0.238322,0.261517,-1.378600
4110,L_foot_roll,0.411837,0.041184,-0.028427,4.413781
4110,R_hip_roll,0.117048,0.029262,0.001790,3.407844
4110,R_hip_yaw,-0.015220,-0.003805,-0.018074,1.261525
4110,R_hip_pitch,0.286388,0.421597,0.473710,-5.323740
4110,R_knee,0.653087,0.813272,0.951417,-12.454565
4110,R_foot_pitch,-0.990361,-0.399036,-0.353307,-2.752480
4110,R_foot_roll,0.127395,0.012739,0.020927,-0.238484
4120,L_hip_roll,0.216194,0.054049,0.042196,1.092389
4120,L_hip_yaw,0.153150,0.038288,-0.010371,5.826296
4120,L_hip_pitch,-0.275223,-0.418806,-0.359551,-6.997834
4120,L_knee,0.802889,-0.449278,-0.612927,19.763220
4120,L_foot_pitch,-0.513328,0.248667,0.261616,-0.776917
4120,L_foot_roll,-0.076827,-0.007683,-0.031651,1.659118
4120,R_hip_roll,0.274804,0.068701,0.000742,8.271242
4120,R_hip_yaw,0.023443,0.005861,-0.012006,1.452659
4120,R_hip_pitch,0.099064,0.374766,0.459372,-8.392420
4120,R_knee,0.401962,0.750491,0.899299,-11.924014
4120,R_foot_pitch,-1.027097,-0.402710,-0.353266,-2.966924
4120,R_foot_roll,0.073741,0.007374,0.017692,-0.266444
4130,L_hip_roll,-0.206921,-0.051730,0.045316,-11.914132
4130,L_hip_yaw,0.144888,0.036222,-0.010358,5.603252
4130,L_hip_pitch,-0.302178,-0.425544,-0.360375,-7.693815
4130,L_knee,0.740902,-0.464775,-0.614418,18.206967
4130,L_foot_pitch,-0.314771,0.268523,0.262314,0.286168
4130,L_foot_roll,-0.614344,-0.061434,-0.034880,-1.335610
4130,R_hip_roll,0.458508,0.114627,-0.000356,13.920699
4130,R_hip_yaw,0.060878,0.015219,-0.003986,1.465495
4130,R_hip_pitch,-0.123905,0.319024,0.436185,-11.402758
4130,R_knee,0.127334,0.681833,0.828721,-9.879906
4130,R_foot_pitch,-0.980343,-0.398034,-0.353311,-2.675006
4130,R_foot_roll,-0.046796,-0.004680,0.012955,-0.534825
4140,L_hip_roll,-0.721215,-0.180304,0.047275,-27.430855
4140,L_hip_yaw,0.102345,0.025586,-0.010835,4.436415
4140,L_hip_pitch,-0.248069,-0.412017,-0.361370,-5.968460
4140,L_knee,0.596803,-0.500799,-0.617583,14.404714
4140,L_foot_pitch,-0.013747,0.298625,0.263707,1.908287
4140,L_foot_roll,-1.038476,-0.103848,-0.037372,-3.742976
4140,R_hip_roll,0.591498,0.147874,-0.001623,18.083656
4140,R_hip_yaw,0.089500,0.022375,0.004481,1.346128
4140,R_hip_pitch,-0.276047,0.280988,0.403774,-11.168683
4140,R_knee,-0.169584,0.607604,0.740670,-6.599739
4140,R_foot_pitch,-0.751385,-0.375139,-0.353364,-1.301590
4140,R_foot_roll,-0.293430,-0.029343,0.005103,-1.171986
4150,L_hip_roll,-1.049474,-0.262368,0.047042,-36.969165
4150,L_hip_yaw,0.026359,0.006590,-0.011837,2.326340
4150,L_hip_pitch,-0.023267,-0.355817,-0.362296,0.891028
4150,L_knee,0.252479,-0.586880,-0.622616,4.897622
4150,L_foot_pitch,0.323184,0.332318,0.266448,3.618584
4150,L_foot_roll,-1.128198,-0.112820,-0.039850,-4.155651
4150,R_hip_roll,0.593062,0.148266,-0.003533,18.462372
4150,R_hip_yaw,0.092961,0.023240,0.011257,0.903419
4150,R_hip_pitch,-0.182299,0.304425,0.363337,-2.823176
4150,R_knee,-0.573968,0.506508,0.639310,-5.540961
4150,R_foot_pitch,-0.410620,-0.341062,-0.353189,0.700446
4150,R_foot_roll,-0.646867,-0.064687,-0.008847,-1.755815
4160,L_hip_roll,-0.789280,-0.197320,0.047030,-29.300587
4160,L_hip_yaw,-0.087706,-0.021926,-0.010928,-1.440531
4160,L_hip_pitch,-0.120227,-0.380057,-0.362373,-2.191608
4160,L_knee,-0.123422,-0.680855,-0.627590,-5.906104
4160,L_foot_pitch,1.033792,0.403379,0.270745,7.565427
4160,L_foot_roll,-0.478807,-0.047881,-0.042598,-0.128777
4160,R_hip_roll,0.107405,0.026851,-0.004875,3.832011
4160,R_hip_yaw,-0.222300,-0.055575,0.012476,-8.365992
4160,R_hip_pitch,0.146582,0.386646,0.348001,5.722289
4160,R_knee,-1.364569,0.308858,0.598066,-31.922637
4160,R_foot_pitch,-0.126750,-0.312675,-0.254802,-12.638523
4160,R_foot_roll,-1.207333,-0.120733,0.004119,-7.551861
4170,L_hip_roll,-0.911892,-0.227973,0.048960,-33.456293
4170,L_hip_yaw,-0.020164,-0.005041,-0.009093,0.521746
4170,L_hip_pitch,0.423431,-0.244142,-0.365570,15.182847
4170,L_knee,-0.631919,-0.807980,-0.639615,-18.396030
4170,L_foot_pitch,1.399551,0.439955,0.293500,5.614276
4170,L_foot_roll,-0.039070,-0.003907,-0.042695,2.310724
4170,R_hip_roll,-0.582395,-0.145599,-0.002487,-17.474919
4170,R_hip_yaw,-0.168507,-0.042127,0.013865,-6.754400
4170,R_hip_pitch,0.577780,0.494445,0.349513,17.302276
4170,R_knee,-1.643295,0.239176,0.602672,-43.967555
4170,R_foot_pitch,0.190302,-0.280970,-0.256033,-1.317218
4170,R_foot_roll,-1.722951,-0.172295,0.004609,-10.446819
4180,L_hip_roll,-0.566758,-0.141689,0.047603,-22.307806
4180,L_hip_yaw,-0.021663,-0.005416,-0.001723,-1.651443
4180,L_hip_pitch,0.373716,-0.256571,-0.373067,14.783151
4180,L_knee,-1.150338,-0.937584,-0.666036,-29.443213
4180,L_foot_pitch,1.637418,0.463742,0.343429,1.442759
4180,L_foot_roll,0.327310,0.032731,-0.030652,1.999643
4180,R_hip_roll,-0.967113,-0.241778,-0.000145,-29.171493
4180,R_hip_yaw,-0.241630,-0.060408,0.014233,-8.991549
4180,R_hip_pitch,0.609148,0.502287,0.350220,18.200025
4180,R_knee,-1.705562,0.223610,0.605940,-46.190230
4180,R_foot_pitch,0.530279,-0.246972,-0.257612,0.803151
4180,R_foot_roll,-1.941413,-0.194141,0.002892,-11.658148
4190,L_hip_roll,-0.166747,-0.041687,0.041682,-9.279983
4190,L_hip_yaw,-0.000408,-0.000102,0.011252,-2.595286
4190,L_hip_pitch,0.325687,-0.268578,-0.386794,15.904010
4190,L_knee,-1.122342,-0.930586,-0.712549,-20.566200
4190,L_foot_pitch,1.701226,0.470123,0.385944,2.688987
4190,L_foot_roll,0.720976,0.072098,-0.004673,1.744338
4190,R_hip_roll,-1.048432,-0.262108,0.001301,-31.723249
4190,R_hip_yaw,-0.179683,-0.044921,0.013931,-6.983859
4190,R_hip_pitch,0.693131,0.523283,0.350921,20.616478
4190,R_knee,-1.485190,0.278703,0.608763,-39.853859
4190,R_foot_pitch,1.025817,-0.197418,-0.259021,3.821479
4190,R_foot_roll,-1.776831,-0.177683,0.001377,-10.602589
4200,L_hip_roll,0.085840,0.021460,0.033994,-0.709207
4200,L_hip_yaw,0.000042,0.000010,0.020252,-3.007948
4200,L_hip_pitch,0.121620,-0.319595,-0.405741,12.247232
4200,L_knee,-1.295637,-0.973909,-0.774638,-17.439539
4200,L_foot_pitch,1.665576,0.466558,0.396191,3.994822
4200,L_foot_roll,0.787001,0.078700,0.028574,-0.332317
4200,R_hip_roll,-1.179841,-0.294960,0.002252,-35.742231
4200,R_hip_yaw,-0.190705,-0.047676,0.013222,-7.250735
4200,R_hip_pitch,0.667420,0.516855,0.352265,19.588134
4200,R_knee,-1.445057,0.288736,0.611497,-39.010313
4200,R_foot_pitch,1.085929,-0.191407,-0.260143,4.230818
4200,R_foot_roll,-1.854357,-0.185436,0.000170,-11.022176
4210,L_hip_roll,0.239528,0.059882,0.026701,4.664081
4210,L_hip_yaw,0.039715,0.009929,0.021107,-1.056389
4210,L_hip_pitch,-0.196414,-0.399104,-0.426081,5.246166
4210,L_knee,-1.282956,-0.970739,-0.843702,-8.223618
4210,L_foot_pitch,1.538771,0.453877,0.393538,4.157130
4210,L_foot_roll,0.734673,0.073467,0.057606,-1.470384
4210,R_hip_roll,-1.392635,-0.348159,0.003188,-42.263062
4210,R_hip_yaw,-0.170622,-0.042655,0.012652,-6.590159
4210,R_hip_pitch,0.287281,0.421820,0.354616,7.796439
4210,R_knee,-1.141714,0.364571,0.614322,-30.237752
4210,R_foot_pitch,1.207812,-0.179219,-0.261022,4.977124
4210,R_foot_roll,-1.900559,-0.190056,-0.000989,-11.231970
4220,L_hip_roll,0.416209,0.104052,0.020218,10.691623
4220,L_hip_yaw,0.077923,0.019481,0.015729,1.146616
4220,L_hip_pitch,-0.497265,-0.474316,-0.445123,-1.782677
4220,L_knee,-1.165243,-0.941311,-0.912888,3.231119
4220,L_foot_pitch,1.456291,0.445629,0.386791,4.259733
4220,L_foot_roll,0.647394,0.064739,0.073827,-1.574136
4220,R_hip_roll,-1.402337,-0.350584,0.004062,-42.628054
4220,R_hip_yaw,-0.130032,-0.032508,0.012065,-5.288935
4220,R_hip_pitch,0.007227,0.351807,0.357499,-0.966077
4220,R_knee,-0.995860,0.401035,0.617230,-26.234700
4220,R_foot_pitch,1.143144,-0.185686,-0.261845,4.655558
4220,R_foot_roll,-1.823887,-0.182389,-0.002025,-10.727664
4230,L_hip_roll,0.412881,0.103220,0.014531,11.169770
4230,L_hip_yaw,0.052293,0.013073,0.008636,1.216770
4230,L_hip_pitch,-0.644703,-0.511176,-0.459207,-5.139114
4230,L_knee,-1.218204,-0.954551,-0.972396,7.408946
4230,L_foot_pitch,1.426167,0.442617,0.379573,4.474258
4230,L_foot_roll,0.492380,0.049238,0.076782,-1.496915
4230,R_hip_roll,-1.439993,-0.359998,0.004852,-43.862794
4230,R_hip_yaw,-0.074702,-0.018676,0.011348,-3.526095
4230,R_hip_pitch,-0.094925,0.326269,0.359725,-4.175706
4230,R_knee,-0.889057,0.427736,0.619493,-23.172537
4230,R_foot_pitch,1.142364,-0.185764,-0.262553,4.660036
4230,R_foot_roll,-1.865710,-0.186571,-0.002917,-10.932655
4240,L_hip_roll,0.497481,0.124370,0.009666,14.226687
4240,L_hip_yaw,0.033053,0.008263,0.001698,1.451429
4240,L_hip_pitch,-0.678914,-0.519728,-0.467046,-5.823977
4240,L_knee,-1.203380,-0.950845,-1.017047,11.683864
4240,L_foot_pitch,1.397481,0.439748,0.373305,4.554140
4240,L_foot_roll,0.377710,0.037771,0.069130,-0.817605
4240,R_hip_roll,-1.344610,-0.336153,0.005512,-41.050042
4240,R_hip_yaw,0.037148,0.009287,0.010479,-0.050694
4240,R_hip_pitch,-0.243439,0.289140,0.360973,-8.707907
4240,R_knee,-0.764385,0.458904,0.620733,-19.504081
4240,R_foot_pitch,1.159841,-0.184016,-0.263013,4.775187
4240,R_foot_roll,-1.825565,-0.182556,-0.003754,-10.652026
4250,L_hip_roll,0.392529,0.098132,0.005832,11.401706
4250,L_hip_yaw,0.016843,0.004211,-0.004620,1.632380
4250,L_hip_pitch,-0.742989,-0.535747,-0.467877,-8.401018
4250,L_knee,-1.272310,-0.968078,-1.044693,11.145167
4250,L_foot_pitch,1.458521,0.445852,0.368366,5.083331
4250,L_foot_roll,0.378468,0.037847,0.055354,0.405361
4250,R_hip_roll,-1.460633,-0.365158,0.006092,-44.612575
4250,R_hip_yaw,0.044328,0.011082,0.009779,0.208361
4250,R_hip_pitch,-0.244003,0.288999,0.360987,-8.570450
4250,R_knee,-0.817990,0.445503,0.620904,-21.007762
4250,R_foot_pitch,1.136952,-0.186305,-0.263218,4.619933
4250,R_foot_roll,-1.984793,-0.198479,-0.004528,-11.561916
4260,L_hip_roll,0.396297,0.099074,0.002739,11.855782
4260,L_hip_yaw,0.008590,0.002148,-0.009448,1.783925
4260,L_hip_pitch,-0.649843,-0.512461,-0.462506,-6.746076
4260,L_knee,-1.385529,-0.996382,-1.056059,7.646650
4260,L_foot_pitch,1.462469,0.446247,0.364757,5.195583
4260,L_foot_roll,0.297202,0.029720,0.042777,0.259838
4260,R_hip_roll,-1.576973,-0.394243,0.006484,-48.108201
4260,R_hip_yaw,0.075254,0.018814,0.009347,1.172160
4260,R_hip_pitch,-0.232111,0.291972,0.359943,-8.028430
4260,R_knee,-0.807382,0.448154,0.620063,-20.511515
4260,R_foot_pitch,1.155790,-0.184421,-0.263124,4.699090
4260,R_foot_roll,-2.138829,-0.213883,-0.005228,-12.458796
4270,L_hip_roll,0.384512,0.096128,-0.000103,11.820972
4270,L_hip_yaw,0.024077,0.006019,-0.012305,2.388428
4270,L_hip_pitch,-0.692473,-0.523118,-0.452930,-9.523905
4270,L_knee,-1.460383,-1.015096,-1.055071,4.254995
4270,L_foot_pitch,1.427085,0.442709,0.362279,5.031248
4270,L_foot_roll,0.284989,0.028499,0.033473,0.494664
4270,R_hip_roll,-1.647578,-0.411894,0.006358,-50.151113
4270,R_hip_yaw,0.052290,0.013072,0.009226,0.456896
4270,R_hip_pitch,-0.379436,0.255141,0.358590,-12.278348
4270,R_knee,-0.787838,0.453040,0.618955,-19.803693
4270,R_foot_pitch,1.259035,-0.174096,-0.262946,5.314251
4270,R_foot_roll,-2.199633,-0.219963,-0.005916,-12.787263
4280,L_hip_roll,0.332863,0.083216,-0.002605,10.524916
4280,L_hip_yaw,0.035565,0.008891,-0.012539,2.464397
4280,L_hip_pitch,-0.597420,-0.499355,-0.441328,-8.143941
4280,L_knee,-1.476724,-1.019181,-1.046915,2.329062
4280,L_foot_pitch,1.383829,0.438383,0.360605,4.806165
4280,L_foot_roll,0.262096,0.026210,0.027481,0.365059
4280,R_hip_roll,-1.651193,-0.412798,0.005765,-50.156622
4280,R_hip_yaw,0.094518,0.023630,0.009184,1.747071
4280,R_hip_pitch,-0.264244,0.283939,0.356954,-8.588420
4280,R_knee,-0.857065,0.435734,0.617743,-21.718377
4280,R_foot_pitch,1.294959,-0.170504,-0.262783,5.522747
4280,R_foot_roll,-2.226087,-0.222609,-0.006143,-12.967603
4290,L_hip_roll,0.348605,0.087151,-0.004706,11.214807
4290,L_hip_yaw,0.027049,0.006762,-0.009500,1.507705
4290,L_hip_pitch,-0.550799,-0.487700,-0.429465,-8.150233
4290,L_knee,-1.488101,-1.022025,-1.035233,0.323422
4290,L_foot_pitch,1.349321,0.434932,0.359451,4.626195
4290,L_foot_roll,0.196378,0.019638,0.024380,-0.070126
4290,R_hip_roll,-1.571076,-0.392769,0.004825,-47.601707
4290,R_hip_yaw,0.127474,0.031868,0.009231,2.701841
4290,R_hip_pitch,-0.310651,0.272337,0.355412,-9.839239
4290,R_knee,-0.888913,0.427772,0.616591,-22.556036
4290,R_foot_pitch,1.278148,-0.172185,-0.262573,5.401532
4290,R_foot_roll,-2.189820,-0.218982,-0.006179,-12.769077
4300,L_hip_roll,0.238785,0.059696,-0.005910,7.932865
4300,L_hip_yaw,0.063240,0.015810,-0.004196,1.821311
4300,L_hip_pitch,-0.584881,-0.496220,-0.418207,-10.430490
4300,L_knee,-1.487054,-1.021764,-1.022353,-1.196134
4300,L_foot_pitch,1.283534,0.428353,0.358636,4.252302
4300,L_foot_roll,0.059077,0.005908,0.021491,-0.618032
4300,R_hip_roll,-1.586806,-0.396702,0.003872,-47.987694
4300,R_hip_yaw,0.160845,0.040211,0.009492,3.655674
4300,R_hip_pitch,-0.421528,0.244618,0.353914,-12.960878
4300,R_knee,-0.834677,0.441331,0.615179,-20.698851
4300,R_foot_pitch,1.178964,-0.182104,-0.262130,4.741820
4300,R_foot_roll,-2.237224,-0.223722,-0.006045,-13.067177
4310,L_hip_roll,0.228978,0.057245,-0.006196,7.615645
4310,L_hip_yaw,0.051660,0.012915,0.002858,0.427730
4310,L_hip_pitch,-0.517156,-0.479289,-0.408613,-9.329872
4310,L_knee,-1.473085,-1.018271,-1.010948,-1.883696
4310,L_foot_pitch,1.300685,0.430069,0.358005,4.380944
4310,L_foot_roll,-0.002412,-0.000241,0.016052,-0.332219
4310,R_hip_roll,-1.585806,-0.396452,0.002997,-47.842385
4310,R_hip_yaw,0.198390,0.049597,0.009833,4.741007
4310,R_hip_pitch,-0.373263,0.256684,0.352350,-11.330457
4310,R_knee,-0.904490,0.423877,0.613591,-22.616315
4310,R_foot_pitch,1.067008,-0.193299,-0.261580,4.042270
4310,R_foot_roll,-2.306243,-0.230624,-0.005873,-13.505383
4320,L_hip_roll,0.174011,0.043503,-0.005884,5.869166
4320,L_hip_yaw,0.054501,0.013625,0.010440,-0.333967
4320,L_hip_pitch,-0.526734,-0.481684,-0.401139,-10.314245
4320,L_knee,-1.551998,-1.037999,-1.002232,-5.031075
4320,L_foot_pitch,1.323330,0.432333,0.357532,4.527903
4320,L_foot_roll,-0.094010,-0.009401,0.008358,-0.274408
4320,R_hip_roll,-1.631292,-0.407823,0.002018,-49.076871
4320,R_hip_yaw,0.234744,0.058686,0.010227,5.774054
4320,R_hip_pitch,-0.420107,0.244973,0.350788,-12.540826
4320,R_knee,-0.872359,0.431910,0.611990,-21.443852
4320,R_foot_pitch,1.049951,-0.195005,-0.260988,3.894384
4320,R_foot_roll,-2.388851,-0.238885,-0.005542,-14.053271
4330,L_hip_roll,0.137494,0.034374,-0.005208,4.677004
4330,L_hip_yaw,0.072366,0.018092,0.016682,-0.363003
4330,L_hip_pitch,-0.553153,-0.488288,-0.396673,-11.273603
4330,L_knee,-1.569634,-1.042409,-0.998419,-5.368586
4330,L_foot_pitch,1.270340,0.427034,0.357243,4.209151
4330,L_foot_roll,-0.105477,-0.010548,-0.000418,0.258667
4330,R_hip_roll,-1.566503,-0.391626,0.000848,-46.966355
4330,R_hip_yaw,0.238349,0.059587,0.010643,5.834264
4330,R_hip_pitch,-0.430307,0.242423,0.349566,-12.761355
4330,R_knee,-0.880977,0.429756,0.610860,-21.658118
4330,R_foot_pitch,1.006886,-0.199311,-0.260538,3.642076
4330,R_foot_roll,-2.302192,-0.230219,-0.005634,-13.438336
4340,L_hip_roll,0.163693,0.040923,-0.004471,5.374705
4340,L_hip_yaw,0.076494,0.019124,0.021274,-0.643507
4340,L_hip_pitch,-0.601668,-0.500417,-0.396160,-12.386871
4340,L_knee,-1.541919,-1.035480,-1.001420,-3.492164
4340,L_foot_pitch,1.245055,0.424505,0.357034,4.068210
4340,L_foot_roll,-0.084183,-0.008418,-0.007794,0.571044
4340,R_hip_roll,-1.522831,-0.380708,-0.000641,-45.443520
4340,R_hip_yaw,0.222574,0.055644,0.010965,5.335299
4340,R_hip_pitch,-0.407554,0.248112,0.348799,-12.020160
4340,R_knee,-0.887028,0.428243,0.610279,-21.800641
4340,R_foot_pitch,1.002764,-0.199724,-0.260246,3.604989
4340,R_foot_roll,-2.211849,-0.221185,-0.005377,-13.014644
4350,L_hip_roll,0.130382,0.032596,-0.003663,4.264191
4350,L_hip_yaw,0.081313,0.020328,0.024092,-0.641748
4350,L_hip_pitch,-0.630091,-0.507523,-0.399508,-12.475200
4350,L_knee,-1.515597,-1.028899,-1.010148,-1.188233
4350,L_foot_pitch,1.203043,0.420304,0.356818,3.831304
4350,L_foot_roll,-0.057305,-0.005730,-0.011749,0.603455
4350,R_hip_roll,-1.517912,-0.379478,-0.002446,-45.050244
4350,R_hip_yaw,0.208388,0.052097,0.011085,4.919315
4350,R_hip_pitch,-0.399740,0.250065,0.348382,-11.770472
4350,R_knee,-0.865086,0.433728,0.609807,-21.081102
4350,R_foot_pitch,1.018376,-0.198162,-0.259885,3.661668
4350,R_foot_roll,-2.118237,-0.211824,-0.003745,-12.706953
4360,L_hip_roll,0.166833,0.041708,-0.002952,5.300200
4360,L_hip_yaw,0.075598,0.018899,0.025011,-0.745233
4360,L_hip_pitch,-0.649212,-0.512303,-0.405796,-12.059247
4360,L_knee,-1.481277,-1.020319,-1.021783,1.381089
4360,L_foot_pitch,1.192289,0.419229,0.356557,3.787944
4360,L_foot_roll,0.003311,0.000331,-0.012167,0.669363
4360,R_hip_roll,-1.461868,-0.365467,-0.004611,-43.070482
4360,R_hip_yaw,0.190697,0.047674,0.010987,4.418447
4360,R_hip_pitch,-0.375144,0.256214,0.348523,-11.122860
4360,R_knee,-0.849737,0.437566,0.609707,-20.682244
4360,R_foot_pitch,1.043511,-0.195649,-0.259554,3.814144
4360,R_foot_roll,-2.014667,-0.201467,-0.001771,-12.115757
4370,L_hip_roll,0.176199,0.044050,-0.002393,5.519646
4370,L_hip_yaw,0.074561,0.018640,0.024035,-0.466753
4370,L_hip_pitch,-0.676201,-0.519050,-0.413644,-11.833364
4370,L_knee,-1.405439,-1.001360,-1.033035,4.827829
4370,L_foot_pitch,1.142390,0.414239,0.356270,3.506410
4370,L_foot_roll,0.048338,0.004834,-0.009493,0.499318
4370,R_hip_roll,-1.389489,-0.347372,-0.007158,-40.550551
4370,R_hip_yaw,0.156252,0.039063,0.010735,3.428132
4370,R_hip_pitch,-0.358040,0.260490,0.349180,-10.715674
4370,R_knee,-0.823166,0.444209,0.610058,-19.937620
4370,R_foot_pitch,1.071331,-0.192867,-0.259345,3.967785
4370,R_foot_roll,-1.853474,-0.185347,-0.000147,-11.306715
4380,L_hip_roll,0.196562,0.049141,-0.001839,6.059596
4380,L_hip_yaw,0.059284,0.014821,0.021384,-0.465060
4380,L_hip_pitch,-0.668443,-0.517111,-0.421526,-10.716541
4380,L_knee,-1.325848,-0.981462,-1.040287,7.523983
4380,L_foot_pitch,1.126570,0.412657,0.355945,3.436341
4380,L_foot_roll,0.072303,0.007230,-0.004838,0.227409
4380,R_hip_roll,-1.301993,-0.325498,-0.010089,-37.539765
4380,R_hip_yaw,0.140606,0.035151,0.010346,3.019668
4380,R_hip_pitch,-0.347462,0.263135,0.350037,-10.516245
4380,R_knee,-0.796061,0.450985,0.610492,-19.183132
4380,R_foot_pitch,1.063399,-0.193660,-0.259120,3.905031
4380,R_foot_roll,-1.734157,-0.173416,0.001735,-10.703524
4390,L_hip_roll,0.167893,0.041973,-0.001078,5.073672
4390,L_hip_yaw,0.046114,0.011529,0.017250,-0.218835
4390,L_hip_pitch,-0.655200,-0.513800,-0.427833,-9.785178
4390,L_knee,-1.249323,-0.962331,-1.040130,8.939100
4390,L_foot_pitch,1.085897,0.408590,0.355601,3.212620
4390,L_foot_roll,0.074721,0.007472,0.000011,0.000745
4390,R_hip_roll,-1.166881,-0.291720,-0.013306,-33.079580
4390,R_hip_yaw,0.129038,0.032260,0.009882,2.732005
4390,R_hip_pitch,-0.297359,0.275660,0.350763,-9.071307
4390,R_knee,-0.804023,0.448994,0.610784,-19.433147
4390,R_foot_pitch,1.018457,-0.198154,-0.258868,3.616163
4390,R_foot_roll,-1.584177,-0.158418,0.003804,-9.944937
4400,L_hip_roll,0.145074,0.036269,0.000134,4.189833
4400,L_hip_yaw,0.025973,0.006493,0.012012,-0.116840
4400,L_hip_pitch,-0.632454,-0.508113,-0.431534,-8.937075
4400,L_knee,-1.130811,-0.932703,-1.030542,10.360541
4400,L_foot_pitch,1.074759,0.407476,0.355254,3.167053
4400,L_foot_roll,0.075635,0.007563,0.003697,-0.068928
4400,R_hip_roll,-1.091240,-0.272810,-0.016599,-30.419558
4400,R_hip_yaw,0.093963,0.023491,0.009460,1.720755
4400,R_hip_pitch,-0.237353,0.290662,0.351186,-7.293919
4400,R_knee,-0.814465,0.446384,0.610744,-19.703646
4400,R_foot_pitch,0.959049,-0.204095,-0.258513,3.223640
4400,R_foot_roll,-1.451026,-0.145103,0.006015,-9.289871
4410,L_hip_roll,0.079825,0.019956,0.001845,1.979415
4410,L_hip_yaw,0.005522,0.001380,0.006067,0.043565
4410,L_hip_pitch,-0.564130,-0.491033,-0.432138,-7.135520
4410,L_knee,-1.025894,-0.906473,-1.010267,9.966291
4410,L_foot_pitch,1.083876,0.408388,0.354926,3.238276
4410,L_foot_roll,0.062675,0.006268,0.005880,-0.137018
4410,R_hip_roll,-1.002153,-0.250538,-0.019847,-27.363806
4410,R_hip_yaw,0.075929,0.018982,0.009110,1.217054
4410,R_hip_pitch,-0.198445,0.300389,0.351437,-6.152172
4410,R_knee,-0.815796,0.446051,0.610391,-19.677756
4410,R_foot_pitch,0.889127,-0.211087,-0.258026,2.763396
4410,R_foot_roll,-1.345886,-0.134589,0.008334,-8.808248
4420,L_hip_roll,-0.021111,-0.005278,0.003898,-1.319386
4420,L_hip_yaw,-0.013590,-0.003397,-0.000177,0.222261
4420,L_hip_pitch,-0.506404,-0.476601,-0.429276,-6.099877
4420,L_knee,-0.887782,-0.871945,-0.978909,9.268290
4420,L_foot_pitch,1.059800,0.405980,0.354665,3.100707
4420,L_foot_roll,0.050742,0.005074,0.006794,-0.155740
4420,R_hip_roll,-0.869411,-0.217353,-0.023028,-23.007784
4420,R_hip_yaw,0.042846,0.010711,0.008847,0.245466
4420,R_hip_pitch,-0.135149,0.316213,0.351658,-4.281473
4420,R_knee,-0.849103,0.437724,0.609957,-20.631265
4420,R_foot_pitch,0.805287,-0.219471,-0.257518,2.234823
4420,R_foot_roll,-1.146038,-0.114604,0.010732,-7.761500
4430,L_hip_roll,-0.144430,-0.036107,0.006040,-5.273687
4430,L_hip_yaw,-0.034113,-0.008528,-0.006017,0.231984
4430,L_hip_pitch,-0.417405,-0.454351,-0.423025,-4.493328
4430,L_knee,-0.697693,-0.824423,-0.937149,8.979892
4430,L_foot_pitch,1.064502,0.406450,0.354460,3.137228
4430,L_foot_roll,0.031609,0.003161,0.007018,-0.240660
4430,R_hip_roll,-0.751699,-0.187925,-0.026077,-19.129812
4430,R_hip_yaw,0.013105,0.003276,0.008650,-0.625255
4430,R_hip_pitch,-0.084313,0.328922,0.352017,-2.825885
4430,R_knee,-0.871503,0.432124,0.609656,-21.288359
4430,R_foot_pitch,0.700526,-0.229947,-0.257057,1.585216
4430,R_foot_roll,-0.950138,-0.095014,0.013268,-6.750324
4440,L_hip_roll,-0.286146,-0.071537,0.007869,-9.691383
4440,L_hip_yaw,-0.055698,-0.013925,-0.010791,0.026834
4440,L_hip_pitch,-0.293851,-0.423463,-0.413368,-2.291559
4440,L_knee,-0.472041,-0.768010,-0.885410,8.561380
4440,L_foot_pitch,1.037628,0.403763,0.354305,2.979955
4440,L_foot_roll,0.005427,0.000543,0.006893,-0.361358
4440,R_hip_roll,-0.522361,-0.130590,-0.028983,-11.913010
4440,R_hip_yaw,-0.004351,-0.001088,0.008454,-1.121964
4440,R_hip_pitch,-0.037503,0.340624,0.352659,-1.531433
4440,R_knee,-0.879749,0.430063,0.609697,-21.586863
4440,R_foot_pitch,0.571603,-0.242840,-0.256750,0.815344
4440,R_foot_roll,-0.643478,-0.064348,0.015928,-5.083499
4450,L_hip_roll,-0.482265,-0.120566,0.009051,-15.644366
4450,L_hip_yaw,-0.069181,-0.017295,-0.013974,-0.174516
4450,L_hip_pitch,-0.141870,-0.385468,-0.399815,0.235829
4450,L_knee,-0.195637,-0.698909,-0.823660,8.462547
4450,L_foot_pitch,0.964956,0.396496,0.354172,2.551084
4450,L_foot_roll,-0.054849,-0.005485,0.006394,-0.651212
4450,R_hip_roll,-0.230306,-0.057576,-0.031644,-2.868162
4450,R_hip_yaw,-0.010541,-0.002635,0.008249,-1.282385
4450,R_hip_pitch,0.026745,0.356686,0.353502,0.281905
4450,R_knee,-0.885418,0.428646,0.610222,-21.872012
4450,R_foot_pitch,0.406521,-0.259348,-0.256715,-0.145174
4450,R_foot_roll,-0.281890,-0.028189,0.018728,-3.093165
4460,L_hip_roll,-0.589987,-0.147497,0.009278,-18.777041
4460,L_hip_yaw,-0.067875,-0.016969,-0.014781,-0.306287
4460,L_hip_pitch,-0.028620,-0.357155,-0.381603,0.954421
4460,L_knee,0.084379,-0.628905,-0.751528,7.174843
4460,L_foot_pitch,0.831501,0.383150,0.353989,1.769106
4460,L_foot_roll,-0.127018,-0.012702,0.004904,-0.866975
4460,R_hip_roll,0.095346,0.023836,-0.033845,7.118985
4460,R_hip_yaw,0.032988,0.008247,0.008118,0.036095
4460,R_hip_pitch,0.001908,0.350477,0.354262,-0.420590
4460,R_knee,-0.741386,0.464653,0.611159,-17.535047
4460,R_foot_pitch,0.213937,-0.278606,-0.257359,-0.933653
4460,R_foot_roll,0.081257,0.008126,0.021509,-0.973083
4470,L_hip_roll,-0.475198,-0.118799,0.008544,-15.174579
4470,L_hip_yaw,-0.054587,-0.013647,-0.012084,-0.630316
4470,L_hip_pitch,0.025470,-0.343632,-0.358743,-0.584779
4470,L_knee,0.380996,-0.554751,-0.670134,5.510953
4470,L_foot_pitch,0.627335,0.362734,0.353663,0.580901
4470,L_foot_roll,-0.110460,-0.011046,0.001584,-0.360853
4470,R_hip_roll,0.301143,0.075286,-0.035174,13.332155
4470,R_hip_yaw,0.091187,0.022797,0.008241,1.728835
4470,R_hip_pitch,-0.106705,0.323324,0.355489,-4.014094
4470,R_knee,-0.544383,0.513904,0.613713,-12.317472
4470,R_foot_pitch,-0.087521,-0.308752,-0.258363,-2.874590
4470,R_foot_roll,0.345911,0.034591,0.024411,0.330001
4480,L_hip_roll,0.079269,0.019817,0.008992,1.324206
4480,L_hip_yaw,-0.020146,-0.005036,-0.010754,0.780693
4480,L_hip_pitch,-0.252651,-0.413163,-0.343988,-9.071677
4480,L_knee,1.203927,-0.349018,-0.624434,30.796798
4480,L_foot_pitch,0.696897,0.369690,0.295176,12.152880
4480,L_foot_roll,0.102826,0.010283,-0.017161,2.488816
4480,R_hip_roll,0.405694,0.101423,-0.035954,16.596200
4480,R_hip_yaw,0.032043,0.008011,0.008345,-0.032719
4480,R_hip_pitch,-0.010307,0.347423,0.356306,-1.100482
4480,R_knee,-0.232033,0.591992,0.617041,-3.335352
4480,R_foot_pitch,-0.267309,-0.326731,-0.260140,-3.804910
4480,R_foot_roll,0.299395,0.029939,0.026930,-0.111939
4490,L_hip_roll,0.544937,0.136234,0.006827,15.857755
4490,L_hip_yaw,0.094033,0.023508,-0.011828,4.372932
4490,L_hip_pitch,-0.243597,-0.410899,-0.341770,-8.115484
4490,L_knee,1.341584,-0.314604,-0.618419,36.731448
4490,L_foot_pitch,0.275700,0.327570,0.275722,3.125192
4490,L_foot_roll,0.402977,0.040298,-0.015043,2.777831
4490,R_hip_roll,0.385622,0.096405,-0.038166,16.457483
4490,R_hip_yaw,0.100222,0.025056,0.007531,2.240549
4490,R_hip_pitch,-0.189953,0.302512,0.357246,-6.689886
4490,R_knee,0.294400,0.723600,0.620672,11.992942
4490,R_foot_pitch,-0.534689,-0.353469,-0.264201,-4.820125
4490,R_foot_roll,0.205914,0.020591,0.029631,-0.822989
4500,L_hip_roll,1.087376,0.271844,0.003637,32.527166
4500,L_hip_yaw,0.053377,0.013344,-0.012615,3.163151
4500,L_hip_pitch,-0.415700,-0.453925,-0.342972,-13.205081
4500,L_knee,1.373935,-0.306516,-0.620467,37.896763
4500,L_foot_pitch,0.103997,0.310400,0.276076,1.972252
4500,L_foot_roll,0.742409,0.074241,-0.012453,4.886716
4500,R_hip_roll,0.236624,0.059156,-0.040703,12.185085
4500,R_hip_yaw,0.055873,0.013968,0.007158,0.802050
4500,R_hip_pitch,-0.323753,0.269062,0.360912,-11.486995
4500,R_knee,0.591536,0.797884,0.631558,18.428675
4500,R_foot_pitch,-0.674125,-0.367412,-0.284103,-2.075227
4500,R_foot_roll,0.101490,0.010149,0.029560,-0.845953
4510,L_hip_roll,1.302830,0.325707,0.000869,39.189261
4510,L_hip_yaw,0.114967,0.028742,-0.013251,5.107528
4510,L_hip_pitch,-0.380668,-0.445167,-0.344011,-12.004572
4510,L_knee,1.438090,-0.290477,-0.622390,40.078126
4510,L_foot_pitch,-0.090030,0.290997,0.276988,0.726874
4510,L_foot_roll,1.010890,0.101089,-0.010059,6.794774
4510,R_hip_roll,0.009932,0.002483,-0.041198,5.174009
4510,R_hip_yaw,0.048379,0.012095,0.006139,0.879386
4510,R_hip_pitch,-0.189549,0.302613,0.367957,-8.678930
4510,R_knee,0.776209,0.844052,0.655998,19.535597
4510,R_foot_pitch,-0.637747,-0.363775,-0.320315,1.184562
4510,R_foot_roll,-0.180887,-0.018089,0.022277,-1.509030
4520,L_hip_roll,1.425935,0.356484,-0.001246,43.155272
4520,L_hip_yaw,0.142695,0.035674,-0.013647,5.944530
4520,L_hip_pitch,-0.377877,-0.444469,-0.345431,-11.705340
4520,L_knee,1.254389,-0.336403,-0.624442,34.791834
4520,L_foot_pitch,-0.230421,0.276958,0.277756,0.035249
4520,L_foot_roll,1.201244,0.120124,-0.007845,7.124571
4520,R_hip_roll,-0.127857,-0.031964,-0.039856,0.768921
4520,R_hip_yaw,0.029787,0.007447,0.004809,0.400314
4520,R_hip_pitch,-0.087732,0.328067,0.379685,-7.548649
4520,R_knee,0.927545,0.881886,0.695791,17.786740
4520,R_foot_pitch,-0.637439,-0.363744,-0.353582,2.032304
4520,R_foot_roll,-0.323115,-0.032312,0.007820,-0.758205
4530,L_hip_roll,1.585528,0.396382,-0.002799,48.032498
4530,L_hip_yaw,0.151652,0.037913,-0.013637,6.170729
4530,L_hip_pitch,-0.268920,-0.417230,-0.348088,-7.993221
4530,L_knee,1.225379,-0.343655,-0.627721,34.447046
4530,L_foot_pitch,-0.323568,0.267643,0.278487,-0.688707
4530,L_foot_roll,1.461112,0.146111,-0.006075,8.756375
4530,R_hip_roll,-0.240862,-0.060215,-0.037429,-3.025267
4530,R_hip_yaw,-0.034525,-0.008631,0.004556,-1.619948
4530,R_hip_pitch,0.057454,0.364363,0.396074,-5.559505
4530,R_knee,0.983696,0.895924,0.748432,12.056741
4530,R_foot_pitch,-0.597084,-0.359708,-0.367876,1.177746
4530,R_foot_roll,-0.420786,-0.042079,-0.010348,-0.127555
4540,L_hip_roll,1.421014,0.355253,-0.003454,43.070955
4540,L_hip_yaw,0.130198,0.032549,-0.013431,5.496201
4540,L_hip_pitch,-0.251997,-0.412999,-0.351249,-7.074007
4540,L_knee,1.074900,-0.381275,-0.631510,30.458049
4540,L_foot_pitch,-0.511852,0.248815,0.280127,-2.052665
4540,L_foot_roll,1.598187,0.159819,-0.005281,9.975489
4540,R_hip_roll,-0.342783,-0.085696,-0.033937,-6.599300
4540,R_hip_yaw,-0.042707,-0.010677,0.003412,-1.488791
4540,R_hip_pitch,0.252317,0.413079,0.414113,-1.863711
4540,R_knee,1.100342,0.925085,0.807380,8.226126
4540,R_foot_pitch,-0.632392,-0.363239,-0.369791,0.290424
4540,R_foot_roll,-0.471390,-0.047139,-0.027323,0.329001
4550,L_hip_roll,1.446128,0.361532,-0.003854,43.893916
4550,L_hip_yaw,0.111913,0.027978,-0.013134,4.907751
4550,L_hip_pitch,-0.075887,-0.368972,-0.355247,-1.190696
4550,L_knee,0.984408,-0.403898,-0.636134,28.401009
4550,L_foot_pitch,-0.652842,0.234716,0.281332,-3.004163
4550,L_foot_roll,1.749179,0.174918,-0.003797,10.464254
4550,R_hip_roll,-0.396451,-0.099113,-0.030275,-8.605283
4550,R_hip_yaw,-0.094734,-0.023684,0.000827,-2.662678
4550,R_hip_pitch,0.380937,0.445234,0.431874,-0.107246
4550,R_knee,1.124301,0.931075,0.867212,1.799647
4550,R_foot_pitch,-0.621882,-0.362188,-0.367158,-0.053463
4550,R_foot_roll,-0.473677,-0.047368,-0.039796,0.533394
4560,L_hip_roll,1.380242,0.345060,-0.004094,41.910070
4560,L_hip_yaw,0.051485,0.012871,-0.012839,3.056855
4560,L_hip_pitch,0.016378,-0.345905,-0.359085,1.907459
4560,L_knee,0.838310,-0.440422,-0.640443,24.364405
4560,L_foot_pitch,-0.818958,0.218104,0.283002,-4.026129
4560,L_foot_roll,1.875334,0.187533,-0.003506,11.511499
4560,R_hip_roll,-0.328622,-0.082155,-0.027034,-6.918903
4560,R_hip_yaw,-0.075732,-0.018933,-0.003497,-1.331543
4560,R_hip_pitch,0.557222,0.489306,0.447149,3.747810
4560,R_knee,1.158395,0.939599,0.922343,-3.018760
4560,R_foot_pitch,-0.725373,-0.372537,-0.362861,-1.050728
4560,R_foot_roll,-0.405736,-0.040574,-0.046668,0.816590
4570,L_hip_roll,1.352293,0.338073,-0.004072,41.027199
4570,L_hip_yaw,-0.010635,-0.002659,-0.012570,1.154127
4570,L_hip_pitch,0.108054,-0.322987,-0.362391,5.049068
4570,L_knee,0.790869,-0.452283,-0.644124,23.379390
4570,L_foot_pitch,-0.962364,0.203764,0.284664,-4.982470
4570,L_foot_roll,1.996623,0.199662,-0.002786,12.182782
4570,R_hip_roll,-0.360519,-0.090130,-0.024147,-8.198748
4570,R_hip_yaw,-0.080015,-0.020004,-0.008517,-0.911792
4570,R_hip_pitch,0.607261,0.501815,0.458204,4.341941
4570,R_knee,1.207425,0.951856,0.967887,-5.945614
4570,R_foot_pitch,-0.829355,-0.382936,-0.359002,-1.760481
4570,R_foot_roll,-0.289391,-0.028939,-0.047523,0.972099
4580,L_hip_roll,1.451214,0.362803,-0.003898,43.977800
4580,L_hip_yaw,-0.064742,-0.016186,-0.012319,-0.483299
4580,L_hip_pitch,0.271390,-0.282153,-0.365325,10.227233
4580,L_knee,0.675548,-0.481113,-0.647581,20.280209
4580,L_foot_pitch,-1.100734,0.189927,0.285809,-5.878538
4580,L_foot_roll,2.172179,0.217218,-0.000853,12.886581
4580,R_hip_roll,-0.311396,-0.077849,-0.021811,-6.928301
4580,R_hip_yaw,-0.096893,-0.024223,-0.012608,-1.040063
4580,R_hip_pitch,0.748682,0.537171,0.464320,8.382328
4580,R_knee,1.222467,0.955617,1.001403,-8.246001
4580,R_foot_pitch,-0.897111,-0.389711,-0.356455,-2.201524
4580,R_foot_roll,-0.186622,-0.018662,-0.042107,0.665547
4590,L_hip_roll,1.401457,0.350364,-0.003284,42.345368
4590,L_hip_yaw,-0.121358,-0.030339,-0.012134,-2.204463
4590,L_hip_pitch,0.324021,-0.268995,-0.367443,11.992548
4590,L_knee,0.694372,-0.476407,-0.650448,21.149884
4590,L_foot_pitch,-1.165808,0.183419,0.287055,-6.338977
4590,L_foot_roll,2.226627,0.222663,0.001588,13.003866
4590,R_hip_roll,-0.249016,-0.062254,-0.019721,-5.320150
4590,R_hip_yaw,-0.119053,-0.029763,-0.015942,-1.346879
4590,R_hip_pitch,0.799919,0.549980,0.465471,10.231489
4590,R_knee,1.265574,0.966394,1.022156,-8.194236
4590,R_foot_pitch,-0.954714,-0.395471,-0.354882,-2.559429
4590,R_foot_roll,-0.107616,-0.010762,-0.032489,0.278994
4600,L_hip_roll,1.385126,0.346281,-0.002131,41.674648
4600,L_hip_yaw,-0.158942,-0.039736,-0.012027,-3.331363
4600,L_hip_pitch,0.390753,-0.252312,-0.368747,14.063484
4600,L_knee,0.682347,-0.479413,-0.652523,20.931610
4600,L_foot_pitch,-1.283335,0.171667,0.288040,-7.061558
4600,L_foot_roll,2.311030,0.231103,0.004311,13.338871
4600,R_hip_roll,-0.249729,-0.062432,-0.017485,-5.623424
4600,R_hip_yaw,-0.123554,-0.030888,-0.019651,-0.942263
4600,R_hip_pitch,0.819503,0.554876,0.462705,11.481750
4600,R_knee,1.333222,0.983305,1.031334,-6.208628
4600,R_foot_pitch,-0.998433,-0.399843,-0.353986,-2.818184
4600,R_foot_roll,0.006750,0.000675,-0.021880,0.345079
4610,L_hip_roll,1.447047,0.361762,-0.000823,43.381469
4610,L_hip_yaw,-0.192518,-0.048130,-0.012024,-4.331478
4610,L_hip_pitch,0.424028,-0.243993,-0.369149,15.019367
4610,L_knee,0.710199,-0.472450,-0.653465,21.762382
4610,L_foot_pitch,-1.285231,0.171477,0.288562,-7.054844
4610,L_foot_roll,2.372243,0.237224,0.007528,13.434084
4610,R_hip_roll,-0.139599,-0.034900,-0.015424,-2.524750
4610,R_hip_yaw,-0.129861,-0.032465,-0.023961,-0.581988
4610,R_hip_pitch,0.829701,0.557425,0.457511,12.575841
4610,R_knee,1.351891,0.987973,1.031879,-5.021955
4610,R_foot_pitch,-1.014724,-0.401472,-0.353557,-2.902793
4610,R_foot_roll,0.070992,0.007099,-0.011062,0.040372
4620,L_hip_roll,1.398594,0.349648,0.000755,41.687079
4620,L_hip_yaw,-0.207570,-0.051893,-0.012054,-4.779440
4620,L_hip_pitch,0.385749,-0.253563,-0.368668,13.730499
4620,L_knee,0.775753,-0.456062,-0.653163,23.568005
4620,L_foot_pitch,-1.261381,0.173862,0.288568,-6.859462
4620,L_foot_roll,2.341197,0.234120,0.010507,13.159454
4620,R_hip_roll,-0.166848,-0.041712,-0.013299,-3.641002
4620,R_hip_yaw,-0.122546,-0.030636,-0.028470,0.186229
4620,R_hip_pitch,0.786912,0.546728,0.451235,12.102460
4620,R_knee,1.383549,0.995887,1.026545,-2.939993
4620,R_foot_pitch,-1.012096,-0.401210,-0.353404,-2.875891
4620,R_foot_roll,0.113717,0.011372,-0.001230,-0.119049
4630,L_hip_roll,1.384695,0.346174,0.002592,41.045843
4630,L_hip_yaw,-0.258211,-0.064553,-0.012071,-6.297943
4630,L_hip_pitch,0.381691,-0.254577,-0.367255,13.340792
4630,L_knee,0.762472,-0.459382,-0.651233,22.749377
4630,L_foot_pitch,-1.226020,0.177398,0.287841,-6.515994
4630,L_foot_roll,2.290692,0.229069,0.012095,12.922940
4630,R_hip_roll,-0.114988,-0.028747,-0.011155,-2.310283
4630,R_hip_yaw,-0.103563,-0.025891,-0.032303,1.092297
4630,R_hip_pitch,0.756215,0.539054,0.445007,11.872636
4630,R_knee,1.443886,1.010972,1.017738,0.152635
4630,R_foot_pitch,-1.041525,-0.404152,-0.353391,-3.043069
4630,R_foot_roll,0.181060,0.018106,0.006680,0.000901
4640,L_hip_roll,1.451463,0.362866,0.004497,42.811249
4640,L_hip_yaw,-0.224880,-0.056220,-0.012145,-5.276807
4640,L_hip_pitch,0.395075,-0.251231,-0.365243,13.470833
4640,L_knee,0.793401,-0.451650,-0.647907,23.177813
4640,L_foot_pitch,-1.165774,0.183423,0.286404,-6.010447
4640,L_foot_roll,2.229670,0.222967,0.012266,12.668154
4640,R_hip_roll,-0.096921,-0.024230,-0.009264,-1.976701
4640,R_hip_yaw,-0.110860,-0.027715,-0.034140,0.845214
4640,R_hip_pitch,0.702768,0.525692,0.440178,10.645447
4640,R_knee,1.429732,1.007433,1.008736,0.666974
4640,R_foot_pitch,-1.040696,-0.404070,-0.353484,-3.022213
4640,R_foot_roll,0.213965,0.021396,0.013294,-0.111588
4650,L_hip_roll,1.447629,0.361907,0.006736,42.377215
4650,L_hip_yaw,-0.206919,-0.051730,-0.012248,-4.727801
4650,L_hip_pitch,0.344158,-0.263960,-0.362588,11.536765
4650,L_knee,0.785524,-0.453619,-0.643335,22.255299
4650,L_foot_pitch,-1.155015,0.184499,0.284376,-5.766397
4650,L_foot_roll,2.189822,0.218982,0.010057,12.867318
4650,R_hip_roll,-0.142209,-0.035552,-0.007332,-3.588336
4650,R_hip_yaw,-0.100839,-0.025210,-0.033788,0.914898
4650,R_hip_pitch,0.691870,0.522967,0.437063,10.549032
4650,R_knee,1.478020,1.019505,1.001058,2.915625
4650,R_foot_pitch,-1.070561,-0.407056,-0.353628,-3.190774
4650,R_foot_roll,0.235484,0.023548,0.018561,-0.144410
4660,L_hip_roll,1.529733,0.382433,0.009206,44.540548
4660,L_hip_yaw,-0.179419,-0.044855,-0.012319,-3.897563
4660,L_hip_pitch,0.337217,-0.265696,-0.359729,11.014284
4660,L_knee,0.784119,-0.453970,-0.638138,21.581664
4660,L_foot_pitch,-1.099280,0.190072,0.281990,-5.270115
4660,L_foot_roll,2.131538,0.213154,0.006467,12.753209
4660,R_hip_roll,-0.148958,-0.037239,-0.005438,-3.995034
4660,R_hip_yaw,-0.113028,-0.028257,-0.031507,0.086521
4660,R_hip_pitch,0.707484,0.526871,0.436288,10.812579
4660,R_knee,1.477159,1.019290,0.996246,3.061629
4660,R_foot_pitch,-1.047813,-0.404781,-0.353810,-3.038796
4660,R_foot_roll,0.260541,0.026054,0.022417,-0.101249
4670,L_hip_roll,1.541692,0.385423,0.011911,44.535132
4670,L_hip_yaw,-0.141546,-0.035386,-0.012335,-2.765968
4670,L_hip_pitch,0.320954,-0.269761,-0.357349,10.302495
4670,L_knee,0.786064,-0.453484,-0.633099,21.070341
4670,L_foot_pitch,-1.084635,0.191536,0.279523,-5.034297
4670,L_foot_roll,2.065190,0.206519,0.002316,12.684478
4670,R_hip_roll,-0.207277,-0.051819,-0.003555,-5.987194
4670,R_hip_yaw,-0.115539,-0.028885,-0.028221,-0.412381
4670,R_hip_pitch,0.700437,0.525109,0.438614,10.010248
4670,R_knee,1.482151,1.020538,0.995548,2.892601
4670,R_foot_pitch,-1.036865,-0.403686,-0.353975,-2.968582
4670,R_foot_roll,0.270885,0.027089,0.025110,-0.098666
4680,L_hip_roll,1.543483,0.385871,0.014894,44.211781
4680,L_hip_yaw,-0.119858,-0.029964,-0.012270,-2.131795
4680,L_hip_pitch,0.306227,-0.273443,-0.355563,9.701348
4680,L_knee,0.768107,-0.457973,-0.628471,20.020588
4680,L_foot_pitch,-1.061270,0.193873,0.277098,-4.756307
4680,L_foot_roll,2.011304,0.201130,-0.002334,12.668870
4680,R_hip_roll,-0.240383,-0.060096,-0.001705,-7.183245
4680,R_hip_yaw,-0.124007,-0.031002,-0.025048,-1.006571
4680,R_hip_pitch,0.721692,0.530423,0.443808,9.764727
4680,R_knee,1.488382,1.022095,0.998520,2.395797
4680,R_foot_pitch,-1.010289,-0.401029,-0.354083,-2.808263
4680,R_foot_roll,0.271490,0.027149,0.026965,-0.140531
4690,L_hip_roll,1.528895,0.382224,0.017988,43.396615
4690,L_hip_yaw,-0.088237,-0.022059,-0.012154,-1.199691
4690,L_hip_pitch,0.282081,-0.279480,-0.354513,8.935530
4690,L_knee,0.770202,-0.457449,-0.624590,19.712665
4690,L_foot_pitch,-1.033326,0.196667,0.274871,-4.483322
4690,L_foot_roll,1.929371,0.192937,-0.006620,12.358079
4690,R_hip_roll,-0.250016,-0.062504,-0.000113,-7.632191
4690,R_hip_yaw,-0.128205,-0.032051,-0.022830,-1.266983
4690,R_hip_pitch,0.728498,0.532124,0.451433,8.830103
4690,R_knee,1.463680,1.015920,1.004342,0.713693
4690,R_foot_pitch,-0.970091,-0.397009,-0.354124,-2.571631
4690,R_foot_roll,0.258343,0.025834,0.028069,-0.212401
4700,L_hip_roll,1.445652,0.361413,0.021208,40.495357
4700,L_hip_yaw,-0.059049,-0.014762,-0.012008,-0.345461
4700,L_hip_pitch,0.243357,-0.289161,-0.354163,7.789509
4700,L_knee,0.772803,-0.456799,-0.621567,19.506012
4700,L_foot_pitch,-1.006969,0.199303,0.272926,-4.236795
4700,L_foot_roll,1.814016,0.181402,-0.010442,11.872665
4700,R_hip_roll,-0.271203,-0.067801,0.001197,-8.398561
4700,R_hip_yaw,-0.126552,-0.031638,-0.021998,-1.180582
4700,R_hip_pitch,0.709223,0.527306,0.460587,7.058015
4700,R_knee,1.421083,1.005271,1.011161,-1.367474
4700,R_foot_pitch,-0.946187,-0.394619,-0.354077,-2.440546
4700,R_foot_roll,0.237345,0.023734,0.028342,-0.273397
4710,L_hip_roll,1.337974,0.334493,0.024515,36.866768
4710,L_hip_yaw,-0.024572,-0.006143,-0.011851,0.670647
4710,L_hip_pitch,0.178870,-0.305282,-0.354143,5.866615
4710,L_knee,0.771704,-0.457074,-0.619142,19.227820
4710,L_foot_pitch,-0.948804,0.205120,0.271230,-3.808425
4710,L_foot_roll,1.664201,0.166420,-0.014081,11.177243
4710,R_hip_roll,-0.241423,-0.060356,0.002075,-7.552976
4710,R_hip_yaw,-0.123984,-0.030996,-0.022233,-0.994963
4710,R_hip_pitch,0.700120,0.525030,0.469733,5.760888
4710,R_knee,1.355077,0.988769,1.016087,-3.619025
4710,R_foot_pitch,-0.920265,-0.392026,-0.353955,-2.298382
4710,R_foot_roll,0.203721,0.020372,0.027803,-0.367569
4720,L_hip_roll,1.217359,0.304340,0.027869,32.839392
4720,L_hip_yaw,0.014812,0.003703,-0.011686,1.829715
4720,L_hip_pitch,0.090996,-0.327251,-0.354291,3.268779
4720,L_knee,0.784377,-0.453906,-0.617211,19.429629
4720,L_foot_pitch,-0.889911,0.211009,0.269783,-3.395353
4720,L_foot_roll,1.472816,0.147282,-0.017696,10.252996
4720,R_hip_roll,-0.208402,-0.052100,0.002432,-6.556483
4720,R_hip_yaw,-0.109634,-0.027409,-0.022996,-0.443276
4720,R_hip_pitch,0.636828,0.509207,0.477469,3.120583
4720,R_knee,1.243280,0.960820,1.016231,-6.400964
4720,R_foot_pitch,-0.912426,-0.391243,-0.353780,-2.266304
4720,R_foot_roll,0.187634,0.018763,0.026234,-0.257823
4730,L_hip_roll,1.037532,0.259383,0.031386,27.001078
4730,L_hip_yaw,0.058470,0.014618,-0.011504,3.115982
4730,L_hip_pitch,-0.009728,-0.352432,-0.354478,0.264985
4730,L_knee,0.795605,-0.451099,-0.615666,19.611827
4730,L_foot_pitch,-0.817051,0.218295,0.268580,-2.909586
4730,L_foot_roll,1.203888,0.120389,-0.021933,8.990321
4730,R_hip_roll,-0.144229,-0.036057,0.002336,-4.575738
4730,R_hip_yaw,-0.087637,-0.021909,-0.023374,0.175635
4730,R_hip_pitch,0.557156,0.489289,0.482192,0.543203
4730,R_knee,1.100413,0.925103,1.008241,-8.761539
4730,R_foot_pitch,-0.925018,-0.392502,-0.353585,-2.354022
4730,R_foot_roll,0.176008,0.017601,0.024104,-0.178871
4740,L_hip_roll,0.826684,0.206671,0.034776,20.278553
4740,L_hip_yaw,0.097618,0.024405,-0.011344,4.271200
4740,L_hip_pitch,-0.117479,-0.379370,-0.355071,-2.856640
4740,L_knee,0.819332,-0.445167,-0.615156,20.365909
4740,L_foot_pitch,-0.722262,0.227774,0.267657,-2.340238
4740,L_foot_roll,0.874730,0.087473,-0.023772,6.956312
4740,R_hip_roll,-0.027283,-0.006821,0.001726,-0.944055
4740,R_hip_yaw,-0.056753,-0.014188,-0.022346,0.797857
4740,R_hip_pitch,0.457348,0.464337,0.482232,-1.931691
4740,R_knee,0.916446,0.879111,0.988709,-10.666938
4740,R_foot_pitch,-0.937554,-0.393755,-0.353413,-2.435403
4740,R_foot_roll,0.149481,0.014948,0.022051,-0.234440
4750,L_hip_roll,0.559773,0.139943,0.038412,11.831496
4750,L_hip_yaw,0.138170,0.034542,-0.011135,5.461145
4750,L_hip_pitch,-0.197233,-0.399308,-0.355633,-5.149644
4750,L_knee,0.820774,-0.444806,-0.614950,20.462875
4750,L_foot_pitch,-0.626375,0.237362,0.267118,-1.787208
4750,L_foot_roll,0.436088,0.043609,-0.027313,4.527560
4750,R_hip_roll,0.110647,0.027662,0.000862,3.318053
4750,R_hip_yaw,-0.020556,-0.005139,-0.019082,1.254656
4750,R_hip_pitch,0.295887,0.423972,0.476244,-5.414677
4750,R_knee,0.670293,0.817573,0.954896,-12.476076
4750,R_foot_pitch,-0.980345,-0.398034,-0.353288,-2.694755
4750,R_foot_roll,0.120158,0.012016,0.019744,-0.219722
4760,L_hip_roll,0.231461,0.057865,0.041999,1.593593
4760,L_hip_yaw,0.154385,0.038596,-0.010911,5.931800
4760,L_hip_pitch,-0.265550,-0.416387,-0.356248,-7.096551
4760,L_knee,0.798931,-0.450267,-0.615391,19.951408
4760,L_foot_pitch,-0.519660,0.248034,0.267266,-1.029239
4760,L_foot_roll,-0.044904,-0.004490,-0.030430,1.488523
4760,R_hip_roll,0.268623,0.067156,-0.000089,8.179522
4760,R_hip_yaw,0.017383,0.004346,-0.013333,1.463026
4760,R_hip_pitch,0.119525,0.379881,0.462592,-8.230218
4760,R_knee,0.423516,0.755879,0.903930,-11.940134
4760,R_foot_pitch,-1.015111,-0.401511,-0.353235,-2.898278
4760,R_foot_roll,0.063386,0.006339,0.016672,-0.288188
4770,L_hip_roll,-0.178986,-0.044747,0.045221,-11.068965
4770,L_hip_yaw,0.147145,0.036786,-0.010871,5.727221
4770,L_hip_pitch,-0.284804,-0.421201,-0.356946,-7.597116
4770,L_knee,0.731432,-0.467142,-0.616848,18.201887
4770,L_foot_pitch,-0.334272,0.266573,0.268068,-0.159774
4770,L_foot_roll,-0.580250,-0.058025,-0.033847,-1.245688
4770,R_hip_roll,0.450377,0.112594,-0.001061,13.748488
4770,R_hip_yaw,0.057045,0.014261,-0.005593,1.568525
4770,R_hip_pitch,-0.105880,0.323530,0.440107,-11.405049
4770,R_knee,0.150061,0.687515,0.834463,-9.997024
4770,R_foot_pitch,-0.975167,-0.397517,-0.353265,-2.648336
4770,R_foot_roll,-0.048361,-0.004836,0.012056,-0.497479
4780,L_hip_roll,-0.694044,-0.173511,0.047366,-26.644829
4780,L_hip_yaw,0.102758,0.025690,-0.011246,4.486781
4780,L_hip_pitch,-0.250329,-0.412582,-0.357735,-6.490535
4780,L_knee,0.598329,-0.500418,-0.619852,14.712791
4780,L_foot_pitch,-0.035478,0.296452,0.269569,1.417186
4780,L_foot_roll,-1.020723,-0.102072,-0.036721,-3.681407
4780,R_hip_roll,0.582819,0.145705,-0.002163,17.871119
4780,R_hip_yaw,0.083506,0.020876,0.002814,1.358359
4780,R_hip_pitch,-0.279051,0.280237,0.408367,-11.870876
4780,R_knee,-0.143095,0.614226,0.747409,-6.700124
4780,R_foot_pitch,-0.759042,-0.375904,-0.353309,-1.351293
4780,R_foot_roll,-0.287215,-0.028722,0.004439,-1.126496
4790,L_hip_roll,-1.041922,-0.260480,0.047365,-36.808532
4790,L_hip_yaw,0.031314,0.007829,-0.012178,2.512472
4790,L_hip_pitch,-0.032841,-0.358210,-0.358432,0.113648
4790,L_knee,0.262321,-0.584420,-0.624734,5.428348
4790,L_foot_pitch,0.304985,0.330498,0.272376,3.148652
4790,L_foot_roll,-1.130990,-0.113099,-0.039187,-4.210490
4790,R_hip_roll,0.590610,0.147652,-0.003872,18.406600
4790,R_hip_yaw,0.094109,0.023527,0.009697,1.112530
4790,R_hip_pitch,-0.189357,0.302661,0.368315,-3.650752
4790,R_knee,-0.542539,0.514365,0.646583,-5.494128
4790,R_foot_pitch,-0.411164,-0.341116,-0.353146,0.696631
4790,R_foot_roll,-0.648236,-0.064824,-0.009037,-1.805591
4800,L_hip_roll,-0.786939,-0.196735,0.047171,-29.259104
4800,L_hip_yaw,-0.090964,-0.022741,-0.011535,-1.465951
4800,L_hip_pitch,-0.133908,-0.383477,-0.358180,-3.133668
4800,L_knee,-0.093425,-0.673356,-0.629431,-4.825934
4800,L_foot_pitch,1.023820,0.402382,0.275689,7.264961
4800,L_foot_roll,-0.493697,-0.049370,-0.041835,-0.335925
4800,R_hip_roll,0.105758,0.026439,-0.006055,3.902640
4800,R_hip_yaw,-0.219541,-0.054885,0.010528,-8.048781
4800,R_hip_pitch,0.124227,0.381057,0.350206,4.863045
4800,R_knee,-1.325285,0.318679,0.601927,-31.054758
4800,R_foot_pitch,-0.122196,-0.312220,-0.260022,-12.484462
4800,R_foot_roll,-1.206694,-0.120669,0.013056,-7.840830
4810,L_hip_roll,-0.920080,-0.230020,0.048954,-33.631066
4810,L_hip_yaw,-0.023462,-0.005866,-0.009865,0.263002
4810,L_hip_pitch,0.424004,-0.243999,-0.361067,14.532381
4810,L_knee,-0.628736,-0.807184,-0.640762,-18.435997
4810,L_foot_pitch,1.390116,0.439012,0.296537,5.245953
4810,L_foot_roll,-0.071634,-0.007163,-0.042517,2.096103
4810,R_hip_roll,-0.573037,-0.143259,-0.003239,-17.106661
4810,R_hip_yaw,-0.156010,-0.039002,0.011670,-6.124354
4810,R_hip_pitch,0.545908,0.486477,0.349960,16.274913
4810,R_knee,-1.615351,0.246162,0.602933,-43.198949
4810,R_foot_pitch,0.194765,-0.280523,-0.255696,-1.286164
4810,R_foot_roll,-1.734345,-0.173435,0.005503,-10.595208
4820,L_hip_roll,-0.561769,-0.140442,0.048023,-22.258728
4820,L_hip_yaw,-0.019926,-0.004981,-0.004218,-1.124581
4820,L_hip_pitch,0.369155,-0.257711,-0.368805,14.172236
4820,L_knee,-1.145082,-0.936270,-0.666660,-29.230424
4820,L_foot_pitch,1.637635,0.463763,0.342744,1.812717
4820,L_foot_roll,0.315749,0.031575,-0.032424,2.214213
4820,R_hip_roll,-0.972698,-0.243174,-0.000996,-29.226167
4820,R_hip_yaw,-0.236043,-0.059011,0.012105,-8.580157
4820,R_hip_pitch,0.582011,0.495503,0.350839,17.296338
4820,R_knee,-1.681816,0.229546,0.606445,-45.563625
4820,R_foot_pitch,0.537101,-0.246290,-0.257440,0.848361
4820,R_foot_roll,-1.960873,-0.196087,0.004020,-11.858955
4830,L_hip_roll,-0.168186,-0.042046,0.042493,-9.450792
4830,L_hip_yaw,0.002542,0.000635,0.007949,-2.101873
4830,L_hip_pitch,0.307085,-0.273229,-0.382909,14.917176
4830,L_knee,-1.118383,-0.929596,-0.713095,-20.382680
4830,L_foot_pitch,1.699183,0.469918,0.383447,2.909326
4830,L_foot_roll,0.720078,0.072008,-0.007217,1.903728
4830,R_hip_roll,-1.063738,-0.265935,0.000353,-32.059880
4830,R_hip_yaw,-0.184358,-0.046089,0.011967,-6.908936
4830,R_hip_pitch,0.651720,0.512930,0.351693,19.266641
4830,R_knee,-1.460678,0.284831,0.609558,-39.245858
4830,R_foot_pitch,1.033451,-0.196655,-0.259010,3.884027
4830,R_foot_roll,-1.796829,-0.179683,0.002621,-10.805092
4840,L_hip_roll,0.091882,0.022970,0.034973,-0.653091
4840,L_hip_yaw,0.000292,0.000073,0.017645,-2.806343
4840,L_hip_pitch,0.113270,-0.321683,-0.402340,11.644601
4840,L_knee,-1.288404,-0.972101,-0.775364,-17.105711
4840,L_foot_pitch,1.672182,0.467218,0.393509,4.176981
4840,L_foot_roll,0.800795,0.080080,0.026611,-0.226495
4840,R_hip_roll,-1.181691,-0.295423,0.001210,-35.662930
4840,R_hip_yaw,-0.196909,-0.049227,0.011438,-7.238495
4840,R_hip_pitch,0.650954,0.512739,0.353150,18.979894
4840,R_knee,-1.433894,0.291526,0.612621,-38.843445
4840,R_foot_pitch,1.098562,-0.190144,-0.260326,4.338634
4840,R_foot_roll,-1.860948,-0.186095,0.001470,-11.143574
4850,L_hip_roll,0.243010,0.060753,0.027742,4.636887
4850,L_hip_yaw,0.037172,0.009293,0.019876,-1.127331
4850,L_hip_pitch,-0.192542,-0.398136,-0.423261,5.083244
4850,L_knee,-1.280469,-0.970117,-0.844644,-8.022331
4850,L_foot_pitch,1.549126,0.454913,0.391253,4.305974
4850,L_foot_roll,0.752908,0.075291,0.056945,-1.461723
4850,R_hip_roll,-1.391803,-0.347951,0.002072,-42.098426
4850,R_hip_yaw,-0.176649,-0.044162,0.011009,-6.586170
4850,R_hip_pitch,0.284634,0.421158,0.355552,7.602614
4850,R_knee,-1.138021,0.365495,0.615732,-30.320887
4850,R_foot_pitch,1.221209,-0.177879,-0.261396,5.097782
4850,R_foot_roll,-1.907337,-0.190734,0.000330,-11.352239
4860,L_hip_roll,0.414747,0.103687,0.021363,10.496406
4860,L_hip_yaw,0.078110,0.019528,0.015710,1.054666
4860,L_hip_pitch,-0.495864,-0.473966,-0.442868,-1.957583
4860,L_knee,-1.167851,-0.941963,-0.913855,3.262422
4860,L_foot_pitch,1.463276,0.446328,0.385041,4.353362
4860,L_foot_roll,0.664112,0.066411,0.074492,-1.630816
4860,R_hip_roll,-1.403479,-0.350870,0.002902,-42.519607
4860,R_hip_yaw,-0.137938,-0.034484,0.010531,-5.351350
4860,R_hip_pitch,0.010279,0.352570,0.358415,-0.978839
4860,R_knee,-0.990816,0.402296,0.618835,-26.291083
4860,R_foot_pitch,1.161977,-0.183802,-0.262379,4.815374
4860,R_foot_roll,-1.830162,-0.183016,-0.000710,-10.842860
4870,L_hip_roll,0.413302,0.103326,0.015828,11.010339
4870,L_hip_yaw,0.051695,0.012924,0.009435,1.037886
4870,L_hip_pitch,-0.638537,-0.509634,-0.457550,-5.089120
4870,L_knee,-1.222625,-0.955656,-0.973334,7.388085
4870,L_foot_pitch,1.429652,0.442965,0.378313,4.525994
4870,L_foot_roll,0.506655,0.050665,0.078331,-1.568568
4870,R_hip_roll,-1.437090,-0.359272,0.003650,-43.626776
4870,R_hip_yaw,-0.080189,-0.020047,0.009885,-3.520240
4870,R_hip_pitch,-0.091814,0.327046,0.360598,-4.183309
4870,R_knee,-0.884068,0.428983,0.621248,-23.248312
4870,R_foot_pitch,1.160984,-0.183902,-0.263233,4.827141
4870,R_foot_roll,-1.869527,-0.186953,-0.001617,-11.032040
4880,L_hip_roll,0.489100,0.122275,0.011156,13.775366
4880,L_hip_yaw,0.034311,0.008578,0.002902,1.323638
4880,L_hip_pitch,-0.673089,-0.518272,-0.466024,-5.709251
4880,L_knee,-1.209645,-0.952411,-1.017983,11.607881
4880,L_foot_pitch,1.395880,0.439588,0.372432,4.562972
4880,L_foot_roll,0.390584,0.039058,0.070997,-0.862406
4880,R_hip_roll,-1.336446,-0.334111,0.004265,-40.651037
4880,R_hip_yaw,0.031288,0.007822,0.009054,-0.058214
4880,R_hip_pitch,-0.231521,0.292120,0.361783,-8.439045
4880,R_knee,-0.770266,0.457433,0.622617,-19.917722
4880,R_foot_pitch,1.174419,-0.182558,-0.263836,4.926163
4880,R_foot_roll,-1.824111,-0.182411,-0.002471,-10.718332
4890,L_hip_roll,0.385128,0.096282,0.007528,10.956165
4890,L_hip_yaw,0.016138,0.004034,-0.003318,1.453645
4890,L_hip_pitch,-0.736141,-0.534035,-0.467491,-8.178326
4890,L_knee,-1.281302,-0.970325,-1.045645,10.991830
4890,L_foot_pitch,1.461717,0.446172,0.367774,5.114248
4890,L_foot_roll,0.390934,0.039093,0.057174,0.384086
4890,R_hip_roll,-1.457091,-0.364273,0.004804,-44.347788
4890,R_hip_yaw,0.037084,0.009271,0.008377,0.157119
4890,R_hip_pitch,-0.228953,0.292762,0.361693,-8.191532
4890,R_knee,-0.822862,0.444285,0.622852,-21.390577
4890,R_foot_pitch,1.152097,-0.184790,-0.264159,4.777365
4890,R_foot_roll,-1.987934,-0.198793,-0.003261,-11.655094
4900,L_hip_roll,0.400007,0.100002,0.004611,11.727376
4900,L_hip_yaw,0.008737,0.002184,-0.008300,1.678076
4900,L_hip_pitch,-0.642896,-0.510724,-0.462764,-6.442486
4900,L_knee,-1.395422,-0.998856,-1.057071,7.479524
4900,L_foot_pitch,1.468336,0.446834,0.364365,5.237232
4900,L_foot_roll,0.309496,0.030950,0.044409,0.256114
4900,R_hip_roll,-1.566668,-0.391667,0.005144,-47.632038
4900,R_hip_yaw,0.068102,0.017026,0.007958,1.123568
4900,R_hip_pitch,-0.216618,0.295846,0.360527,-7.621122
4900,R_knee,-0.810036,0.447491,0.622026,-20.826709
4900,R_foot_pitch,1.172059,-0.182794,-0.264159,4.867604
4900,R_foot_roll,-2.137979,-0.213798,-0.003977,-12.527417
4910,L_hip_roll,0.374120,0.093530,0.001940,11.245742
4910,L_hip_yaw,0.025109,0.006277,-0.011518,2.366138
4910,L_hip_pitch,-0.691780,-0.522945,-0.453822,-9.334344
4910,L_knee,-1.471175,-1.017794,-1.056209,4.082832
4910,L_foot_pitch,1.425980,0.442598,0.362031,5.027097
4910,L_foot_roll,0.296895,0.029689,0.034895,0.499950
4910,R_hip_roll,-1.642620,-0.410655,0.004981,-49.835036
4910,R_hip_yaw,0.040302,0.010076,0.007848,0.260969
4910,R_hip_pitch,-0.366857,0.258286,0.359036,-11.939361
4910,R_knee,-0.792640,0.451840,0.620890,-20.174604
4910,R_foot_pitch,1.266156,-0.173384,-0.264053,5.428982
4910,R_foot_roll,-2.198401,-0.219840,-0.004712,-12.846630
4920,L_hip_roll,0.322831,0.080708,-0.000441,9.957148
4920,L_hip_yaw,0.037234,0.009309,-0.012159,2.507664
4920,L_hip_pitch,-0.593656,-0.498414,-0.442848,-7.785772
4920,L_knee,-1.488753,-1.022188,-1.048254,2.151932
4920,L_foot_pitch,1.381459,0.438146,0.360453,4.793510
4920,L_foot_roll,0.275939,0.027594,0.028799,0.373109
4920,R_hip_roll,-1.642715,-0.410679,0.004345,-49.726417
4920,R_hip_yaw,0.083580,0.020895,0.007804,1.585813
4920,R_hip_pitch,-0.247119,0.288220,0.357238,-8.092603
4920,R_knee,-0.866019,0.433495,0.619604,-22.203097
4920,R_foot_pitch,1.303228,-0.169677,-0.263944,5.647629
4920,R_foot_roll,-2.222081,-0.222208,-0.004933,-13.013763
4930,L_hip_roll,0.344795,0.086199,-0.002525,10.841364
4930,L_hip_yaw,0.027683,0.006921,-0.009425,1.541053
4930,L_hip_pitch,-0.548167,-0.487042,-0.431582,-7.760859
4930,L_knee,-1.498635,-1.024659,-1.036811,0.220268
4930,L_foot_pitch,1.345320,0.434532,0.359357,4.603279
4930,L_foot_roll,0.212392,0.021239,0.025753,-0.067029
4930,R_hip_roll,-1.556092,-0.389023,0.003343,-46.967665
4930,R_hip_yaw,0.112796,0.028199,0.007843,2.428264
4930,R_hip_pitch,-0.291748,0.277063,0.355520,-9.266433
4930,R_knee,-0.897210,0.425697,0.618352,-23.004265
4930,R_foot_pitch,1.286743,-0.171326,-0.263775,5.528273
4930,R_foot_roll,-2.175876,-0.217588,-0.004983,-12.754879
4940,L_hip_roll,0.225778,0.056444,-0.003770,7.291449
4940,L_hip_yaw,0.063670,0.015918,-0.004312,1.863478
4940,L_hip_pitch,-0.580205,-0.495051,-0.420845,-9.925730
4940,L_knee,-1.500651,-1.025163,-1.024132,-1.374184
4940,L_foot_pitch,1.278997,0.427900,0.358575,4.226234
4940,L_foot_roll,0.076142,0.007614,0.023010,-0.622760
4940,R_hip_roll,-1.577212,-0.394303,0.002338,-47.511140
4940,R_hip_yaw,0.145916,0.036479,0.008099,3.375468
4940,R_hip_pitch,-0.397197,0.250701,0.353818,-12.196525
4940,R_knee,-0.840407,0.439898,0.616789,-21.044670
4940,R_foot_pitch,1.194894,-0.180511,-0.263373,4.915378
4940,R_foot_roll,-2.224200,-0.222420,-0.004896,-13.058338
4950,L_hip_roll,0.231279,0.057820,-0.004187,7.462171
4950,L_hip_yaw,0.051740,0.012935,0.002642,0.461421
4950,L_hip_pitch,-0.514289,-0.478572,-0.411696,-8.832820
4950,L_knee,-1.485535,-1.021384,-1.012871,-2.014461
4950,L_foot_pitch,1.299192,0.429919,0.357963,4.373143
4950,L_foot_roll,0.014618,0.001462,0.017762,-0.352032
4950,R_hip_roll,-1.570166,-0.392541,0.001383,-47.170554
4950,R_hip_yaw,0.183472,0.045868,0.008429,4.461892
4950,R_hip_pitch,-0.350790,0.262303,0.352057,-10.605564
4950,R_knee,-0.906932,0.423267,0.615033,-22.851358
4950,R_foot_pitch,1.085114,-0.191489,-0.262818,4.228367
4950,R_foot_roll,-2.288452,-0.228845,-0.004660,-13.464990
4960,L_hip_roll,0.168532,0.042133,-0.004056,5.502240
4960,L_hip_yaw,0.055981,0.013995,0.010195,-0.259675
4960,L_hip_pitch,-0.523901,-0.480975,-0.404592,-9.781556
4960,L_knee,-1.565444,-1.041361,-1.004250,-5.185728
4960,L_foot_pitch,1.317201,0.431720,0.357503,4.491661
4960,L_foot_roll,-0.076765,-0.007677,0.010186,-0.286916
4960,R_hip_roll,-1.618282,-0.404570,0.000325,-48.479361
4960,R_hip_yaw,0.217502,0.054376,0.008821,5.425771
4960,R_hip_pitch,-0.394521,0.251370,0.350346,-11.709261
4960,R_knee,-0.882150,0.429463,0.613314,-21.890185
4960,R_foot_pitch,1.061314,-0.193869,-0.262245,4.040992
4960,R_foot_roll,-2.371755,-0.237175,-0.004336,-14.000929
4970,L_hip_roll,0.139017,0.034754,-0.003574,4.547408
4970,L_hip_yaw,0.072253,0.018063,0.016506,-0.357877
4970,L_hip_pitch,-0.547427,-0.486857,-0.400416,-10.627520
4970,L_knee,-1.581995,-1.045499,-1.000470,-5.493164
4970,L_foot_pitch,1.269007,0.426901,0.357220,4.202224
4970,L_foot_roll,-0.088068,-0.008807,0.001462,0.246646
4970,R_hip_roll,-1.556033,-0.389008,-0.000907,-46.435788
4970,R_hip_yaw,0.223139,0.055785,0.009239,5.546199
4970,R_hip_pitch,-0.405349,0.248663,0.348992,-11.931323
4970,R_knee,-0.885103,0.428724,0.612064,-21.913968
4970,R_foot_pitch,1.017137,-0.198286,-0.261813,3.781403
4970,R_foot_roll,-2.288748,-0.228875,-0.004449,-13.426431
4980,L_hip_roll,0.165257,0.041314,-0.003044,5.270741
4980,L_hip_yaw,0.076747,0.019187,0.021214,-0.639172
4980,L_hip_pitch,-0.597645,-0.499411,-0.400072,-11.786409
4980,L_knee,-1.553133,-1.038283,-1.003394,-3.605163
4980,L_foot_pitch,1.241904,0.424190,0.357017,4.049673
4980,L_foot_roll,-0.068357,-0.006836,-0.005924,0.557625
4980,R_hip_roll,-1.508952,-0.377238,-0.002438,-44.808346
4980,R_hip_yaw,0.208407,0.052102,0.009574,5.075260
4980,R_hip_pitch,-0.387485,0.253129,0.348129,-11.330095
4980,R_knee,-0.891535,0.427116,0.611408,-22.067271
4980,R_foot_pitch,1.010361,-0.198964,-0.261557,3.734179
4980,R_foot_roll,-2.195989,-0.219599,-0.004348,-12.956820
4990,L_hip_roll,0.130560,0.032640,-0.002422,4.138050
4990,L_hip_yaw,0.081360,0.020340,0.024125,-0.652627
4990,L_hip_pitch,-0.627054,-0.506763,-0.403437,-11.917473
4990,L_knee,-1.523255,-1.030814,-1.011920,-1.230170
4990,L_foot_pitch,1.198789,0.419879,0.356805,3.806100
4990,L_foot_roll,-0.043018,-0.004302,-0.009964,0.591695
4990,R_hip_roll,-1.505495,-0.376374,-0.004256,-44.460848
4990,R_hip_yaw,0.194563,0.048641,0.009718,4.665813
4990,R_hip_pitch,-0.380007,0.254998,0.347621,-11.076821
4990,R_knee,-0.869021,0.432745,0.610888,-21.323472
4990,R_foot_pitch,1.020541,-0.197946,-0.261246,3.761437
4990,R_foot_roll,-2.103554,-0.210355,-0.002973,-12.639141
5000,L_hip_roll,0.167494,0.041874,-0.001903,5.211156
5000,L_hip_yaw,0.075587,0.018897,0.025084,-0.757739
5000,L_hip_pitch,-0.646699,-0.511675,-0.409587,-11.548422
5000,L_knee,-1.488717,-1.022179,-1.023218,1.290087
5000,L_foot_pitch,1.189639,0.418964,0.356546,3.772657
5000,L_foot_roll,0.015268,0.001527,-0.010513,0.656564
5000,R_hip_roll,-1.451194,-0.362798,-0.006492,-42.523818
5000,R_hip_yaw,0.178328,0.044582,0.009641,4.206196
5000,R_hip_pitch,-0.358630,0.260342,0.347551,-10.497700
5000,R_knee,-0.852265,0.436934,0.610561,-20.851576
5000,R_foot_pitch,1.045571,-0.195443,-0.260897,3.910480
5000,R_foot_roll,-2.003370,-0.200337,-0.000479,-12.123736
5010,L_hip_roll,0.175524,0.043881,-0.001501,5.406407
5010,L_hip_yaw,0.074980,0.018745,0.024116,-0.463064
5010,L_hip_pitch,-0.675154,-0.518789,-0.417180,-11.406958
5010,L_knee,-1.410316,-1.002579,-1.034030,4.755252
5010,L_foot_pitch,1.138716,0.413872,0.356261,3.484789
5010,L_foot_roll,0.058679,0.005868,-0.008025,0.492856
5010,R_hip_roll,-1.379726,-0.344932,-0.009026,-40.038359
5010,R_hip_yaw,0.143619,0.035905,0.009422,3.203854
5010,R_hip_pitch,-0.344657,0.263836,0.348090,-10.175343
5010,R_knee,-0.825402,0.443650,0.610851,-20.100250
5010,R_foot_pitch,1.074795,-0.192521,-0.260741,4.078927
5010,R_foot_roll,-1.840797,-0.184080,0.001030,-11.267970
5020,L_hip_roll,0.195848,0.048962,-0.001093,5.962590
5020,L_hip_yaw,0.060002,0.015000,0.021440,-0.447624
5020,L_hip_pitch,-0.667762,-0.516941,-0.424724,-10.348552
5020,L_knee,-1.327411,-0.981853,-1.040803,7.490877
5020,L_foot_pitch,1.123590,0.412359,0.355936,3.419046
5020,L_foot_roll,0.082017,0.008202,-0.003568,0.228119
5020,R_hip_roll,-1.293603,-0.323401,-0.011939,-37.069191
5020,R_hip_yaw,0.128971,0.032243,0.009063,2.821891
5020,R_hip_pitch,-0.336887,0.265778,0.348817,-10.040961
5020,R_knee,-0.797953,0.450512,0.611209,-19.320104
5020,R_foot_pitch,1.064775,-0.193522,-0.260566,4.005715
5020,R_foot_roll,-1.723739,-0.172374,0.002926,-10.709791
5030,L_hip_roll,0.165721,0.041430,-0.000467,4.948184
5030,L_hip_yaw,0.047038,0.011760,0.017285,-0.193841
5030,L_hip_pitch,-0.655177,-0.513794,-0.430626,-9.492190
5030,L_knee,-1.250196,-0.962549,-1.040129,8.859953
5030,L_foot_pitch,1.082914,0.408291,0.355592,3.195354
5030,L_foot_roll,0.081131,0.008113,0.001119,-0.013810
5030,R_hip_roll,-1.160082,-0.290020,-0.015116,-32.663247
5030,R_hip_yaw,0.118890,0.029722,0.008623,2.576557
5030,R_hip_pitch,-0.288702,0.277825,0.349427,-8.639984
5030,R_knee,-0.805074,0.448732,0.611445,-19.538801
5030,R_foot_pitch,1.019246,-0.198075,-0.260374,3.717400
5030,R_foot_roll,-1.574221,-0.157422,0.004967,-9.952169
5040,L_hip_roll,0.142788,0.035697,0.000615,4.076522
5040,L_hip_yaw,0.026651,0.006663,0.012049,-0.102602
5040,L_hip_pitch,-0.631281,-0.507820,-0.433887,-8.663466
5040,L_knee,-1.128312,-0.932078,-1.030025,10.324543
5040,L_foot_pitch,1.073525,0.407352,0.355244,3.160310
5040,L_foot_roll,0.080281,0.008028,0.004641,-0.080770
5040,R_hip_roll,-1.088054,-0.272014,-0.018355,-30.119488
5040,R_hip_yaw,0.085521,0.021380,0.008220,1.614675
5040,R_hip_pitch,-0.233473,0.291632,0.349750,-6.996743
5040,R_knee,-0.814765,0.446309,0.611365,-19.784411
5040,R_foot_pitch,0.957726,-0.204227,-0.260084,3.316870
5040,R_foot_roll,-1.444062,-0.144406,0.007151,-9.313357
5050,L_hip_roll,0.077937,0.019484,0.002191,1.894949
5050,L_hip_yaw,0.006326,0.001581,0.006127,0.057676
5050,L_hip_pitch,-0.564497,-0.491124,-0.434013,-6.971158
5050,L_knee,-1.020225,-0.905056,-1.009238,9.961441
5050,L_foot_pitch,1.082660,0.408266,0.354916,3.231384
5050,L_foot_roll,0.066444,0.006644,0.006636,-0.141151
5050,R_hip_roll,-0.998463,-0.249616,-0.021538,-27.056693
5050,R_hip_yaw,0.067999,0.017000,0.007886,1.124545
5050,R_hip_pitch,-0.196532,0.300867,0.349912,-5.902877
5050,R_knee,-0.815593,0.446102,0.610989,-19.741658
5050,R_foot_pitch,0.887656,-0.211234,-0.259672,2.861063
5050,R_foot_roll,-1.338101,-0.133810,0.009440,-8.825072
5060,L_hip_roll,-0.025879,-0.006470,0.004107,-1.473622
5060,L_hip_yaw,-0.012818,-0.003205,-0.000077,0.228324
5060,L_hip_pitch,-0.504825,-0.476206,-0.430640,-5.940201
5060,L_knee,-0.881087,-0.870272,-0.977351,9.229940
5060,L_foot_pitch,1.058538,0.405854,0.354657,3.093498
5060,L_foot_roll,0.051487,0.005149,0.007405,-0.175449
5060,R_hip_roll,-0.866572,-0.216643,-0.024648,-22.736108
5060,R_hip_yaw,0.036940,0.009235,0.007635,0.213090
5060,R_hip_pitch,-0.136763,0.315809,0.350047,-4.128507
5060,R_knee,-0.848713,0.437822,0.610540,-20.688284
5060,R_foot_pitch,0.803041,-0.219696,-0.259242,2.332822
5060,R_foot_roll,-1.138681,-0.113868,0.011810,-7.779061
5070,L_hip_roll,-0.150868,-0.037717,0.006105,-5.459823
5070,L_hip_yaw,-0.033299,-0.008325,-0.005852,0.229050
5070,L_hip_pitch,-0.414969,-0.453742,-0.423854,-4.374654
5070,L_knee,-0.688993,-0.822248,-0.935067,8.940700
5070,L_foot_pitch,1.063816,0.406382,0.354454,3.133427
5070,L_foot_roll,0.029121,0.002912,0.007456,-0.263076
5070,R_hip_roll,-0.748087,-0.187022,-0.027615,-18.845574
5070,R_hip_yaw,0.009312,0.002328,0.007445,-0.594997
5070,R_hip_pitch,-0.089147,0.327713,0.350315,-2.757239
5070,R_knee,-0.869400,0.432650,0.610224,-21.292023
5070,R_foot_pitch,0.696756,-0.230324,-0.258864,1.679368
5070,R_foot_roll,-0.943945,-0.094394,0.014316,-6.773121
5080,L_hip_roll,-0.293677,-0.073419,0.007779,-9.890276
5080,L_hip_yaw,-0.054737,-0.013684,-0.010532,0.014090
5080,L_hip_pitch,-0.290621,-0.422655,-0.413640,-2.218072
5080,L_knee,-0.463310,-0.765827,-0.882832,8.466932
5080,L_foot_pitch,1.033880,0.403388,0.354299,2.957655
5080,L_foot_roll,0.000090,0.000009,0.007092,-0.379988
5080,R_hip_roll,-0.517118,-0.129280,-0.030431,-11.591259
5080,R_hip_yaw,-0.006421,-0.001605,0.007257,-1.041381
5080,R_hip_pitch,-0.044021,0.338995,0.350851,-1.498858
5080,R_knee,-0.875715,0.431071,0.610252,-21.531262
5080,R_foot_pitch,0.567899,-0.243210,-0.258645,0.915944
5080,R_foot_roll,-0.636675,-0.063667,0.016945,-5.100646
5090,L_hip_roll,-0.488968,-0.122242,0.008794,-15.797641
5090,L_hip_yaw,-0.067554,-0.016889,-0.013591,-0.185001
5090,L_hip_pitch,-0.136287,-0.384072,-0.399538,0.317605
5090,L_knee,-0.186616,-0.696654,-0.820674,8.341340
5090,L_foot_pitch,0.960001,0.396000,0.354166,2.522022
5090,L_foot_roll,-0.063110,-0.006311,0.006306,-0.666644
5090,R_hip_roll,-0.224857,-0.056214,-0.032994,-2.553069
5090,R_hip_yaw,-0.010549,-0.002637,0.007066,-1.142209
5090,R_hip_pitch,0.017784,0.354446,0.351581,0.254731
5090,R_knee,-0.878556,0.430361,0.610775,-21.733410
5090,R_foot_pitch,0.401840,-0.259816,-0.258707,-0.043427
5090,R_foot_roll,-0.277872,-0.027787,0.019714,-3.125037
5100,L_hip_roll,-0.591574,-0.147893,0.008852,-18.756827
5100,L_hip_yaw,-0.065893,-0.016473,-0.014240,-0.329388
5100,L_hip_pitch,-0.025221,-0.356305,-0.380815,0.913020
5100,L_knee,0.093572,-0.626607,-0.748289,7.044888
5100,L_foot_pitch,0.823124,0.382312,0.353978,1.719971
5100,L_foot_roll,-0.134539,-0.013454,0.004503,-0.857203
5100,R_hip_roll,0.098951,0.024738,-0.035084,7.363535
5100,R_hip_yaw,0.033319,0.008330,0.006959,0.182834
5100,R_hip_pitch,-0.009251,0.347687,0.352229,-0.501320
5100,R_knee,-0.732213,0.466947,0.611740,-17.335187
5100,R_foot_pitch,0.209543,-0.279046,-0.259461,-0.826009
5100,R_foot_roll,0.083714,0.008371,0.022460,-1.011682
5110,L_hip_roll,-0.473873,-0.118468,0.007970,-15.053087
5110,L_hip_yaw,-0.052809,-0.013202,-0.011381,-0.675144
5110,L_hip_pitch,0.033602,-0.341600,-0.357529,-0.523164
5110,L_knee,0.385573,-0.553607,-0.666864,5.265326
5110,L_foot_pitch,0.611029,0.361103,0.353644,0.485142
5110,L_foot_roll,-0.118958,-0.011896,0.000923,-0.350793
5110,R_hip_roll,0.299013,0.074753,-0.036282,13.387001
5110,R_hip_yaw,0.091167,0.022792,0.007118,1.859255
5110,R_hip_pitch,-0.115815,0.321046,0.353357,-4.022629
5110,R_knee,-0.533267,0.516683,0.614354,-12.068588
5110,R_foot_pitch,-0.091713,-0.309171,-0.260597,-2.752038
5110,R_foot_roll,0.341640,0.034164,0.025323,0.253746
5120,L_hip_roll,0.088961,0.022240,0.008083,1.732475
5120,L_hip_yaw,-0.020396,-0.005099,-0.010140,0.698075
5120,L_hip_pitch,-0.239927,-0.409982,-0.343665,-8.731165
5120,L_knee,1.208509,-0.347873,-0.622707,30.772799
5120,L_foot_pitch,0.682727,0.368273,0.292640,12.065778
5120,L_foot_roll,0.096600,0.009660,-0.014214,2.042897
5120,R_hip_roll,0.408959,0.102240,-0.037075,16.815326
5120,R_hip_yaw,0.030773,0.007693,0.007153,0.068051
5120,R_hip_pitch,-0.012835,0.346791,0.354051,-0.895372
5120,R_knee,-0.220686,0.594828,0.617610,-3.072599
5120,R_foot_pitch,-0.265338,-0.326534,-0.262437,-3.632286
5120,R_foot_roll,0.291280,0.029128,0.027762,-0.184901
5130,L_hip_roll,0.541947,0.135487,0.006216,15.834941
5130,L_hip_yaw,0.090336,0.022584,-0.011129,4.171392
5130,L_hip_pitch,-0.230279,-0.407570,-0.342088,-7.682861
5130,L_knee,1.335160,-0.316210,-0.618129,36.529760
5130,L_foot_pitch,0.254325,0.325433,0.274530,3.033812
5130,L_foot_roll,0.394788,0.039479,-0.015371,2.726212
5130,R_hip_roll,0.385137,0.096284,-0.039227,16.560766
5130,R_hip_yaw,0.097456,0.024364,0.006330,2.295478
5130,R_hip_pitch,-0.186707,0.303323,0.354864,-6.293084
5130,R_knee,0.302016,0.725504,0.621233,12.150398
5130,R_foot_pitch,-0.529388,-0.352939,-0.266665,-4.630552
5130,R_foot_roll,0.194315,0.019431,0.030311,-0.921395
5140,L_hip_roll,1.090600,0.272650,0.003066,32.701361
5140,L_hip_yaw,0.047237,0.011809,-0.011854,2.880138
5140,L_hip_pitch,-0.407049,-0.451762,-0.343022,-12.971812
5140,L_knee,1.373252,-0.306687,-0.620042,37.780602
5140,L_foot_pitch,0.092523,0.309252,0.275287,2.068797
5140,L_foot_roll,0.738942,0.073894,-0.011798,4.603000
5140,R_hip_roll,0.244048,0.061012,-0.041614,12.501836
5140,R_hip_yaw,0.051703,0.012926,0.006084,0.786605
5140,R_hip_pitch,-0.316766,0.270808,0.358505,-10.998006
5140,R_knee,0.592373,0.798093,0.632324,18.322807
5140,R_foot_pitch,-0.669446,-0.366945,-0.286213,-1.995019
5140,R_foot_roll,0.091010,0.009101,0.029722,-0.851726
5150,L_hip_roll,1.289026,0.322256,0.000410,38.781778
5150,L_hip_yaw,0.108844,0.027211,-0.012378,4.837355
5150,L_hip_pitch,-0.350050,-0.437513,-0.344049,-11.249883
5150,L_knee,1.407860,-0.298035,-0.622186,38.910557
5150,L_foot_pitch,-0.130845,0.286915,0.276601,-0.137797
5150,L_foot_roll,1.009501,0.100950,-0.009560,6.435978
5150,R_hip_roll,-0.000733,-0.000183,-0.041936,4.899207
5150,R_hip_yaw,0.047877,0.011969,0.005205,0.951161
5150,R_hip_pitch,-0.187772,0.303057,0.365730,-8.379748
5150,R_knee,0.773466,0.843367,0.657160,19.263829
5150,R_foot_pitch,-0.640089,-0.364009,-0.321413,1.130914
5150,R_foot_roll,-0.187982,-0.018798,0.021769,-1.455714
5160,L_hip_roll,1.413446,0.353361,-0.001701,42.814448
5160,L_hip_yaw,0.135183,0.033796,-0.012716,5.598317
5160,L_hip_pitch,-0.358663,-0.439666,-0.345739,-11.110581
5160,L_knee,1.244352,-0.338912,-0.624940,34.568516
5160,L_foot_pitch,-0.241042,0.275896,0.277061,-0.077602
5160,L_foot_roll,1.192933,0.119293,-0.007347,7.197341
5160,R_hip_roll,-0.125575,-0.031394,-0.040504,0.904040
5160,R_hip_yaw,0.025427,0.006357,0.004144,0.306542
5160,R_hip_pitch,-0.076308,0.330923,0.377604,-6.960403
5160,R_knee,0.918526,0.879632,0.697213,17.328644
5160,R_foot_pitch,-0.632101,-0.363210,-0.353789,2.010542
5160,R_foot_roll,-0.326781,-0.032678,0.006974,-0.712537
5170,L_hip_roll,1.566136,0.391534,-0.003132,47.488172
5170,L_hip_yaw,0.148291,0.037073,-0.012662,5.950653
5170,L_hip_pitch,-0.253782,-0.413445,-0.348087,-7.546724
5170,L_knee,1.219040,-0.345240,-0.628109,34.321172
5170,L_foot_pitch,-0.343992,0.265601,0.278596,-0.805590
5170,L_foot_roll,1.456431,0.145643,-0.005827,8.717041
5170,R_hip_roll,-0.243089,-0.060772,-0.037957,-3.037222
5170,R_hip_yaw,-0.037186,-0.009296,0.004137,-1.656434
5170,R_hip_pitch,0.073130,0.368283,0.393994,-4.838069
5170,R_knee,0.977751,0.894438,0.749847,11.724537
5170,R_foot_pitch,-0.593048,-0.359305,-0.367688,1.167768
5170,R_foot_roll,-0.427362,-0.042736,-0.011206,-0.124424
5180,L_hip_roll,1.424944,0.356236,-0.003894,43.266587
5180,L_hip_yaw,0.125967,0.031492,-0.012392,5.241750
5180,L_hip_pitch,-0.248177,-0.412044,-0.351254,-6.953700
5180,L_knee,1.069771,-0.382557,-0.632164,30.419766
5180,L_foot_pitch,-0.524755,0.247524,0.279667,-2.141825
5180,L_foot_roll,1.602104,0.160210,-0.004602,9.762343
5180,R_hip_roll,-0.337078,-0.084269,-0.034447,-6.362940
5180,R_hip_yaw,-0.045275,-0.011319,0.002985,-1.507399
5180,R_hip_pitch,0.255225,0.413806,0.412097,-1.548348
5180,R_knee,1.096578,0.924145,0.808618,7.983399
5180,R_foot_pitch,-0.635564,-0.363556,-0.369480,0.241638
5180,R_foot_roll,-0.466799,-0.046680,-0.028087,0.393236
5190,L_hip_roll,1.443490,0.360873,-0.004256,43.830585
5190,L_hip_yaw,0.107739,0.026935,-0.012065,4.646520
5190,L_hip_pitch,-0.066808,-0.366702,-0.355118,-0.993483
5190,L_knee,0.972214,-0.406946,-0.636859,28.040693
5190,L_foot_pitch,-0.677537,0.232246,0.281475,-3.123002
5190,L_foot_roll,1.754323,0.175432,-0.003952,10.808542
5190,R_hip_roll,-0.402826,-0.100706,-0.030729,-8.760667
5190,R_hip_yaw,-0.095859,-0.023965,0.000306,-2.626622
5190,R_hip_pitch,0.382794,0.445698,0.429995,0.160475
5190,R_knee,1.122049,0.930512,0.868183,1.645365
5190,R_foot_pitch,-0.626692,-0.362669,-0.366831,-0.094302
5190,R_foot_roll,-0.469840,-0.046984,-0.040278,0.548687
5200,L_hip_roll,1.393289,0.348322,-0.004517,42.375472
5200,L_hip_yaw,0.051356,0.012839,-0.011805,2.934145
5200,L_hip_pitch,0.017808,-0.345548,-0.358764,1.941812
5200,L_knee,0.839642,-0.440090,-0.641004,24.537072
5200,L_foot_pitch,-0.827495,0.217250,0.283329,-4.129681
5200,L_foot_roll,1.883333,0.188333,-0.002999,11.337518
5200,R_hip_roll,-0.325920,-0.081480,-0.027411,-6.790701
5200,R_hip_yaw,-0.076048,-0.019012,-0.004099,-1.258952
5200,R_hip_pitch,0.555074,0.488768,0.445447,3.866555
5200,R_knee,1.162364,0.940591,0.922994,-2.943169
5200,R_foot_pitch,-0.731042,-0.373104,-0.362713,-1.070612
5200,R_foot_roll,-0.393653,-0.039365,-0.046727,0.850137
5210,L_hip_roll,1.365231,0.341308,-0.004540,41.482792
5210,L_hip_yaw,-0.009056,-0.002264,-0.011500,1.075105
5210,L_hip_pitch,0.117413,-0.320647,-0.362178,5.317012
5210,L_knee,0.785936,-0.453516,-0.644985,23.372006
5210,L_foot_pitch,-0.973071,0.202693,0.284709,-5.081766
5210,L_foot_roll,2.006087,0.200609,-0.002118,12.051162
5210,R_hip_roll,-0.364069,-0.091017,-0.024467,-8.274151
5210,R_hip_yaw,-0.082912,-0.020728,-0.009113,-0.931731
5210,R_hip_pitch,0.611121,0.502780,0.456750,4.603271
5210,R_knee,1.207011,0.951753,0.968275,-5.984488
5210,R_foot_pitch,-0.829674,-0.382967,-0.359003,-1.752746
5210,R_foot_roll,-0.287395,-0.028740,-0.047074,0.904480
5220,L_hip_roll,1.455917,0.363979,-0.004173,44.124840
5220,L_hip_yaw,-0.067806,-0.016951,-0.011222,-0.711469
5220,L_hip_pitch,0.268926,-0.282768,-0.364871,10.064301
5220,L_knee,0.672873,-0.481782,-0.648224,20.234681
5220,L_foot_pitch,-1.110745,0.188925,0.286065,-5.943620
5220,L_foot_roll,2.181382,0.218138,-0.001658,13.193398
5220,R_hip_roll,-0.314704,-0.078676,-0.021956,-7.031236
5220,R_hip_yaw,-0.096772,-0.024193,-0.013152,-0.974102
5220,R_hip_pitch,0.749222,0.537306,0.463180,8.501093
5220,R_knee,1.228308,0.957077,1.001642,-8.088350
5220,R_foot_pitch,-0.903868,-0.390387,-0.356508,-2.236295
5220,R_foot_roll,-0.179365,-0.017936,-0.041429,0.664049
5230,L_hip_roll,1.409664,0.352416,-0.003374,42.590077
5230,L_hip_yaw,-0.116296,-0.029074,-0.011021,-2.185242
5230,L_hip_pitch,0.321642,-0.269589,-0.366821,11.842675
5230,L_knee,0.694074,-0.476481,-0.650909,21.195464
5230,L_foot_pitch,-1.175680,0.182432,0.287291,-6.416521
5230,L_foot_roll,2.236147,0.223615,-0.000431,13.243556
5230,R_hip_roll,-0.256913,-0.064228,-0.019690,-5.575837
5230,R_hip_yaw,-0.120490,-0.030122,-0.016417,-1.342656
5230,R_hip_pitch,0.799625,0.549906,0.464769,10.256064
5230,R_knee,1.272935,0.968234,1.022423,-8.018689
5230,R_foot_pitch,-0.958444,-0.395844,-0.354951,-2.576767
5230,R_foot_roll,-0.097424,-0.009742,-0.031750,0.289083
5240,L_hip_roll,1.400628,0.350157,-0.002159,42.141253
5240,L_hip_yaw,-0.152717,-0.038179,-0.010927,-3.275130
5240,L_hip_pitch,0.386604,-0.253349,-0.368174,13.880635
5240,L_knee,0.679516,-0.480121,-0.653100,20.935465
5240,L_foot_pitch,-1.291363,0.170864,0.288363,-7.140716
5240,L_foot_roll,2.326557,0.232656,0.002166,13.540114
5240,R_hip_roll,-0.254642,-0.063661,-0.017344,-5.795849
5240,R_hip_yaw,-0.125031,-0.031258,-0.020022,-0.952798
5240,R_hip_pitch,0.823178,0.555795,0.462577,11.546088
5240,R_knee,1.340432,0.985108,1.031852,-6.087302
5240,R_foot_pitch,-1.000293,-0.400029,-0.354057,-2.825303
5240,R_foot_roll,0.011894,0.001189,-0.021016,0.309235
5250,L_hip_roll,1.449528,0.362382,-0.000848,43.459036
5250,L_hip_yaw,-0.187525,-0.046881,-0.010937,-4.310965
5250,L_hip_pitch,0.419614,-0.245097,-0.368763,14.864425
5250,L_knee,0.711546,-0.472114,-0.654346,21.945597
5250,L_foot_pitch,-1.292408,0.170759,0.289040,-7.144434
5250,L_foot_roll,2.378227,0.237823,0.005900,13.497757
5250,R_hip_roll,-0.145699,-0.036425,-0.015196,-2.744454
5250,R_hip_yaw,-0.131699,-0.032925,-0.024232,-0.613770
5250,R_hip_pitch,0.827511,0.556878,0.458055,12.374232
5250,R_knee,1.361170,0.990293,1.032806,-4.900452
5250,R_foot_pitch,-1.016243,-0.401624,-0.353621,-2.908970
5250,R_foot_roll,0.074683,0.007468,-0.010180,0.015782
5260,L_hip_roll,1.406790,0.351697,0.000709,41.941932
5260,L_hip_yaw,-0.195870,-0.048967,-0.010990,-4.553057
5260,L_hip_pitch,0.378179,-0.255455,-0.368484,13.497614
5260,L_knee,0.773678,-0.456580,-0.654378,23.681252
5260,L_foot_pitch,-1.269548,0.173045,0.289214,-6.962659
5260,L_foot_roll,2.348012,0.234801,0.009580,13.188676
5260,R_hip_roll,-0.174238,-0.043560,-0.013006,-3.901855
5260,R_hip_yaw,-0.123128,-0.030782,-0.028686,0.191887
5260,R_hip_pitch,0.788626,0.547157,0.452447,11.946162
5260,R_knee,1.394036,0.998509,1.027940,-2.838744
5260,R_foot_pitch,-1.015463,-0.401546,-0.353459,-2.893607
5260,R_foot_roll,0.123426,0.012343,-0.000480,-0.089463
5270,L_hip_roll,1.398315,0.349579,0.002515,41.466257
5270,L_hip_yaw,-0.249296,-0.062324,-0.011021,-6.156110
5270,L_hip_pitch,0.373353,-0.256662,-0.367226,13.101003
5270,L_knee,0.763966,-0.459008,-0.652739,23.002696
5270,L_foot_pitch,-1.227361,0.177264,0.288643,-6.587841
5270,L_foot_roll,2.302351,0.230235,0.011797,12.953336
5270,R_hip_roll,-0.120184,-0.030046,-0.010841,-2.504785
5270,R_hip_yaw,-0.106512,-0.026628,-0.032443,1.010054
5270,R_hip_pitch,0.763298,0.540824,0.446832,11.806799
5270,R_knee,1.451625,1.012906,1.019606,0.114288
5270,R_foot_pitch,-1.041030,-0.404103,-0.353440,-3.037681
5270,R_foot_roll,0.181615,0.018161,0.007412,-0.046460
5280,L_hip_roll,1.455444,0.363861,0.004416,42.939078
5280,L_hip_yaw,-0.217537,-0.054384,-0.011098,-5.181850
5280,L_hip_pitch,0.383967,-0.254008,-0.365337,13.159813
5280,L_knee,0.794563,-0.451359,-0.649660,23.444589
5280,L_foot_pitch,-1.171500,0.182850,0.287351,-6.114976
5280,L_foot_roll,2.236774,0.223677,0.012437,12.662976
5280,R_hip_roll,-0.104801,-0.026200,-0.008928,-2.256302
5280,R_hip_yaw,-0.111978,-0.027995,-0.034255,0.828939
5280,R_hip_pitch,0.704860,0.526215,0.442565,10.369387
5280,R_knee,1.440967,1.010242,1.010997,0.700527
5280,R_foot_pitch,-1.041053,-0.404105,-0.353524,-3.023019
5280,R_foot_roll,0.220242,0.022024,0.013914,-0.090223
5290,L_hip_roll,1.446832,0.361708,0.006663,42.361627
5290,L_hip_yaw,-0.196261,-0.049065,-0.011214,-4.530064
5290,L_hip_pitch,0.336111,-0.265972,-0.362755,11.319493
5290,L_knee,0.778379,-0.455405,-0.645259,22.285166
5290,L_foot_pitch,-1.165424,0.183458,0.285438,-5.902668
5290,L_foot_roll,2.191158,0.219116,0.010526,12.823793
5290,R_hip_roll,-0.144927,-0.036232,-0.007001,-3.706474
5290,R_hip_yaw,-0.101953,-0.025488,-0.033934,0.901783
5290,R_hip_pitch,0.694162,0.523541,0.439905,10.237476
5290,R_knee,1.492276,1.023069,1.003573,3.022459
5290,R_foot_pitch,-1.073485,-0.407349,-0.353660,-3.207198
5290,R_foot_roll,0.246967,0.024697,0.019091,-0.106229
5300,L_hip_roll,1.540459,0.385115,0.009140,44.869264
5300,L_hip_yaw,-0.166891,-0.041723,-0.011302,-3.642156
5300,L_hip_pitch,0.319741,-0.270065,-0.359916,10.512460
5300,L_knee,0.787284,-0.453179,-0.640198,21.937430
5300,L_foot_pitch,-1.101111,0.189889,0.283162,-5.363059
5300,L_foot_roll,2.139820,0.213982,0.007122,12.749118
5300,R_hip_roll,-0.153420,-0.038355,-0.005153,-4.157438
5300,R_hip_yaw,-0.115348,-0.028837,-0.031670,0.037471
5300,R_hip_pitch,0.710327,0.527582,0.439464,10.488486
5300,R_knee,1.486976,1.021744,0.998929,3.019871
5300,R_foot_pitch,-1.046922,-0.404692,-0.353838,-3.031827
5300,R_foot_roll,0.263912,0.026391,0.023087,-0.143017
5310,L_hip_roll,1.539449,0.384862,0.011879,44.466485
5310,L_hip_yaw,-0.130816,-0.032704,-0.011335,-2.562398
5310,L_hip_pitch,0.304403,-0.273899,-0.357524,9.824700
5310,L_knee,0.786239,-0.453440,-0.635270,21.345526
5310,L_foot_pitch,-1.089511,0.191049,0.280803,-5.150492
5310,L_foot_roll,2.069434,0.206943,0.003025,12.668527
5310,R_hip_roll,-0.211043,-0.052761,-0.003313,-6.125941
5310,R_hip_yaw,-0.117805,-0.029451,-0.028426,-0.449751
5310,R_hip_pitch,0.704787,0.526197,0.441994,9.721062
5310,R_knee,1.493697,1.023424,0.998239,2.925860
5310,R_foot_pitch,-1.033583,-0.403358,-0.353999,-2.947985
5310,R_foot_roll,0.275632,0.027563,0.025836,-0.109264
5320,L_hip_roll,1.541392,0.385348,0.014902,44.144995
5320,L_hip_yaw,-0.108146,-0.027036,-0.011292,-1.895353
5320,L_hip_pitch,0.290591,-0.277352,-0.355720,9.249490
5320,L_knee,0.768793,-0.457802,-0.630729,20.320245
5320,L_foot_pitch,-1.063436,0.193656,0.278473,-4.860863
5320,L_foot_roll,2.010031,0.201003,-0.001622,12.617123
5320,R_hip_roll,-0.241408,-0.060352,-0.001514,-7.230184
5320,R_hip_yaw,-0.125864,-0.031466,-0.025331,-1.019381
5320,R_hip_pitch,0.723135,0.530784,0.447290,9.382935
5320,R_knee,1.496848,1.024212,1.001060,2.363811
5320,R_foot_pitch,-1.006809,-0.400681,-0.354099,-2.787251
5320,R_foot_roll,0.276356,0.027636,0.027621,-0.142839
5330,L_hip_roll,1.526422,0.381606,0.018036,43.312264
5330,L_hip_yaw,-0.076959,-0.019240,-0.011201,-0.973393
5330,L_hip_pitch,0.263598,-0.284100,-0.354623,8.387609
5330,L_knee,0.772919,-0.456770,-0.626892,20.072189
5330,L_foot_pitch,-1.033181,0.196682,0.276325,-4.576822
5330,L_foot_roll,1.928842,0.192884,-0.005982,12.329816
5330,R_hip_roll,-0.251805,-0.062951,0.000009,-7.693482
5330,R_hip_yaw,-0.129526,-0.032381,-0.023183,-1.259034
5330,R_hip_pitch,0.729070,0.532268,0.454898,8.439651
5330,R_knee,1.469963,1.017491,1.006571,0.674363
5330,R_foot_pitch,-0.966381,-0.396638,-0.354132,-2.549777
5330,R_foot_roll,0.260625,0.026062,0.028652,-0.227273
5340,L_hip_roll,1.437755,0.359439,0.021300,40.242893
5340,L_hip_yaw,-0.048010,-0.012003,-0.011081,-0.122893
5340,L_hip_pitch,0.227606,-0.293098,-0.354197,7.312836
5340,L_knee,0.768715,-0.457821,-0.623864,19.657090
5340,L_foot_pitch,-1.008593,0.199141,0.274442,-4.342877
5340,L_foot_roll,1.806808,0.180681,-0.009958,11.816532
5340,R_hip_roll,-0.268534,-0.067133,0.001243,-8.315633
5340,R_hip_yaw,-0.126972,-0.031743,-0.022365,-1.150748
5340,R_hip_pitch,0.709757,0.527439,0.463895,6.697886
5340,R_knee,1.428527,1.007132,1.012878,-1.291529
5340,R_foot_pitch,-0.944357,-0.394436,-0.354077,-2.430337
5340,R_foot_roll,0.242347,0.024235,0.028826,-0.261098
5350,L_hip_roll,1.333036,0.333259,0.024653,36.697442
5350,L_hip_yaw,-0.014257,-0.003564,-0.010946,0.873392
5350,L_hip_pitch,0.164963,-0.308759,-0.354114,5.441428
5350,L_knee,0.771038,-0.457241,-0.621448,19.487667
5350,L_foot_pitch,-0.949989,0.205001,0.272811,-3.917908
5350,L_foot_roll,1.657020,0.165702,-0.013741,11.126491
5350,R_hip_roll,-0.241102,-0.060275,0.002039,-7.530996
5350,R_hip_yaw,-0.125399,-0.031350,-0.022530,-1.012345
5350,R_hip_pitch,0.699840,0.524960,0.472804,5.408832
5350,R_knee,1.358662,0.989665,1.017204,-3.586415
5350,R_foot_pitch,-0.917520,-0.391752,-0.353950,-2.282387
5350,R_foot_roll,0.208589,0.020859,0.028230,-0.362050
5360,L_hip_roll,1.209955,0.302489,0.028055,32.590177
5360,L_hip_yaw,0.025005,0.006251,-0.010800,2.030917
5360,L_hip_pitch,0.077836,-0.330541,-0.354201,2.856496
5360,L_knee,0.782465,-0.454384,-0.619525,19.649212
5360,L_foot_pitch,-0.891607,0.210839,0.271430,-3.510455
5360,L_foot_roll,1.462617,0.146262,-0.017538,10.203472
5360,R_hip_roll,-0.205956,-0.051489,0.002314,-6.460372
5360,R_hip_yaw,-0.110195,-0.027549,-0.023191,-0.445996
5360,R_hip_pitch,0.636120,0.509030,0.480243,2.799207
5360,R_knee,1.245680,0.961420,1.016713,-6.321600
5360,R_foot_pitch,-0.911100,-0.391110,-0.353774,-2.258900
5360,R_foot_roll,0.191255,0.019125,0.026663,-0.262916
5370,L_hip_roll,1.030877,0.257719,0.031618,26.769345
5370,L_hip_yaw,0.067599,0.016900,-0.010631,3.286201
5370,L_hip_pitch,-0.020802,-0.355200,-0.354321,-0.092225
5370,L_knee,0.791308,-0.452173,-0.617967,19.757618
5370,L_foot_pitch,-0.818808,0.218119,0.270285,-3.028058
5370,L_foot_roll,1.193092,0.119309,-0.022009,8.954083
5370,R_hip_roll,-0.139787,-0.034947,0.002133,-4.409612
5370,R_hip_yaw,-0.087954,-0.021988,-0.023478,0.169815
5370,R_hip_pitch,0.555986,0.488996,0.484617,0.252512
5370,R_knee,1.101323,0.925331,1.008070,-8.650174
5370,R_foot_pitch,-0.923457,-0.392346,-0.353578,-2.344951
5370,R_foot_roll,0.178639,0.017864,0.024517,-0.184795
5380,L_hip_roll,0.825539,0.206385,0.035118,20.211725
5380,L_hip_yaw,0.105253,0.026313,-0.010471,4.398753
5380,L_hip_pitch,-0.126848,-0.381712,-0.354775,-3.158074
5380,L_knee,0.817232,-0.445692,-0.617325,20.595984
5380,L_foot_pitch,-0.723383,0.227662,0.269467,-2.479701
5380,L_foot_roll,0.864505,0.086451,-0.024779,6.858733
5380,R_hip_roll,-0.019986,-0.004997,0.001466,-0.683504
5380,R_hip_yaw,-0.056373,-0.014093,-0.022367,0.809015
5380,R_hip_pitch,0.454498,0.463625,0.484292,-2.229428
5380,R_knee,0.913756,0.878439,0.987932,-10.595874
5380,R_foot_pitch,-0.935357,-0.393536,-0.353408,-2.422423
5380,R_foot_roll,0.152230,0.015223,0.022397,-0.231190
5390,L_hip_roll,0.548442,0.137110,0.038748,11.432864
5390,L_hip_yaw,0.145043,0.036261,-0.010282,5.563226
5390,L_hip_pitch,-0.202222,-0.400555,-0.355393,-5.348216
5390,L_knee,0.812479,-0.446880,-0.617289,20.467186
5390,L_foot_pitch,-0.635178,0.236482,0.269073,-1.940608
5390,L_foot_roll,0.421848,0.042185,-0.027951,4.613214
5390,R_hip_roll,0.110550,0.027638,0.000545,3.351157
5390,R_hip_yaw,-0.020106,-0.005027,-0.019067,1.260038
5390,R_hip_pitch,0.292773,0.423193,0.477909,-5.665352
5390,R_knee,0.668027,0.817007,0.953507,-12.317188
5390,R_foot_pitch,-0.981391,-0.398139,-0.353283,-2.701347
5390,R_foot_roll,0.121420,0.012142,0.020005,-0.218804
5400,L_hip_roll,0.220485,0.055121,0.042364,1.177622
5400,L_hip_yaw,0.160692,0.040173,-0.010085,6.015846
5400,L_hip_pitch,-0.265620,-0.416405,-0.356021,-7.167340
5400,L_knee,0.776550,-0.455862,-0.617840,19.541173
5400,L_foot_pitch,-0.536098,0.246390,0.269321,-1.421522
5400,L_foot_roll,-0.059469,-0.005947,-0.031197,1.924498
5400,R_hip_roll,0.268518,0.067129,-0.000452,8.217626
5400,R_hip_yaw,0.019464,0.004866,-0.013288,1.511550
5400,R_hip_pitch,0.113299,0.378325,0.463839,-8.523519
5400,R_knee,0.414076,0.753519,0.901987,-11.942727
5400,R_foot_pitch,-1.017902,-0.401790,-0.353232,-2.914664
5400,R_foot_roll,0.064772,0.006477,0.016854,-0.282022
5410,L_hip_roll,-0.193158,-0.048289,0.045542,-11.544684
5410,L_hip_yaw,0.149396,0.037349,-0.010080,5.698404
5410,L_hip_pitch,-0.287960,-0.421990,-0.356819,-7.726309
5410,L_knee,0.709473,-0.472632,-0.619574,17.866969
5410,L_foot_pitch,-0.344383,0.265562,0.270041,-0.408972
5410,L_foot_roll,-0.590097,-0.059010,-0.034132,-1.166566
5410,R_hip_roll,0.449988,0.112497,-0.001512,13.794824
5410,R_hip_yaw,0.057875,0.014469,-0.005472,1.563819
5410,R_hip_pitch,-0.114596,0.321351,0.440870,-11.703688
5410,R_knee,0.140311,0.685078,0.831954,-9.929741
5410,R_foot_pitch,-0.969498,-0.396950,-0.353268,-2.613389
5410,R_foot_roll,-0.053087,-0.005309,0.012194,-0.530193
5420,L_hip_roll,-0.712141,-0.178035,0.047694,-27.226950
5420,L_hip_yaw,0.103828,0.025957,-0.010409,4.423474
5420,L_hip_pitch,-0.242770,-0.410693,-0.357497,-6.291666
5420,L_knee,0.573350,-0.506663,-0.622595,14.312994
5420,L_foot_pitch,-0.038029,0.296197,0.271888,1.254247
5420,L_foot_roll,-1.021758,-0.102176,-0.037109,-3.660106
5420,R_hip_roll,0.580109,0.145027,-0.002667,17.856813
5420,R_hip_yaw,0.085416,0.021354,0.003015,1.388938
5420,R_hip_pitch,-0.274220,0.281445,0.408548,-11.687859
5420,R_knee,-0.147913,0.613022,0.744295,-6.411118
5420,R_foot_pitch,-0.734013,-0.373401,-0.353312,-1.201411
5420,R_foot_roll,-0.303169,-0.030317,0.004415,-1.198421
5430,L_hip_roll,-1.039207,-0.259802,0.047652,-36.754120
5430,L_hip_yaw,0.030080,0.007520,-0.011379,2.382313
5430,L_hip_pitch,-0.025376,-0.356344,-0.358233,0.320006
5430,L_knee,0.239306,-0.590174,-0.627723,5.124367
5430,L_foot_pitch,0.308374,0.330837,0.274821,3.007286
5430,L_foot_roll,-1.117777,-0.111778,-0.039606,-4.104260
5430,R_hip_roll,0.589295,0.147324,-0.004475,18.452307
5430,R_hip_yaw,0.093685,0.023421,0.009910,1.073983
5430,R_hip_pitch,-0.185103,0.303724,0.368062,-3.463782
5430,R_knee,-0.545384,0.513654,0.643197,-5.174335
5430,R_foot_pitch,-0.382994,-0.338299,-0.353124,0.860868
5430,R_foot_roll,-0.659465,-0.065946,-0.009524,-1.786632
5440,L_hip_roll,-0.782108,-0.195527,0.047738,-29.194012
5440,L_hip_yaw,-0.086261,-0.021565,-0.010534,-1.432352
5440,L_hip_pitch,-0.133684,-0.383421,-0.358024,-3.148041
5440,L_knee,-0.119116,-0.679779,-0.632474,-5.235071
5440,L_foot_pitch,1.028286,0.402829,0.278188,7.282903
5440,L_foot_roll,-0.470734,-0.047073,-0.042340,-0.049453
5440,R_hip_roll,0.097671,0.024418,-0.005940,3.645300
5440,R_hip_yaw,-0.219670,-0.054918,0.011096,-8.139125
5440,R_hip_pitch,0.135133,0.383783,0.352080,4.915518
5440,R_knee,-1.338684,0.315329,0.601384,-31.522747
5440,R_foot_pitch,-0.106031,-0.310603,-0.255508,-12.528058
5440,R_foot_roll,-1.221505,-0.122151,0.006361,-7.741916
5450,L_hip_roll,-0.903457,-0.225864,0.049350,-33.192830
5450,L_hip_yaw,-0.023303,-0.005826,-0.008858,0.131268
5450,L_hip_pitch,0.416754,-0.245811,-0.360945,14.320879
5450,L_knee,-0.637964,-0.809491,-0.643863,-18.319931
5450,L_foot_pitch,1.395059,0.439506,0.298368,5.230901
5450,L_foot_roll,-0.042664,-0.004266,-0.042290,2.152033
5450,R_hip_roll,-0.590911,-0.147728,-0.003821,-17.574920
5450,R_hip_yaw,-0.161770,-0.040443,0.012119,-6.362731
5450,R_hip_pitch,0.537751,0.484438,0.351335,15.751903
5450,R_knee,-1.607483,0.248129,0.601964,-43.021739
5450,R_foot_pitch,0.213273,-0.278673,-0.252986,-1.378332
5450,R_foot_roll,-1.741907,-0.174191,0.006806,-10.920244
5460,L_hip_roll,-0.560549,-0.140137,0.048520,-22.287946
5460,L_hip_yaw,-0.019064,-0.004766,-0.003080,-1.251510
5460,L_hip_pitch,0.364228,-0.258943,-0.368581,13.972003
5460,L_knee,-1.152648,-0.938162,-0.669636,-29.139002
5460,L_foot_pitch,1.638152,0.463815,0.344591,1.686197
5460,L_foot_roll,0.333197,0.033320,-0.030663,2.073174
5460,R_hip_roll,-0.988899,-0.247225,-0.001395,-29.694194
5460,R_hip_yaw,-0.232391,-0.058098,0.012624,-8.535455
5460,R_hip_pitch,0.581331,0.495333,0.353189,16.908079
5460,R_knee,-1.675084,0.231229,0.607171,-45.610765
5460,R_foot_pitch,0.557276,-0.244272,-0.255094,0.905297
5460,R_foot_roll,-1.970755,-0.197075,0.005728,-11.946676
5470,L_hip_roll,-0.167045,-0.041761,0.043020,-9.482054
5470,L_hip_yaw,0.002812,0.000703,0.008923,-2.174443
5470,L_hip_pitch,0.305484,-0.273629,-0.382478,14.796206
5470,L_knee,-1.129059,-0.932265,-0.715437,-20.477170
5470,L_foot_pitch,1.702181,0.470218,0.381113,3.343498
5470,L_foot_roll,0.731384,0.073138,-0.004699,1.788175
5470,R_hip_roll,-1.074323,-0.268581,0.000172,-32.373308
5470,R_hip_yaw,-0.180910,-0.045227,0.012462,-6.860857
5470,R_hip_pitch,0.669441,0.517360,0.354658,19.397184
5470,R_knee,-1.464662,0.283834,0.611480,-39.688882
5470,R_foot_pitch,1.047336,-0.195266,-0.257251,3.908958
5470,R_foot_roll,-1.807241,-0.180724,0.003754,-10.890362
5480,L_hip_roll,0.094342,0.023586,0.035520,-0.646093
5480,L_hip_yaw,-0.000160,-0.000040,0.018151,-2.830114
5480,L_hip_pitch,0.113791,-0.321552,-0.401766,11.583233
5480,L_knee,-1.295079,-0.973770,-0.777330,-17.094347
5480,L_foot_pitch,1.672491,0.467249,0.389918,4.429981
5480,L_foot_roll,0.809635,0.080963,0.028988,-0.275638
5480,R_hip_roll,-1.194697,-0.298674,0.001182,-36.063430
5480,R_hip_yaw,-0.193626,-0.048406,0.011892,-7.190323
5480,R_hip_pitch,0.658571,0.514643,0.356478,18.778304
5480,R_knee,-1.422581,0.294355,0.615247,-38.874122
5480,R_foot_pitch,1.118079,-0.188192,-0.258926,4.399415
5480,R_foot_roll,-1.866359,-0.186636,0.002254,-11.196290
5490,L_hip_roll,0.251482,0.062870,0.028261,4.835162
5490,L_hip_yaw,0.036799,0.009200,0.019881,-1.092677
5490,L_hip_pitch,-0.193673,-0.398418,-0.422597,4.960516
5490,L_knee,-1.288028,-0.972007,-0.846389,-8.059369
5490,L_foot_pitch,1.549971,0.454997,0.387859,4.464299
5490,L_foot_roll,0.760167,0.076017,0.058755,-1.465232
5490,R_hip_roll,-1.404514,-0.351129,0.002143,-42.495592
5490,R_hip_yaw,-0.175252,-0.043813,0.011424,-6.590686
5490,R_hip_pitch,0.291955,0.422989,0.359137,7.369889
5490,R_knee,-1.128574,0.367857,0.618820,-30.448305
5490,R_foot_pitch,1.234690,-0.176531,-0.260230,5.129291
5490,R_foot_roll,-1.911927,-0.191193,0.000919,-11.400859
5500,L_hip_roll,0.419194,0.104799,0.021808,10.584558
5500,L_hip_yaw,0.077641,0.019410,0.015323,1.118975
5500,L_hip_pitch,-0.493056,-0.473264,-0.442146,-1.962982
5500,L_knee,-1.178697,-0.944674,-0.915474,3.124544
5500,L_foot_pitch,1.466498,0.446650,0.382295,4.466837
5500,L_foot_roll,0.670648,0.067065,0.075705,-1.610599
5500,R_hip_roll,-1.419414,-0.354854,0.003039,-43.020221
5500,R_hip_yaw,-0.138214,-0.034554,0.010910,-5.401482
5500,R_hip_pitch,0.025706,0.356426,0.362183,-0.983831
5500,R_knee,-0.989723,0.402569,0.622253,-26.696467
5500,R_foot_pitch,1.168447,-0.183155,-0.261385,4.809249
5500,R_foot_roll,-1.840463,-0.184046,-0.000223,-10.926320
5510,L_hip_roll,0.416335,0.104084,0.016173,11.071432
5510,L_hip_yaw,0.051597,0.012899,0.008843,1.117400
5510,L_hip_pitch,-0.632746,-0.508186,-0.456843,-4.995252
5510,L_knee,-1.235549,-0.958887,-0.974976,7.206277
5510,L_foot_pitch,1.434862,0.443486,0.376258,4.614895
5510,L_foot_roll,0.512859,0.051286,0.079127,-1.547820
5510,R_hip_roll,-1.453607,-0.363402,0.003841,-44.150055
5510,R_hip_yaw,-0.081442,-0.020361,0.010230,-3.596458
5510,R_hip_pitch,-0.070984,0.332254,0.364504,-4.039612
5510,R_knee,-0.883742,0.429065,0.624892,-23.694208
5510,R_foot_pitch,1.170200,-0.182980,-0.262356,4.839323
5510,R_foot_roll,-1.878222,-0.187822,-0.001185,-11.106001
5520,L_hip_roll,0.499336,0.124834,0.011364,14.072718
5520,L_hip_yaw,0.032989,0.008247,0.002310,1.346683
5520,L_hip_pitch,-0.668369,-0.517092,-0.465407,-5.630140
5520,L_knee,-1.220237,-0.955059,-1.019796,11.530413
5520,L_foot_pitch,1.405072,0.440507,0.370968,4.652908
5520,L_foot_roll,0.399826,0.039983,0.071592,-0.830565
5520,R_hip_roll,-1.356259,-0.339065,0.004493,-41.275568
5520,R_hip_yaw,0.029407,0.007352,0.009380,-0.152748
5520,R_hip_pitch,-0.216267,0.295933,0.365816,-8.477921
5520,R_knee,-0.764207,0.458948,0.626414,-20.204578
5520,R_foot_pitch,1.188667,-0.181133,-0.263031,4.968863
5520,R_foot_roll,-1.835030,-0.183503,-0.002065,-10.806704
5530,L_hip_roll,0.390545,0.097636,0.007590,11.125006
5530,L_hip_yaw,0.016125,0.004031,-0.003814,1.502840
5530,L_hip_pitch,-0.734367,-0.533592,-0.466986,-8.175067
5530,L_knee,-1.288795,-0.972199,-1.047696,11.037501
5530,L_foot_pitch,1.464857,0.446486,0.366770,5.153062
5530,L_foot_roll,0.400106,0.040011,0.057752,0.399819
5530,R_hip_roll,-1.471240,-0.367810,0.005054,-44.803943
5530,R_hip_yaw,0.034430,0.008608,0.008693,0.040554
5530,R_hip_pitch,-0.212276,0.296931,0.365834,-8.197391
5530,R_knee,-0.819250,0.445188,0.626751,-21.758013
5530,R_foot_pitch,1.165147,-0.183485,-0.263397,4.813223
5530,R_foot_roll,-1.992041,-0.199204,-0.002864,-11.703217
5540,L_hip_roll,0.402052,0.100513,0.004536,11.810877
5540,L_hip_yaw,0.007675,0.001919,-0.008654,1.671920
5540,L_hip_pitch,-0.640053,-0.510013,-0.462358,-6.396931
5540,L_knee,-1.404040,-1.001010,-1.059316,7.505404
5540,L_foot_pitch,1.472525,0.447253,0.363693,5.274551
5540,L_foot_roll,0.314283,0.031428,0.045084,0.232669
5540,R_hip_roll,-1.584991,-0.396248,0.005406,-48.214040
5540,R_hip_yaw,0.067320,0.016830,0.008263,1.064484
5540,R_hip_pitch,-0.204943,0.298764,0.364746,-7.783731
5540,R_knee,-0.803349,0.449163,0.625964,-21.099286
5540,R_foot_pitch,1.185532,-0.181447,-0.263408,4.902824
5540,R_foot_roll,-2.146538,-0.214654,-0.003575,-12.603648
5550,L_hip_roll,0.384196,0.096049,0.001721,11.589588
5550,L_hip_yaw,0.024503,0.006126,-0.011730,2.361497
5550,L_hip_pitch,-0.689492,-0.522373,-0.453468,-9.305827
5550,L_knee,-1.478641,-1.019660,-1.058546,4.143799
5550,L_foot_pitch,1.432963,0.443296,0.361591,5.075986
5550,L_foot_roll,0.300155,0.030015,0.035585,0.482862
5550,R_hip_roll,-1.654674,-0.413669,0.005230,-50.223564
5550,R_hip_yaw,0.040096,0.010024,0.008142,0.220743
5550,R_hip_pitch,-0.355710,0.261072,0.363292,-12.117258
5550,R_knee,-0.783136,0.454216,0.624806,-20.355065
5550,R_foot_pitch,1.280921,-0.171908,-0.263288,5.469784
5550,R_foot_roll,-2.204521,-0.220452,-0.004289,-12.911038
5560,L_hip_roll,0.332176,0.083044,-0.000778,10.287387
5560,L_hip_yaw,0.036517,0.009129,-0.012280,2.494115
5560,L_hip_pitch,-0.594591,-0.498648,-0.442484,-7.861165
5560,L_knee,-1.495939,-1.023985,-1.050577,2.209118
5560,L_foot_pitch,1.387528,0.438753,0.360173,4.833080
5560,L_foot_roll,0.277014,0.027701,0.029351,0.364822
5560,R_hip_roll,-1.651083,-0.412771,0.004573,-50.002944
5560,R_hip_yaw,0.082535,0.020634,0.008089,1.521028
5560,R_hip_pitch,-0.235149,0.291213,0.361486,-8.239612
5560,R_knee,-0.857387,0.435653,0.623451,-22.395059
5560,R_foot_pitch,1.314582,-0.168542,-0.263147,5.663368
5560,R_foot_roll,-2.225306,-0.222531,-0.004519,-13.061289
5570,L_hip_roll,0.351095,0.087774,-0.002918,11.080366
5570,L_hip_yaw,0.027578,0.006894,-0.009515,1.548285
5570,L_hip_pitch,-0.550106,-0.487526,-0.431191,-7.868041
5570,L_knee,-1.505237,-1.026309,-1.039053,0.281715
5570,L_foot_pitch,1.353013,0.435301,0.359187,4.650422
5570,L_foot_roll,0.209405,0.020941,0.026072,-0.079827
5570,R_hip_roll,-1.566644,-0.391661,0.003566,-47.310157
5570,R_hip_yaw,0.114817,0.028704,0.008115,2.458237
5570,R_hip_pitch,-0.282737,0.279316,0.359720,-9.493494
5570,R_knee,-0.887086,0.428228,0.622062,-23.127638
5570,R_foot_pitch,1.291890,-0.170811,-0.262916,5.496651
5570,R_foot_roll,-2.183410,-0.218341,-0.004550,-12.835745
5580,L_hip_roll,0.235646,0.058912,-0.004173,7.635608
5580,L_hip_yaw,0.062792,0.015698,-0.004392,1.845300
5580,L_hip_pitch,-0.583797,-0.495949,-0.420436,-10.084037
5580,L_knee,-1.505127,-1.026282,-1.026257,-1.266699
5580,L_foot_pitch,1.289444,0.428944,0.358481,4.288223
5580,L_foot_roll,0.072602,0.007260,0.023039,-0.616282
5580,R_hip_roll,-1.587876,-0.396969,0.002564,-47.858622
5580,R_hip_yaw,0.148113,0.037028,0.008359,3.410908
5580,R_hip_pitch,-0.389095,0.252726,0.357957,-12.443859
5580,R_knee,-0.830704,0.442324,0.620326,-21.160256
5580,R_foot_pitch,1.197110,-0.180289,-0.262431,4.863368
5580,R_foot_roll,-2.232305,-0.223230,-0.004446,-13.134434
5590,L_hip_roll,0.235172,0.058793,-0.004560,7.619740
5590,L_hip_yaw,0.050829,0.012707,0.002545,0.449939
5590,L_hip_pitch,-0.516132,-0.479033,-0.411276,-8.939326
5590,L_knee,-1.492162,-1.023040,-1.014826,-1.997928
5590,L_foot_pitch,1.309686,0.430969,0.357922,4.433873
5590,L_foot_roll,0.009930,0.000993,0.017511,-0.340093
5590,R_hip_roll,-1.586328,-0.396582,0.001616,-47.681439
5590,R_hip_yaw,0.186770,0.046692,0.008683,4.530922
5590,R_hip_pitch,-0.343627,0.264093,0.356124,-10.867286
5590,R_knee,-0.896533,0.425867,0.618368,-22.911679
5590,R_foot_pitch,1.083030,-0.191697,-0.261778,4.140941
5590,R_foot_roll,-2.303869,-0.230387,-0.004188,-13.614590
5600,L_hip_roll,0.176874,0.044219,-0.004393,5.790391
5600,L_hip_yaw,0.055261,0.013815,0.010052,-0.259220
5600,L_hip_pitch,-0.526764,-0.481691,-0.404171,-9.917176
5600,L_knee,-1.570937,-1.042734,-1.006011,-5.157950
5600,L_foot_pitch,1.327527,0.432753,0.357502,4.550291
5600,L_foot_roll,-0.080458,-0.008046,0.009734,-0.266437
5600,R_hip_roll,-1.628856,-0.407214,0.000552,-48.821890
5600,R_hip_yaw,0.220166,0.055042,0.009072,5.475152
5600,R_hip_pitch,-0.389750,0.252562,0.354347,-12.040976
5600,R_knee,-0.871961,0.432010,0.616454,-21.943839
5600,R_foot_pitch,1.060922,-0.193908,-0.261104,3.960920
5600,R_foot_roll,-2.382869,-0.238287,-0.003861,-14.093567
5610,L_hip_roll,0.144033,0.036008,-0.003864,4.726411
5610,L_hip_yaw,0.071889,0.017972,0.016320,-0.342759
5610,L_hip_pitch,-0.550712,-0.487678,-0.400010,-10.772520
5610,L_knee,-1.586696,-1.046674,-1.002052,-5.461111
5610,L_foot_pitch,1.278167,0.427817,0.357247,4.253213
5610,L_foot_roll,-0.090892,-0.009089,0.000919,0.266869
5610,R_hip_roll,-1.566904,-0.391726,-0.000684,-46.789244
5610,R_hip_yaw,0.225278,0.056319,0.009495,5.578903
5610,R_hip_pitch,-0.397530,0.250617,0.352940,-12.165047
5610,R_knee,-0.878947,0.430263,0.615038,-22.070114
5610,R_foot_pitch,1.017878,-0.198212,-0.260581,3.703008
5610,R_foot_roll,-2.299562,-0.229956,-0.004098,-13.493055
5620,L_hip_roll,0.170435,0.042609,-0.003266,5.445546
5620,L_hip_yaw,0.075617,0.018904,0.021013,-0.649094
5620,L_hip_pitch,-0.599580,-0.499895,-0.399706,-11.882863
5620,L_knee,-1.559451,-1.039863,-1.004813,-3.640143
5620,L_foot_pitch,1.252286,0.425229,0.357061,4.107853
5620,L_foot_roll,-0.071134,-0.007113,-0.006445,0.566139
5620,R_hip_roll,-1.522161,-0.380540,-0.002211,-45.232165
5620,R_hip_yaw,0.211212,0.052803,0.009839,5.126456
5620,R_hip_pitch,-0.379115,0.255221,0.352019,-11.539882
5620,R_knee,-0.884253,0.428937,0.614206,-22.165911
5620,R_foot_pitch,1.010350,-0.198965,-0.260225,3.643470
5620,R_foot_roll,-2.210580,-0.221058,-0.004195,-13.033812
5630,L_hip_roll,0.136184,0.034046,-0.002573,4.317698
5630,L_hip_yaw,0.080315,0.020079,0.023916,-0.657210
5630,L_hip_pitch,-0.628833,-0.507208,-0.403150,-11.995339
5630,L_knee,-1.529779,-1.032445,-1.013219,-1.278958
5630,L_foot_pitch,1.208384,0.420838,0.356863,3.859098
5630,L_foot_roll,-0.045175,-0.004517,-0.010413,0.598838
5630,R_hip_roll,-1.516418,-0.379104,-0.004031,-44.814791
5630,R_hip_yaw,0.196709,0.049177,0.009999,4.694621
5630,R_hip_pitch,-0.374448,0.256388,0.351465,-11.367873
5630,R_knee,-0.862298,0.434425,0.613516,-21.421352
5630,R_foot_pitch,1.021962,-0.197804,-0.259812,3.673862
5630,R_foot_roll,-2.117101,-0.211710,-0.003065,-12.687788
5640,L_hip_roll,0.175293,0.043823,-0.001996,5.455468
5640,L_hip_yaw,0.074904,0.018726,0.024840,-0.741626
5640,L_hip_pitch,-0.646414,-0.511603,-0.409408,-11.550650
5640,L_knee,-1.493695,-1.023424,-1.024472,1.291438
5640,L_foot_pitch,1.198641,0.419864,0.356613,3.821891
5640,L_foot_roll,0.012273,0.001227,-0.010883,0.652531
5640,R_hip_roll,-1.458245,-0.364561,-0.006352,-42.723532
5640,R_hip_yaw,0.180246,0.045062,0.009935,4.229555
5640,R_hip_pitch,-0.348345,0.262914,0.351243,-10.590173
5640,R_knee,-0.844822,0.438795,0.612850,-20.825176
5640,R_foot_pitch,1.044626,-0.195537,-0.259299,3.773492
5640,R_foot_roll,-2.013908,-0.201391,-0.000122,-12.444071
5650,L_hip_roll,0.182170,0.045543,-0.001509,5.596202
5650,L_hip_yaw,0.073608,0.018402,0.023856,-0.472984
5650,L_hip_pitch,-0.678478,-0.519619,-0.417119,-11.502280
5650,L_knee,-1.414158,-1.003539,-1.035274,4.787957
5650,L_foot_pitch,1.147449,0.414745,0.356333,3.532476
5650,L_foot_roll,0.056877,0.005688,-0.008357,0.500561
5650,R_hip_roll,-1.388410,-0.347102,-0.008952,-40.304119
5650,R_hip_yaw,0.143708,0.035927,0.009737,3.165168
5650,R_hip_pitch,-0.337908,0.265523,0.351665,-10.394654
5650,R_knee,-0.818234,0.445441,0.612862,-20.106259
5650,R_foot_pitch,1.074068,-0.192593,-0.258977,3.956542
5650,R_foot_roll,-1.851230,-0.185123,0.001662,-11.364866
5660,L_hip_roll,0.201722,0.050431,-0.000988,6.114648
5660,L_hip_yaw,0.058486,0.014622,0.021159,-0.455470
5660,L_hip_pitch,-0.668661,-0.517165,-0.424787,-10.354864
5660,L_knee,-1.332467,-0.983117,-1.042033,7.485254
5660,L_foot_pitch,1.132450,0.413245,0.356010,3.467670
5660,L_foot_roll,0.081186,0.008119,-0.003876,0.238710
5660,R_hip_roll,-1.300939,-0.325235,-0.011904,-37.288662
5660,R_hip_yaw,0.129222,0.032306,0.009405,2.786211
5660,R_hip_pitch,-0.325376,0.268656,0.352318,-10.107709
5660,R_knee,-0.794437,0.451391,0.613021,-19.411547
5660,R_foot_pitch,1.064540,-0.193546,-0.258684,3.879179
5660,R_foot_roll,-1.734432,-0.173443,0.003522,-10.811690
5670,L_hip_roll,0.172048,0.043012,-0.000241,5.098395
5670,L_hip_yaw,0.045641,0.011410,0.016954,-0.190379
5670,L_hip_pitch,-0.655657,-0.513914,-0.430827,-9.468352
5670,L_knee,-1.253511,-0.963378,-1.041348,8.905892
5670,L_foot_pitch,1.091398,0.409140,0.355667,3.241713
5670,L_foot_roll,0.081646,0.008165,0.000862,-0.001461
5670,R_hip_roll,-1.165736,-0.291434,-0.015133,-32.825336
5670,R_hip_yaw,0.118141,0.029535,0.008987,2.508054
5670,R_hip_pitch,-0.276873,0.280782,0.352856,-8.690077
5670,R_knee,-0.802584,0.449354,0.613058,-19.638500
5670,R_foot_pitch,1.018928,-0.198107,-0.258370,3.583158
5670,R_foot_roll,-1.582365,-0.158236,0.005588,-10.040624
5680,L_hip_roll,0.147277,0.036819,0.000973,4.154273
5680,L_hip_yaw,0.024498,0.006124,0.011660,-0.114664
5680,L_hip_pitch,-0.631405,-0.507851,-0.434214,-8.616581
5680,L_knee,-1.133243,-0.933311,-1.031198,10.309901
5680,L_foot_pitch,1.082218,0.408222,0.355319,3.208039
5680,L_foot_roll,0.080314,0.008031,0.004474,-0.080608
5680,R_hip_roll,-1.094109,-0.273527,-0.018428,-30.286645
5680,R_hip_yaw,0.085248,0.021312,0.008606,1.557869
5680,R_hip_pitch,-0.220809,0.294798,0.353111,-7.013226
5680,R_knee,-0.810881,0.447280,0.612781,-19.817854
5680,R_foot_pitch,0.959519,-0.204048,-0.257956,3.187419
5680,R_foot_roll,-1.452600,-0.145260,0.007800,-9.406415
5690,L_hip_roll,0.083705,0.020926,0.002684,1.995801
5690,L_hip_yaw,0.004234,0.001059,0.005660,0.059886
5690,L_hip_pitch,-0.565589,-0.491397,-0.434455,-6.939475
5690,L_knee,-1.024949,-0.906237,-1.010336,9.943921
5690,L_foot_pitch,1.091717,0.409172,0.354991,3.281239
5690,L_foot_roll,0.067320,0.006732,0.006553,-0.138074
5690,R_hip_roll,-1.003364,-0.250841,-0.021678,-27.179399
5690,R_hip_yaw,0.065946,0.016487,0.008296,1.011431
5690,R_hip_pitch,-0.182817,0.304296,0.353221,-5.884444
5690,R_knee,-0.812408,0.446898,0.612227,-19.778457
5690,R_foot_pitch,0.888786,-0.211121,-0.257425,2.721819
5690,R_foot_roll,-1.345134,-0.134513,0.010119,-8.911133
5700,L_hip_roll,-0.023643,-0.005911,0.004731,-1.494494
5700,L_hip_yaw,-0.014630,-0.003658,-0.000640,0.251506
5700,L_hip_pitch,-0.504677,-0.476169,-0.431207,-5.854255
5700,L_knee,-0.886061,-0.871515,-0.978383,9.198642
5700,L_foot_pitch,1.065182,0.406518,0.354732,3.128779
5700,L_foot_roll,0.052109,0.005211,0.007389,-0.177209
5700,R_hip_roll,-0.867705,-0.216926,-0.024868,-22.735123
5700,R_hip_yaw,0.035674,0.008918,0.008063,0.122105
5700,R_hip_pitch,-0.122154,0.319461,0.353334,-4.083885
5700,R_knee,-0.848835,0.437791,0.611634,-20.810493
5700,R_foot_pitch,0.803127,-0.219687,-0.256889,2.181952
5700,R_foot_roll,-1.142941,-0.114294,0.012522,-7.850616
5710,L_hip_roll,-0.148406,-0.037102,0.006855,-5.487953
5710,L_hip_yaw,-0.035131,-0.008783,-0.006483,0.253772
5710,L_hip_pitch,-0.416017,-0.454004,-0.424551,-4.310049
5710,L_knee,-0.691108,-0.822777,-0.936040,8.987861
5710,L_foot_pitch,1.070558,0.407056,0.354527,3.169675
5710,L_foot_roll,0.029207,0.002921,0.007502,-0.270819
5710,R_hip_roll,-0.747670,-0.186917,-0.027922,-18.787370
5710,R_hip_yaw,0.006836,0.001709,0.007891,-0.724704
5710,R_hip_pitch,-0.074643,0.331339,0.353599,-2.716253
5710,R_knee,-0.866888,0.433278,0.611191,-21.320272
5710,R_foot_pitch,0.696855,-0.230315,-0.256406,1.522066
5710,R_foot_roll,-0.946174,-0.094617,0.015063,-6.834888
5720,L_hip_roll,-0.291007,-0.072752,0.008637,-9.923181
5720,L_hip_yaw,-0.056865,-0.014216,-0.011174,0.025992
5720,L_hip_pitch,-0.292307,-0.423077,-0.414443,-2.163080
5720,L_knee,-0.464345,-0.766086,-0.883697,8.525471
5720,L_foot_pitch,1.040652,0.404065,0.354370,2.994417
5720,L_foot_roll,0.000221,0.000022,0.007170,-0.385357
5720,R_hip_roll,-0.512010,-0.128002,-0.030833,-11.379840
5720,R_hip_yaw,-0.008628,-0.002157,0.007720,-1.164610
5720,R_hip_pitch,-0.027785,0.343054,0.354150,-1.410115
5720,R_knee,-0.875603,0.431099,0.611111,-21.621632
5720,R_foot_pitch,0.569927,-0.243007,-0.256089,0.765439
5720,R_foot_roll,-0.635974,-0.063597,0.017728,-5.147093
5730,L_hip_roll,-0.492133,-0.123033,0.009754,-16.017887
5730,L_hip_yaw,-0.069544,-0.017386,-0.014198,-0.176717
5730,L_hip_pitch,-0.136343,-0.384086,-0.400419,0.428232
5730,L_knee,-0.185131,-0.696283,-0.821348,8.443742
5730,L_foot_pitch,0.964493,0.396449,0.354232,2.545329
5730,L_foot_roll,-0.066148,-0.006615,0.006383,-0.688472
5730,R_hip_roll,-0.215792,-0.053948,-0.033489,-2.212841
5730,R_hip_yaw,-0.011968,-0.002992,0.007543,-1.243138
5730,R_hip_pitch,0.033096,0.358274,0.354913,0.310019
5730,R_knee,-0.876122,0.430969,0.611539,-21.742547
5730,R_foot_pitch,0.401930,-0.259807,-0.256054,-0.212151
5730,R_foot_roll,-0.273729,-0.027373,0.020533,-3.152713
5740,L_hip_roll,-0.579984,-0.144996,0.009907,-18.558629
5740,L_hip_yaw,-0.069091,-0.017273,-0.014743,-0.388601
5740,L_hip_pitch,-0.033540,-0.358385,-0.381709,0.770881
5740,L_knee,0.098232,-0.625442,-0.748618,7.174804
5740,L_foot_pitch,0.839457,0.383946,0.354039,1.815228
5740,L_foot_roll,-0.130448,-0.013045,0.004511,-0.821224
5740,R_hip_roll,0.107938,0.026984,-0.035662,7.701648
5740,R_hip_yaw,0.030678,0.007670,0.007461,0.031429
5740,R_hip_pitch,0.009948,0.352487,0.355744,-0.488414
5740,R_knee,-0.741646,0.464588,0.612620,-17.914151
5740,R_foot_pitch,0.207783,-0.279222,-0.256435,-1.305229
5740,R_foot_roll,0.081993,0.008199,0.023429,-1.199375
5750,L_hip_roll,-0.492731,-0.123183,0.009135,-15.776192
5750,L_hip_yaw,-0.049640,-0.012410,-0.011854,-0.521053
5750,L_hip_pitch,0.033923,-0.341519,-0.358417,-0.404469
5750,L_knee,0.392186,-0.551954,-0.666742,5.400311
5750,L_foot_pitch,0.617476,0.361748,0.353708,0.519067
5750,L_foot_roll,-0.125672,-0.012567,0.000933,-0.397750
5750,R_hip_roll,0.298521,0.074630,-0.036911,13.448590
5750,R_hip_yaw,0.096583,0.024146,0.007610,1.963694
5750,R_hip_pitch,-0.093979,0.326505,0.356776,-3.782321
5750,R_knee,-0.530917,0.517271,0.614895,-12.044400
5750,R_foot_pitch,-0.094413,-0.309441,-0.257731,-2.956299
5750,R_foot_roll,0.337227,0.033723,0.026215,0.173912
5760,L_hip_roll,0.087331,0.021833,0.008532,1.653290
5760,L_hip_yaw,-0.025877,-0.006469,-0.010917,0.629356
5760,L_hip_pitch,-0.257970,-0.414493,-0.344678,-9.169859
5760,L_knee,1.211137,-0.347216,-0.622538,30.790729
5760,L_foot_pitch,0.693381,0.369338,0.292461,12.103019
5760,L_foot_roll,0.087058,0.008706,-0.006594,1.440795
5760,R_hip_roll,0.413297,0.103324,-0.037867,17.035614
5760,R_hip_yaw,0.028169,0.007042,0.007677,-0.077343
5760,R_hip_pitch,-0.022602,0.344349,0.357584,-1.585244
5760,R_knee,-0.203424,0.599144,0.618047,-2.532468
5760,R_foot_pitch,-0.270746,-0.327075,-0.259428,-3.879475
5760,R_foot_roll,0.292140,0.029214,0.028711,0.033350
5770,L_hip_roll,0.533671,0.133418,0.007122,15.475752
5770,L_hip_yaw,0.089818,0.022454,-0.012049,4.264580
5770,L_hip_pitch,-0.259151,-0.414788,-0.344177,-8.312592
5770,L_knee,1.358734,-0.310316,-0.619382,37.350470
5770,L_foot_pitch,0.274432,0.327443,0.273701,3.206046
5770,L_foot_roll,0.387872,0.038787,-0.016343,2.902959
5770,R_hip_roll,0.380962,0.095240,-0.040234,16.568314
5770,R_hip_yaw,0.097234,0.024308,0.006740,2.243327
5770,R_hip_pitch,-0.189254,0.302687,0.358532,-6.824814
5770,R_knee,0.312246,0.728062,0.621707,12.371227
5770,R_foot_pitch,-0.523688,-0.352369,-0.264256,-4.647515
5770,R_foot_roll,0.188517,0.018852,0.031167,-1.018091
5780,L_hip_roll,1.075967,0.268992,0.003867,32.131214
5780,L_hip_yaw,0.056866,0.014216,-0.012761,3.281460
5780,L_hip_pitch,-0.424632,-0.456158,-0.344681,-13.340615
5780,L_knee,1.368178,-0.307955,-0.620430,37.605795
5780,L_foot_pitch,0.110458,0.311046,0.274325,2.148348
5780,L_foot_roll,0.720534,0.072053,-0.012977,5.196602
5780,R_hip_roll,0.241353,0.060338,-0.042740,12.564836
5780,R_hip_yaw,0.056079,0.014020,0.006302,0.922571
5780,R_hip_pitch,-0.314964,0.271259,0.362294,-11.406848
5780,R_knee,0.592953,0.798238,0.633093,18.221731
5780,R_foot_pitch,-0.666489,-0.366649,-0.284753,-1.974176
5780,R_foot_roll,0.082227,0.008223,0.030359,-0.898034
5790,L_hip_roll,1.304764,0.326191,0.000953,39.269128
5790,L_hip_yaw,0.115320,0.028830,-0.013297,5.121955
5790,L_hip_pitch,-0.383975,-0.445994,-0.345696,-11.878409
5790,L_knee,1.449532,-0.287617,-0.622348,40.463807
5790,L_foot_pitch,-0.085040,0.291496,0.274639,0.846880
5790,L_foot_roll,1.007459,0.100746,-0.010232,6.488520
5790,R_hip_roll,0.011880,0.002970,-0.043243,5.480267
5790,R_hip_yaw,0.045758,0.011440,0.005263,0.898035
5790,R_hip_pitch,-0.189635,0.302591,0.369496,-8.879533
5790,R_knee,0.777628,0.844407,0.657958,19.317667
5790,R_foot_pitch,-0.630653,-0.363065,-0.320730,1.205802
5790,R_foot_roll,-0.187093,-0.018709,0.021853,-1.400777
5800,L_hip_roll,1.399431,0.349858,-0.001119,42.260450
5800,L_hip_yaw,0.147057,0.036764,-0.013729,6.078903
5800,L_hip_pitch,-0.380034,-0.445009,-0.346957,-11.667464
5800,L_knee,1.229479,-0.342630,-0.624253,33.926125
5800,L_foot_pitch,-0.245936,0.275406,0.275579,-0.063350
5800,L_foot_roll,1.185682,0.118568,-0.008893,8.056733
5800,R_hip_roll,-0.140169,-0.035042,-0.041824,0.610145
5800,R_hip_yaw,0.033056,0.008264,0.004053,0.569197
5800,R_hip_pitch,-0.083823,0.329044,0.381163,-7.586308
5800,R_knee,0.928755,0.882189,0.697705,17.618811
5800,R_foot_pitch,-0.636867,-0.363687,-0.353469,1.980141
5800,R_foot_roll,-0.324931,-0.032493,0.006647,-0.653902
5810,L_hip_roll,1.598323,0.399581,-0.002715,48.411287
5810,L_hip_yaw,0.153428,0.038357,-0.013695,6.231919
5810,L_hip_pitch,-0.284474,-0.421118,-0.349487,-8.271171
5810,L_knee,1.242041,-0.339490,-0.627472,34.967605
5810,L_foot_pitch,-0.313726,0.268627,0.276377,-0.537646
5810,L_foot_roll,1.466680,0.146668,-0.006766,8.858882
5810,R_hip_roll,-0.242144,-0.060536,-0.039361,-2.827627
5810,R_hip_yaw,-0.036034,-0.009009,0.004210,-1.681001
5810,R_hip_pitch,0.055871,0.363968,0.397317,-5.731716
5810,R_knee,0.991617,0.897904,0.749984,12.151455
5810,R_foot_pitch,-0.591761,-0.359176,-0.367507,1.175953
5810,R_foot_roll,-0.408574,-0.040857,-0.011483,-0.016481
5820,L_hip_roll,1.421380,0.355345,-0.003415,43.117751
5820,L_hip_yaw,0.137622,0.034406,-0.013500,5.722942
5820,L_hip_pitch,-0.256808,-0.414202,-0.352457,-7.102771
5820,L_knee,1.075443,-0.381139,-0.631081,30.350608
5820,L_foot_pitch,-0.513210,0.248679,0.278031,-1.694394
5820,L_foot_roll,1.596529,0.159653,-0.005317,9.359657
5820,R_hip_roll,-0.344637,-0.086159,-0.035813,-6.438830
5820,R_hip_yaw,-0.043017,-0.010754,0.003533,-1.544781
5820,R_hip_pitch,0.262094,0.415524,0.415101,-1.665440
5820,R_knee,1.103739,0.925935,0.808545,8.221375
5820,R_foot_pitch,-0.626115,-0.362611,-0.369387,0.302916
5820,R_foot_roll,-0.468252,-0.046825,-0.027809,0.295401
5830,L_hip_roll,1.424372,0.356093,-0.003683,43.163668
5830,L_hip_yaw,0.106959,0.026740,-0.013172,4.750037
5830,L_hip_pitch,-0.086019,-0.371505,-0.356308,-1.444818
5830,L_knee,0.979029,-0.405243,-0.635513,28.035622
5830,L_foot_pitch,-0.657134,0.234287,0.279295,-2.845589
5830,L_foot_roll,1.740088,0.174009,-0.004858,10.959584
5830,R_hip_roll,-0.407888,-0.101972,-0.031985,-8.776689
5830,R_hip_yaw,-0.092437,-0.023109,0.001178,-2.658716
5830,R_hip_pitch,0.378980,0.444745,0.432713,-0.257502
5830,R_knee,1.131046,0.932761,0.868105,1.911054
5830,R_foot_pitch,-0.622314,-0.362231,-0.366775,-0.077528
5830,R_foot_roll,-0.470993,-0.047099,-0.039685,0.502288
5840,L_hip_roll,1.388732,0.347183,-0.003922,42.131937
5840,L_hip_yaw,0.053751,0.013438,-0.012906,3.134180
5840,L_hip_pitch,0.013328,-0.346668,-0.360034,1.928833
5840,L_knee,0.844187,-0.438953,-0.639562,24.427648
5840,L_foot_pitch,-0.815658,0.218434,0.280929,-3.884483
5840,L_foot_roll,1.875765,0.187577,-0.003729,11.673849
5840,R_hip_roll,-0.330535,-0.082634,-0.028585,-6.803250
5840,R_hip_yaw,-0.074932,-0.018733,-0.003025,-1.375583
5840,R_hip_pitch,0.553883,0.488471,0.447958,3.551544
5840,R_knee,1.163230,0.940808,0.923140,-2.966277
5840,R_foot_pitch,-0.725135,-0.372513,-0.362594,-1.046867
5840,R_foot_roll,-0.394524,-0.039452,-0.046257,0.839661
5850,L_hip_roll,1.357221,0.339305,-0.004049,41.181881
5850,L_hip_yaw,-0.002784,-0.000696,-0.012622,1.398007
5850,L_hip_pitch,0.102235,-0.324441,-0.363681,5.046629
5850,L_knee,0.791075,-0.452231,-0.643744,23.373032
5850,L_foot_pitch,-0.958713,0.204129,0.282203,-4.840824
5850,L_foot_roll,2.001427,0.200143,-0.001709,12.012130
5850,R_hip_roll,-0.363126,-0.090782,-0.025609,-8.115459
5850,R_hip_yaw,-0.079718,-0.019929,-0.008032,-0.960105
5850,R_hip_pitch,0.617779,0.504445,0.458952,4.578883
5850,R_knee,1.207098,0.951774,0.968598,-6.030495
5850,R_foot_pitch,-0.828643,-0.382864,-0.358866,-1.754822
5850,R_foot_roll,-0.288628,-0.028863,-0.046860,0.911404
5860,L_hip_roll,1.442267,0.360567,-0.003626,43.641472
5860,L_hip_yaw,-0.068469,-0.017117,-0.012319,-0.604391
5860,L_hip_pitch,0.264108,-0.283973,-0.366426,10.112917
5860,L_knee,0.680009,-0.479998,-0.646898,20.278873
5860,L_foot_pitch,-1.098637,0.190136,0.283477,-5.705469
5860,L_foot_roll,2.172075,0.217208,-0.001685,13.203467
5860,R_hip_roll,-0.321025,-0.080256,-0.023007,-7.105799
5860,R_hip_yaw,-0.097452,-0.024363,-0.012124,-1.112852
5860,R_hip_pitch,0.746920,0.536730,0.465018,8.244408
5860,R_knee,1.224991,0.956248,1.002049,-8.243857
5860,R_foot_pitch,-0.897910,-0.389791,-0.356385,-2.205959
5860,R_foot_roll,-0.186434,-0.018643,-0.041460,0.644472
5870,L_hip_roll,1.403501,0.350875,-0.002753,42.325006
5870,L_hip_yaw,-0.116454,-0.029113,-0.012085,-2.064808
5870,L_hip_pitch,0.315257,-0.271186,-0.368347,11.825423
5870,L_knee,0.693824,-0.476544,-0.649365,20.974392
5870,L_foot_pitch,-1.172865,0.182713,0.284573,-6.222212
5870,L_foot_roll,2.229313,0.222931,-0.001343,13.356960
5870,R_hip_roll,-0.257075,-0.064269,-0.020656,-5.470525
5870,R_hip_yaw,-0.115763,-0.028941,-0.015584,-1.271273
5870,R_hip_pitch,0.792279,0.548070,0.466162,9.921427
5870,R_knee,1.274324,0.968581,1.022750,-7.997054
5870,R_foot_pitch,-0.960379,-0.396038,-0.354846,-2.592932
5870,R_foot_roll,-0.089287,-0.008929,-0.032062,0.386486
5880,L_hip_roll,1.403429,0.350857,-0.001482,42.138699
5880,L_hip_yaw,-0.151279,-0.037820,-0.011969,-3.109082
5880,L_hip_pitch,0.380511,-0.254872,-0.369621,13.865326
5880,L_knee,0.682065,-0.479484,-0.651328,20.782208
5880,L_foot_pitch,-1.285524,0.171448,0.285534,-6.928392
5880,L_foot_roll,2.327533,0.232753,0.000331,13.737894
5880,R_hip_roll,-0.265641,-0.066410,-0.018260,-6.020349
5880,R_hip_yaw,-0.122778,-0.030694,-0.019369,-0.954386
5880,R_hip_pitch,0.821519,0.555380,0.463374,11.464502
5880,R_knee,1.335204,0.983801,1.031935,-6.226904
5880,R_foot_pitch,-1.001283,-0.400128,-0.353976,-2.833428
5880,R_foot_roll,0.009288,0.000929,-0.021238,0.275375
5890,L_hip_roll,1.457768,0.364442,-0.000142,43.621297
5890,L_hip_yaw,-0.194231,-0.048558,-0.011954,-4.392959
5890,L_hip_pitch,0.417864,-0.245534,-0.370188,14.984669
5890,L_knee,0.714776,-0.471306,-0.652468,21.812595
5890,L_foot_pitch,-1.292224,0.170778,0.286170,-6.970341
5890,L_foot_roll,2.391009,0.239101,0.003464,13.760950
5890,R_hip_roll,-0.154568,-0.038642,-0.016090,-2.903403
5890,R_hip_yaw,-0.131069,-0.032767,-0.023650,-0.659329
5890,R_hip_pitch,0.831344,0.557836,0.458187,12.540870
5890,R_knee,1.355912,0.988978,1.032529,-4.983661
5890,R_foot_pitch,-1.015571,-0.401557,-0.353563,-2.906252
5890,R_foot_roll,0.073359,0.007336,-0.010210,-0.000739
5900,L_hip_roll,1.405970,0.351493,0.001385,41.841574
5900,L_hip_yaw,-0.202004,-0.050501,-0.011997,-4.616271
5900,L_hip_pitch,0.387808,-0.253048,-0.369996,13.982241
5900,L_knee,0.767925,-0.458019,-0.652531,23.295757
5900,L_foot_pitch,-1.271147,0.172885,0.286353,-6.803100
5900,L_foot_roll,2.343413,0.234341,0.007047,13.300250
5900,R_hip_roll,-0.175550,-0.043888,-0.013914,-3.829582
5900,R_hip_yaw,-0.121876,-0.030469,-0.028210,0.186384
5900,R_hip_pitch,0.779578,0.544895,0.451946,11.793654
5900,R_knee,1.386572,0.996643,1.027256,-2.941642
5900,R_foot_pitch,-1.017230,-0.401723,-0.353417,-2.905469
5900,R_foot_roll,0.129653,0.012965,-0.000468,-0.053206
5910,L_hip_roll,1.411400,0.352850,0.003142,41.788246
5910,L_hip_yaw,-0.254392,-0.063598,-0.012038,-6.185545
5910,L_hip_pitch,0.369516,-0.257621,-0.368832,13.184472
5910,L_knee,0.769456,-0.457636,-0.650986,22.967070
5910,L_foot_pitch,-1.229109,0.177089,0.285817,-6.433078
5910,L_foot_roll,2.316310,0.231631,0.009421,13.162217
5910,R_hip_roll,-0.129872,-0.032468,-0.011769,-2.682393
5910,R_hip_yaw,-0.103559,-0.025890,-0.032109,1.072509
5910,R_hip_pitch,0.759551,0.539888,0.445636,11.914700
5910,R_knee,1.446172,1.011543,1.018433,0.146037
5910,R_foot_pitch,-1.046972,-0.404697,-0.353412,-3.073758
5910,R_foot_roll,0.183633,0.018363,0.007555,-0.062578
5920,L_hip_roll,1.477401,0.369350,0.004989,43.534909
5920,L_hip_yaw,-0.226442,-0.056610,-0.012128,-5.324501
5920,L_hip_pitch,0.393265,-0.251684,-0.367044,13.656832
5920,L_knee,0.793042,-0.451739,-0.648038,23.219738
5920,L_foot_pitch,-1.177411,0.182259,0.284568,-5.987780
5920,L_foot_roll,2.259473,0.225947,0.010359,12.886652
5920,R_hip_roll,-0.108089,-0.027022,-0.009883,-2.236960
5920,R_hip_yaw,-0.110999,-0.027750,-0.033977,0.823888
5920,R_hip_pitch,0.704745,0.526186,0.440666,10.657582
5920,R_knee,1.429708,1.007427,1.009347,0.601398
5920,R_foot_pitch,-1.044035,-0.404404,-0.353511,-3.040048
5920,R_foot_roll,0.219745,0.021975,0.014208,-0.121965
5930,L_hip_roll,1.456705,0.364176,0.007210,42.591797
5930,L_hip_yaw,-0.204070,-0.051018,-0.012252,-4.639211
5930,L_hip_pitch,0.346798,-0.263301,-0.364610,11.878408
5930,L_knee,0.778243,-0.455439,-0.643816,22.126909
5930,L_foot_pitch,-1.176221,0.182378,0.282695,-5.806151
5930,L_foot_roll,2.205710,0.220571,0.008858,12.971788
5930,R_hip_roll,-0.153948,-0.038487,-0.007943,-3.868932
5930,R_hip_yaw,-0.100816,-0.025204,-0.033652,0.901668
5930,R_hip_pitch,0.691271,0.522818,0.437397,10.509269
5930,R_knee,1.484879,1.021220,1.001521,3.084889
5930,R_foot_pitch,-1.080874,-0.408087,-0.353658,-3.250762
5930,R_foot_roll,0.250981,0.025098,0.019363,-0.088409
5940,L_hip_roll,1.556672,0.389168,0.009689,45.289655
5940,L_hip_yaw,-0.179313,-0.044828,-0.012334,-3.892555
5940,L_hip_pitch,0.331399,-0.267150,-0.361888,11.107287
5940,L_knee,0.788273,-0.452932,-0.638887,21.818376
5940,L_foot_pitch,-1.106720,0.189328,0.280428,-5.231740
5940,L_foot_roll,2.158315,0.215832,0.005722,12.927779
5940,R_hip_roll,-0.159254,-0.039814,-0.006066,-4.224532
5940,R_hip_yaw,-0.113672,-0.028418,-0.031375,0.050622
5940,R_hip_pitch,0.710333,0.527583,0.436447,10.895553
5940,R_knee,1.476050,1.019013,0.996624,2.982821
5940,R_foot_pitch,-1.055789,-0.405579,-0.353848,-3.083159
5940,R_foot_roll,0.263498,0.026350,0.023341,-0.163882
5950,L_hip_roll,1.554065,0.388516,0.012449,44.832667
5950,L_hip_yaw,-0.142160,-0.035540,-0.012348,-2.783179
5950,L_hip_pitch,0.317666,-0.270584,-0.359556,10.470655
5950,L_knee,0.782999,-0.454250,-0.633996,21.094973
5950,L_foot_pitch,-1.094951,0.190505,0.278034,-5.011098
5950,L_foot_roll,2.083734,0.208373,0.001658,12.843862
5950,R_hip_roll,-0.209601,-0.052400,-0.004197,-5.980134
5950,R_hip_yaw,-0.114952,-0.028738,-0.028108,-0.404878
5950,R_hip_pitch,0.705036,0.526259,0.438596,10.168707
5950,R_knee,1.483912,1.020978,0.995874,2.915312
5950,R_foot_pitch,-1.043733,-0.404373,-0.354022,-3.006281
5950,R_foot_roll,0.276668,0.027667,0.026044,-0.106780
5960,L_hip_roll,1.551639,0.387910,0.015548,44.364422
5960,L_hip_yaw,-0.122138,-0.030534,-0.012270,-2.202239
5960,L_hip_pitch,0.305394,-0.273652,-0.357790,9.945565
5960,L_knee,0.768781,-0.457805,-0.629439,20.162663
5960,L_foot_pitch,-1.071413,0.192859,0.275638,-4.731652
5960,L_foot_roll,2.026279,0.202628,-0.003193,12.838916
5960,R_hip_roll,-0.249785,-0.062446,-0.002323,-7.395018
5960,R_hip_yaw,-0.124773,-0.031193,-0.024953,-1.040370
5960,R_hip_pitch,0.721005,0.530251,0.443652,9.772852
5960,R_knee,1.486935,1.021734,0.998806,2.317846
5960,R_foot_pitch,-1.017025,-0.401702,-0.354135,-2.845255
5960,R_foot_roll,0.280998,0.028100,0.027743,-0.114428
5970,L_hip_roll,1.535883,0.383971,0.018766,43.503442
5970,L_hip_yaw,-0.088653,-0.022163,-0.012142,-1.214077
5970,L_hip_pitch,0.276486,-0.280879,-0.356696,9.023117
5970,L_knee,0.771147,-0.457213,-0.625541,19.852830
5970,L_foot_pitch,-1.041844,0.195816,0.273449,-4.461305
5970,L_foot_roll,1.943814,0.194381,-0.007872,12.552817
5970,R_hip_roll,-0.256468,-0.064117,-0.000723,-7.750380
5970,R_hip_yaw,-0.127872,-0.031968,-0.022766,-1.259151
5970,R_hip_pitch,0.731199,0.532800,0.451128,8.966053
5970,R_knee,1.459392,1.014848,1.004571,0.567569
5970,R_foot_pitch,-0.977098,-0.397710,-0.354178,-2.610325
5970,R_foot_roll,0.260854,0.026085,0.028810,-0.245646
5980,L_hip_roll,1.448182,0.362045,0.022041,40.468583
5980,L_hip_yaw,-0.059847,-0.014962,-0.011994,-0.370965
5980,L_hip_pitch,0.239687,-0.290078,-0.356316,7.936870
5980,L_knee,0.767887,-0.458028,-0.622524,19.475525
5980,L_foot_pitch,-1.014639,0.198536,0.271599,-4.210561
5980,L_foot_roll,1.822838,0.182284,-0.011693,11.978436
5980,R_hip_roll,-0.274089,-0.068522,0.000546,-8.401274
5980,R_hip_yaw,-0.125182,-0.031295,-0.021981,-1.137821
5980,R_hip_pitch,0.708042,0.527011,0.460101,7.098306
5980,R_knee,1.418494,1.004623,1.011228,-1.432598
5980,R_foot_pitch,-0.953984,-0.395398,-0.354131,-2.484158
5980,R_foot_roll,0.241588,0.024159,0.029011,-0.274678
5990,L_hip_roll,1.348080,0.337020,0.025358,37.068717
5990,L_hip_yaw,-0.026844,-0.006711,-0.011839,0.601200
5990,L_hip_pitch,0.175054,-0.306237,-0.356306,6.013700
5990,L_knee,0.772013,-0.456997,-0.620154,19.365805
5990,L_foot_pitch,-0.955586,0.204441,0.269972,-3.780269
5990,L_foot_roll,1.677320,0.167732,-0.014930,11.256196
5990,R_hip_roll,-0.244713,-0.061178,0.001359,-7.558992
5990,R_hip_yaw,-0.123452,-0.030863,-0.022208,-0.986391
5990,R_hip_pitch,0.700247,0.525062,0.469065,5.863347
5990,R_knee,1.350760,0.987690,1.015921,-3.703975
5990,R_foot_pitch,-0.926227,-0.392623,-0.354009,-2.330743
5990,R_foot_roll,0.211071,0.021107,0.028351,-0.346021
6000,L_hip_roll,1.217286,0.304321,0.028722,32.733103
6000,L_hip_yaw,0.013033,0.003258,-0.011680,1.776352
6000,L_hip_pitch,0.087195,-0.328201,-0.356459,3.414211
6000,L_knee,0.785943,-0.453514,-0.618262,19.603737
6000,L_foot_pitch,-0.896130,0.210387,0.268566,-3.361792
6000,L_foot_roll,1.479949,0.147995,-0.018059,10.272233
6000,R_hip_roll,-0.210314,-0.052579,0.001654,-6.514813
6000,R_hip_yaw,-0.109005,-0.027251,-0.022917,-0.439651
6000,R_hip_pitch,0.637661,0.509415,0.476611,3.267521
6000,R_knee,1.238693,0.959673,1.015782,-6.454592
6000,R_foot_pitch,-0.917896,-0.391790,-0.353834,-2.296029
6000,R_foot_roll,0.193318,0.019332,0.026765,-0.258939
6010,L_hip_roll,1.038994,0.259748,0.032250,26.940446
6010,L_hip_yaw,0.056053,0.014013,-0.011504,3.044035
6010,L_hip_pitch,-0.012655,-0.353164,-0.356609,0.426888
6010,L_knee,0.794791,-0.451302,-0.616661,19.695954
6010,L_foot_pitch,-0.821708,0.217829,0.267349,-2.859460
6010,L_foot_roll,1.208908,0.120891,-0.021928,8.990323
6010,R_hip_roll,-0.142106,-0.035527,0.001493,-4.403786
6010,R_hip_yaw,-0.086281,-0.021570,-0.023250,0.197744
6010,R_hip_pitch,0.554398,0.488600,0.481164,0.598577
6010,R_knee,1.097090,0.924272,1.007497,-8.743614
6010,R_foot_pitch,-0.930781,-0.393078,-0.353637,-2.385765
6010,R_foot_roll,0.182114,0.018211,0.024656,-0.176576
6020,L_hip_roll,0.832267,0.208067,0.035825,20.337830
6020,L_hip_yaw,0.095693,0.023923,-0.011327,4.216167
6020,L_hip_pitch,-0.122383,-0.380596,-0.356886,-2.763671
6020,L_knee,0.822871,-0.444282,-0.615621,20.562391
6020,L_foot_pitch,-0.723123,0.227688,0.266224,-2.273069
6020,L_foot_roll,0.881187,0.088119,-0.025200,6.869268
6020,R_hip_roll,-0.020028,-0.005007,0.000875,-0.614059
6020,R_hip_yaw,-0.054616,-0.013654,-0.022158,0.841128
6020,R_hip_pitch,0.454976,0.463744,0.481063,-1.852031
6020,R_knee,0.908909,0.877227,0.987724,-10.750694
6020,R_foot_pitch,-0.942379,-0.394238,-0.353463,-2.461531
6020,R_foot_roll,0.153327,0.015333,0.022605,-0.246079
6030,L_hip_roll,0.555801,0.138950,0.039511,11.587929
6030,L_hip_yaw,0.135721,0.033930,-0.011132,5.390780
6030,L_hip_pitch,-0.200469,-0.400117,-0.357372,-5.024621
6030,L_knee,0.823333,-0.444167,-0.615256,20.593583
6030,L_foot_pitch,-0.632800,0.236720,0.265586,-1.740341
6030,L_foot_roll,0.439267,0.043927,-0.028594,4.477504
6030,R_hip_roll,0.110046,0.027511,0.000013,3.402317
6030,R_hip_yaw,-0.019105,-0.004776,-0.018854,1.268813
6030,R_hip_pitch,0.292830,0.423208,0.474946,-5.338432
6030,R_knee,0.668123,0.817031,0.953630,-12.356549
6030,R_foot_pitch,-0.986034,-0.398603,-0.353335,-2.726426
6030,R_foot_roll,0.124298,0.012430,0.020237,-0.215582
6040,L_hip_roll,0.223824,0.055956,0.043148,1.195350
6040,L_hip_yaw,0.151735,0.037934,-0.010969,5.854010
6040,L_hip_pitch,-0.269023,-0.417256,-0.357997,-7.031592
6040,L_knee,0.792973,-0.451757,-0.615686,19.758584
6040,L_foot_pitch,-0.530987,0.246901,0.265709,-1.128667
6040,L_foot_roll,-0.047005,-0.004701,-0.031931,1.855878
6040,R_hip_roll,0.266682,0.066670,-0.000935,8.216754
6040,R_hip_yaw,0.019328,0.004832,-0.013068,1.481210
6040,R_hip_pitch,0.111877,0.377969,0.461211,-8.287889
6040,R_knee,0.417571,0.754393,0.902442,-11.928555
6040,R_foot_pitch,-1.023742,-0.402374,-0.353280,-2.947264
6040,R_foot_roll,0.069645,0.006964,0.017088,-0.268371
6050,L_hip_roll,-0.189096,-0.047274,0.046371,-11.511736
6050,L_hip_yaw,0.147530,0.036882,-0.010953,5.752368
6050,L_hip_pitch,-0.292002,-0.423000,-0.358575,-7.634721
6050,L_knee,0.725146,-0.468713,-0.616880,17.986820
6050,L_foot_pitch,-0.337436,0.266256,0.266276,-0.061668
6050,L_foot_roll,-0.585850,-0.058585,-0.035043,-1.212496
6050,R_hip_roll,0.457927,0.114482,-0.001925,14.080809
6050,R_hip_yaw,0.059124,0.014781,-0.005264,1.583010
6050,R_hip_pitch,-0.109841,0.322540,0.438662,-11.342558
6050,R_knee,0.137978,0.684495,0.832852,-10.154476
6050,R_foot_pitch,-0.979478,-0.397948,-0.353314,-2.670690
6050,R_foot_roll,-0.046651,-0.004665,0.012488,-0.518457
6060,L_hip_roll,-0.709750,-0.177438,0.048542,-27.261623
6060,L_hip_yaw,0.102740,0.025685,-0.011300,4.498082
6060,L_hip_pitch,-0.248490,-0.412123,-0.359204,-6.259469
6060,L_knee,0.589152,-0.502712,-0.619572,14.394279
6060,L_foot_pitch,-0.040337,0.295966,0.267901,1.502315
6060,L_foot_roll,-1.021795,-0.102179,-0.038003,-3.604106
6060,R_hip_roll,0.580488,0.145122,-0.003008,17.899041
6060,R_hip_yaw,0.086790,0.021697,0.003215,1.403757
6060,R_hip_pitch,-0.281070,0.279732,0.406829,-11.737436
6060,R_knee,-0.151678,0.612081,0.745590,-6.711384
6060,R_foot_pitch,-0.758935,-0.375894,-0.353359,-1.347910
6060,R_foot_roll,-0.289087,-0.028909,0.004814,-1.148566
6070,L_hip_roll,-1.049013,-0.262253,0.048550,-37.161802
6070,L_hip_yaw,0.030315,0.007579,-0.012275,2.497581
6070,L_hip_pitch,-0.030706,-0.357676,-0.359897,0.353202
6070,L_knee,0.252803,-0.586799,-0.624374,5.093287
6070,L_foot_pitch,0.303662,0.330366,0.270585,3.257808
6070,L_foot_roll,-1.127872,-0.112787,-0.040475,-4.114126
6070,R_hip_roll,0.593911,0.148478,-0.004721,18.611274
6070,R_hip_yaw,0.094041,0.023510,0.010226,1.028882
6070,R_hip_pitch,-0.186114,0.303472,0.366710,-3.356981
6070,R_knee,-0.550931,0.512267,0.644537,-5.482989
6070,R_foot_pitch,-0.411306,-0.341131,-0.353189,0.697393
6070,R_foot_roll,-0.645343,-0.064534,-0.008843,-1.778966
6080,L_hip_roll,-0.801322,-0.200331,0.048449,-29.853140
6080,L_hip_yaw,-0.086577,-0.021644,-0.011593,-1.316722
6080,L_hip_pitch,-0.131382,-0.382846,-0.359692,-2.869554
6080,L_knee,-0.112494,-0.678124,-0.629091,-5.437933
6080,L_foot_pitch,1.018853,0.401885,0.274075,7.413082
6080,L_foot_roll,-0.486339,-0.048634,-0.043285,-0.065349
6080,R_hip_roll,0.109973,0.027493,-0.006668,4.090611
6080,R_hip_yaw,-0.217317,-0.054329,0.011203,-8.079259
6080,R_hip_pitch,0.133959,0.383490,0.349295,5.260023
6080,R_knee,-1.347378,0.313155,0.600735,-31.604197
6080,R_foot_pitch,-0.128057,-0.312806,-0.258622,-12.497971
6080,R_foot_roll,-1.207398,-0.120740,0.011056,-7.694311
6090,L_hip_roll,-0.912141,-0.228035,0.050082,-33.581104
6090,L_hip_yaw,-0.022764,-0.005691,-0.010105,0.443731
6090,L_hip_pitch,0.416211,-0.245947,-0.362826,14.596434
6090,L_knee,-0.626584,-0.806646,-0.640868,-18.208503
6090,L_foot_pitch,1.390794,0.439079,0.294750,5.536998
6090,L_foot_roll,-0.048804,-0.004880,-0.043082,2.201027
6090,R_hip_roll,-0.575037,-0.143759,-0.004469,-17.019822
6090,R_hip_yaw,-0.166927,-0.041732,0.012199,-6.525523
6090,R_hip_pitch,0.537372,0.484343,0.348095,16.163805
6090,R_knee,-1.618974,0.245257,0.600314,-43.084982
6090,R_foot_pitch,0.191280,-0.280872,-0.255438,-1.414332
6090,R_foot_roll,-1.723494,-0.172349,0.009301,-10.796571
6100,L_hip_roll,-0.569013,-0.142253,0.048639,-22.496177
6100,L_hip_yaw,-0.021775,-0.005444,-0.001876,-1.691746
6100,L_hip_pitch,0.371334,-0.257166,-0.369947,14.303698
6100,L_knee,-1.146436,-0.936609,-0.666122,-29.423882
6100,L_foot_pitch,1.636697,0.463670,0.343932,1.492766
6100,L_foot_roll,0.324464,0.032446,-0.030769,1.992846
6100,R_hip_roll,-0.972176,-0.243044,-0.001891,-29.129518
6100,R_hip_yaw,-0.235340,-0.058835,0.012688,-8.627905
6100,R_hip_pitch,0.584413,0.496103,0.349703,17.433364
6100,R_knee,-1.686037,0.228491,0.604971,-45.638860
6100,R_foot_pitch,0.537724,-0.246228,-0.257101,0.886480
6100,R_foot_roll,-1.957291,-0.195729,0.005896,-11.885701
6110,L_hip_roll,-0.169594,-0.042399,0.042651,-9.472700
6110,L_hip_yaw,0.000430,0.000107,0.011492,-2.624790
6110,L_hip_pitch,0.326275,-0.268431,-0.383428,15.501150
6110,L_knee,-1.126799,-0.931700,-0.711765,-20.862255
6110,L_foot_pitch,1.705766,0.470577,0.385887,2.753281
6110,L_foot_roll,0.720837,0.072084,-0.004839,1.759279
6110,R_hip_roll,-1.061651,-0.265413,-0.000331,-31.932286
6110,R_hip_yaw,-0.172292,-0.043073,0.012473,-6.594205
6110,R_hip_pitch,0.675542,0.518885,0.351084,20.013800
6110,R_knee,-1.474043,0.281489,0.609022,-39.655034
6110,R_foot_pitch,1.031884,-0.196812,-0.259104,3.914984
6110,R_foot_roll,-1.801311,-0.180131,0.003971,-10.872014
6120,L_hip_roll,0.093322,0.023331,0.034835,-0.570270
6120,L_hip_yaw,0.001440,0.000360,0.020707,-3.037689
6120,L_hip_pitch,0.120115,-0.319971,-0.402380,11.812039
6120,L_knee,-1.293120,-0.973280,-0.773571,-17.490346
6120,L_foot_pitch,1.673142,0.467314,0.395963,4.061268
6120,L_foot_roll,0.795360,0.079536,0.028422,-0.278313
6120,R_hip_roll,-1.193509,-0.298377,0.000679,-35.967881
6120,R_hip_yaw,-0.187263,-0.046816,0.011830,-6.986857
6120,R_hip_pitch,0.652369,0.513092,0.352887,19.022729
6120,R_knee,-1.428116,0.292971,0.612649,-38.718953
6120,R_foot_pitch,1.101622,-0.189838,-0.260683,4.398602
6120,R_foot_roll,-1.870183,-0.187018,0.002500,-11.236169
6130,L_hip_roll,0.251171,0.062793,0.027379,4.948603
6130,L_hip_yaw,0.040015,0.010004,0.021670,-1.120746
6130,L_hip_pitch,-0.194754,-0.398688,-0.422946,4.948671
6130,L_knee,-1.281475,-0.970369,-0.842825,-8.253708
6130,L_foot_pitch,1.547027,0.454703,0.393300,4.218088
6130,L_foot_roll,0.745291,0.074529,0.057681,-1.442292
6130,R_hip_roll,-1.406024,-0.351506,0.001652,-42.483861
6130,R_hip_yaw,-0.167931,-0.041983,0.011317,-6.354742
6130,R_hip_pitch,0.274614,0.418653,0.355583,7.269892
6130,R_knee,-1.125479,0.368630,0.616185,-30.039696
6130,R_foot_pitch,1.221142,-0.177886,-0.261940,5.147518
6130,R_foot_roll,-1.916818,-0.191682,0.001176,-11.446268
6140,L_hip_roll,0.427766,0.106942,0.020758,10.984943
6140,L_hip_yaw,0.078786,0.019696,0.016253,1.120260
6140,L_hip_pitch,-0.498284,-0.474571,-0.442308,-2.117933
6140,L_knee,-1.164580,-0.941145,-0.912404,3.237001
6140,L_foot_pitch,1.464770,0.446477,0.386602,4.316117
6140,L_foot_roll,0.658915,0.065892,0.074252,-1.565118
6140,R_hip_roll,-1.418466,-0.354616,0.002570,-42.938035
6140,R_hip_yaw,-0.129667,-0.032417,0.010783,-5.129312
6140,R_hip_pitch,-0.000256,0.349936,0.358711,-1.355494
6140,R_knee,-0.981143,0.404714,0.619681,-26.141012
6140,R_foot_pitch,1.158549,-0.184145,-0.263093,4.854360
6140,R_foot_roll,-1.841862,-0.184186,0.000038,-10.950537
6150,L_hip_roll,0.422443,0.105611,0.014981,11.409458
6150,L_hip_yaw,0.053728,0.013432,0.009032,1.226095
6150,L_hip_pitch,-0.647404,-0.511851,-0.456767,-5.473160
6150,L_knee,-1.218482,-0.954621,-0.972413,7.455434
6150,L_foot_pitch,1.433192,0.443319,0.379444,4.518402
6150,L_foot_roll,0.503099,0.050310,0.077529,-1.505982
6150,R_hip_roll,-1.456060,-0.364015,0.003420,-44.179699
6150,R_hip_yaw,-0.075767,-0.018942,0.010115,-3.414862
6150,R_hip_pitch,-0.101433,0.324642,0.361104,-4.550498
6150,R_knee,-0.874466,0.431384,0.622441,-23.134917
6150,R_foot_pitch,1.158713,-0.184129,-0.264099,4.879462
6150,R_foot_roll,-1.881886,-0.188189,-0.000928,-11.142412
6160,L_hip_roll,0.508852,0.127213,0.010065,14.523703
6160,L_hip_yaw,0.034432,0.008608,0.001977,1.468996
6160,L_hip_pitch,-0.681553,-0.520388,-0.465036,-6.099891
6160,L_knee,-1.205660,-0.951415,-1.017618,11.739658
6160,L_foot_pitch,1.404191,0.440419,0.373226,4.594582
6160,L_foot_roll,0.387867,0.038787,0.070091,-0.830080
6160,R_hip_roll,-1.360373,-0.340093,0.004153,-41.367855
6160,R_hip_yaw,0.034665,0.008666,0.009288,0.013659
6160,R_hip_pitch,-0.246791,0.288302,0.362466,-8.996524
6160,R_knee,-0.750161,0.462460,0.624108,-19.521785
6160,R_foot_pitch,1.173791,-0.182621,-0.264830,4.993787
6160,R_foot_roll,-1.841046,-0.184105,-0.001824,-10.855148
6170,L_hip_roll,0.399185,0.099796,0.006219,11.553844
6170,L_hip_yaw,0.017700,0.004425,-0.004415,1.638790
6170,L_hip_pitch,-0.746482,-0.536621,-0.466335,-8.643311
6170,L_knee,-1.274172,-0.968543,-1.045831,11.281521
6170,L_foot_pitch,1.464200,0.446420,0.368326,5.116488
6170,L_foot_roll,0.388928,0.038893,0.056397,0.402367
6170,R_hip_roll,-1.475818,-0.368955,0.004824,-44.925687
6170,R_hip_yaw,0.042080,0.010520,0.008623,0.276427
6170,R_hip_pitch,-0.246323,0.288419,0.362545,-8.831110
6170,R_knee,-0.805491,0.448627,0.624637,-21.113461
6170,R_foot_pitch,1.153625,-0.184637,-0.265280,4.866955
6170,R_foot_roll,-1.998678,-0.199868,-0.002653,-11.752342
6180,L_hip_roll,0.406499,0.101625,0.003143,12.111156
6180,L_hip_yaw,0.008509,0.002127,-0.009286,1.765634
6180,L_hip_pitch,-0.650699,-0.512675,-0.461432,-6.855260
6180,L_knee,-1.392684,-0.998171,-1.057698,7.673002
6180,L_foot_pitch,1.473460,0.447346,0.364743,5.260220
6180,L_foot_roll,0.307317,0.030732,0.043831,0.257309
6180,R_hip_roll,-1.591398,-0.397850,0.005312,-48.409625
6180,R_hip_yaw,0.073781,0.018445,0.008219,1.260944
6180,R_hip_pitch,-0.229116,0.292721,0.361513,-8.125508
6180,R_knee,-0.795925,0.451019,0.624082,-20.675248
6180,R_foot_pitch,1.175073,-0.182493,-0.265401,4.971781
6180,R_foot_roll,-2.156448,-0.215645,-0.003402,-12.669300
6190,L_hip_roll,0.390973,0.097743,0.000349,11.954018
6190,L_hip_yaw,0.023621,0.005905,-0.012197,2.368332
6190,L_hip_pitch,-0.695129,-0.523782,-0.452312,-9.632673
6190,L_knee,-1.469283,-1.017321,-1.057146,4.278582
6190,L_foot_pitch,1.437383,0.443738,0.362288,5.090153
6190,L_foot_roll,0.295341,0.029534,0.034494,0.500396
6190,R_hip_roll,-1.668434,-0.417109,0.005290,-50.659635
6190,R_hip_yaw,0.047184,0.011796,0.008127,0.432429
6190,R_hip_pitch,-0.375170,0.256207,0.360131,-12.330460
6190,R_knee,-0.775242,0.456189,0.623197,-19.953973
6190,R_foot_pitch,1.276020,-0.172398,-0.265410,5.580794
6190,R_foot_roll,-2.219376,-0.221938,-0.004188,-12.999333
6200,L_hip_roll,0.339402,0.084850,-0.002105,10.657477
6200,L_hip_yaw,0.036263,0.009066,-0.012533,2.497033
6200,L_hip_pitch,-0.600972,-0.500243,-0.441170,-8.223669
6200,L_knee,-1.486822,-1.021706,-1.049392,2.361165
6200,L_foot_pitch,1.392104,0.439210,0.360635,4.852153
6200,L_foot_roll,0.272482,0.027248,0.028467,0.370454
6200,R_hip_roll,-1.670836,-0.417709,0.004775,-50.633041
6200,R_hip_yaw,0.088521,0.022130,0.008103,1.695586
6200,R_hip_pitch,-0.261828,0.284543,0.358434,-8.687183
6200,R_knee,-0.846162,0.438460,0.622151,-21.936596
6200,R_foot_pitch,1.314702,-0.168530,-0.265407,5.816129
6200,R_foot_roll,-2.244187,-0.224419,-0.004407,-13.181348
6210,L_hip_roll,0.354517,0.088629,-0.004178,11.327112
6210,L_hip_yaw,0.028068,0.007017,-0.009594,1.557777
6210,L_hip_pitch,-0.554492,-0.488623,-0.429753,-8.183726
6210,L_knee,-1.500450,-1.025112,-1.038056,0.322439
6210,L_foot_pitch,1.355741,0.435574,0.359495,4.660957
6210,L_foot_roll,0.207226,0.020723,0.025365,-0.065284
6210,R_hip_roll,-1.587361,-0.396840,0.003888,-47.980931
6210,R_hip_yaw,0.120825,0.030206,0.008155,2.631940
6210,R_hip_pitch,-0.304539,0.273865,0.356813,-9.812933
6210,R_knee,-0.879738,0.430065,0.621148,-22.837555
6210,R_foot_pitch,1.295695,-0.170431,-0.265354,5.685283
6210,R_foot_roll,-2.204981,-0.220498,-0.004496,-12.965246
6220,L_hip_roll,0.241526,0.060381,-0.005369,7.949629
6220,L_hip_yaw,0.063506,0.015877,-0.004325,1.844906
6220,L_hip_pitch,-0.588239,-0.497060,-0.418919,-10.404398
6220,L_knee,-1.500926,-1.025232,-1.025465,-1.212633
6220,L_foot_pitch,1.290235,0.429023,0.358688,4.288991
6220,L_foot_roll,0.069757,0.006976,0.022506,-0.618941
6220,R_hip_roll,-1.602938,-0.400735,0.002971,-48.365608
6220,R_hip_yaw,0.154797,0.038699,0.008413,3.604502
6220,R_hip_pitch,-0.409440,0.247640,0.355201,-12.738297
6220,R_knee,-0.827192,0.443202,0.619833,-21.038460
6220,R_foot_pitch,1.202319,-0.179768,-0.265072,5.075699
6220,R_foot_roll,-2.249054,-0.224905,-0.004413,-13.240304
6230,L_hip_roll,0.236260,0.059065,-0.005669,7.773875
6230,L_hip_yaw,0.051641,0.012910,0.002740,0.438999
6230,L_hip_pitch,-0.520688,-0.480172,-0.409742,-9.259223
6230,L_knee,-1.487935,-1.021984,-1.014295,-1.907299
6230,L_foot_pitch,1.309737,0.430974,0.358060,4.431789
6230,L_foot_roll,0.007452,0.000745,0.017105,-0.339358
6230,R_hip_roll,-1.602000,-0.400500,0.002100,-48.220429
6230,R_hip_yaw,0.191835,0.047959,0.008743,4.675224
6230,R_hip_pitch,-0.362873,0.259282,0.353512,-11.148029
6230,R_knee,-0.892403,0.426899,0.618297,-22.825267
6230,R_foot_pitch,1.090419,-0.190958,-0.264631,4.377649
6230,R_foot_roll,-2.319817,-0.231982,-0.004209,-13.678653
6240,L_hip_roll,0.179478,0.044870,-0.005397,5.978690
6240,L_hip_yaw,0.055203,0.013801,0.010338,-0.302200
6240,L_hip_pitch,-0.528340,-0.482085,-0.402668,-10.140259
6240,L_knee,-1.568076,-1.042019,-1.005755,-5.076317
6240,L_foot_pitch,1.329404,0.432940,0.357591,4.560374
6240,L_foot_roll,-0.084042,-0.008404,0.009401,-0.273720
6240,R_hip_roll,-1.641987,-0.410497,0.001101,-49.286901
6240,R_hip_yaw,0.227126,0.056781,0.009130,5.677625
6240,R_hip_pitch,-0.406569,0.248358,0.351853,-12.256561
6240,R_knee,-0.864956,0.433761,0.616763,-21.806939
6240,R_foot_pitch,1.070180,-0.192982,-0.264150,4.219008
6240,R_foot_roll,-2.399047,-0.239905,-0.003911,-14.185507
6250,L_hip_roll,0.144148,0.036037,-0.004760,4.826458
6250,L_hip_yaw,0.072512,0.018128,0.016622,-0.357878
6250,L_hip_pitch,-0.555335,-0.488834,-0.398556,-11.080939
6250,L_knee,-1.586171,-1.046543,-1.002040,-5.424688
6250,L_foot_pitch,1.277695,0.427769,0.357304,4.249505
6250,L_foot_roll,-0.095697,-0.009570,0.000590,0.260438
6250,R_hip_roll,-1.578443,-0.394611,-0.000083,-47.212228
6250,R_hip_yaw,0.230646,0.057661,0.009543,5.734809
6250,R_hip_pitch,-0.414822,0.246295,0.350553,-12.407664
6250,R_knee,-0.872651,0.431837,0.615722,-22.000947
6250,R_foot_pitch,1.026848,-0.197315,-0.263821,3.970762
6250,R_foot_roll,-2.314256,-0.231426,-0.004227,-13.561936
6260,L_hip_roll,0.170257,0.042564,-0.004054,5.524317
6260,L_hip_yaw,0.076708,0.019177,0.021271,-0.641838
6260,L_hip_pitch,-0.603651,-0.500913,-0.398340,-12.157410
6260,L_knee,-1.560821,-1.040205,-1.005054,-3.625193
6260,L_foot_pitch,1.252360,0.425236,0.357096,4.108105
6260,L_foot_roll,-0.074308,-0.007431,-0.006829,0.576744
6260,R_hip_roll,-1.533671,-0.383418,-0.001571,-45.657435
6260,R_hip_yaw,0.215284,0.053821,0.009873,5.246534
6260,R_hip_pitch,-0.391900,0.252025,0.349728,-11.657212
6260,R_knee,-0.878641,0.430340,0.615251,-22.157367
6260,R_foot_pitch,1.021561,-0.197844,-0.263655,3.935040
6260,R_foot_roll,-2.224979,-0.222498,-0.004424,-13.098401
6270,L_hip_roll,0.137848,0.034462,-0.003265,4.441710
6270,L_hip_yaw,0.081405,0.020351,0.024133,-0.647541
6270,L_hip_pitch,-0.632768,-0.508192,-0.401948,-12.237866
6270,L_knee,-1.533780,-1.033445,-1.013768,-1.300482
6270,L_foot_pitch,1.208527,0.420853,0.356882,3.860047
6270,L_foot_roll,-0.046141,-0.004614,-0.010820,0.617394
6270,R_hip_roll,-1.526683,-0.381671,-0.003370,-45.203346
6270,R_hip_yaw,0.199862,0.049966,0.010009,4.790730
6270,R_hip_pitch,-0.383454,0.254137,0.349269,-11.384076
6270,R_knee,-0.856735,0.435816,0.614897,-21.452634
6270,R_foot_pitch,1.035540,-0.196446,-0.263420,3.988965
6270,R_foot_roll,-2.129656,-0.212966,-0.003359,-12.740688
6280,L_hip_roll,0.176083,0.044021,-0.002599,5.542807
6280,L_hip_yaw,0.076198,0.019050,0.025043,-0.726723
6280,L_hip_pitch,-0.649860,-0.512465,-0.408464,-11.737467
6280,L_knee,-1.499547,-1.024887,-1.025401,1.268267
6280,L_foot_pitch,1.197578,0.419758,0.356623,3.815708
6280,L_foot_roll,0.012571,0.001257,-0.011226,0.665229
6280,R_hip_roll,-1.467878,-0.366969,-0.005684,-43.092842
6280,R_hip_yaw,0.182516,0.045629,0.009915,4.303318
6280,R_hip_pitch,-0.356136,0.260966,0.349157,-10.585243
6280,R_knee,-0.838837,0.440291,0.614547,-20.879801
6280,R_foot_pitch,1.058110,-0.194189,-0.263069,4.095987
6280,R_foot_roll,-2.025007,-0.202501,-0.000447,-12.489916
6290,L_hip_roll,0.184063,0.046016,-0.002036,5.708171
6290,L_hip_yaw,0.074949,0.018737,0.024071,-0.461947
6290,L_hip_pitch,-0.681275,-0.520319,-0.416517,-11.621550
6290,L_knee,-1.421142,-1.005286,-1.036650,4.789147
6290,L_foot_pitch,1.146000,0.414600,0.356336,3.524259
6290,L_foot_roll,0.058956,0.005896,-0.008565,0.510944
6290,R_hip_roll,-1.396653,-0.349163,-0.008315,-40.627100
6290,R_hip_yaw,0.146009,0.036502,0.009679,3.244552
6290,R_hip_pitch,-0.344698,0.263825,0.349674,-10.373224
6290,R_knee,-0.810703,0.447324,0.614803,-20.143291
6290,R_foot_pitch,1.087458,-0.191254,-0.262871,4.285120
6290,R_foot_roll,-1.861616,-0.186162,0.001578,-11.418793
6300,L_hip_roll,0.204190,0.051047,-0.001434,6.234222
6300,L_hip_yaw,0.059779,0.014945,0.021422,-0.453783
6300,L_hip_pitch,-0.671210,-0.517802,-0.424570,-10.418648
6300,L_knee,-1.340691,-0.985173,-1.043866,7.502636
6300,L_foot_pitch,1.130412,0.413041,0.356007,3.456151
6300,L_foot_roll,0.084569,0.008457,-0.003918,0.244922
6300,R_hip_roll,-1.308141,-0.327035,-0.011280,-37.577746
6300,R_hip_yaw,0.130410,0.032602,0.009316,2.835406
6300,R_hip_pitch,-0.329998,0.267501,0.350468,-10.038179
6300,R_knee,-0.786396,0.453401,0.615255,-19.466481
6300,R_foot_pitch,1.079040,-0.192096,-0.262718,4.221719
6300,R_foot_roll,-1.743369,-0.174337,0.003411,-10.856567
6310,L_hip_roll,0.174715,0.043679,-0.000604,5.213408
6310,L_hip_yaw,0.047051,0.011763,0.017274,-0.191832
6310,L_hip_pitch,-0.657503,-0.514376,-0.430999,-9.464828
6310,L_knee,-1.262583,-0.965646,-1.043603,8.943493
6310,L_foot_pitch,1.088651,0.408865,0.355659,3.226177
6310,L_foot_roll,0.085959,0.008596,0.000987,0.001646
6310,R_hip_roll,-1.171101,-0.292775,-0.014532,-33.055801
6310,R_hip_yaw,0.118892,0.029723,0.008872,2.546797
6310,R_hip_pitch,-0.281268,0.279683,0.351142,-8.629286
6310,R_knee,-0.792961,0.451760,0.615559,-19.675299
6310,R_foot_pitch,1.033179,-0.196682,-0.262530,3.930312
6310,R_foot_roll,-1.591347,-0.159135,0.005462,-10.085753
6320,L_hip_roll,0.150323,0.037581,0.000699,4.269332
6320,L_hip_yaw,0.026286,0.006572,0.012029,-0.109718
6320,L_hip_pitch,-0.634520,-0.508630,-0.434746,-8.612755
6320,L_knee,-1.142918,-0.935730,-1.033800,10.361866
6320,L_foot_pitch,1.077973,0.407797,0.355306,3.183773
6320,L_foot_roll,0.085113,0.008511,0.004740,-0.080173
6320,R_hip_roll,-1.095840,-0.273960,-0.017857,-30.403655
6320,R_hip_yaw,0.085529,0.021382,0.008472,1.584042
6320,R_hip_pitch,-0.224362,0.293910,0.351519,-6.939929
6320,R_knee,-0.801227,0.449693,0.615525,-19.880724
6320,R_foot_pitch,0.973192,-0.202681,-0.262233,3.537317
6320,R_foot_roll,-1.459653,-0.145965,0.007663,-9.439684
6330,L_hip_roll,0.085925,0.021481,0.002514,2.071505
6330,L_hip_yaw,0.006175,0.001544,0.006077,0.063409
6330,L_hip_pitch,-0.568665,-0.492166,-0.435299,-6.901687
6330,L_knee,-1.035311,-0.908828,-1.013192,9.996515
6330,L_foot_pitch,1.087125,0.408713,0.354973,3.255352
6330,L_foot_roll,0.071583,0.007158,0.006925,-0.143449
6330,R_hip_roll,-1.005165,-0.251291,-0.021138,-27.295577
6330,R_hip_yaw,0.066160,0.016540,0.008149,1.036296
6330,R_hip_pitch,-0.185181,0.303705,0.351726,-5.784394
6330,R_knee,-0.802202,0.449449,0.615181,-19.845870
6330,R_foot_pitch,0.901149,-0.209885,-0.261805,3.068360
6330,R_foot_roll,-1.353057,-0.135306,0.009974,-8.949130
6340,L_hip_roll,-0.020581,-0.005145,0.004678,-1.408375
6340,L_hip_yaw,-0.012749,-0.003187,-0.000176,0.247687
6340,L_hip_pitch,-0.508152,-0.477038,-0.432310,-5.803034
6340,L_knee,-0.898179,-0.874545,-0.981392,9.206507
6340,L_foot_pitch,1.061272,0.406127,0.354708,3.107316
6340,L_foot_roll,0.056768,0.005677,0.007812,-0.177388
6340,R_hip_roll,-0.869129,-0.217282,-0.024355,-22.836494
6340,R_hip_yaw,0.035417,0.008854,0.007913,0.132303
6340,R_hip_pitch,-0.123735,0.319066,0.351913,-3.967124
6340,R_knee,-0.837258,0.440686,0.614763,-20.854817
6340,R_foot_pitch,0.815877,-0.218412,-0.261358,2.534951
6340,R_foot_roll,-1.153029,-0.115303,0.012368,-7.901096
6350,L_hip_roll,-0.145138,-0.036285,0.006928,-5.411676
6350,L_hip_yaw,-0.032875,-0.008219,-0.005983,0.258943
6350,L_hip_pitch,-0.420201,-0.455050,-0.425870,-4.257383
6350,L_knee,-0.704520,-0.826130,-0.939129,8.961643
6350,L_foot_pitch,1.065328,0.406533,0.354499,3.140292
6350,L_foot_roll,0.035257,0.003526,0.007940,-0.261554
6350,R_hip_roll,-0.748320,-0.187080,-0.027438,-18.862123
6350,R_hip_yaw,0.005371,0.001343,0.007745,-0.751884
6350,R_hip_pitch,-0.076327,0.330918,0.352238,-2.609140
6350,R_knee,-0.855493,0.436127,0.614475,-21.387146
6350,R_foot_pitch,0.710955,-0.228905,-0.260956,1.887329
6350,R_foot_roll,-0.955505,-0.095551,0.014900,-6.880170
6360,L_hip_roll,-0.287695,-0.071924,0.008846,-9.862826
6360,L_hip_yaw,-0.054580,-0.013645,-0.010647,0.028617
6360,L_hip_pitch,-0.296866,-0.424217,-0.415957,-2.099626
6360,L_knee,-0.477586,-0.769397,-0.886843,8.510766
6360,L_foot_pitch,1.035694,0.403569,0.354338,2.966886
6360,L_foot_roll,0.007434,0.000743,0.007642,-0.375309
6360,R_hip_roll,-0.514235,-0.128559,-0.030373,-11.499521
6360,R_hip_yaw,-0.010673,-0.002668,0.007580,-1.209695
6360,R_hip_pitch,-0.028782,0.342805,0.352837,-1.286548
6360,R_knee,-0.864087,0.433978,0.614527,-21.697982
6360,R_foot_pitch,0.583537,-0.241646,-0.260709,1.130851
6360,R_foot_roll,-0.646636,-0.064664,0.017556,-5.199798
6370,L_hip_roll,-0.488982,-0.122245,0.010100,-15.978536
6370,L_hip_yaw,-0.067582,-0.016896,-0.013646,-0.186222
6370,L_hip_pitch,-0.140320,-0.385080,-0.402109,0.528241
6370,L_knee,-0.199583,-0.699896,-0.824533,8.394794
6370,L_foot_pitch,0.959646,0.395965,0.354198,2.518564
6370,L_foot_roll,-0.057665,-0.005766,0.006934,-0.679503
6370,R_hip_roll,-0.218297,-0.054574,-0.033053,-2.337806
6370,R_hip_yaw,-0.014872,-0.003718,0.007406,-1.313930
6370,R_hip_pitch,0.033970,0.358493,0.353635,0.486720
6370,R_knee,-0.866636,0.433341,0.615063,-21.890656
6370,R_foot_pitch,0.414850,-0.258515,-0.260735,0.152010
6370,R_foot_roll,-0.283423,-0.028342,0.020351,-3.199109
6380,L_hip_roll,-0.573369,-0.143342,0.010371,-18.429336
6380,L_hip_yaw,-0.065184,-0.016296,-0.014195,-0.337435
6380,L_hip_pitch,-0.029413,-0.357353,-0.383559,1.132732
6380,L_knee,0.081005,-0.629749,-0.751840,7.046749
6380,L_foot_pitch,0.837927,0.383793,0.354003,1.808367
6380,L_foot_roll,-0.118982,-0.011898,0.005175,-0.803840
6380,R_hip_roll,0.114068,0.028517,-0.035261,7.839869
6380,R_hip_yaw,0.031111,0.007778,0.007308,0.062814
6380,R_hip_pitch,0.028947,0.357237,0.354360,0.239338
6380,R_knee,-0.746386,0.463403,0.616042,-18.486706
6380,R_foot_pitch,0.220405,-0.277959,-0.261415,-0.946543
6380,R_foot_roll,0.076208,0.007621,0.023130,-1.220530
6390,L_hip_roll,-0.504540,-0.126135,0.009773,-16.225105
6390,L_hip_yaw,-0.050545,-0.012636,-0.011197,-0.643995
6390,L_hip_pitch,0.036379,-0.340905,-0.360417,-0.077552
6390,L_knee,0.370123,-0.557469,-0.669971,5.126169
6390,L_foot_pitch,0.597868,0.359787,0.353675,0.402801
6390,L_foot_roll,-0.114296,-0.011430,0.001762,-0.397252
6390,R_hip_roll,0.295438,0.073860,-0.036504,13.304542
6390,R_hip_yaw,0.090750,0.022688,0.007501,1.795481
6390,R_hip_pitch,-0.095450,0.326137,0.355546,-3.679949
6390,R_knee,-0.526022,0.518494,0.618505,-12.323982
6390,R_foot_pitch,-0.087127,-0.308713,-0.262432,-2.633676
6390,R_foot_roll,0.342646,0.034265,0.026001,0.219915
6400,L_hip_roll,0.089400,0.022350,0.009860,1.537816
6400,L_hip_yaw,-0.023860,-0.005965,-0.009916,0.562226
6400,L_hip_pitch,-0.257726,-0.414432,-0.347122,-8.845292
6400,L_knee,1.188725,-0.352819,-0.626200,30.592424
6400,L_foot_pitch,0.678290,0.367829,0.291149,12.128377
6400,L_foot_roll,0.107114,0.010711,-0.013485,2.209423
6400,R_hip_roll,0.411818,0.102955,-0.037447,16.962928
6400,R_hip_yaw,0.026867,0.006717,0.007579,-0.111168
6400,R_hip_pitch,-0.008321,0.347920,0.356309,-1.039852
6400,R_knee,-0.218702,0.595325,0.621530,-3.470632
6400,R_foot_pitch,-0.267592,-0.326759,-0.264087,-3.560179
6400,R_foot_roll,0.298874,0.029887,0.028478,-0.187073
6410,L_hip_roll,0.545134,0.136284,0.007990,15.736831
6410,L_hip_yaw,0.093558,0.023390,-0.010925,4.243024
6410,L_hip_pitch,-0.249267,-0.412317,-0.346145,-7.794400
6410,L_knee,1.336421,-0.315895,-0.622916,37.063020
6410,L_foot_pitch,0.245669,0.324567,0.276110,2.988433
6410,L_foot_roll,0.415698,0.041570,-0.017885,2.907011
6410,R_hip_roll,0.381587,0.095397,-0.039857,16.541507
6410,R_hip_yaw,0.097703,0.024426,0.006728,2.250864
6410,R_hip_pitch,-0.183846,0.304039,0.357067,-6.460350
6410,R_knee,0.309620,0.727405,0.624707,12.011638
6410,R_foot_pitch,-0.531327,-0.353133,-0.267803,-4.667122
6410,R_foot_roll,0.204149,0.020415,0.031131,-0.917656
6420,L_hip_roll,1.088700,0.272175,0.004604,32.464954
6420,L_hip_yaw,0.052849,0.013212,-0.011644,3.020502
6420,L_hip_pitch,-0.425924,-0.456481,-0.346987,-13.099331
6420,L_knee,1.355739,-0.311065,-0.624367,37.697979
6420,L_foot_pitch,0.080504,0.308050,0.275682,1.979970
6420,L_foot_roll,0.748395,0.074840,-0.013473,4.822666
6420,R_hip_roll,0.239286,0.059822,-0.042411,12.467224
6420,R_hip_yaw,0.054465,0.013616,0.006441,0.834792
6420,R_hip_pitch,-0.319702,0.270075,0.360514,-11.300075
6420,R_knee,0.604251,0.801063,0.635136,18.417839
6420,R_foot_pitch,-0.677519,-0.367752,-0.286520,-2.089912
6420,R_foot_roll,0.100352,0.010035,0.030621,-0.855440
6430,L_hip_roll,1.316465,0.329116,0.001778,39.542168
6430,L_hip_yaw,0.113160,0.028290,-0.012207,4.925593
6430,L_hip_pitch,-0.385874,-0.446469,-0.347715,-11.715367
6430,L_knee,1.444169,-0.288958,-0.625796,40.646862
6430,L_foot_pitch,-0.098943,0.290106,0.276362,0.862602
6430,L_foot_roll,1.024841,0.102484,-0.010745,6.288452
6430,R_hip_roll,0.015593,0.003898,-0.042873,5.545880
6430,R_hip_yaw,0.044503,0.011126,0.005542,0.825584
6430,R_hip_pitch,-0.187589,0.303103,0.367445,-8.553771
6430,R_knee,0.786129,0.846532,0.659238,19.472283
6430,R_foot_pitch,-0.639248,-0.363925,-0.321458,1.133341
6430,R_foot_roll,-0.179323,-0.017932,0.022718,-1.469833
6440,L_hip_roll,1.421069,0.355267,-0.000380,42.890338
6440,L_hip_yaw,0.146548,0.036637,-0.012596,5.931038
6440,L_hip_pitch,-0.377677,-0.444419,-0.349207,-11.282914
6440,L_knee,1.232455,-0.341886,-0.627974,34.509148
6440,L_foot_pitch,-0.252657,0.274734,0.276835,-0.097993
6440,L_foot_roll,1.205609,0.120561,-0.008942,7.358623
6440,R_hip_roll,-0.133958,-0.033490,-0.041468,0.762838
6440,R_hip_yaw,0.030662,0.007666,0.004182,0.509684
6440,R_hip_pitch,-0.087206,0.328198,0.379075,-7.445830
6440,R_knee,0.935234,0.883808,0.698675,17.707533
6440,R_foot_pitch,-0.644766,-0.364477,-0.353825,1.935179
6440,R_foot_roll,-0.322969,-0.032297,0.007832,-0.725993
6450,L_hip_roll,1.594703,0.398676,-0.001840,48.159532
6450,L_hip_yaw,0.155012,0.038753,-0.012614,6.152594
6450,L_hip_pitch,-0.275823,-0.418956,-0.351401,-7.815280
6450,L_knee,1.213383,-0.346654,-0.630599,34.428677
6450,L_foot_pitch,-0.337330,0.266267,0.278184,-0.839269
6450,L_foot_roll,1.472246,0.147225,-0.007640,9.380369
6450,R_hip_roll,-0.248687,-0.062172,-0.038893,-3.095720
6450,R_hip_yaw,-0.036186,-0.009047,0.004036,-1.628728
6450,R_hip_pitch,0.055610,0.363902,0.395307,-5.507712
6450,R_knee,0.992788,0.898197,0.750947,12.066845
6450,R_foot_pitch,-0.601961,-0.360196,-0.367728,1.118018
6450,R_foot_roll,-0.411909,-0.041191,-0.010494,-0.060585
6460,L_hip_roll,1.437507,0.359377,-0.002532,43.416502
6460,L_hip_yaw,0.137397,0.034349,-0.012380,5.579584
6460,L_hip_pitch,-0.257282,-0.414321,-0.354451,-6.921521
6460,L_knee,1.054281,-0.386430,-0.634208,30.044541
6460,L_foot_pitch,-0.536827,0.246317,0.279003,-2.080239
6460,L_foot_roll,1.616326,0.161633,-0.006716,10.492334
6460,R_hip_roll,-0.357791,-0.089448,-0.035311,-6.907155
6460,R_hip_yaw,-0.042486,-0.010621,0.003086,-1.468427
6460,R_hip_pitch,0.255595,0.413899,0.413206,-1.642632
6460,R_knee,1.106376,0.926594,0.809551,8.173223
6460,R_foot_pitch,-0.642264,-0.364226,-0.369551,0.219087
6460,R_foot_roll,-0.459002,-0.045900,-0.027265,0.368373
6470,L_hip_roll,1.456957,0.364239,-0.002816,44.054323
6470,L_hip_yaw,0.116916,0.029229,-0.012093,4.927438
6470,L_hip_pitch,-0.087220,-0.371805,-0.358108,-1.230883
6470,L_knee,0.969532,-0.407617,-0.638350,28.146652
6470,L_foot_pitch,-0.674989,0.232501,0.280703,-3.053064
6470,L_foot_roll,1.765175,0.176517,-0.005468,10.993253
6470,R_hip_roll,-0.417333,-0.104333,-0.031496,-9.106168
6470,R_hip_yaw,-0.093918,-0.023479,0.000770,-2.664276
6470,R_hip_pitch,0.375278,0.443819,0.430914,-0.161697
6470,R_knee,1.132286,0.933072,0.869154,1.823284
6470,R_foot_pitch,-0.632007,-0.363201,-0.366978,-0.111498
6470,R_foot_roll,-0.461701,-0.046170,-0.039266,0.522647
6480,L_hip_roll,1.406706,0.351676,-0.003076,42.593259
6480,L_hip_yaw,0.058410,0.014603,-0.011796,3.142850
6480,L_hip_pitch,0.011764,-0.347059,-0.362007,2.150210
6480,L_knee,0.834252,-0.441437,-0.642661,24.558969
6480,L_foot_pitch,-0.832658,0.216734,0.281823,-4.069974
6480,L_foot_roll,1.897879,0.189788,-0.004224,11.531854
6480,R_hip_roll,-0.340273,-0.085068,-0.028178,-7.132376
6480,R_hip_yaw,-0.076988,-0.019247,-0.003273,-1.421538
6480,R_hip_pitch,0.556386,0.489096,0.446218,3.829753
6480,R_knee,1.168513,0.942128,0.924135,-2.917028
6480,R_foot_pitch,-0.730654,-0.373065,-0.363003,-1.031814
6480,R_foot_roll,-0.391066,-0.039107,-0.045651,0.800535
6490,L_hip_roll,1.370018,0.342504,-0.002972,41.427469
6490,L_hip_yaw,-0.002639,-0.000660,-0.011471,1.261328
6490,L_hip_pitch,0.100564,-0.324859,-0.365380,5.186854
6490,L_knee,0.783865,-0.454034,-0.646457,23.460674
6490,L_foot_pitch,-0.974130,0.202587,0.283323,-5.002230
6490,L_foot_roll,2.013772,0.201377,-0.004033,12.263812
6490,R_hip_roll,-0.373333,-0.093333,-0.025213,-8.463550
6490,R_hip_yaw,-0.082317,-0.020579,-0.008118,-1.036318
6490,R_hip_pitch,0.612646,0.503162,0.457341,4.597152
6490,R_knee,1.212272,0.953068,0.969631,-6.011142
6490,R_foot_pitch,-0.833687,-0.383369,-0.359365,-1.754782
6490,R_foot_roll,-0.279114,-0.027911,-0.046176,0.927435
6500,L_hip_roll,1.462775,0.365694,-0.002557,44.136314
6500,L_hip_yaw,-0.063708,-0.015927,-0.011173,-0.595974
6500,L_hip_pitch,0.265947,-0.283513,-0.368089,10.369776
6500,L_knee,0.672896,-0.481776,-0.649544,20.387167
6500,L_foot_pitch,-1.112901,0.188710,0.284538,-5.852673
6500,L_foot_roll,2.188679,0.218868,-0.003645,13.329157
6500,R_hip_roll,-0.324494,-0.081123,-0.022725,-7.227796
6500,R_hip_yaw,-0.099836,-0.024959,-0.012229,-1.162330
6500,R_hip_pitch,0.752840,0.538210,0.463609,8.572216
6500,R_knee,1.227450,0.956862,1.003205,-8.321117
6500,R_foot_pitch,-0.900689,-0.390069,-0.356836,-2.203034
6500,R_foot_roll,-0.179456,-0.017946,-0.040698,0.628943
6510,L_hip_roll,1.417056,0.354264,-0.001747,42.615468
6510,L_hip_yaw,-0.117880,-0.029470,-0.010956,-2.242651
6510,L_hip_pitch,0.321074,-0.269731,-0.370029,12.203011
6510,L_knee,0.685340,-0.478665,-0.652037,21.041212
6510,L_foot_pitch,-1.183584,0.181642,0.285613,-6.346596
6510,L_foot_roll,2.244699,0.224470,-0.002429,13.432656
6510,R_hip_roll,-0.255953,-0.063988,-0.020518,-5.440523
6510,R_hip_yaw,-0.118670,-0.029668,-0.015822,-1.314528
6510,R_hip_pitch,0.800885,0.550221,0.464988,10.293588
6510,R_knee,1.271599,0.967900,1.024042,-8.247974
6510,R_foot_pitch,-0.963354,-0.396335,-0.355208,-2.598484
6510,R_foot_roll,-0.092409,-0.009241,-0.031253,0.318934
6520,L_hip_roll,1.404763,0.351191,-0.000498,42.060855
6520,L_hip_yaw,-0.153872,-0.038468,-0.010848,-3.320553
6520,L_hip_pitch,0.383703,-0.254074,-0.371291,14.158317
6520,L_knee,0.673498,-0.481626,-0.653968,20.835603
6520,L_foot_pitch,-1.303085,0.169691,0.286538,-7.089204
6520,L_foot_roll,2.335506,0.233551,-0.000017,13.740293
6520,R_hip_roll,-0.261776,-0.065444,-0.018220,-5.901818
6520,R_hip_yaw,-0.123667,-0.030917,-0.019817,-0.903194
6520,R_hip_pitch,0.820629,0.555157,0.462460,11.522420
6520,R_knee,1.339485,0.984871,1.033275,-6.256452
6520,R_foot_pitch,-1.009468,-0.400947,-0.354247,-2.874858
6520,R_foot_roll,0.021269,0.002127,-0.020689,0.353775
6530,L_hip_roll,1.461982,0.365496,0.000849,43.627295
6530,L_hip_yaw,-0.191125,-0.047781,-0.010853,-4.429290
6530,L_hip_pitch,0.415055,-0.246236,-0.371776,15.078578
6530,L_knee,0.707174,-0.473207,-0.654994,21.872261
6530,L_foot_pitch,-1.303637,0.169636,0.287109,-7.087514
6530,L_foot_roll,2.397306,0.239731,0.003672,13.738880
6530,R_hip_roll,-0.149825,-0.037456,-0.016127,-2.748996
6530,R_hip_yaw,-0.131821,-0.032955,-0.024278,-0.593545
6530,R_hip_pitch,0.831270,0.557817,0.457490,12.603539
6530,R_knee,1.359558,0.989890,1.033822,-5.023234
6530,R_foot_pitch,-1.024137,-0.402414,-0.353765,-2.951241
6530,R_foot_roll,0.083744,0.008374,-0.009740,0.021804
6540,L_hip_roll,1.409289,0.352322,0.002418,41.810807
6540,L_hip_yaw,-0.199395,-0.049849,-0.010913,-4.666785
6540,L_hip_pitch,0.380020,-0.254995,-0.371448,13.908589
6540,L_knee,0.770541,-0.457365,-0.654890,23.639871
6540,L_foot_pitch,-1.277332,0.172267,0.287214,-6.883840
6540,L_foot_roll,2.353950,0.235395,0.007629,13.298754
6540,R_hip_roll,-0.168472,-0.042118,-0.014003,-3.603760
6540,R_hip_yaw,-0.124353,-0.031088,-0.028889,0.192592
6540,R_hip_pitch,0.783424,0.545856,0.451433,11.952305
6540,R_knee,1.389570,0.997393,1.028468,-2.987642
6540,R_foot_pitch,-1.019088,-0.401909,-0.353575,-2.910712
6540,R_foot_roll,0.129794,0.012979,0.000188,-0.113014
6550,L_hip_roll,1.393160,0.348290,0.004256,41.097957
6550,L_hip_yaw,-0.252712,-0.063178,-0.010965,-6.263108
6550,L_hip_pitch,0.368990,-0.257752,-0.370138,13.310647
6550,L_knee,0.768145,-0.457964,-0.653123,23.158591
6550,L_foot_pitch,-1.236669,0.176333,0.286570,-6.510919
6550,L_foot_roll,2.307301,0.230730,0.010192,13.050438
6550,R_hip_roll,-0.121745,-0.030436,-0.011853,-2.431526
6550,R_hip_yaw,-0.105807,-0.026452,-0.032800,1.090495
6550,R_hip_pitch,0.757478,0.539369,0.445343,11.862788
6550,R_knee,1.449712,1.012428,1.019549,0.128159
6550,R_foot_pitch,-1.046252,-0.404625,-0.353534,-3.065611
6550,R_foot_roll,0.190117,0.019012,0.008166,-0.040915
6560,L_hip_roll,1.457258,0.364314,0.006180,42.781340
6560,L_hip_yaw,-0.220836,-0.055209,-0.011066,-5.282411
6560,L_hip_pitch,0.382824,-0.254294,-0.368120,13.443829
6560,L_knee,0.795105,-0.451224,-0.649817,23.451982
6560,L_foot_pitch,-1.174289,0.182571,0.285156,-5.985082
6560,L_foot_roll,2.240699,0.224070,0.011073,12.747269
6560,R_hip_roll,-0.095902,-0.023976,-0.009955,-1.862530
6560,R_hip_yaw,-0.111378,-0.027845,-0.034698,0.902257
6560,R_hip_pitch,0.703690,0.525922,0.440579,10.619305
6560,R_knee,1.434104,1.008526,1.010338,0.628491
6560,R_foot_pitch,-1.043476,-0.404348,-0.353600,-3.034393
6560,R_foot_roll,0.225688,0.022569,0.014701,-0.109556
6570,L_hip_roll,1.444787,0.361197,0.008462,42.078389
6570,L_hip_yaw,-0.200623,-0.050156,-0.011192,-4.663604
6570,L_hip_pitch,0.333157,-0.266711,-0.365383,11.531211
6570,L_knee,0.781075,-0.454731,-0.645117,22.317517
6570,L_foot_pitch,-1.167854,0.183215,0.283068,-5.755421
6570,L_foot_roll,2.193349,0.219335,0.009273,12.910034
6570,R_hip_roll,-0.145962,-0.036490,-0.008014,-3.621284
6570,R_hip_yaw,-0.100828,-0.025207,-0.034337,0.975007
6570,R_hip_pitch,0.689942,0.522486,0.437505,10.435055
6570,R_knee,1.486204,1.021551,1.002392,3.030563
6570,R_foot_pitch,-1.076272,-0.407627,-0.353721,-3.221751
6570,R_foot_roll,0.252379,0.025238,0.019825,-0.106712
6580,L_hip_roll,1.535953,0.383988,0.010992,44.507013
6580,L_hip_yaw,-0.173894,-0.043473,-0.011274,-3.856558
6580,L_hip_pitch,0.324291,-0.268927,-0.362387,10.929771
6580,L_knee,0.783218,-0.454196,-0.639701,21.717802
6580,L_foot_pitch,-1.109012,0.189099,0.280572,-5.231447
6580,L_foot_roll,2.141771,0.214177,0.005809,12.850982
6580,R_hip_roll,-0.154611,-0.038653,-0.006122,-4.080761
6580,R_hip_yaw,-0.114423,-0.028606,-0.031920,0.075712
6580,R_hip_pitch,0.706059,0.526515,0.436769,10.707072
6580,R_knee,1.481515,1.020379,0.997345,3.078553
6580,R_foot_pitch,-1.052817,-0.405282,-0.353887,-3.065374
6580,R_foot_roll,0.272580,0.027258,0.023719,-0.119852
6590,L_hip_roll,1.541951,0.385488,0.013762,44.313769
6590,L_hip_yaw,-0.133520,-0.033380,-0.011299,-2.648225
6590,L_hip_pitch,0.309300,-0.272675,-0.359837,10.233346
6590,L_knee,0.781516,-0.454621,-0.634391,21.059883
6590,L_foot_pitch,-1.097405,0.190260,0.277970,-5.002955
6590,L_foot_roll,2.072291,0.207229,0.001606,12.781755
6590,R_hip_roll,-0.210187,-0.052547,-0.004258,-5.987958
6590,R_hip_yaw,-0.116683,-0.029171,-0.028467,-0.431998
6590,R_hip_pitch,0.699474,0.524868,0.439131,9.916578
6590,R_knee,1.487621,1.021905,0.996455,2.967449
6590,R_foot_pitch,-1.040786,-0.404079,-0.354042,-2.988886
6590,R_foot_roll,0.282779,0.028278,0.026463,-0.108535
6600,L_hip_roll,1.546174,0.386544,0.016814,44.055172
6600,L_hip_yaw,-0.112683,-0.028171,-0.011240,-2.039992
6600,L_hip_pitch,0.291129,-0.277218,-0.357878,9.509674
6600,L_knee,0.769795,-0.457551,-0.629481,20.165189
6600,L_foot_pitch,-1.067874,0.193213,0.275398,-4.679506
6600,L_foot_roll,2.016780,0.201678,-0.003198,12.771483
6600,R_hip_roll,-0.242400,-0.060600,-0.002429,-7.154651
6600,R_hip_yaw,-0.124939,-0.031235,-0.025171,-1.029477
6600,R_hip_pitch,0.716424,0.529106,0.444367,9.534090
6600,R_knee,1.491413,1.022853,0.999273,2.407923
6600,R_foot_pitch,-1.012748,-0.401275,-0.354143,-2.820070
6600,R_foot_roll,0.283238,0.028324,0.028275,-0.141928
6610,L_hip_roll,1.530141,0.382535,0.019986,43.187496
6610,L_hip_yaw,-0.080302,-0.020076,-0.011131,-1.083173
6610,L_hip_pitch,0.263196,-0.284201,-0.356651,8.609336
6610,L_knee,0.773953,-0.456512,-0.625316,19.887916
6610,L_foot_pitch,-1.034987,0.196501,0.273053,-4.383518
6610,L_foot_roll,1.931693,0.193169,-0.007754,12.464971
6610,R_hip_roll,-0.248883,-0.062221,-0.000852,-7.508158
6610,R_hip_yaw,-0.128390,-0.032098,-0.022884,-1.270123
6610,R_hip_pitch,0.725187,0.531297,0.452005,8.663635
6610,R_knee,1.464586,1.016147,1.004934,0.689068
6610,R_foot_pitch,-0.970684,-0.397068,-0.354177,-2.572720
6610,R_foot_roll,0.266957,0.026696,0.029304,-0.227389
6620,L_hip_roll,1.442623,0.360656,0.023253,40.155530
6620,L_hip_yaw,-0.051059,-0.012765,-0.011006,-0.223326
6620,L_hip_pitch,0.227422,-0.293145,-0.356202,7.550887
6620,L_knee,0.773672,-0.456582,-0.622116,19.585397
6620,L_foot_pitch,-1.008250,0.199175,0.271095,-4.132556
6620,L_foot_roll,1.810381,0.181038,-0.011548,11.895303
6620,R_hip_roll,-0.271023,-0.067756,0.000456,-8.304914
6620,R_hip_yaw,-0.125983,-0.031496,-0.022025,-1.161938
6620,R_hip_pitch,0.702743,0.525686,0.461134,6.800958
6620,R_knee,1.422636,1.005659,1.011513,-1.335954
6620,R_foot_pitch,-0.947703,-0.394770,-0.354121,-2.447949
6620,R_foot_roll,0.247594,0.024759,0.029442,-0.261824
6630,L_hip_roll,1.338228,0.334557,0.026584,36.624319
6630,L_hip_yaw,-0.016926,-0.004231,-0.010880,0.786705
6630,L_hip_pitch,0.164098,-0.308975,-0.356150,5.662576
6630,L_knee,0.775078,-0.456230,-0.619599,19.376959
6630,L_foot_pitch,-0.947780,0.205222,0.269374,-3.688335
6630,L_foot_roll,1.660890,0.166089,-0.014856,11.164433
6630,R_hip_roll,-0.241379,-0.060345,0.001340,-7.464211
6630,R_hip_yaw,-0.124108,-0.031027,-0.022224,-1.004827
6630,R_hip_pitch,0.695376,0.523844,0.470219,5.568213
6630,R_knee,1.353826,0.988457,1.016140,-3.631964
6630,R_foot_pitch,-0.920816,-0.392082,-0.353991,-2.300115
6630,R_foot_roll,0.213247,0.021325,0.028793,-0.362716
6640,L_hip_roll,1.211060,0.302765,0.029961,32.396719
6640,L_hip_yaw,0.022349,0.005587,-0.010749,1.946795
6640,L_hip_pitch,0.076193,-0.330952,-0.356276,3.060440
6640,L_knee,0.787974,-0.453007,-0.617587,19.573611
6640,L_foot_pitch,-0.888034,0.211197,0.267887,-3.265284
6640,L_foot_roll,1.464927,0.146493,-0.018111,10.197920
6640,R_hip_roll,-0.206447,-0.051612,0.001713,-6.413767
6640,R_hip_yaw,-0.109018,-0.027254,-0.022948,-0.433374
6640,R_hip_pitch,0.632640,0.508160,0.477845,2.962868
6640,R_knee,1.241108,0.960277,1.015932,-6.392592
6640,R_foot_pitch,-0.912883,-0.391288,-0.353810,-2.267857
6640,R_foot_roll,0.194842,0.019484,0.027168,-0.266033
6650,L_hip_roll,1.031439,0.257860,0.033503,26.561867
6650,L_hip_yaw,0.065448,0.016362,-0.010598,3.219659
6650,L_hip_pitch,-0.023381,-0.355845,-0.356432,0.086453
6650,L_knee,0.798793,-0.450302,-0.615929,19.726162
6650,L_foot_pitch,-0.812114,0.218789,0.266618,-2.754497
6650,L_foot_roll,1.191465,0.119146,-0.022090,8.904837
6650,R_hip_roll,-0.137330,-0.034332,0.001641,-4.287787
6650,R_hip_yaw,-0.086441,-0.021610,-0.023299,0.199736
6650,R_hip_pitch,0.550959,0.487740,0.482428,0.343077
6650,R_knee,1.097374,0.924344,1.007553,-8.731300
6650,R_foot_pitch,-0.925054,-0.392505,-0.353609,-2.353287
6650,R_foot_roll,0.183897,0.018390,0.024955,-0.172792
6660,L_hip_roll,0.821212,0.205303,0.037216,19.853098
6660,L_hip_yaw,0.102698,0.025674,-0.010424,4.321946
6660,L_hip_pitch,-0.136675,-0.384169,-0.356578,-3.228762
6660,L_knee,0.832839,-0.441790,-0.614609,20.704759
6660,L_foot_pitch,-0.708091,0.229191,0.265357,-1.911334
6660,L_foot_roll,0.861462,0.086146,-0.026627,6.612365
6660,R_hip_roll,-0.014864,-0.003716,0.001158,-0.503072
6660,R_hip_yaw,-0.056537,-0.014134,-0.022189,0.787869
6660,R_hip_pitch,0.450520,0.462630,0.482300,-2.130694
6660,R_knee,0.913915,0.878479,0.987648,-10.576333
6660,R_foot_pitch,-0.933984,-0.393398,-0.353433,-2.413256
6660,R_foot_roll,0.154941,0.015494,0.022804,-0.241138
6670,L_hip_roll,0.540185,0.135046,0.040880,10.929276
6670,L_hip_yaw,0.142487,0.035622,-0.010260,5.488107
6670,L_hip_pitch,-0.214056,-0.403514,-0.357086,-5.494296
6670,L_knee,0.828987,-0.442753,-0.614229,20.585195
6670,L_foot_pitch,-0.622037,0.237796,0.265171,-1.608036
6670,L_foot_roll,0.416472,0.041647,-0.029756,4.707371
6670,R_hip_roll,0.111645,0.027911,0.000389,3.389250
6670,R_hip_yaw,-0.019986,-0.004997,-0.018971,1.266269
6670,R_hip_pitch,0.283247,0.420812,0.476163,-5.770382
6670,R_knee,0.666094,0.816523,0.953460,-12.395292
6670,R_foot_pitch,-0.981337,-0.398134,-0.353301,-2.700766
6670,R_foot_roll,0.126157,0.012616,0.020367,-0.205370
6680,L_hip_roll,0.217785,0.054446,0.044446,0.867032
6680,L_hip_yaw,0.160552,0.040138,-0.010164,6.029661
6680,L_hip_pitch,-0.277832,-0.419458,-0.357890,-7.291529
6680,L_knee,0.801187,-0.449703,-0.614774,19.909501
6680,L_foot_pitch,-0.511567,0.248843,0.264916,-0.950186
6680,L_foot_roll,-0.066713,-0.006671,-0.032856,1.778166
6680,R_hip_roll,0.280343,0.070086,-0.000519,8.575064
6680,R_hip_yaw,0.019848,0.004962,-0.013345,1.545407
6680,R_hip_pitch,0.108786,0.377197,0.462340,-8.500252
6680,R_knee,0.415179,0.753795,0.902112,-11.935562
6680,R_foot_pitch,-1.016013,-0.401601,-0.353244,-2.903162
6680,R_foot_roll,0.072788,0.007279,0.017210,-0.258807
6690,L_hip_roll,-0.198834,-0.049709,0.047613,-11.948599
6690,L_hip_yaw,0.155444,0.038861,-0.010189,5.903159
6690,L_hip_pitch,-0.291119,-0.422780,-0.358596,-7.590355
6690,L_knee,0.727144,-0.468214,-0.616076,17.962640
6690,L_foot_pitch,-0.327154,0.267285,0.265561,0.054639
6690,L_foot_roll,-0.599697,-0.059970,-0.035912,-1.239298
6690,R_hip_roll,0.460888,0.115222,-0.001460,14.106988
6690,R_hip_yaw,0.058769,0.014692,-0.005637,1.622782
6690,R_hip_pitch,-0.113691,0.321577,0.439593,-11.548008
6690,R_knee,0.132915,0.683229,0.832206,-10.193143
6690,R_foot_pitch,-0.975111,-0.397511,-0.353274,-2.647392
6690,R_foot_roll,-0.043466,-0.004347,0.012638,-0.511851
6700,L_hip_roll,-0.718868,-0.179717,0.049723,-27.669292
6700,L_hip_yaw,0.103592,0.025898,-0.010639,4.445382
6700,L_hip_pitch,-0.249115,-0.412279,-0.359376,-6.259166
6700,L_knee,0.591966,-0.502009,-0.618958,14.403505
6700,L_foot_pitch,-0.025455,0.297454,0.266943,1.643801
6700,L_foot_roll,-1.028328,-0.102833,-0.038799,-3.589685
6700,R_hip_roll,0.589841,0.147460,-0.002510,18.117650
6700,R_hip_yaw,0.085125,0.021281,0.002833,1.395618
6700,R_hip_pitch,-0.276019,0.280995,0.407468,-11.627550
6700,R_knee,-0.154076,0.611481,0.744499,-6.603426
6700,R_foot_pitch,-0.749958,-0.374996,-0.353316,-1.296658
6700,R_foot_roll,-0.283291,-0.028329,0.005026,-1.133431
6710,L_hip_roll,-1.056314,-0.264079,0.049654,-37.501444
6710,L_hip_yaw,0.031144,0.007786,-0.011616,2.444259
6710,L_hip_pitch,-0.024135,-0.356034,-0.360066,0.576285
6710,L_knee,0.245424,-0.588644,-0.623740,4.800964
6710,L_foot_pitch,0.311215,0.331122,0.269687,3.353093
6710,L_foot_roll,-1.125132,-0.112513,-0.041544,-4.040114
6710,R_hip_roll,0.599018,0.149755,-0.004199,18.700137
6710,R_hip_yaw,0.091597,0.022899,0.009804,1.017099
6710,R_hip_pitch,-0.177662,0.305585,0.367081,-3.128783
6710,R_knee,-0.567473,0.508132,0.643095,-5.783556
6710,R_foot_pitch,-0.404178,-0.340418,-0.353142,0.736833
6710,R_foot_roll,-0.640424,-0.064042,-0.008535,-1.778709
6720,L_hip_roll,-0.799310,-0.199828,0.049530,-29.906551
6720,L_hip_yaw,-0.085907,-0.021477,-0.010845,-1.392929
6720,L_hip_pitch,-0.123112,-0.380778,-0.359947,-2.585829
6720,L_knee,-0.121459,-0.680365,-0.628555,-5.756778
6720,L_foot_pitch,1.022960,0.402296,0.273599,7.384645
6720,L_foot_roll,-0.475152,-0.047515,-0.044219,-0.011807
6720,R_hip_roll,0.116763,0.029191,-0.005968,4.222519
6720,R_hip_yaw,-0.222636,-0.055659,0.010861,-8.198510
6720,R_hip_pitch,0.146947,0.386737,0.350218,5.530132
6720,R_knee,-1.359172,0.310207,0.599843,-31.858450
6720,R_foot_pitch,-0.121316,-0.312132,-0.256877,-12.587502
6720,R_foot_roll,-1.194504,-0.119450,0.008919,-7.553300
6730,L_hip_roll,-0.910233,-0.227558,0.051028,-33.600372
6730,L_hip_yaw,-0.024956,-0.006239,-0.009258,0.181807
6730,L_hip_pitch,0.422742,-0.244314,-0.363200,14.831253
6730,L_knee,-0.631493,-0.807873,-0.640627,-18.394494
6730,L_foot_pitch,1.393546,0.439355,0.295032,5.362314
6730,L_foot_roll,-0.041684,-0.004168,-0.043559,2.182751
6730,R_hip_roll,-0.574029,-0.143507,-0.003900,-17.049633
6730,R_hip_yaw,-0.173451,-0.043363,0.011875,-6.684973
6730,R_hip_pitch,0.540604,0.485151,0.349164,16.118175
6730,R_knee,-1.621384,0.244654,0.599567,-43.082947
6730,R_foot_pitch,0.200820,-0.279918,-0.253686,-1.463059
6730,R_foot_roll,-1.711765,-0.171176,0.008034,-10.710628
6740,L_hip_roll,-0.567857,-0.141964,0.050143,-22.730729
6740,L_hip_yaw,-0.015599,-0.003900,-0.003724,-0.926791
6740,L_hip_pitch,0.364753,-0.258812,-0.371671,14.490813
6740,L_knee,-1.145078,-0.936270,-0.667616,-28.968337
6740,L_foot_pitch,1.633664,0.463366,0.341418,1.963161
6740,L_foot_roll,0.337239,0.033724,-0.032138,2.237067
6740,R_hip_roll,-0.962869,-0.240717,-0.001556,-28.868871
6740,R_hip_yaw,-0.245114,-0.061279,0.012311,-8.874368
6740,R_hip_pitch,0.591476,0.497869,0.350760,17.508616
6740,R_knee,-1.704642,0.223840,0.603999,-46.077720
6740,R_foot_pitch,0.534542,-0.246546,-0.255138,0.751450
6740,R_foot_roll,-1.940544,-0.194054,0.005214,-11.735185
6750,L_hip_roll,-0.177105,-0.044276,0.044831,-10.011585
6750,L_hip_yaw,0.003427,0.000857,0.007697,-2.013187
6750,L_hip_pitch,0.302532,-0.274367,-0.386580,15.279479
6750,L_knee,-1.119018,-0.929755,-0.715125,-20.086026
6750,L_foot_pitch,1.691513,0.469151,0.381712,2.973609
6750,L_foot_roll,0.733358,0.073336,-0.005935,1.808063
6750,R_hip_roll,-1.043015,-0.260754,-0.000220,-31.366188
6750,R_hip_yaw,-0.195609,-0.048902,0.012149,-7.266591
6750,R_hip_pitch,0.667713,0.516928,0.352076,19.677077
6750,R_knee,-1.484223,0.278944,0.607818,-39.781039
6750,R_foot_pitch,1.027059,-0.197294,-0.257000,3.740452
6750,R_foot_roll,-1.770833,-0.177083,0.003437,-10.667965
6760,L_hip_roll,0.085830,0.021458,0.037384,-1.127603
6760,L_hip_yaw,0.000861,0.000215,0.017310,-2.758278
6760,L_hip_pitch,0.106213,-0.323447,-0.406373,11.936279
6760,L_knee,-1.284953,-0.971238,-0.777710,-16.720570
6760,L_foot_pitch,1.663985,0.466399,0.391920,4.197112
6760,L_foot_roll,0.812306,0.081231,0.028523,-0.309371
6760,R_hip_roll,-1.156943,-0.289236,0.000594,-34.841416
6760,R_hip_yaw,-0.205989,-0.051497,0.011602,-7.528685
6760,R_hip_pitch,0.658485,0.514621,0.353587,19.160608
6760,R_knee,-1.444714,0.288821,0.610981,-38.961843
6760,R_foot_pitch,1.103283,-0.189672,-0.258356,4.244667
6760,R_foot_roll,-1.829024,-0.182902,0.002050,-10.968536
6770,L_hip_roll,0.237194,0.059299,0.030166,4.172160
6770,L_hip_yaw,0.036321,0.009080,0.019729,-1.160144
6770,L_hip_pitch,-0.193926,-0.398481,-0.427284,5.509118
6770,L_knee,-1.284067,-0.971017,-0.846602,-7.961405
6770,L_foot_pitch,1.542291,0.454229,0.389972,4.309489
6770,L_foot_roll,0.757460,0.075746,0.058951,-1.546840
6770,R_hip_roll,-1.364369,-0.341092,0.001394,-41.187212
6770,R_hip_yaw,-0.184181,-0.046045,0.011154,-6.827419
6770,R_hip_pitch,0.299870,0.424968,0.355806,8.054900
6770,R_knee,-1.153907,0.361523,0.613854,-30.538363
6770,R_foot_pitch,1.215726,-0.178427,-0.259329,4.927398
6770,R_foot_roll,-1.880002,-0.188000,0.000779,-11.205129
6780,L_hip_roll,0.406714,0.101678,0.023782,9.965774
6780,L_hip_yaw,0.078281,0.019570,0.015768,1.036275
6780,L_hip_pitch,-0.495241,-0.473810,-0.446660,-1.511227
6780,L_knee,-1.172880,-0.943220,-0.915036,3.169630
6780,L_foot_pitch,1.457994,0.445799,0.384073,4.350188
6780,L_foot_roll,0.666625,0.066662,0.076150,-1.667023
6780,R_hip_roll,-1.379884,-0.344971,0.002160,-41.716571
6780,R_hip_yaw,-0.146138,-0.036534,0.010655,-5.609970
6780,R_hip_pitch,0.030660,0.357665,0.358369,-0.329322
6780,R_knee,-1.011271,0.397182,0.616547,-26.584642
6780,R_foot_pitch,1.156375,-0.184363,-0.260147,4.629335
6780,R_foot_roll,-1.806605,-0.180660,-0.000346,-10.716675
6790,L_hip_roll,0.408575,0.102144,0.018217,10.587031
6790,L_hip_yaw,0.051659,0.012915,0.009635,1.000863
6790,L_hip_pitch,-0.634718,-0.508679,-0.461066,-4.579080
6790,L_knee,-1.226995,-0.956749,-0.973686,7.219132
6790,L_foot_pitch,1.428094,0.442809,0.377611,4.534896
6790,L_foot_roll,0.509649,0.050965,0.079456,-1.565524
6790,R_hip_roll,-1.413070,-0.353268,0.002845,-42.803115
6790,R_hip_yaw,-0.087697,-0.021924,0.009984,-3.754654
6790,R_hip_pitch,-0.069499,0.332625,0.360233,-3.439799
6790,R_knee,-0.906915,0.423271,0.618478,-23.552175
6790,R_foot_pitch,1.155338,-0.184466,-0.260798,4.625710
6790,R_foot_roll,-1.844819,-0.184482,-0.001304,-10.898377
6800,L_hip_roll,0.484579,0.121145,0.013484,13.367453
6800,L_hip_yaw,0.033271,0.008318,0.003180,1.254389
6800,L_hip_pitch,-0.664617,-0.516154,-0.469282,-5.088463
6800,L_knee,-1.213935,-0.953484,-1.017575,11.359197
6800,L_foot_pitch,1.396155,0.439615,0.371939,4.575702
6800,L_foot_roll,0.395008,0.039501,0.071675,-0.839754
6800,R_hip_roll,-1.319709,-0.329927,0.003404,-40.040797
6800,R_hip_yaw,0.021693,0.005423,0.009127,-0.352524
6800,R_hip_pitch,-0.207687,0.298078,0.361135,-7.620333
6800,R_knee,-0.790838,0.452290,0.619344,-20.091948
6800,R_foot_pitch,1.165648,-0.183435,-0.261173,4.690311
6800,R_foot_roll,-1.804957,-0.180496,-0.002193,-10.617158
6810,L_hip_roll,0.378990,0.094747,0.009753,10.517987
6810,L_hip_yaw,0.016908,0.004227,-0.003081,1.459032
6810,L_hip_pitch,-0.729680,-0.532420,-0.470504,-7.646730
6810,L_knee,-1.282155,-0.970539,-1.044580,10.778656
6810,L_foot_pitch,1.456521,0.445652,0.367440,5.089241
6810,L_foot_roll,0.393547,0.039355,0.057613,0.387829
6810,R_hip_roll,-1.438123,-0.359531,0.003882,-43.661035
6810,R_hip_yaw,0.028562,0.007141,0.008423,-0.100929
6810,R_hip_pitch,-0.213418,0.296645,0.360832,-7.605150
6810,R_knee,-0.844242,0.438939,0.619123,-21.542837
6810,R_foot_pitch,1.144166,-0.185583,-0.261278,4.536272
6810,R_foot_roll,-1.964312,-0.196431,-0.003007,-11.526703
6820,L_hip_roll,0.391187,0.097797,0.006676,11.233103
6820,L_hip_yaw,0.009764,0.002441,-0.008156,1.699484
6820,L_hip_pitch,-0.636366,-0.509091,-0.465516,-5.943601
6820,L_knee,-1.395900,-0.998975,-1.055445,7.218150
6820,L_foot_pitch,1.463447,0.446345,0.364141,5.212228
6820,L_foot_roll,0.309951,0.030995,0.044766,0.241404
6820,R_hip_roll,-1.548601,-0.387150,0.004153,-46.964423
6820,R_hip_yaw,0.061744,0.015436,0.007971,0.934467
6820,R_hip_pitch,-0.206865,0.298284,0.359506,-7.191267
6820,R_knee,-0.828044,0.442989,0.617892,-20.831899
6820,R_foot_pitch,1.163951,-0.183605,-0.261075,4.614266
6820,R_foot_roll,-2.115237,-0.211524,-0.003735,-12.404431
6830,L_hip_roll,0.367318,0.091829,0.003785,10.845275
6830,L_hip_yaw,0.026180,0.006545,-0.011422,2.388814
6830,L_hip_pitch,-0.683762,-0.520941,-0.456276,-8.830152
6830,L_knee,-1.467410,-1.016853,-1.054132,3.908259
6830,L_foot_pitch,1.418516,0.441852,0.361880,4.985369
6830,L_foot_roll,0.298699,0.029870,0.035206,0.496873
6830,R_hip_roll,-1.620437,-0.405109,0.003917,-49.034544
6830,R_hip_yaw,0.032655,0.008164,0.007832,0.036027
6830,R_hip_pitch,-0.351683,0.262079,0.357877,-11.332563
6830,R_knee,-0.813459,0.446635,0.616397,-20.227084
6830,R_foot_pitch,1.256150,-0.174385,-0.260789,5.156671
6830,R_foot_roll,-2.169721,-0.216972,-0.004461,-12.690635
6840,L_hip_roll,0.320079,0.080020,0.001132,9.714719
6840,L_hip_yaw,0.038142,0.009536,-0.012052,2.518698
6840,L_hip_pitch,-0.586480,-0.496620,-0.444969,-7.350674
6840,L_knee,-1.482305,-1.020576,-1.045815,2.019274
6840,L_foot_pitch,1.373181,0.437318,0.360347,4.746726
6840,L_foot_roll,0.277753,0.027775,0.029089,0.367289
6840,R_hip_roll,-1.616496,-0.404124,0.003217,-48.798385
6840,R_hip_yaw,0.075753,0.018938,0.007768,1.356802
6840,R_hip_pitch,-0.236962,0.290759,0.355980,-7.628843
6840,R_knee,-0.883236,0.429191,0.614813,-22.116659
6840,R_foot_pitch,1.295172,-0.170483,-0.260526,5.379237
6840,R_foot_roll,-2.189984,-0.218998,-0.004693,-12.837399
6850,L_hip_roll,0.339284,0.084821,-0.001232,10.547889
6850,L_hip_yaw,0.028643,0.007161,-0.009271,1.546065
6850,L_hip_pitch,-0.541592,-0.485398,-0.433331,-7.392165
6850,L_knee,-1.488388,-1.022097,-1.034059,0.168873
6850,L_foot_pitch,1.336996,0.433700,0.359276,4.556314
6850,L_foot_roll,0.212802,0.021280,0.026030,-0.079627
6850,R_hip_roll,-1.528434,-0.382109,0.002181,-45.997339
6850,R_hip_yaw,0.106644,0.026661,0.007793,2.251186
6850,R_hip_pitch,-0.285265,0.278684,0.354194,-8.907466
6850,R_knee,-0.913215,0.421696,0.613305,-22.855160
6850,R_foot_pitch,1.270059,-0.172994,-0.260219,5.201234
6850,R_foot_roll,-2.144475,-0.214447,-0.004759,-12.576457
6860,L_hip_roll,0.221764,0.055441,-0.002743,7.073502
6860,L_hip_yaw,0.063661,0.015915,-0.004103,1.832577
6860,L_hip_pitch,-0.572716,-0.493179,-0.422170,-9.586736
6860,L_knee,-1.489430,-1.022358,-1.021078,-1.434054
6860,L_foot_pitch,1.272951,0.427295,0.358507,4.193132
6860,L_foot_roll,0.075160,0.007516,0.023245,-0.637097
6860,R_hip_roll,-1.554598,-0.388650,0.001179,-46.696124
6860,R_hip_yaw,0.142514,0.035629,0.008028,3.284075
6860,R_hip_pitch,-0.389534,0.252617,0.352436,-11.796459
6860,R_knee,-0.856955,0.435761,0.611510,-20.887395
6860,R_foot_pitch,1.176140,-0.182386,-0.259669,4.566465
6860,R_foot_roll,-2.196965,-0.219697,-0.004642,-12.907885
6870,L_hip_roll,0.225824,0.056456,-0.003408,7.229425
6870,L_hip_yaw,0.052690,0.013172,0.002880,0.460839
6870,L_hip_pitch,-0.507665,-0.476916,-0.412552,-8.579037
6870,L_knee,-1.476246,-1.019061,-1.009517,-2.166741
6870,L_foot_pitch,1.293771,0.429377,0.357903,4.343440
6870,L_foot_roll,0.012723,0.001272,0.017899,-0.359764
6870,R_hip_roll,-1.552826,-0.388207,0.000271,-46.522267
6870,R_hip_yaw,0.180509,0.045127,0.008354,4.382038
6870,R_hip_pitch,-0.352109,0.261973,0.350659,-10.477229
6870,R_knee,-0.920796,0.419801,0.609598,-22.600826
6870,R_foot_pitch,1.061342,-0.193866,-0.259035,3.850643
6870,R_foot_roll,-2.268987,-0.226899,-0.004511,-13.352278
6880,L_hip_roll,0.166748,0.041687,-0.003519,5.408861
6880,L_hip_yaw,0.056492,0.014123,0.010440,-0.274325
6880,L_hip_pitch,-0.517789,-0.479447,-0.404968,-9.600717
6880,L_knee,-1.551609,-1.037902,-1.000688,-5.211604
6880,L_foot_pitch,1.311893,0.431189,0.357451,4.462230
6880,L_foot_roll,-0.077771,-0.007777,0.010202,-0.282571
6880,R_hip_roll,-1.599811,-0.399953,-0.000726,-47.804226
6880,R_hip_yaw,0.215459,0.053865,0.008744,5.373706
6880,R_hip_pitch,-0.396983,0.250754,0.348945,-11.612933
6880,R_knee,-0.894686,0.426329,0.607762,-21.586788
6880,R_foot_pitch,1.039767,-0.196023,-0.258398,3.675099
6880,R_foot_roll,-2.348621,-0.234862,-0.004206,-13.884598
6890,L_hip_roll,0.136786,0.034196,-0.003258,4.463174
6890,L_hip_yaw,0.072183,0.018046,0.016745,-0.386908
6890,L_hip_pitch,-0.543331,-0.485833,-0.400302,-10.567760
6890,L_knee,-1.566127,-1.041532,-0.996793,-5.467320
6890,L_foot_pitch,1.265657,0.426566,0.357174,4.184467
6890,L_foot_roll,-0.090344,-0.009034,0.001391,0.243781
6890,R_hip_roll,-1.543800,-0.385950,-0.001868,-45.963677
6890,R_hip_yaw,0.222402,0.055601,0.009158,5.534219
6890,R_hip_pitch,-0.409240,0.247690,0.347598,-11.881755
6890,R_knee,-0.898173,0.425457,0.606444,-21.626699
6890,R_foot_pitch,0.997398,-0.200260,-0.257924,3.426449
6890,R_foot_roll,-2.269157,-0.226916,-0.004327,-13.317207
6900,L_hip_roll,0.161860,0.040465,-0.002928,5.174227
6900,L_hip_yaw,0.076427,0.019107,0.021401,-0.663746
6900,L_hip_pitch,-0.593461,-0.498365,-0.399465,-11.782153
6900,L_knee,-1.536403,-1.034101,-0.999640,-3.559953
6900,L_foot_pitch,1.239808,0.423981,0.356975,4.039165
6900,L_foot_roll,-0.072041,-0.007204,-0.006066,0.550837
6900,R_hip_roll,-1.500532,-0.375133,-0.003293,-44.464312
6900,R_hip_yaw,0.209015,0.052254,0.009487,5.104684
6900,R_hip_pitch,-0.394382,0.251405,0.346754,-11.375115
6900,R_knee,-0.903220,0.424195,0.605756,-21.738201
6900,R_foot_pitch,0.991589,-0.200841,-0.257644,3.385171
6900,R_foot_roll,-2.179379,-0.217938,-0.004182,-12.873765
6910,L_hip_roll,0.128844,0.032211,-0.002503,4.116240
6910,L_hip_yaw,0.081251,0.020313,0.024211,-0.654516
6910,L_hip_pitch,-0.623705,-0.505926,-0.402345,-11.995964
6910,L_knee,-1.503447,-1.025862,-1.008109,-1.097832
6910,L_foot_pitch,1.197222,0.419722,0.356768,3.798407
6910,L_foot_roll,-0.047482,-0.004748,-0.010189,0.586365
6910,R_hip_roll,-1.498138,-0.374534,-0.005001,-44.161765
6910,R_hip_yaw,0.195568,0.048892,0.009624,4.708176
6910,R_hip_pitch,-0.390298,0.252426,0.346289,-11.231328
6910,R_knee,-0.880665,0.429834,0.605250,-20.999866
6910,R_foot_pitch,1.001739,-0.199826,-0.257331,3.414462
6910,R_foot_roll,-2.087178,-0.208718,-0.002730,-12.563904
6920,L_hip_roll,0.164456,0.041114,-0.002164,5.169781
6920,L_hip_yaw,0.075697,0.018924,0.025064,-0.740973
6920,L_hip_pitch,-0.643932,-0.510983,-0.408003,-11.705642
6920,L_knee,-1.466762,-1.016691,-1.019320,1.470147
6920,L_foot_pitch,1.188510,0.418851,0.356514,3.767433
6920,L_foot_roll,0.008707,0.000871,-0.010830,0.645168
6920,R_hip_roll,-1.446247,-0.361562,-0.007070,-42.319617
6920,R_hip_yaw,0.180418,0.045105,0.009542,4.281474
6920,R_hip_pitch,-0.371852,0.257037,0.346340,-10.755769
6920,R_knee,-0.864157,0.433961,0.605082,-20.558681
6920,R_foot_pitch,1.024907,-0.197509,-0.257044,3.558751
6920,R_foot_roll,-1.989176,-0.198918,-0.000642,-12.024393
6930,L_hip_roll,0.173370,0.043343,-0.001950,5.414302
6930,L_hip_yaw,0.074549,0.018637,0.024004,-0.455705
6930,L_hip_pitch,-0.672128,-0.518032,-0.415075,-11.621458
6930,L_knee,-1.388695,-0.997174,-1.029968,4.896435
6930,L_foot_pitch,1.140532,0.414053,0.356232,3.497160
6930,L_foot_roll,0.049756,0.004976,-0.008458,0.477536
6930,R_hip_roll,-1.377823,-0.344456,-0.009472,-39.941666
6930,R_hip_yaw,0.147817,0.036954,0.009311,3.344452
6930,R_hip_pitch,-0.358630,0.260342,0.346931,-10.460896
6930,R_knee,-0.837232,0.440692,0.605441,-19.814333
6930,R_foot_pitch,1.054264,-0.194574,-0.256916,3.730086
6930,R_foot_roll,-1.830909,-0.183091,0.000882,-11.195503
6940,L_hip_roll,0.193107,0.048277,-0.001726,5.974658
6940,L_hip_yaw,0.059753,0.014938,0.021271,-0.430203
6940,L_hip_pitch,-0.665575,-0.516394,-0.422095,-10.649650
6940,L_knee,-1.305671,-0.976418,-1.036521,7.606702
6940,L_foot_pitch,1.125518,0.412552,0.355912,3.431426
6940,L_foot_roll,0.071608,0.007161,-0.004167,0.219639
6940,R_hip_roll,-1.293413,-0.323353,-0.012243,-37.041646
6940,R_hip_yaw,0.133974,0.033494,0.008942,2.987412
6940,R_hip_pitch,-0.353297,0.261676,0.347712,-10.406177
6940,R_knee,-0.809707,0.447573,0.605890,-19.043941
6940,R_foot_pitch,1.044317,-0.195568,-0.256785,3.660505
6940,R_foot_roll,-1.715242,-0.171524,0.002724,-10.641021
6950,L_hip_roll,0.163646,0.040912,-0.001282,5.001760
6950,L_hip_yaw,0.046225,0.011556,0.017094,-0.195338
6950,L_hip_pitch,-0.652256,-0.513064,-0.427509,-9.824758
6950,L_knee,-1.228370,-0.957092,-1.035632,8.955322
6950,L_foot_pitch,1.086676,0.408668,0.355574,3.218340
6950,L_foot_roll,0.069576,0.006958,0.000328,-0.017127
6950,R_hip_roll,-1.163702,-0.290926,-0.015270,-32.768719
6950,R_hip_yaw,0.124533,0.031133,0.008493,2.762517
6950,R_hip_pitch,-0.306092,0.273477,0.348375,-9.040519
6950,R_knee,-0.816527,0.445868,0.606222,-19.265256
6950,R_foot_pitch,0.998912,-0.200109,-0.256638,3.375819
6950,R_foot_roll,-1.569023,-0.156902,0.004706,-9.899264
6960,L_hip_roll,0.140559,0.035140,-0.000381,4.146945
6960,L_hip_yaw,0.025770,0.006442,0.011857,-0.106150
6960,L_hip_pitch,-0.628548,-0.507137,-0.430341,-9.046364
6960,L_knee,-1.107551,-0.926888,-1.025354,10.372475
6960,L_foot_pitch,1.078016,0.407802,0.355234,3.187059
6960,L_foot_roll,0.068011,0.006801,0.003664,-0.078503
6960,R_hip_roll,-1.092695,-0.273174,-0.018356,-30.273853
6960,R_hip_yaw,0.092043,0.023011,0.008078,1.828805
6960,R_hip_pitch,-0.251839,0.287040,0.348748,-7.432662
6960,R_knee,-0.826742,0.443315,0.606244,-19.539589
6960,R_foot_pitch,0.939125,-0.206087,-0.256398,2.989254
6960,R_foot_roll,-1.439460,-0.143946,0.006827,-9.260209
6970,L_hip_roll,0.074835,0.018709,0.001022,1.959074
6970,L_hip_yaw,0.005449,0.001362,0.005936,0.054184
6970,L_hip_pitch,-0.561087,-0.490272,-0.430127,-7.364551
6970,L_knee,-1.000532,-0.900133,-1.004484,9.979040
6970,L_foot_pitch,1.087144,0.408714,0.354915,3.257536
6970,L_foot_roll,0.054102,0.005410,0.005503,-0.133741
6970,R_hip_roll,-1.006178,-0.251545,-0.021384,-27.322451
6970,R_hip_yaw,0.074848,0.018712,0.007728,1.350808
6970,R_hip_pitch,-0.215043,0.296239,0.348960,-6.348984
6970,R_knee,-0.828672,0.442832,0.605972,-19.542450
6970,R_foot_pitch,0.868926,-0.213107,-0.256037,2.535781
6970,R_foot_roll,-1.335374,-0.133537,0.009056,-8.779581
6980,L_hip_roll,-0.027401,-0.006850,0.002770,-1.342367
6980,L_hip_yaw,-0.013755,-0.003439,-0.000268,0.223353
6980,L_hip_pitch,-0.500790,-0.475197,-0.426519,-6.331842
6980,L_knee,-0.862450,-0.865613,-0.972646,9.235921
6980,L_foot_pitch,1.064153,0.406415,0.354663,3.126072
6980,L_foot_roll,0.039719,0.003972,0.006169,-0.164384
6980,R_hip_roll,-0.877695,-0.219424,-0.024337,-23.122633
6980,R_hip_yaw,0.044192,0.011048,0.007457,0.454146
6980,R_hip_pitch,-0.155691,0.311077,0.349142,-4.592284
6980,R_knee,-0.861621,0.434595,0.605627,-20.496212
6980,R_foot_pitch,0.785358,-0.221464,-0.255660,2.016944
6980,R_foot_roll,-1.138726,-0.113873,0.011366,-7.746798
6990,L_hip_roll,-0.150612,-0.037653,0.004609,-5.257368
6990,L_hip_yaw,-0.034297,-0.008574,-0.006059,0.226416
6990,L_hip_pitch,-0.410587,-0.452647,-0.419611,-4.759774
6990,L_knee,-0.671314,-0.817829,-0.930560,8.956692
6990,L_foot_pitch,1.068854,0.406885,0.354468,3.162061
6990,L_foot_roll,0.018785,0.001878,0.006179,-0.246548
6990,R_hip_roll,-0.761079,-0.190270,-0.027152,-19.305885
6990,R_hip_yaw,0.016636,0.004159,0.007245,-0.349017
6990,R_hip_pitch,-0.107956,0.323011,0.349451,-3.221550
6990,R_knee,-0.883127,0.429218,0.605413,-21.136471
6990,R_foot_pitch,0.679375,-0.232062,-0.255333,1.368474
6990,R_foot_roll,-0.944402,-0.094440,0.013813,-6.739930
7000,L_hip_roll,-0.293545,-0.073386,0.006145,-9.677787
7000,L_hip_yaw,-0.055394,-0.013849,-0.010790,0.032289
7000,L_hip_pitch,-0.286327,-0.421582,-0.409376,-2.598690
7000,L_knee,-0.447469,-0.761867,-0.878663,8.481338
7000,L_foot_pitch,1.039866,0.403987,0.354319,2.991801
7000,L_foot_roll,-0.008983,-0.000898,0.005837,-0.363647
7000,R_hip_roll,-0.532674,-0.133169,-0.029819,-12.146108
7000,R_hip_yaw,0.000291,0.000073,0.007035,-0.811318
7000,R_hip_pitch,-0.060122,0.334969,0.350014,-1.883232
7000,R_knee,-0.890435,0.427391,0.605531,-21.414577
7000,R_foot_pitch,0.552387,-0.244761,-0.255163,0.618599
7000,R_foot_roll,-0.638521,-0.063852,0.016386,-5.072629
7010,L_hip_roll,-0.484536,-0.121134,0.007045,-15.444126
7010,L_hip_yaw,-0.068541,-0.017135,-0.013934,-0.164164
7010,L_hip_pitch,-0.132941,-0.383235,-0.395359,-0.070526
7010,L_knee,-0.171663,-0.692916,-0.816976,8.398600
7010,L_foot_pitch,0.968088,0.396809,0.354191,2.568458
7010,L_foot_roll,-0.069093,-0.006909,0.005134,-0.642297
7010,R_hip_roll,-0.241796,-0.060449,-0.032242,-3.164741
7010,R_hip_yaw,-0.005276,-0.001319,0.006827,-0.953711
7010,R_hip_pitch,0.001410,0.350353,0.350765,-0.140921
7010,R_knee,-0.891477,0.427131,0.606136,-21.572373
7010,R_foot_pitch,0.390554,-0.260945,-0.255269,-0.313271
7010,R_foot_roll,-0.282123,-0.028212,0.019102,-3.108671
7020,L_hip_roll,-0.573878,-0.143470,0.007037,-18.018559
7020,L_hip_yaw,-0.067763,-0.016941,-0.014714,-0.321507
7020,L_hip_pitch,-0.024691,-0.356173,-0.376822,0.474993
7020,L_knee,0.112018,-0.621995,-0.745158,7.275084
7020,L_foot_pitch,0.843979,0.384398,0.354011,1.842668
7020,L_foot_roll,-0.130443,-0.013044,0.003477,-0.785765
7020,R_hip_roll,0.083858,0.020965,-0.034194,6.781089
7020,R_hip_yaw,0.033832,0.008458,0.006714,0.218926
7020,R_hip_pitch,-0.014702,0.346324,0.351576,-0.725136
7020,R_knee,-0.759747,0.460063,0.607380,-17.843351
7020,R_foot_pitch,0.201081,-0.279892,-0.255785,-1.371605
7020,R_foot_roll,0.075939,0.007594,0.021912,-1.136147
7030,L_hip_roll,-0.490164,-0.122541,0.006172,-15.336813
7030,L_hip_yaw,-0.049610,-0.012403,-0.012178,-0.443541
7030,L_hip_pitch,0.045420,-0.338645,-0.353801,-0.586160
7030,L_knee,0.404038,-0.548991,-0.664284,5.557239
7030,L_foot_pitch,0.626513,0.362651,0.353694,0.572742
7030,L_foot_roll,-0.127293,-0.012729,0.000235,-0.401178
7030,R_hip_roll,0.283382,0.070846,-0.035236,12.773477
7030,R_hip_yaw,0.095367,0.023842,0.006846,2.020587
7030,R_hip_pitch,-0.115455,0.321136,0.352584,-3.919881
7030,R_knee,-0.547543,0.513114,0.609796,-11.943260
7030,R_foot_pitch,-0.093286,-0.309329,-0.257193,-2.970171
7030,R_foot_roll,0.333710,0.033371,0.024620,0.256552
7040,L_hip_roll,0.088554,0.022139,0.006310,1.933700
7040,L_hip_yaw,-0.028482,-0.007120,-0.010942,0.532462
7040,L_hip_pitch,-0.238142,-0.409535,-0.339943,-9.135703
7040,L_knee,1.215553,-0.346112,-0.620121,30.656907
7040,L_foot_pitch,0.698103,0.369810,0.293349,12.057494
7040,L_foot_roll,0.084224,0.008422,-0.013995,1.846865
7040,R_hip_roll,0.407004,0.101751,-0.035896,16.610299
7040,R_hip_yaw,0.027867,0.006967,0.006918,0.002251
7040,R_hip_pitch,-0.038880,0.340280,0.353358,-1.605065
7040,R_knee,-0.224099,0.593975,0.613099,-2.639445
7040,R_foot_pitch,-0.272252,-0.327225,-0.259029,-3.888393
7040,R_foot_roll,0.292301,0.029230,0.027032,-0.155596
7050,L_hip_roll,0.537518,0.134380,0.004355,15.913579
7050,L_hip_yaw,0.087863,0.021966,-0.011817,4.182292
7050,L_hip_pitch,-0.223431,-0.405858,-0.338090,-7.944623
7050,L_knee,1.362381,-0.309405,-0.614962,36.988742
7050,L_foot_pitch,0.278899,0.327890,0.275797,3.104593
7050,L_foot_roll,0.382320,0.038232,-0.012254,2.500840
7050,R_hip_roll,0.383410,0.095852,-0.037952,16.346918
7050,R_hip_yaw,0.096761,0.024190,0.006124,2.303560
7050,R_hip_pitch,-0.191411,0.302147,0.354323,-6.385735
7050,R_knee,0.294050,0.723513,0.617045,12.369637
7050,R_foot_pitch,-0.523245,-0.352324,-0.263837,-4.662675
7050,R_foot_roll,0.186890,0.018689,0.029604,-0.923880
7060,L_hip_roll,1.076007,0.269002,0.001301,32.457641
7060,L_hip_yaw,0.044968,0.011242,-0.012536,2.892621
7060,L_hip_pitch,-0.398156,-0.449539,-0.339284,-13.126930
7060,L_knee,1.375406,-0.306149,-0.617328,37.585624
7060,L_foot_pitch,0.108608,0.310861,0.276433,1.954104
7060,L_foot_roll,0.716193,0.071619,-0.009847,4.582478
7060,R_hip_roll,0.242627,0.060657,-0.040329,12.309494
7060,R_hip_yaw,0.051701,0.012925,0.005802,0.826197
7060,R_hip_pitch,-0.320690,0.269827,0.358180,-11.100738
7060,R_knee,0.578493,0.794623,0.628680,18.281734
7060,R_foot_pitch,-0.664340,-0.366434,-0.284502,-1.959492
7060,R_foot_roll,0.075215,0.007521,0.029046,-0.909114
7070,L_hip_roll,1.285710,0.321427,-0.001365,38.932515
7070,L_hip_yaw,0.105543,0.026386,-0.013082,4.795324
7070,L_hip_pitch,-0.355783,-0.438946,-0.340291,-11.706693
7070,L_knee,1.444079,-0.288980,-0.619457,39.924857
7070,L_foot_pitch,-0.086011,0.291399,0.277567,0.695988
7070,L_foot_roll,0.989465,0.098946,-0.007583,6.534395
7070,R_hip_roll,0.011753,0.002938,-0.040701,5.155489
7070,R_hip_yaw,0.043171,0.010793,0.004949,0.847107
7070,R_hip_pitch,-0.187055,0.303236,0.365621,-8.366096
7070,R_knee,0.752843,0.838211,0.654101,18.969976
7070,R_foot_pitch,-0.625385,-0.362538,-0.320601,1.237035
7070,R_foot_roll,-0.202108,-0.020211,0.020946,-1.470053
7080,L_hip_roll,1.380911,0.345228,-0.003372,41.953886
7080,L_hip_yaw,0.131524,0.032881,-0.013447,5.567234
7080,L_hip_pitch,-0.360637,-0.440159,-0.341697,-11.734155
7080,L_knee,1.232560,-0.341860,-0.621799,33.715235
7080,L_foot_pitch,-0.246898,0.275310,0.278952,-0.247739
7080,L_foot_roll,1.170670,0.117067,-0.006021,7.967595
7080,R_hip_roll,-0.139414,-0.034854,-0.039267,0.323408
7080,R_hip_yaw,0.029157,0.007289,0.003776,0.480186
7080,R_hip_pitch,-0.091172,0.327207,0.377608,-7.411503
7080,R_knee,0.906191,0.876548,0.694397,17.291850
7080,R_foot_pitch,-0.632462,-0.363246,-0.353245,1.983006
7080,R_foot_roll,-0.335311,-0.033531,0.005841,-0.661233
7090,L_hip_roll,1.581409,0.395352,-0.004963,48.171914
7090,L_hip_yaw,0.145181,0.036295,-0.013394,5.946285
7090,L_hip_pitch,-0.257498,-0.414375,-0.344204,-8.127868
7090,L_knee,1.239406,-0.340149,-0.625067,34.557428
7090,L_foot_pitch,-0.312066,0.268793,0.279525,-0.693339
7090,L_foot_roll,1.449346,0.144935,-0.003649,8.546088
7090,R_hip_roll,-0.231884,-0.057971,-0.036874,-2.810993
7090,R_hip_yaw,-0.037649,-0.009412,0.003844,-1.671435
7090,R_hip_pitch,0.056275,0.364069,0.394009,-5.340500
7090,R_knee,0.967761,0.891940,0.746949,11.786759
7090,R_foot_pitch,-0.589549,-0.358955,-0.367245,1.173587
7090,R_foot_roll,-0.419898,-0.041990,-0.012350,-0.025931
7100,L_hip_roll,1.391723,0.347931,-0.005598,42.398310
7100,L_hip_yaw,0.127168,0.031792,-0.013183,5.365363
7100,L_hip_pitch,-0.228972,-0.407243,-0.347190,-6.955790
7100,L_knee,1.050434,-0.387392,-0.628855,29.286763
7100,L_foot_pitch,-0.535598,0.246440,0.281606,-2.213909
7100,L_foot_roll,1.576638,0.157664,-0.003332,10.248135
7100,R_hip_roll,-0.357411,-0.089353,-0.033459,-7.105202
7100,R_hip_yaw,-0.042757,-0.010689,0.003014,-1.471181
7100,R_hip_pitch,0.252041,0.413010,0.411957,-1.602268
7100,R_knee,1.083098,0.920774,0.805471,7.984821
7100,R_foot_pitch,-0.630927,-0.363093,-0.369153,0.262695
7100,R_foot_roll,-0.472706,-0.047271,-0.028766,0.339040
7110,L_hip_roll,1.436714,0.359178,-0.006055,43.872107
7110,L_hip_yaw,0.101546,0.025387,-0.012892,4.561440
7110,L_hip_pitch,-0.070737,-0.367684,-0.351148,-1.556867
7110,L_knee,0.995063,-0.401234,-0.633588,28.365929
7110,L_foot_pitch,-0.642206,0.235779,0.282804,-2.864576
7110,L_foot_roll,1.733945,0.173395,-0.001725,10.283684
7110,R_hip_roll,-0.390915,-0.097729,-0.029928,-8.468257
7110,R_hip_yaw,-0.096125,-0.024031,0.000673,-2.716402
7110,R_hip_pitch,0.374110,0.443528,0.429670,-0.045549
7110,R_knee,1.115276,0.928819,0.864792,1.867210
7110,R_foot_pitch,-0.618416,-0.361842,-0.366600,-0.053112
7110,R_foot_roll,-0.472791,-0.047279,-0.040496,0.511681
7120,L_hip_roll,1.367470,0.341868,-0.006335,41.781409
7120,L_hip_yaw,0.047996,0.011999,-0.012677,2.934550
7120,L_hip_pitch,0.039857,-0.340036,-0.354892,2.097237
7120,L_knee,0.830424,-0.442394,-0.637870,23.812687
7120,L_foot_pitch,-0.830963,0.216904,0.284865,-4.199210
7120,L_foot_roll,1.858225,0.185822,-0.001312,11.526089
7120,R_hip_roll,-0.334278,-0.083570,-0.026825,-7.105042
7120,R_hip_yaw,-0.076528,-0.019132,-0.003523,-1.355110
7120,R_hip_pitch,0.549815,0.487454,0.445001,3.772334
7120,R_knee,1.144626,0.936157,0.919530,-3.063002
7120,R_foot_pitch,-0.722386,-0.372239,-0.362436,-1.045205
7120,R_foot_roll,-0.406211,-0.040621,-0.046832,0.783918
7130,L_hip_roll,1.347139,0.336785,-0.006425,41.187593
7130,L_hip_yaw,-0.013640,-0.003410,-0.012394,1.054393
7130,L_hip_pitch,0.117189,-0.320703,-0.358269,4.885422
7130,L_knee,0.801495,-0.449626,-0.641707,23.522432
7130,L_foot_pitch,-0.946257,0.205374,0.285781,-5.024149
7130,L_foot_roll,1.982979,0.198298,-0.000090,11.729046
7130,R_hip_roll,-0.344176,-0.086044,-0.024078,-7.692329
7130,R_hip_yaw,-0.081413,-0.020353,-0.008579,-0.934122
7130,R_hip_pitch,0.608438,0.502109,0.456150,4.614633
7130,R_knee,1.198785,0.949696,0.964762,-5.795720
7130,R_foot_pitch,-0.822738,-0.382274,-0.358694,-1.729113
7130,R_foot_roll,-0.293734,-0.029373,-0.047422,0.922546
7140,L_hip_roll,1.431881,0.357970,-0.006141,43.639744
7140,L_hip_yaw,-0.068797,-0.017199,-0.012192,-0.618840
7140,L_hip_pitch,0.297778,-0.275556,-0.361281,10.521867
7140,L_knee,0.668913,-0.482772,-0.645423,19.807199
7140,L_foot_pitch,-1.107144,0.189286,0.287320,-6.006567
7140,L_foot_roll,2.151037,0.215104,0.000069,13.005534
7140,R_hip_roll,-0.310548,-0.077637,-0.021801,-6.908224
7140,R_hip_yaw,-0.098221,-0.024555,-0.012803,-1.040446
7140,R_hip_pitch,0.743632,0.535908,0.462469,8.423128
7140,R_knee,1.209872,0.952468,0.998128,-8.229964
7140,R_foot_pitch,-0.895394,-0.389539,-0.356230,-2.197694
7140,R_foot_roll,-0.193161,-0.019316,-0.042096,0.648641
7150,L_hip_roll,1.398900,0.349725,-0.005368,42.508480
7150,L_hip_yaw,-0.119301,-0.029825,-0.012033,-2.151762
7150,L_hip_pitch,0.330700,-0.267325,-0.363343,11.695841
7150,L_knee,0.691398,-0.477151,-0.648316,20.813615
7150,L_foot_pitch,-1.167421,0.183258,0.288662,-6.458760
7150,L_foot_roll,2.217057,0.221706,0.000409,13.189403
7150,R_hip_roll,-0.241579,-0.060395,-0.019716,-5.093988
7150,R_hip_yaw,-0.117318,-0.029330,-0.016326,-1.229427
7150,R_hip_pitch,0.795438,0.548859,0.463893,10.261654
7150,R_knee,1.264893,0.966223,1.018893,-7.825931
7150,R_foot_pitch,-0.958881,-0.395888,-0.354719,-2.588724
7150,R_foot_roll,-0.100668,-0.010067,-0.032750,0.363844
7160,L_hip_roll,1.389573,0.347393,-0.004108,42.034562
7160,L_hip_yaw,-0.157721,-0.039430,-0.011942,-3.304768
7160,L_hip_pitch,0.408793,-0.247802,-0.364712,14.136102
7160,L_knee,0.677903,-0.480524,-0.650630,20.607516
7160,L_foot_pitch,-1.291604,0.170840,0.289850,-7.245983
7160,L_foot_roll,2.310473,0.231047,0.001664,13.618482
7160,R_hip_roll,-0.257179,-0.064295,-0.017495,-5.846396
7160,R_hip_yaw,-0.126852,-0.031713,-0.020085,-0.994715
7160,R_hip_pitch,0.816577,0.554144,0.461516,11.487835
7160,R_knee,1.325259,0.981315,1.028351,-6.135720
7160,R_foot_pitch,-0.999458,-0.399946,-0.353877,-2.825774
7160,R_foot_roll,-0.002125,-0.000213,-0.022083,0.278955
7170,L_hip_roll,1.447431,0.361858,-0.002722,43.615806
7170,L_hip_yaw,-0.190712,-0.047678,-0.011941,-4.287050
7170,L_hip_pitch,0.428670,-0.242833,-0.365290,14.714263
7170,L_knee,0.708032,-0.472992,-0.652008,21.571807
7170,L_foot_pitch,-1.294836,0.170516,0.290680,-7.274315
7170,L_foot_roll,2.372752,0.237275,0.003935,13.723305
7170,R_hip_roll,-0.144269,-0.036067,-0.015438,-2.661569
7170,R_hip_yaw,-0.131479,-0.032870,-0.024401,-0.572760
7170,R_hip_pitch,0.826557,0.556639,0.456802,12.520431
7170,R_knee,1.352355,0.988089,1.029391,-4.760150
7170,R_foot_pitch,-1.016288,-0.401629,-0.353489,-2.912818
7170,R_foot_roll,0.071262,0.007126,-0.011265,0.069151
7180,L_hip_roll,1.396011,0.349003,-0.001133,41.837811
7180,L_hip_yaw,-0.203983,-0.050996,-0.011977,-4.680303
7180,L_hip_pitch,0.400252,-0.249937,-0.365085,13.769031
7180,L_knee,0.766833,-0.458292,-0.652317,23.268273
7180,L_foot_pitch,-1.269884,0.173012,0.291077,-7.103442
7180,L_foot_roll,2.332258,0.233226,0.006581,13.348097
7180,R_hip_roll,-0.173487,-0.043372,-0.013352,-3.828055
7180,R_hip_yaw,-0.125470,-0.031367,-0.028940,0.156404
7180,R_hip_pitch,0.781650,0.545413,0.451062,11.907391
7180,R_knee,1.381519,0.995380,1.024718,-2.857473
7180,R_foot_pitch,-1.012641,-0.401264,-0.353364,-2.879002
7180,R_foot_roll,0.109602,0.010960,-0.001451,-0.136745
7190,L_hip_roll,1.407746,0.351936,0.000669,41.972970
7190,L_hip_yaw,-0.254719,-0.063680,-0.011998,-6.201988
7190,L_hip_pitch,0.383435,-0.254141,-0.363978,13.027166
7190,L_knee,0.761932,-0.459517,-0.651104,22.790303
7190,L_foot_pitch,-1.236607,0.176339,0.290793,-6.802302
7190,L_foot_roll,2.307657,0.230766,0.008218,13.245668
7190,R_hip_roll,-0.127059,-0.031765,-0.011284,-2.647894
7190,R_hip_yaw,-0.105911,-0.026478,-0.032807,1.086950
7190,R_hip_pitch,0.758015,0.539504,0.445348,11.841115
7190,R_knee,1.441820,1.010455,1.016658,0.148825
7190,R_foot_pitch,-1.044885,-0.404488,-0.353372,-3.062807
7190,R_foot_roll,0.175043,0.017504,0.006465,-0.019405
7200,L_hip_roll,1.456296,0.364074,0.002536,43.194235
7200,L_hip_yaw,-0.222854,-0.055714,-0.012072,-5.224984
7200,L_hip_pitch,0.407298,-0.248176,-0.362290,13.518411
7200,L_knee,0.779097,-0.455226,-0.648566,22.909864
7200,L_foot_pitch,-1.184609,0.181539,0.289832,-6.377963
7200,L_foot_roll,2.237388,0.223739,0.008692,12.888789
7200,R_hip_roll,-0.107410,-0.026853,-0.009476,-2.258167
7200,R_hip_yaw,-0.114353,-0.028588,-0.034661,0.802142
7200,R_hip_pitch,0.707551,0.526888,0.440962,10.652382
7200,R_knee,1.430621,1.007655,1.008328,0.681087
7200,R_foot_pitch,-1.042466,-0.404247,-0.353478,-3.031992
7200,R_foot_roll,0.209536,0.020954,0.013007,-0.111612
7210,L_hip_roll,1.467843,0.366961,0.004737,43.227339
7210,L_hip_yaw,-0.204162,-0.051040,-0.012169,-4.655629
7210,L_hip_pitch,0.352563,-0.261859,-0.359991,11.511411
7210,L_knee,0.775473,-0.456132,-0.644849,22.221587
7210,L_foot_pitch,-1.183184,0.181682,0.288299,-6.220179
7210,L_foot_roll,2.213985,0.221398,0.006991,13.143659
7210,R_hip_roll,-0.160835,-0.040209,-0.007639,-4.099297
7210,R_hip_yaw,-0.104084,-0.026021,-0.034329,0.886203
7210,R_hip_pitch,0.695503,0.523876,0.438252,10.477952
7210,R_knee,1.480355,1.020089,1.001259,2.902998
7210,R_foot_pitch,-1.078290,-0.407829,-0.353631,-3.236276
7210,R_foot_roll,0.234900,0.023490,0.018204,-0.121527
7220,L_hip_roll,1.544314,0.386079,0.007174,45.224401
7220,L_hip_yaw,-0.175943,-0.043986,-0.012227,-3.805608
7220,L_hip_pitch,0.345288,-0.263678,-0.357448,11.010928
7220,L_knee,0.769482,-0.457629,-0.640500,21.508336
7220,L_foot_pitch,-1.123308,0.187669,0.286407,-5.728375
7220,L_foot_roll,2.151772,0.215177,0.003925,12.979151
7220,R_hip_roll,-0.157796,-0.039449,-0.005882,-4.191246
7220,R_hip_yaw,-0.117838,-0.029460,-0.032069,0.010624
7220,R_hip_pitch,0.716072,0.529018,0.437796,10.862628
7220,R_knee,1.479229,1.019807,0.996969,2.991415
7220,R_foot_pitch,-1.051460,-0.405146,-0.353824,-3.058616
7220,R_foot_roll,0.255525,0.025552,0.022139,-0.129585
7230,L_hip_roll,1.560078,0.390020,0.009882,45.327355
7230,L_hip_yaw,-0.140631,-0.035158,-0.012221,-2.754857
7230,L_hip_pitch,0.325369,-0.268658,-0.355342,10.219688
7230,L_knee,0.776043,-0.455989,-0.636283,21.232380
7230,L_foot_pitch,-1.114468,0.188553,0.284434,-5.556825
7230,L_foot_roll,2.095398,0.209540,0.000182,12.962391
7230,R_hip_roll,-0.220053,-0.055013,-0.004134,-6.289218
7230,R_hip_yaw,-0.118175,-0.029544,-0.028855,-0.404072
7230,R_hip_pitch,0.707123,0.526781,0.440359,9.980934
7230,R_knee,1.487137,1.021784,0.996660,2.876474
7230,R_foot_pitch,-1.044642,-0.404464,-0.353996,-3.013443
7230,R_foot_roll,0.268006,0.026801,0.024867,-0.097921
7240,L_hip_roll,1.555055,0.388764,0.012912,44.790336
7240,L_hip_yaw,-0.118118,-0.029529,-0.012128,-2.099579
7240,L_hip_pitch,0.310069,-0.272483,-0.353779,9.621345
7240,L_knee,0.758198,-0.460450,-0.632413,20.267503
7240,L_foot_pitch,-1.087605,0.191240,0.282477,-5.282175
7240,L_foot_roll,2.035942,0.203594,-0.004243,12.918092
7240,R_hip_roll,-0.247981,-0.061995,-0.002408,-7.313956
7240,R_hip_yaw,-0.129146,-0.032286,-0.025746,-1.074437
7240,R_hip_pitch,0.729140,0.532285,0.445720,9.745599
7240,R_knee,1.490069,1.022517,0.999895,2.260464
7240,R_foot_pitch,-1.014429,-0.401443,-0.354112,-2.830507
7240,R_foot_roll,0.269198,0.026920,0.026724,-0.142077
7250,L_hip_roll,1.535247,0.383812,0.016092,43.804511
7250,L_hip_yaw,-0.086047,-0.021512,-0.011985,-1.156891
7250,L_hip_pitch,0.281654,-0.279587,-0.352863,8.733687
7250,L_knee,0.759621,-0.460095,-0.629165,20.000970
7250,L_foot_pitch,-1.062666,0.193733,0.280677,-5.048328
7250,L_foot_roll,1.952360,0.195236,-0.008541,12.623325
7250,R_hip_roll,-0.259602,-0.064901,-0.000935,-7.809931
7250,R_hip_yaw,-0.130571,-0.032643,-0.023604,-1.233896
7250,R_hip_pitch,0.734684,0.533671,0.453408,8.777756
7250,R_knee,1.465935,1.016484,1.005794,0.609924
7250,R_foot_pitch,-0.978392,-0.397839,-0.354158,-2.619243
7250,R_foot_roll,0.253264,0.025326,0.027843,-0.230393
7260,L_hip_roll,1.450691,0.362673,0.019413,40.851746
7260,L_hip_yaw,-0.057177,-0.014294,-0.011809,-0.316233
7260,L_hip_pitch,0.244320,-0.288920,-0.352570,7.630050
7260,L_knee,0.757909,-0.460523,-0.626648,19.714285
7260,L_foot_pitch,-1.033839,0.196616,0.279114,-4.805300
7260,L_foot_roll,1.834919,0.183492,-0.012525,12.142411
7260,R_hip_roll,-0.278208,-0.069552,0.000248,-8.480779
7260,R_hip_yaw,-0.130416,-0.032604,-0.022817,-1.198925
7260,R_hip_pitch,0.714970,0.528743,0.462527,7.004553
7260,R_knee,1.422481,1.005620,1.012482,-1.463519
7260,R_foot_pitch,-0.952374,-0.395237,-0.354115,-2.474787
7260,R_foot_roll,0.234106,0.023411,0.028088,-0.272550
7270,L_hip_roll,1.349914,0.337478,0.022591,37.480613
7270,L_hip_yaw,-0.022720,-0.005680,-0.011708,0.712735
7270,L_hip_pitch,0.182345,-0.304414,-0.352822,5.867508
7270,L_knee,0.761598,-0.459600,-0.625073,19.766625
7270,L_foot_pitch,-0.973481,0.202652,0.278227,-4.440409
7270,L_foot_roll,1.687104,0.168710,-0.013715,10.989392
7270,R_hip_roll,-0.240391,-0.060098,0.000927,-7.359520
7270,R_hip_yaw,-0.126987,-0.031747,-0.023088,-0.976151
7270,R_hip_pitch,0.708056,0.527014,0.471575,5.790407
7270,R_knee,1.358568,0.989642,1.017098,-3.595978
7270,R_foot_pitch,-0.924868,-0.392487,-0.353997,-2.323186
7270,R_foot_roll,0.202642,0.020264,0.027517,-0.354909
7280,L_hip_roll,1.216895,0.304224,0.025819,33.074775
7280,L_hip_yaw,0.014197,0.003549,-0.011549,1.793009
7280,L_hip_pitch,0.098292,-0.325427,-0.353300,3.384759
7280,L_knee,0.770902,-0.457275,-0.624090,19.918117
7280,L_foot_pitch,-0.918881,0.208112,0.277300,-4.062741
7280,L_foot_roll,1.492237,0.149224,-0.015260,10.090651
7280,R_hip_roll,-0.212608,-0.053152,0.001102,-6.509864
7280,R_hip_yaw,-0.114282,-0.028570,-0.023862,-0.481392
7280,R_hip_pitch,0.644155,0.511039,0.479165,3.152855
7280,R_knee,1.247981,0.961995,1.016834,-6.291548
7280,R_foot_pitch,-0.917049,-0.391705,-0.353823,-2.291465
7280,R_foot_roll,0.184829,0.018483,0.025955,-0.259941
7290,L_hip_roll,1.039495,0.259874,0.029351,27.299386
7290,L_hip_yaw,0.055262,0.013815,-0.011336,2.995482
7290,L_hip_pitch,-0.005869,-0.351467,-0.353459,0.241715
7290,L_knee,0.782800,-0.454300,-0.622921,20.113874
7290,L_foot_pitch,-0.841432,0.215857,0.276414,-3.549363
7290,L_foot_roll,1.219424,0.121942,-0.018849,8.882065
7290,R_hip_roll,-0.136579,-0.034145,0.000880,-4.159254
7290,R_hip_yaw,-0.091420,-0.022855,-0.024250,0.171072
7290,R_hip_pitch,0.564348,0.491087,0.483728,0.589871
7290,R_knee,1.108561,0.927140,1.008501,-8.519937
7290,R_foot_pitch,-0.927967,-0.392797,-0.353628,-2.369112
7290,R_foot_roll,0.175228,0.017523,0.023821,-0.164733
7300,L_hip_roll,0.828508,0.207127,0.032936,20.559417
7300,L_hip_yaw,0.095383,0.023846,-0.011118,4.176072
7300,L_hip_pitch,-0.109367,-0.377342,-0.353656,-2.787068
7300,L_knee,0.806299,-0.448425,-0.622170,20.848648
7300,L_foot_pitch,-0.747717,0.225228,0.275574,-2.996899
7300,L_foot_roll,0.893600,0.089360,-0.021883,6.823841
7300,R_hip_roll,-0.025098,-0.006275,0.000227,-0.690289
7300,R_hip_yaw,-0.061592,-0.015398,-0.023287,0.781262
7300,R_hip_pitch,0.465051,0.466263,0.483670,-1.869891
7300,R_knee,0.922471,0.880618,0.988841,-10.498598
7300,R_foot_pitch,-0.937365,-0.393737,-0.353455,-2.431927
7300,R_foot_roll,0.144117,0.014412,0.021755,-0.249480
7310,L_hip_roll,0.556988,0.139247,0.036667,11.933968
7310,L_hip_yaw,0.135647,0.033912,-0.010872,5.347752
7310,L_hip_pitch,-0.187326,-0.396831,-0.353914,-5.114750
7310,L_knee,0.799943,-0.450014,-0.621859,20.610614
7310,L_foot_pitch,-0.658119,0.234188,0.275244,-2.447909
7310,L_foot_roll,0.453376,0.045338,-0.025611,4.683369
7310,R_hip_roll,0.108446,0.027111,-0.000660,3.430929
7310,R_hip_yaw,-0.024535,-0.006134,-0.020207,1.289273
7310,R_hip_pitch,0.304491,0.426123,0.477672,-5.328757
7310,R_knee,0.681683,0.820421,0.955097,-12.174191
7310,R_foot_pitch,-0.980118,-0.398012,-0.353325,-2.691843
7310,R_foot_roll,0.116353,0.011635,0.019364,-0.206886
7320,L_hip_roll,0.237090,0.059272,0.040277,1.952776
7320,L_hip_yaw,0.150570,0.037642,-0.010639,5.777530
7320,L_hip_pitch,-0.255126,-0.413781,-0.354248,-7.072186
7320,L_knee,0.781631,-0.454592,-0.622193,20.213055
7320,L_foot_pitch,-0.546875,0.245313,0.275415,-1.736102
7320,L_foot_roll,-0.024626,-0.002463,-0.028391,1.602073
7320,R_hip_roll,0.263065,0.065766,-0.001642,8.199148
7320,R_hip_yaw,0.011847,0.002962,-0.014666,1.472763
7320,R_hip_pitch,0.127637,0.381909,0.464134,-8.189304
7320,R_knee,0.435982,0.758996,0.904487,-11.685688
7320,R_foot_pitch,-1.009089,-0.400909,-0.353265,-2.860844
7320,R_foot_roll,0.055689,0.005569,0.016221,-0.303190
7330,L_hip_roll,-0.166043,-0.041511,0.043544,-10.477869
7330,L_hip_yaw,0.148196,0.037049,-0.010554,5.719277
7330,L_hip_pitch,-0.273905,-0.418476,-0.354538,-7.598319
7330,L_knee,0.707787,-0.473053,-0.623307,18.230941
7330,L_foot_pitch,-0.360364,0.263964,0.276188,-0.767212
7330,L_foot_roll,-0.562525,-0.056253,-0.031705,-1.343596
7330,R_hip_roll,0.447460,0.111865,-0.002636,13.852643
7330,R_hip_yaw,0.053706,0.013427,-0.007118,1.671457
7330,R_hip_pitch,-0.094410,0.326398,0.441897,-11.305122
7330,R_knee,0.157675,0.689419,0.835715,-9.999998
7330,R_foot_pitch,-0.964601,-0.396460,-0.353285,-2.584998
7330,R_foot_roll,-0.063838,-0.006384,0.011516,-0.546975
7340,L_hip_roll,-0.671634,-0.167908,0.045778,-25.796575
7340,L_hip_yaw,0.098063,0.024516,-0.010824,4.292637
7340,L_hip_pitch,-0.248845,-0.412211,-0.354828,-6.832255
7340,L_knee,0.591785,-0.502054,-0.625813,15.200520
7340,L_foot_pitch,-0.053574,0.294643,0.277905,0.828867
7340,L_foot_roll,-1.006382,-0.100638,-0.034559,-3.717295
7340,R_hip_roll,0.563092,0.140773,-0.003697,17.456294
7340,R_hip_yaw,0.076814,0.019203,0.001219,1.346594
7340,R_hip_pitch,-0.280818,0.279796,0.410479,-12.211200
7340,R_knee,-0.115396,0.621151,0.749485,-6.197853
7340,R_foot_pitch,-0.741358,-0.374136,-0.353311,-1.247177
7340,R_foot_roll,-0.306927,-0.030693,0.003622,-1.160541
7350,L_hip_roll,-1.019666,-0.254916,0.045918,-35.981407
7350,L_hip_yaw,0.036578,0.009145,-0.011746,2.620755
7350,L_hip_pitch,-0.032677,-0.358169,-0.355137,-0.318260
7350,L_knee,0.260167,-0.584958,-0.630289,5.983265
7350,L_foot_pitch,0.294850,0.329485,0.280559,2.612968
7350,L_foot_roll,-1.137449,-0.113745,-0.037110,-4.366492
7350,R_hip_roll,0.591337,0.147834,-0.005357,18.603038
7350,R_hip_yaw,0.096744,0.024186,0.008105,1.382717
7350,R_hip_pitch,-0.197225,0.300694,0.370847,-4.237060
7350,R_knee,-0.512334,0.521916,0.649732,-5.091346
7350,R_foot_pitch,-0.386671,-0.338667,-0.353125,0.839903
7350,R_foot_roll,-0.670155,-0.067016,-0.010267,-1.821372
7360,L_hip_roll,-0.738847,-0.184712,0.045758,-27.666193
7360,L_hip_yaw,-0.082516,-0.020629,-0.011207,-1.248776
7360,L_hip_pitch,-0.124482,-0.381120,-0.354503,-3.312190
7360,L_knee,-0.087069,-0.671767,-0.634628,-4.028916
7360,L_foot_pitch,1.042941,0.404294,0.283773,6.899211
7360,L_foot_roll,-0.494879,-0.049488,-0.039876,-0.319891
7360,R_hip_roll,0.131834,0.032958,-0.007841,4.975943
7360,R_hip_yaw,-0.197799,-0.049450,0.008903,-7.197213
7360,R_hip_pitch,0.155556,0.388889,0.352064,5.543600
7360,R_knee,-1.320702,0.319824,0.604742,-31.349511
7360,R_foot_pitch,-0.105861,-0.310586,-0.262680,-12.508162
7360,R_foot_roll,-1.237927,-0.123793,0.015981,-9.176250
7370,L_hip_roll,-0.960996,-0.240249,0.048104,-34.843996
7370,L_hip_yaw,-0.022440,-0.005610,-0.009463,0.295252
7370,L_hip_pitch,0.398226,-0.250443,-0.356905,13.220397
7370,L_knee,-0.628883,-0.807221,-0.645056,-18.016598
7370,L_foot_pitch,1.363019,0.436302,0.303638,4.931904
7370,L_foot_roll,-0.089003,-0.008900,-0.041416,2.039983
7370,R_hip_roll,-0.617103,-0.154276,-0.004146,-18.402407
7370,R_hip_yaw,-0.158147,-0.039537,0.010349,-6.054765
7370,R_hip_pitch,0.485227,0.471307,0.352432,14.125722
7370,R_knee,-1.576927,0.255768,0.606466,-42.513421
7370,R_foot_pitch,0.205530,-0.279447,-0.255969,-1.171119
7370,R_foot_roll,-1.768389,-0.176839,0.001764,-10.069144
7380,L_hip_roll,-0.539908,-0.134977,0.047419,-21.523320
7380,L_hip_yaw,-0.017771,-0.004443,-0.003759,-1.101661
7380,L_hip_pitch,0.373642,-0.256589,-0.364041,13.683530
7380,L_knee,-1.148533,-0.937133,-0.669674,-29.092014
7380,L_foot_pitch,1.640706,0.464071,0.346918,1.933585
7380,L_foot_roll,0.309001,0.030900,-0.032207,2.250895
7380,R_hip_roll,-0.969515,-0.242379,-0.001918,-28.956534
7380,R_hip_yaw,-0.216958,-0.054240,0.010831,-7.842940
7380,R_hip_pitch,0.577417,0.494354,0.352717,17.055692
7380,R_knee,-1.647253,0.238187,0.609050,-44.648241
7380,R_foot_pitch,0.555375,-0.244463,-0.257535,0.897055
7380,R_foot_roll,-1.991714,-0.199171,0.001981,-12.569354
7390,L_hip_roll,-0.172791,-0.043198,0.041976,-9.556697
7390,L_hip_yaw,0.006491,0.001623,0.008140,-1.978471
7390,L_hip_pitch,0.292815,-0.276796,-0.377840,13.863479
7390,L_knee,-1.117853,-0.929463,-0.714899,-20.245847
7390,L_foot_pitch,1.694614,0.469461,0.380878,3.467744
7390,L_foot_roll,0.719272,0.071927,-0.007802,2.002337
7390,R_hip_roll,-1.079321,-0.269830,-0.000973,-32.377511
7390,R_hip_yaw,-0.184349,-0.046087,0.010666,-6.764269
7390,R_hip_pitch,0.614106,0.503527,0.352859,17.994435
7390,R_knee,-1.435115,0.291221,0.610958,-38.643569
7390,R_foot_pitch,1.046270,-0.195373,-0.258623,3.941823
7390,R_foot_roll,-1.819852,-0.181985,0.004910,-11.062138
7400,L_hip_roll,0.101034,0.025258,0.034691,-0.363183
7400,L_hip_yaw,-0.000974,-0.000244,0.017745,-2.860678
7400,L_hip_pitch,0.116122,-0.320970,-0.397267,11.135084
7400,L_knee,-1.288144,-0.972036,-0.776563,-16.988776
7400,L_foot_pitch,1.684990,0.468499,0.388846,4.609306
7400,L_foot_roll,0.809079,0.080908,0.025783,-0.130673
7400,R_hip_roll,-1.205788,-0.301447,-0.000037,-36.243061
7400,R_hip_yaw,-0.191889,-0.047972,0.010204,-6.942669
7400,R_hip_pitch,0.628108,0.507027,0.354357,18.145138
7400,R_knee,-1.400713,0.299822,0.614018,-38.018219
7400,R_foot_pitch,1.120319,-0.187968,-0.259998,4.457307
7400,R_foot_roll,-1.889291,-0.188929,0.003633,-11.433469
7410,L_hip_roll,0.257279,0.064320,0.027601,5.071303
7410,L_hip_yaw,0.038932,0.009733,0.019920,-1.067484
7410,L_hip_pitch,-0.192407,-0.398102,-0.418375,4.523607
7410,L_knee,-1.283896,-0.970974,-0.845606,-8.025200
7410,L_foot_pitch,1.561352,0.456135,0.386695,4.593726
7410,L_foot_roll,0.762042,0.076204,0.056461,-1.428315
7410,R_hip_roll,-1.413865,-0.353466,0.000856,-42.614403
7410,R_hip_yaw,-0.177808,-0.044452,0.009797,-6.477444
7410,R_hip_pitch,0.270718,0.417679,0.356853,7.016571
7410,R_knee,-1.122443,0.369389,0.617268,-30.060022
7410,R_foot_pitch,1.234099,-0.176590,-0.261198,5.180228
7410,R_foot_roll,-1.934639,-0.193464,0.002400,-11.633371
7420,L_hip_roll,0.407884,0.101971,0.021339,10.280234
7420,L_hip_yaw,0.078776,0.019694,0.015699,1.076713
7420,L_hip_pitch,-0.485695,-0.471424,-0.438336,-2.151615
7420,L_knee,-1.169655,-0.942414,-0.914849,3.344160
7420,L_foot_pitch,1.463812,0.446381,0.381316,4.486166
7420,L_foot_roll,0.670793,0.067079,0.074569,-1.650850
7420,R_hip_roll,-1.414694,-0.353674,0.001694,-42.712475
7420,R_hip_yaw,-0.134343,-0.033586,0.009319,-5.096887
7420,R_hip_pitch,-0.002741,0.349315,0.359848,-1.554714
7420,R_knee,-0.979035,0.405241,0.620595,-26.171588
7420,R_foot_pitch,1.170681,-0.182932,-0.262350,4.882872
7420,R_foot_roll,-1.843111,-0.184311,0.001313,-11.038080
7430,L_hip_roll,0.418848,0.104712,0.015900,11.161277
7430,L_hip_yaw,0.051733,0.012933,0.009512,1.014593
7430,L_hip_pitch,-0.629693,-0.507423,-0.453425,-5.281787
7430,L_knee,-1.234172,-0.958543,-0.974465,7.187989
7430,L_foot_pitch,1.445442,0.444544,0.375510,4.701145
7430,L_foot_roll,0.515688,0.051569,0.078885,-1.587011
7430,R_hip_roll,-1.461428,-0.365357,0.002436,-44.208981
7430,R_hip_yaw,-0.080232,-0.020058,0.008673,-3.377092
7430,R_hip_pitch,-0.094364,0.326409,0.362115,-4.446291
7430,R_knee,-0.868051,0.432987,0.623220,-23.024546
7430,R_foot_pitch,1.177841,-0.182216,-0.263376,4.954474
7430,R_foot_roll,-1.899992,-0.189999,0.000394,-11.334543
7440,L_hip_roll,0.494175,0.123544,0.011282,13.907922
7440,L_hip_yaw,0.034797,0.008699,0.003116,1.300433
7440,L_hip_pitch,-0.669106,-0.517277,-0.462361,-5.977212
7440,L_knee,-1.211983,-0.952996,-1.019402,11.749211
7440,L_foot_pitch,1.398395,0.439839,0.370432,4.624919
7440,L_foot_roll,0.401821,0.040182,0.071839,-0.865702
7440,R_hip_roll,-1.337403,-0.334351,0.003004,-40.521688
7440,R_hip_yaw,0.030024,0.007506,0.007852,0.046868
7440,R_hip_pitch,-0.231441,0.292140,0.363381,-8.638331
7440,R_knee,-0.763533,0.459117,0.624850,-20.014125
7440,R_foot_pitch,1.196308,-0.180369,-0.264181,5.100195
7440,R_foot_roll,-1.825918,-0.182592,-0.000475,-10.848315
7450,L_hip_roll,0.383376,0.095844,0.007741,10.866015
7450,L_hip_yaw,0.016533,0.004133,-0.002972,1.410823
7450,L_hip_pitch,-0.726450,-0.531613,-0.464369,-8.207609
7450,L_knee,-1.289808,-0.972452,-1.047443,10.986697
7450,L_foot_pitch,1.469042,0.446904,0.366395,5.187513
7450,L_foot_roll,0.402548,0.040255,0.058183,0.379837
7450,R_hip_roll,-1.469816,-0.367454,0.003503,-44.571604
7450,R_hip_yaw,0.033777,0.008444,0.007188,0.199197
7450,R_hip_pitch,-0.224739,0.293815,0.363361,-8.269740
7450,R_knee,-0.811702,0.447075,0.625327,-21.372011
7450,R_foot_pitch,1.171892,-0.182811,-0.264689,4.944312
7450,R_foot_roll,-2.004275,-0.200428,-0.001257,-11.873352
7460,L_hip_roll,0.402789,0.100697,0.004919,11.766417
7460,L_hip_yaw,0.008062,0.002015,-0.007844,1.594134
7460,L_hip_pitch,-0.641427,-0.510357,-0.460189,-6.653602
7460,L_knee,-1.399851,-0.999963,-1.059207,7.635106
7460,L_foot_pitch,1.476122,0.447612,0.363436,5.301033
7460,L_foot_roll,0.319819,0.031982,0.045536,0.240507
7460,R_hip_roll,-1.570957,-0.392739,0.003802,-47.593393
7460,R_hip_yaw,0.066151,0.016538,0.006783,1.204487
7460,R_hip_pitch,-0.218214,0.295447,0.362246,-7.880355
7460,R_knee,-0.802124,0.449469,0.624714,-20.934569
7460,R_foot_pitch,1.195648,-0.180435,-0.264865,5.069955
7460,R_foot_roll,-2.146832,-0.214683,-0.001980,-12.700037
7470,L_hip_roll,0.370867,0.092717,0.002349,11.087179
7470,L_hip_yaw,0.026314,0.006579,-0.011047,2.350021
7470,L_hip_pitch,-0.689344,-0.522336,-0.451774,-9.455793
7470,L_knee,-1.480216,-1.020054,-1.058602,4.118569
7470,L_foot_pitch,1.426734,0.442673,0.361421,5.041244
7470,L_foot_roll,0.300330,0.030033,0.036043,0.454349
7470,R_hip_roll,-1.641988,-0.410497,0.003591,-49.645652
7470,R_hip_yaw,0.039623,0.009906,0.006680,0.380745
7470,R_hip_pitch,-0.364644,0.258839,0.360769,-12.078586
7470,R_knee,-0.784242,0.453940,0.623752,-20.278462
7470,R_foot_pitch,1.283264,-0.171674,-0.264918,5.597403
7470,R_foot_roll,-2.201016,-0.220102,-0.002749,-12.976582
7480,L_hip_roll,0.321757,0.080439,0.000086,9.850607
7480,L_hip_yaw,0.036947,0.009237,-0.011721,2.449206
7480,L_hip_pitch,-0.592587,-0.498147,-0.441318,-7.886051
7480,L_knee,-1.501428,-1.025357,-1.050841,2.100217
7480,L_foot_pitch,1.389280,0.438928,0.360058,4.846551
7480,L_foot_roll,0.281057,0.028106,0.029774,0.369930
7480,R_hip_roll,-1.646715,-0.411679,0.002911,-49.667657
7480,R_hip_yaw,0.078774,0.019694,0.006638,1.581446
7480,R_hip_pitch,-0.239246,0.290189,0.358916,-8.047587
7480,R_knee,-0.861175,0.434706,0.622538,-22.409299
7480,R_foot_pitch,1.315676,-0.168432,-0.264923,5.787771
7480,R_foot_roll,-2.231784,-0.223178,-0.002895,-13.224633
7490,L_hip_roll,0.343984,0.085996,-0.001879,10.728640
7490,L_hip_yaw,0.028713,0.007178,-0.009057,1.538708
7490,L_hip_pitch,-0.547667,-0.486917,-0.430612,-7.803789
7490,L_knee,-1.506916,-1.026729,-1.039625,0.334792
7490,L_foot_pitch,1.351948,0.435195,0.359108,4.645415
7490,L_foot_roll,0.214927,0.021493,0.026491,-0.075026
7490,R_hip_roll,-1.552780,-0.388195,0.001879,-46.687949
7490,R_hip_yaw,0.112801,0.028200,0.006675,2.570011
7490,R_hip_pitch,-0.295639,0.276090,0.357143,-9.570869
7490,R_knee,-0.883229,0.429193,0.621339,-22.943964
7490,R_foot_pitch,1.311960,-0.168804,-0.264861,5.751160
7490,R_foot_roll,-2.175646,-0.217565,-0.002973,-12.884690
7500,L_hip_roll,0.220298,0.055074,-0.003014,7.026210
7500,L_hip_yaw,0.063476,0.015869,-0.004023,1.828697
7500,L_hip_pitch,-0.585369,-0.496342,-0.420395,-10.088660
7500,L_knee,-1.513004,-1.028251,-1.027114,-1.377614
7500,L_foot_pitch,1.279888,0.427989,0.358429,4.231952
7500,L_foot_roll,0.076927,0.007693,0.023537,-0.630374
7500,R_hip_roll,-1.579313,-0.394828,0.000847,-47.390651
7500,R_hip_yaw,0.139382,0.034845,0.006932,3.318749
7500,R_hip_pitch,-0.385543,0.253614,0.355337,-12.012115
7500,R_knee,-0.837173,0.440707,0.619775,-21.298679
7500,R_foot_pitch,1.204381,-0.179562,-0.264544,5.046387
7500,R_foot_roll,-2.227183,-0.222718,-0.002874,-13.219106
7510,L_hip_roll,0.235562,0.058890,-0.003353,7.486115
7510,L_hip_yaw,0.052316,0.013079,0.002842,0.466283
7510,L_hip_pitch,-0.518276,-0.479569,-0.411774,-8.885784
7510,L_knee,-1.494139,-1.023535,-1.015974,-1.886517
7510,L_foot_pitch,1.306610,0.430661,0.357878,4.417922
7510,L_foot_roll,0.018898,0.001890,0.018103,-0.330205
7510,R_hip_roll,-1.580158,-0.395039,-0.000144,-47.279928
7510,R_hip_yaw,0.177649,0.044412,0.007258,4.429085
7510,R_hip_pitch,-0.347600,0.263100,0.353464,-10.667226
7510,R_knee,-0.892711,0.426822,0.617992,-22.772249
7510,R_foot_pitch,1.104757,-0.189524,-0.264076,4.427102
7510,R_foot_roll,-2.294548,-0.229455,-0.002615,-13.647992
7520,L_hip_roll,0.167642,0.041910,-0.003194,5.371701
7520,L_hip_yaw,0.058243,0.014561,0.010292,-0.193876
7520,L_hip_pitch,-0.524498,-0.481124,-0.405210,-9.674635
7520,L_knee,-1.582651,-1.045663,-1.007397,-5.327740
7520,L_foot_pitch,1.322641,0.432264,0.357460,4.523226
7520,L_foot_roll,-0.071807,-0.007181,0.010455,-0.272307
7520,R_hip_roll,-1.619914,-0.404979,-0.001253,-48.331589
7520,R_hip_yaw,0.211564,0.052891,0.007631,5.391952
7520,R_hip_pitch,-0.380727,0.254818,0.351697,-11.451534
7520,R_knee,-0.875963,0.431009,0.616307,-22.067366
7520,R_foot_pitch,1.080901,-0.191910,-0.263596,4.250326
7520,R_foot_roll,-2.373939,-0.237394,-0.002419,-14.120117
7530,L_hip_roll,0.140411,0.035103,-0.002719,4.488332
7530,L_hip_yaw,0.072743,0.018186,0.016608,-0.363378
7530,L_hip_pitch,-0.547481,-0.486870,-0.401565,-10.437020
7530,L_knee,-1.594489,-1.048622,-1.003635,-5.482982
7530,L_foot_pitch,1.272220,0.427222,0.357209,4.219539
7530,L_foot_roll,-0.080213,-0.008021,0.001800,0.262658
7530,R_hip_roll,-1.558416,-0.389604,-0.002535,-46.308106
7530,R_hip_yaw,0.216593,0.054148,0.008040,5.493496
7530,R_hip_pitch,-0.393723,0.251569,0.350334,-11.745529
7530,R_knee,-0.878586,0.430354,0.615151,-22.101645
7530,R_foot_pitch,1.025829,-0.197417,-0.263275,3.933392
7530,R_foot_roll,-2.291674,-0.229167,-0.002827,-13.498061
7540,L_hip_roll,0.166572,0.041643,-0.002215,5.213896
7540,L_hip_yaw,0.077787,0.019447,0.021390,-0.635729
7540,L_hip_pitch,-0.597773,-0.499443,-0.401704,-11.551211
7540,L_knee,-1.571939,-1.042985,-1.006529,-3.802921
7540,L_foot_pitch,1.246015,0.424602,0.357024,4.072421
7540,L_foot_roll,-0.061860,-0.006186,-0.005427,0.549082
7540,R_hip_roll,-1.509824,-0.377456,-0.004100,-44.631992
7540,R_hip_yaw,0.202627,0.050657,0.008382,5.043739
7540,R_hip_pitch,-0.373963,0.256509,0.349487,-11.088137
7540,R_knee,-0.884443,0.428889,0.614634,-22.255622
7540,R_foot_pitch,1.021480,-0.197852,-0.263150,3.909846
7540,R_foot_roll,-2.200831,-0.220083,-0.003253,-12.994362
7550,L_hip_roll,0.131115,0.032779,-0.001623,4.061478
7550,L_hip_yaw,0.081521,0.020380,0.024375,-0.685392
7550,L_hip_pitch,-0.626174,-0.506544,-0.405498,-11.601768
7550,L_knee,-1.540420,-1.035105,-1.015015,-1.373475
7550,L_foot_pitch,1.202070,0.420207,0.356826,3.823377
7550,L_foot_roll,-0.033903,-0.003390,-0.009332,0.598919
7550,R_hip_roll,-1.504848,-0.376212,-0.005939,-44.237890
7550,R_hip_yaw,0.188497,0.047124,0.008546,4.621780
7550,R_hip_pitch,-0.370237,0.257441,0.348992,-10.949336
7550,R_knee,-0.861191,0.434702,0.614268,-21.510041
7550,R_foot_pitch,1.031208,-0.196879,-0.262979,3.943459
7550,R_foot_roll,-2.108259,-0.210826,-0.002506,-12.630902
7560,L_hip_roll,0.174634,0.043658,-0.001151,5.345212
7560,L_hip_yaw,0.075792,0.018948,0.025361,-0.781173
7560,L_hip_pitch,-0.647612,-0.511903,-0.412005,-11.255957
7560,L_knee,-1.504629,-1.026157,-1.026314,1.185330
7560,L_foot_pitch,1.192414,0.419241,0.356576,3.786740
7560,L_foot_roll,0.023768,0.002377,-0.009768,0.650812
7560,R_hip_roll,-1.448993,-0.362248,-0.008265,-42.216141
7560,R_hip_yaw,0.171464,0.042866,0.008494,4.137514
7560,R_hip_pitch,-0.340380,0.264905,0.348789,-10.056102
7560,R_knee,-0.843925,0.439019,0.613907,-20.953917
7560,R_foot_pitch,1.053061,-0.194694,-0.262709,4.052776
7560,R_foot_roll,-2.006365,-0.200637,0.000090,-12.380174
7570,L_hip_roll,0.176359,0.044090,-0.000817,5.348516
7570,L_hip_yaw,0.075967,0.018992,0.024337,-0.456447
7570,L_hip_pitch,-0.680368,-0.520092,-0.419888,-11.209459
7570,L_knee,-1.425828,-1.006457,-1.037146,4.665112
7570,L_foot_pitch,1.139529,0.413953,0.356296,3.487219
7570,L_foot_roll,0.069172,0.006917,-0.007213,0.504665
7570,R_hip_roll,-1.377733,-0.344433,-0.011048,-39.731493
7570,R_hip_yaw,0.132801,0.033200,0.008289,3.010458
7570,R_hip_pitch,-0.333339,0.266665,0.348971,-9.934016
7570,R_knee,-0.817118,0.445721,0.613802,-20.211611
7570,R_foot_pitch,1.086120,-0.191388,-0.262453,4.259325
7570,R_foot_roll,-1.840945,-0.184095,0.003393,-11.402568
7580,L_hip_roll,0.199739,0.049935,-0.000394,5.993847
7580,L_hip_yaw,0.060013,0.015003,0.021628,-0.466274
7580,L_hip_pitch,-0.669502,-0.517376,-0.427713,-10.014852
7580,L_knee,-1.340292,-0.985073,-1.043946,7.485222
7580,L_foot_pitch,1.126324,0.412632,0.355971,3.433540
7580,L_foot_roll,0.093743,0.009374,-0.002686,0.236288
7580,R_hip_roll,-1.293513,-0.323378,-0.013995,-36.816379
7580,R_hip_yaw,0.120026,0.030006,0.007968,2.682126
7580,R_hip_pitch,-0.320789,0.269803,0.349620,-9.645274
7580,R_knee,-0.791170,0.452208,0.614222,-19.482753
7580,R_foot_pitch,1.073740,-0.192626,-0.262386,4.178877
7580,R_foot_roll,-1.726814,-0.172681,0.005185,-10.860279
7590,L_hip_roll,0.169485,0.042371,0.000258,4.970781
7590,L_hip_yaw,0.047884,0.011971,0.017410,-0.175024
7590,L_hip_pitch,-0.660641,-0.515160,-0.433830,-9.254911
7590,L_knee,-1.262375,-0.965594,-1.043236,8.858252
7590,L_foot_pitch,1.084822,0.408482,0.355626,3.204859
7590,L_foot_roll,0.094619,0.009462,0.002106,-0.002610
7590,R_hip_roll,-1.158677,-0.289669,-0.017204,-32.367588
7590,R_hip_yaw,0.107137,0.026784,0.007560,2.347836
7590,R_hip_pitch,-0.270672,0.282332,0.350136,-8.174648
7590,R_knee,-0.800040,0.449990,0.614502,-19.759011
7590,R_foot_pitch,1.031437,-0.196856,-0.262295,3.915858
7590,R_foot_roll,-1.573939,-0.157394,0.007205,-10.083321
7600,L_hip_roll,0.144112,0.036028,0.001385,4.018192
7600,L_hip_yaw,0.026710,0.006677,0.012100,-0.100633
7600,L_hip_pitch,-0.632549,-0.508137,-0.437246,-8.283863
7600,L_knee,-1.139599,-0.934900,-1.033002,10.327256
7600,L_foot_pitch,1.077507,0.407751,0.355276,3.182491
7600,L_foot_roll,0.093089,0.009309,0.005766,-0.086187
7600,R_hip_roll,-1.092622,-0.273156,-0.020464,-30.002000
7600,R_hip_yaw,0.075473,0.018868,0.007187,1.434571
7600,R_hip_pitch,-0.218178,0.295456,0.350378,-6.606387
7600,R_knee,-0.806178,0.448455,0.614459,-19.901544
7600,R_foot_pitch,0.969056,-0.203094,-0.262097,3.514256
7600,R_foot_roll,-1.449579,-0.144958,0.009390,-9.481240
7610,L_hip_roll,0.083266,0.020817,0.003003,1.954609
7610,L_hip_yaw,0.006364,0.001591,0.006105,0.069169
7610,L_hip_pitch,-0.569296,-0.492324,-0.437448,-6.700909
7610,L_knee,-1.029085,-0.907271,-1.011968,9.991975
7610,L_foot_pitch,1.086782,0.408678,0.354948,3.254054
7610,L_foot_roll,0.079273,0.007927,0.007882,-0.148742
7610,R_hip_roll,-0.997786,-0.249446,-0.023676,-26.775909
7610,R_hip_yaw,0.055999,0.014000,0.006883,0.881694
7610,R_hip_pitch,-0.179379,0.305155,0.350480,-5.450893
7610,R_knee,-0.806942,0.448264,0.614138,-19.867149
7610,R_foot_pitch,0.899731,-0.210027,-0.261782,3.070668
7610,R_foot_roll,-1.337402,-0.133740,0.011687,-8.956939
7620,L_hip_roll,-0.026955,-0.006739,0.004958,-1.613107
7620,L_hip_yaw,-0.012345,-0.003086,-0.000180,0.263001
7620,L_hip_pitch,-0.506992,-0.476748,-0.434067,-5.596809
7620,L_knee,-0.887805,-0.871951,-0.979706,9.269155
7620,L_foot_pitch,1.061401,0.406140,0.354690,3.108476
7620,L_foot_roll,0.062731,0.006273,0.008710,-0.189594
7620,R_hip_roll,-0.866086,-0.216522,-0.026819,-22.458159
7620,R_hip_yaw,0.025522,0.006380,0.006659,-0.014713
7620,R_hip_pitch,-0.121359,0.319660,0.350579,-3.728356
7620,R_knee,-0.840938,0.439765,0.613769,-20.851348
7620,R_foot_pitch,0.813816,-0.218618,-0.261457,2.540914
7620,R_foot_roll,-1.139081,-0.113908,0.014072,-7.918714
7630,L_hip_roll,-0.152238,-0.038060,0.006991,-5.609244
7630,L_hip_yaw,-0.033133,-0.008283,-0.005991,0.250498
7630,L_hip_pitch,-0.416314,-0.454079,-0.427184,-4.030240
7630,L_knee,-0.693102,-0.823275,-0.936900,8.977959
7630,L_foot_pitch,1.068368,0.406837,0.354488,3.158721
7630,L_foot_roll,0.035809,0.003581,0.008763,-0.299353
7630,R_hip_roll,-0.742853,-0.185713,-0.029820,-18.420362
7630,R_hip_yaw,-0.000951,-0.000238,0.006493,-0.791045
7630,R_hip_pitch,-0.074389,0.331403,0.350829,-2.374712
7630,R_knee,-0.857894,0.435527,0.613544,-21.354593
7630,R_foot_pitch,0.704935,-0.229507,-0.261186,1.878668
7630,R_foot_roll,-0.942628,-0.094263,0.016597,-6.904093
7640,L_hip_roll,-0.296646,-0.074162,0.008674,-10.086816
7640,L_hip_yaw,-0.054370,-0.013592,-0.010628,0.028796
7640,L_hip_pitch,-0.292563,-0.423141,-0.416753,-1.928891
7640,L_knee,-0.464491,-0.766123,-0.883972,8.492866
7640,L_foot_pitch,1.034468,0.403447,0.354334,2.958937
7640,L_foot_roll,0.004144,0.000414,0.008268,-0.407353
7640,R_hip_roll,-0.505000,-0.126250,-0.032672,-10.955239
7640,R_hip_yaw,-0.016592,-0.004148,0.006332,-1.238484
7640,R_hip_pitch,-0.031826,0.342044,0.351359,-1.194010
7640,R_knee,-0.864127,0.433968,0.613681,-21.607377
7640,R_foot_pitch,0.577028,-0.242297,-0.261083,1.129270
7640,R_foot_roll,-0.629784,-0.062978,0.019245,-5.199119
7650,L_hip_roll,-0.499895,-0.124974,0.009689,-16.232869
7650,L_hip_yaw,-0.066330,-0.016582,-0.013548,-0.171433
7650,L_hip_pitch,-0.133012,-0.383253,-0.402335,0.716450
7650,L_knee,-0.183199,-0.695800,-0.820984,8.394324
7650,L_foot_pitch,0.957664,0.395766,0.354198,2.506456
7650,L_foot_roll,-0.067448,-0.006745,0.007230,-0.720697
7650,R_hip_roll,-0.206724,-0.051681,-0.035255,-1.737164
7650,R_hip_yaw,-0.017163,-0.004291,0.006169,-1.235397
7650,R_hip_pitch,0.030862,0.357716,0.352083,0.587539
7650,R_knee,-0.860948,0.434763,0.614321,-21.642147
7650,R_foot_pitch,0.407673,-0.259233,-0.261266,0.157155
7650,R_foot_roll,-0.270195,-0.027020,0.022031,-3.219430
7660,L_hip_roll,-0.583720,-0.145930,0.009729,-18.636979
7660,L_hip_yaw,-0.066450,-0.016612,-0.013888,-0.437466
7660,L_hip_pitch,-0.030809,-0.357702,-0.383166,0.979578
7660,L_knee,0.099917,-0.625021,-0.747589,7.035392
7660,L_foot_pitch,0.826659,0.382666,0.354003,1.740912
7660,L_foot_roll,-0.132755,-0.013276,0.005017,-0.828895
7660,R_hip_roll,0.120129,0.030032,-0.037341,8.259948
7660,R_hip_yaw,0.025884,0.006471,0.006114,0.045782
7660,R_hip_pitch,0.003893,0.350973,0.352872,-0.321791
7660,R_knee,-0.724918,0.468771,0.615634,-17.798855
7660,R_foot_pitch,0.209683,-0.279032,-0.261880,-0.943126
7660,R_foot_roll,0.088577,0.008858,0.024903,-1.245996
7670,L_hip_roll,-0.497836,-0.124459,0.008859,-15.888425
7670,L_hip_yaw,-0.046744,-0.011686,-0.010756,-0.587767
7670,L_hip_pitch,0.043403,-0.339149,-0.359405,-0.046416
7670,L_knee,0.389645,-0.552589,-0.665121,5.078991
7670,L_foot_pitch,0.589106,0.358911,0.353663,0.352633
7670,L_foot_roll,-0.130672,-0.013067,0.001068,-0.400781
7670,R_hip_roll,0.303464,0.075866,-0.038476,13.771075
7670,R_hip_yaw,0.093249,0.023312,0.006301,2.016932
7670,R_hip_pitch,-0.097419,0.325645,0.353870,-3.532051
7670,R_knee,-0.510948,0.522263,0.618168,-11.862679
7670,R_foot_pitch,-0.096669,-0.309667,-0.263403,-2.604018
7670,R_foot_roll,0.339044,0.033904,0.027663,0.101087
7680,L_hip_roll,0.098885,0.024721,0.009352,1.899030
7680,L_hip_yaw,-0.025215,-0.006304,-0.009905,0.518306
7680,L_hip_pitch,-0.256470,-0.414118,-0.346068,-8.974743
7680,L_knee,1.199114,-0.350221,-0.625352,30.793990
7680,L_foot_pitch,0.659679,0.365968,0.286748,12.153834
7680,L_foot_roll,0.093120,0.009312,-0.018074,2.160983
7680,R_hip_roll,0.418524,0.104631,-0.039325,17.388367
7680,R_hip_yaw,0.023837,0.005959,0.006471,-0.074180
7680,R_hip_pitch,-0.021132,0.344717,0.354534,-1.202000
7680,R_knee,-0.193498,0.601625,0.621519,-2.734687
7680,R_foot_pitch,-0.271444,-0.327144,-0.265330,-3.494123
7680,R_foot_roll,0.287857,0.028786,0.030389,-0.376540
7690,L_hip_roll,0.544002,0.136001,0.007019,15.807265
7690,L_hip_yaw,0.094297,0.023574,-0.010822,4.257046
7690,L_hip_pitch,-0.233669,-0.408417,-0.344286,-7.495051
7690,L_knee,1.344236,-0.313941,-0.621631,37.258246
7690,L_foot_pitch,0.235818,0.323582,0.276361,2.871599
7690,L_foot_roll,0.401448,0.040145,-0.015289,2.800288
7690,R_hip_roll,0.384077,0.096019,-0.041567,16.812025
7690,R_hip_yaw,0.095117,0.023779,0.005693,2.302812
7690,R_hip_pitch,-0.180268,0.304933,0.355382,-6.167497
7690,R_knee,0.319449,0.729862,0.625252,12.181783
7690,R_foot_pitch,-0.523353,-0.352335,-0.269526,-4.443210
7690,R_foot_roll,0.184271,0.018427,0.032079,-0.998133
7700,L_hip_roll,1.087295,0.271824,0.003780,32.527791
7700,L_hip_yaw,0.051340,0.012835,-0.011535,2.960634
7700,L_hip_pitch,-0.414272,-0.453568,-0.345474,-12.914056
7700,L_knee,1.350142,-0.312464,-0.623936,37.528060
7700,L_foot_pitch,0.067027,0.306703,0.276437,1.860814
7700,L_foot_roll,0.739803,0.073980,-0.012596,4.663291
7700,R_hip_roll,0.245093,0.061273,-0.043988,12.817293
7700,R_hip_yaw,0.050735,0.012684,0.005403,0.841226
7700,R_hip_pitch,-0.310462,0.272385,0.359058,-10.877929
7700,R_knee,0.604069,0.801017,0.636361,18.186897
7700,R_foot_pitch,-0.672193,-0.367219,-0.288351,-1.989292
7700,R_foot_roll,0.081336,0.008134,0.030315,-0.823193
7710,L_hip_roll,1.307082,0.326770,0.000960,39.348563
7710,L_hip_yaw,0.108330,0.027082,-0.011985,4.744111
7710,L_hip_pitch,-0.372791,-0.443198,-0.346537,-11.465013
7710,L_knee,1.439276,-0.290181,-0.626147,40.570420
7710,L_foot_pitch,-0.118099,0.288190,0.276938,0.657630
7710,L_foot_roll,1.022230,0.102223,-0.010082,6.255311
7710,R_hip_roll,0.012506,0.003127,-0.044284,5.597759
7710,R_hip_yaw,0.040103,0.010026,0.004578,0.797215
7710,R_hip_pitch,-0.182755,0.304311,0.366305,-8.302734
7710,R_knee,0.782678,0.845670,0.661115,19.087666
7710,R_foot_pitch,-0.632776,-0.363278,-0.322502,1.139374
7710,R_foot_roll,-0.191503,-0.019150,0.021320,-1.368414
7720,L_hip_roll,1.407884,0.351971,-0.001087,42.581886
7720,L_hip_yaw,0.139393,0.034848,-0.012319,5.678714
7720,L_hip_pitch,-0.367646,-0.441911,-0.347873,-11.140151
7720,L_knee,1.229019,-0.342745,-0.628305,34.466328
7720,L_foot_pitch,-0.267861,0.273214,0.278010,-0.239391
7720,L_foot_roll,1.202638,0.120264,-0.008135,7.214805
7720,R_hip_roll,-0.128574,-0.032144,-0.042631,1.044104
7720,R_hip_yaw,0.028087,0.007022,0.003324,0.529678
7720,R_hip_pitch,-0.080706,0.329823,0.378140,-7.150965
7720,R_knee,0.935493,0.883873,0.700835,17.450724
7720,R_foot_pitch,-0.641133,-0.364113,-0.353893,1.875106
7720,R_foot_roll,-0.327996,-0.032800,0.005967,-0.627726
7730,L_hip_roll,1.583630,0.395907,-0.002554,47.925876
7730,L_hip_yaw,0.150170,0.037542,-0.012260,5.960938
7730,L_hip_pitch,-0.262733,-0.415683,-0.350309,-7.546570
7730,L_knee,1.207683,-0.348079,-0.631510,34.407390
7730,L_foot_pitch,-0.357369,0.264263,0.279057,-1.076173
7730,L_foot_roll,1.470192,0.147019,-0.006845,9.121078
7730,R_hip_roll,-0.248527,-0.062132,-0.039883,-2.989788
7730,R_hip_yaw,-0.038970,-0.009743,0.003220,-1.618845
7730,R_hip_pitch,0.060296,0.365074,0.394465,-5.272298
7730,R_knee,0.991295,0.897824,0.753024,11.789324
7730,R_foot_pitch,-0.600443,-0.360044,-0.367311,1.076726
7730,R_foot_roll,-0.417218,-0.041722,-0.012166,-0.031050
7740,L_hip_roll,1.432299,0.358075,-0.003169,43.396502
7740,L_hip_yaw,0.127319,0.031830,-0.012048,5.234659
7740,L_hip_pitch,-0.251739,-0.412935,-0.353094,-6.897457
7740,L_knee,1.062019,-0.384495,-0.634955,30.410026
7740,L_foot_pitch,-0.543960,0.245604,0.280667,-2.143363
7740,L_foot_roll,1.618947,0.161895,-0.005887,9.726331
7740,R_hip_roll,-0.349344,-0.087336,-0.036079,-6.570425
7740,R_hip_yaw,-0.045760,-0.011440,0.002342,-1.475213
7740,R_hip_pitch,0.260790,0.415197,0.412372,-1.386098
7740,R_knee,1.105683,0.926421,0.811335,7.978875
7740,R_foot_pitch,-0.641775,-0.364177,-0.369036,0.188921
7740,R_foot_roll,-0.464394,-0.046439,-0.028478,0.359219
7750,L_hip_roll,1.431521,0.357880,-0.003385,43.336032
7750,L_hip_yaw,0.110593,0.027648,-0.011760,4.695493
7750,L_hip_pitch,-0.073027,-0.368257,-0.356570,-1.036907
7750,L_knee,0.957414,-0.410646,-0.638980,27.793633
7750,L_foot_pitch,-0.689329,0.231067,0.282412,-3.213460
7750,L_foot_roll,1.752292,0.175229,-0.005267,11.121290
7750,R_hip_roll,-0.414084,-0.103521,-0.032040,-8.973434
7750,R_hip_yaw,-0.095071,-0.023768,-0.000008,-2.598936
7750,R_hip_pitch,0.384300,0.446075,0.430053,0.214151
7750,R_knee,1.126323,0.931581,0.870467,1.536119
7750,R_foot_pitch,-0.631286,-0.363129,-0.366505,-0.128038
7750,R_foot_roll,-0.471022,-0.047102,-0.040102,0.487960
7760,L_hip_roll,1.398354,0.349588,-0.003629,42.369070
7760,L_hip_yaw,0.051841,0.012960,-0.011472,2.902116
7760,L_hip_pitch,0.019503,-0.345124,-0.360266,2.100756
7760,L_knee,0.824680,-0.443830,-0.643100,24.214975
7760,L_foot_pitch,-0.844920,0.215508,0.283626,-4.212559
7760,L_foot_roll,1.892081,0.189208,-0.004355,11.939468
7760,R_hip_roll,-0.338751,-0.084688,-0.028497,-7.079968
7760,R_hip_yaw,-0.076355,-0.019089,-0.004099,-1.309736
7760,R_hip_pitch,0.551620,0.487905,0.445371,3.785823
7760,R_knee,1.166272,0.941568,0.924886,-3.018654
7760,R_foot_pitch,-0.737575,-0.373757,-0.362616,-1.085516
7760,R_foot_roll,-0.383501,-0.038350,-0.046341,0.884308
7770,L_hip_roll,1.378975,0.344744,-0.003650,41.793248
7770,L_hip_yaw,-0.001374,-0.000344,-0.011181,1.269785
7770,L_hip_pitch,0.113681,-0.321580,-0.363608,5.375329
7770,L_knee,0.777158,-0.455711,-0.646937,23.340449
7770,L_foot_pitch,-0.978090,0.202191,0.284958,-5.124775
7770,L_foot_roll,2.017075,0.201708,-0.003134,12.098525
7770,R_hip_roll,-0.367880,-0.091970,-0.025363,-8.297214
7770,R_hip_yaw,-0.083512,-0.020878,-0.008844,-1.002869
7770,R_hip_pitch,0.619060,0.504765,0.456509,4.889962
7770,R_knee,1.207882,0.951971,0.969741,-6.089029
7770,R_foot_pitch,-0.836846,-0.383685,-0.359088,-1.779878
7770,R_foot_roll,-0.277717,-0.027772,-0.046499,0.902753
7780,L_hip_roll,1.460020,0.365005,-0.003266,44.132581
7780,L_hip_yaw,-0.065860,-0.016465,-0.010897,-0.695311
7780,L_hip_pitch,0.276746,-0.280814,-0.366279,10.465635
7780,L_knee,0.663921,-0.484020,-0.650096,20.179395
7780,L_foot_pitch,-1.123547,0.187645,0.286273,-6.027515
7780,L_foot_roll,2.188607,0.218861,-0.002289,13.266171
7780,R_hip_roll,-0.328721,-0.082180,-0.022639,-7.394837
7780,R_hip_yaw,-0.100318,-0.025080,-0.012741,-1.138426
7780,R_hip_pitch,0.750721,0.537680,0.462824,8.593487
7780,R_knee,1.228037,0.957009,1.002686,-8.182950
7780,R_foot_pitch,-0.907059,-0.390706,-0.356649,-2.244662
7780,R_foot_roll,-0.174077,-0.017408,-0.040645,0.632039
7790,L_hip_roll,1.420694,0.355174,-0.002405,42.799657
7790,L_hip_yaw,-0.118792,-0.029698,-0.010665,-2.306218
7790,L_hip_pitch,0.326005,-0.268499,-0.368103,12.107896
7790,L_knee,0.685246,-0.478689,-0.652548,21.096558
7790,L_foot_pitch,-1.186431,0.181357,0.287424,-6.480512
7790,L_foot_roll,2.246003,0.224600,-0.001282,13.393022
7790,R_hip_roll,-0.262430,-0.065607,-0.020155,-5.704212
7790,R_hip_yaw,-0.120614,-0.030153,-0.016092,-1.364456
7790,R_hip_pitch,0.799494,0.549873,0.464336,10.313636
7790,R_knee,1.274166,0.968541,1.023065,-8.018257
7790,R_foot_pitch,-0.964693,-0.396469,-0.355091,-2.607106
7790,R_foot_roll,-0.088377,-0.008838,-0.030928,0.297837
7800,L_hip_roll,1.414678,0.353669,-0.001129,42.432535
7800,L_hip_yaw,-0.150694,-0.037673,-0.010549,-3.261368
7800,L_hip_pitch,0.388489,-0.252878,-0.369241,14.043069
7800,L_knee,0.672644,-0.481839,-0.654424,20.857645
7800,L_foot_pitch,-1.301846,0.169815,0.288418,-7.200759
7800,L_foot_roll,2.337823,0.233782,0.000842,13.735584
7800,R_hip_roll,-0.264957,-0.066239,-0.017625,-6.089371
7800,R_hip_yaw,-0.125723,-0.031431,-0.019915,-0.964614
7800,R_hip_pitch,0.821553,0.555388,0.462044,11.571294
7800,R_knee,1.337634,0.984409,1.032113,-6.167473
7800,R_foot_pitch,-1.007956,-0.400796,-0.354181,-2.865600
7800,R_foot_roll,0.021778,0.002178,-0.020188,0.315457
7810,L_hip_roll,1.466736,0.366684,0.000242,43.839764
7810,L_hip_yaw,-0.191205,-0.047801,-0.010542,-4.470457
7810,L_hip_pitch,0.418765,-0.245309,-0.369612,14.920012
7810,L_knee,0.709342,-0.472665,-0.655391,21.980300
7810,L_foot_pitch,-1.301408,0.169859,0.289056,-7.198161
7810,L_foot_roll,2.399659,0.239966,0.004173,13.759794
7810,R_hip_roll,-0.156528,-0.039132,-0.015318,-3.068683
7810,R_hip_yaw,-0.133833,-0.033458,-0.024322,-0.649405
7810,R_hip_pitch,0.830142,0.557536,0.457402,12.544529
7810,R_knee,1.360640,0.990160,1.032680,-4.860710
7810,R_foot_pitch,-1.020188,-0.402019,-0.353728,-2.927685
7810,R_foot_roll,0.079400,0.007940,-0.009272,-0.020861
7820,L_hip_roll,1.413791,0.353448,0.001817,42.019399
7820,L_hip_yaw,-0.197488,-0.049372,-0.010598,-4.647188
7820,L_hip_pitch,0.383616,-0.254096,-0.369178,13.733054
7820,L_knee,0.766858,-0.458286,-0.655232,23.564334
7820,L_foot_pitch,-1.279957,0.172004,0.289228,-7.026805
7820,L_foot_roll,2.352745,0.235275,0.007794,13.311680
7820,R_hip_roll,-0.173797,-0.043449,-0.013014,-3.896934
7820,R_hip_yaw,-0.124568,-0.031142,-0.028987,0.207431
7820,R_hip_pitch,0.779486,0.544872,0.451725,11.760227
7820,R_knee,1.390998,0.997749,1.027488,-2.849898
7820,R_foot_pitch,-1.021368,-0.402137,-0.353551,-2.925039
7820,R_foot_roll,0.133568,0.013357,0.000415,-0.074254
7830,L_hip_roll,1.410511,0.352628,0.003629,41.697200
7830,L_hip_yaw,-0.245211,-0.061303,-0.010656,-6.074134
7830,L_hip_pitch,0.364840,-0.258790,-0.367766,12.891594
7830,L_knee,0.764215,-0.458946,-0.653441,23.079313
7830,L_foot_pitch,-1.238193,0.176181,0.288667,-6.655728
7830,L_foot_roll,2.315029,0.231503,0.010133,13.116689
7830,R_hip_roll,-0.133318,-0.033329,-0.010749,-2.920199
7830,R_hip_yaw,-0.107061,-0.026765,-0.032947,1.071634
7830,R_hip_pitch,0.757094,0.539274,0.446004,11.737273
7830,R_knee,1.454529,1.013632,1.018836,0.329247
7830,R_foot_pitch,-1.048822,-0.404882,-0.353520,-3.080648
7830,R_foot_roll,0.190768,0.019077,0.008293,-0.047189
7840,L_hip_roll,1.480477,0.370119,0.005515,43.561837
7840,L_hip_yaw,-0.217582,-0.054396,-0.010759,-5.222006
7840,L_hip_pitch,0.385149,-0.253713,-0.365729,13.230520
7840,L_knee,0.795197,-0.451201,-0.650243,23.524162
7840,L_foot_pitch,-1.178325,0.182168,0.287392,-6.160305
7840,L_foot_roll,2.257560,0.225756,0.011019,12.840353
7840,R_hip_roll,-0.109694,-0.027424,-0.008781,-2.422410
7840,R_hip_yaw,-0.114410,-0.028602,-0.034834,0.825008
7840,R_hip_pitch,0.704655,0.526164,0.441642,10.477071
7840,R_knee,1.436697,1.009174,1.010021,0.697846
7840,R_foot_pitch,-1.044392,-0.404439,-0.353599,-3.038841
7840,R_foot_roll,0.223847,0.022385,0.014869,-0.135307
7850,L_hip_roll,1.454733,0.363683,0.007757,42.465116
7850,L_hip_yaw,-0.194028,-0.048507,-0.010891,-4.500401
7850,L_hip_pitch,0.337754,-0.265562,-0.363031,11.390332
7850,L_knee,0.774919,-0.456270,-0.645740,22.227996
7850,L_foot_pitch,-1.177308,0.182269,0.285481,-5.975091
7850,L_foot_roll,2.200343,0.220034,0.009383,12.926407
7850,R_hip_roll,-0.153826,-0.038456,-0.006812,-4.002313
7850,R_hip_yaw,-0.103908,-0.025977,-0.034501,0.909083
7850,R_hip_pitch,0.692748,0.523187,0.438971,10.306645
7850,R_knee,1.491721,1.022930,1.002527,3.137115
7850,R_foot_pitch,-1.076689,-0.407669,-0.353727,-3.223282
7850,R_foot_roll,0.255852,0.025585,0.019977,-0.089916
7860,L_hip_roll,1.549665,0.387416,0.010247,45.011985
7860,L_hip_yaw,-0.168631,-0.042158,-0.010980,-3.733699
7860,L_hip_pitch,0.323478,-0.269130,-0.360069,10.629842
7860,L_knee,0.782570,-0.454357,-0.640549,21.823762
7860,L_foot_pitch,-1.111487,0.188851,0.283181,-5.423463
7860,L_foot_roll,2.148621,0.214862,0.006119,12.853843
7860,R_hip_roll,-0.162365,-0.040591,-0.004937,-4.451793
7860,R_hip_yaw,-0.116268,-0.029067,-0.032185,0.064449
7860,R_hip_pitch,0.708348,0.527087,0.438588,10.524362
7860,R_knee,1.486908,1.021727,0.997933,3.123984
7860,R_foot_pitch,-1.052729,-0.405273,-0.353897,-3.063972
7860,R_foot_roll,0.272615,0.027262,0.023908,-0.139693
7870,L_hip_roll,1.554870,0.388718,0.012990,44.795392
7870,L_hip_yaw,-0.129987,-0.032497,-0.011006,-2.577442
7870,L_hip_pitch,0.308422,-0.272895,-0.357533,9.930897
7870,L_knee,0.779493,-0.455127,-0.635464,21.149339
7870,L_foot_pitch,-1.099877,0.190012,0.280784,-5.206963
7870,L_foot_roll,2.081972,0.208197,0.002031,12.809105
7870,R_hip_roll,-0.214001,-0.053500,-0.003124,-6.232368
7870,R_hip_yaw,-0.118684,-0.029671,-0.028829,-0.441368
7870,R_hip_pitch,0.706041,0.526510,0.441243,9.834728
7870,R_knee,1.491888,1.022972,0.997461,2.937411
7870,R_foot_pitch,-1.038155,-0.403816,-0.354053,-2.972453
7870,R_foot_roll,0.280828,0.028083,0.026694,-0.135348
7880,L_hip_roll,1.546278,0.386569,0.016046,44.148623
7880,L_hip_yaw,-0.107156,-0.026789,-0.010948,-1.908861
7880,L_hip_pitch,0.295830,-0.276042,-0.355595,9.379957
7880,L_knee,0.762261,-0.459435,-0.630785,20.119854
7880,L_foot_pitch,-1.077459,0.192254,0.278421,-4.939766
7880,L_foot_roll,2.018833,0.201883,-0.002729,12.752317
7880,R_hip_roll,-0.249465,-0.062366,-0.001352,-7.490624
7880,R_hip_yaw,-0.127987,-0.031997,-0.025585,-1.068058
7880,R_hip_pitch,0.721409,0.530352,0.446707,9.382744
7880,R_knee,1.496454,1.024114,1.000587,2.376763
7880,R_foot_pitch,-1.011496,-0.401150,-0.354150,-2.812721
7880,R_foot_roll,0.284982,0.028498,0.028442,-0.131127
7890,L_hip_roll,1.537065,0.384266,0.019224,43.485472
7890,L_hip_yaw,-0.075504,-0.018876,-0.010840,-0.974436
7890,L_hip_pitch,0.264476,-0.283881,-0.354369,8.369530
7890,L_knee,0.769337,-0.457666,-0.626839,19.947942
7890,L_foot_pitch,-1.044575,0.195542,0.276261,-4.640964
7890,L_foot_roll,1.941572,0.194157,-0.007259,12.500109
7890,R_hip_roll,-0.259152,-0.064788,0.000136,-7.923472
7890,R_hip_yaw,-0.131438,-0.032860,-0.023330,-1.305159
7890,R_hip_pitch,0.730350,0.532587,0.454487,8.511463
7890,R_knee,1.468154,1.017038,1.006429,0.604169
7890,R_foot_pitch,-0.969839,-0.396984,-0.354180,-2.567912
7890,R_foot_roll,0.264667,0.026467,0.029443,-0.251280
7900,L_hip_roll,1.444059,0.361015,0.022525,40.281197
7900,L_hip_yaw,-0.045119,-0.011280,-0.010708,-0.081728
7900,L_hip_pitch,0.227048,-0.293238,-0.353829,7.242395
7900,L_knee,0.765501,-0.458625,-0.623732,19.539041
7900,L_foot_pitch,-1.017622,0.198238,0.274384,-4.394897
7900,L_foot_roll,1.816112,0.181611,-0.011385,11.971388
7900,R_hip_roll,-0.274325,-0.068581,0.001309,-8.490817
7900,R_hip_yaw,-0.128250,-0.032063,-0.022490,-1.173166
7900,R_hip_pitch,0.708969,0.527242,0.463648,6.687752
7900,R_knee,1.425659,1.006415,1.013035,-1.423103
7900,R_foot_pitch,-0.946739,-0.394674,-0.354120,-2.442484
7900,R_foot_roll,0.244147,0.024415,0.029547,-0.282461
7910,L_hip_roll,1.342893,0.335723,0.025912,36.840651
7910,L_hip_yaw,-0.011978,-0.002995,-0.010567,0.896296
7910,L_hip_pitch,0.163806,-0.309049,-0.353677,5.351355
7910,L_knee,0.766690,-0.458327,-0.621299,19.345128
7910,L_foot_pitch,-0.959633,0.204037,0.272823,-3.994625
7910,L_foot_roll,1.668053,0.166805,-0.015261,11.278651
7910,R_hip_roll,-0.245941,-0.061485,0.002034,-7.667552
7910,R_hip_yaw,-0.125858,-0.031464,-0.022677,-1.005348
7910,R_hip_pitch,0.698557,0.524639,0.472690,5.373094
7910,R_knee,1.356672,0.989168,1.017539,-3.696426
7910,R_foot_pitch,-0.921513,-0.392151,-0.353988,-2.304711
7910,R_foot_roll,0.214191,0.021419,0.028784,-0.342781
7920,L_hip_roll,1.214383,0.303596,0.029311,32.573617
7920,L_hip_yaw,0.027641,0.006910,-0.010429,2.066806
7920,L_hip_pitch,0.077293,-0.330677,-0.353801,2.800266
7920,L_knee,0.780985,-0.454754,-0.619532,19.627798
7920,L_foot_pitch,-0.900523,0.209948,0.271628,-3.594666
7920,L_foot_roll,1.470492,0.147049,-0.018668,10.258873
7920,R_hip_roll,-0.210013,-0.052503,0.002224,-6.562774
7920,R_hip_yaw,-0.111417,-0.027854,-0.023343,-0.465844
7920,R_hip_pitch,0.636884,0.509221,0.480210,2.820350
7920,R_knee,1.243078,0.960769,1.017065,-6.436896
7920,R_foot_pitch,-0.913250,-0.391325,-0.353807,-2.270121
7920,R_foot_roll,0.196541,0.019654,0.027128,-0.256806
7930,L_hip_roll,1.031568,0.257892,0.032853,26.644120
7930,L_hip_yaw,0.070521,0.017630,-0.010275,3.332577
7930,L_hip_pitch,-0.019958,-0.354990,-0.354010,-0.095323
7930,L_knee,0.788192,-0.452952,-0.618196,19.713244
7930,L_foot_pitch,-0.827807,0.217219,0.270653,-3.119541
7930,L_foot_roll,1.194875,0.119487,-0.022480,8.925767
7930,R_hip_roll,-0.140083,-0.035021,0.001949,-4.386426
7930,R_hip_yaw,-0.088265,-0.022066,-0.023626,0.178512
7930,R_hip_pitch,0.554058,0.488514,0.484623,0.191356
7930,R_knee,1.099932,0.924983,1.008305,-8.703319
7930,R_foot_pitch,-0.926760,-0.392676,-0.353607,-2.363466
7930,R_foot_roll,0.184604,0.018460,0.024990,-0.179853
7940,L_hip_roll,0.827287,0.206822,0.036498,20.112278
7940,L_hip_yaw,0.106357,0.026589,-0.010101,4.390715
7940,L_hip_pitch,-0.127404,-0.381851,-0.354304,-3.205187
7940,L_knee,0.817945,-0.445514,-0.617350,20.669790
7940,L_foot_pitch,-0.728401,0.227160,0.269727,-2.551009
7940,L_foot_roll,0.868615,0.086861,-0.026171,6.790353
7940,R_hip_roll,-0.017830,-0.004458,0.001233,-0.577677
7940,R_hip_yaw,-0.057614,-0.014403,-0.022478,0.787072
7940,R_hip_pitch,0.452686,0.463172,0.484292,-2.283076
7940,R_knee,0.913930,0.878482,0.987972,-10.570853
7940,R_foot_pitch,-0.936665,-0.393666,-0.353435,-2.428872
7940,R_foot_roll,0.156372,0.015637,0.022907,-0.242769
7950,L_hip_roll,0.542469,0.135617,0.040218,11.072976
7950,L_hip_yaw,0.143548,0.035887,-0.009907,5.475012
7950,L_hip_pitch,-0.206807,-0.401702,-0.354772,-5.556986
7950,L_knee,0.814628,-0.446343,-0.617182,20.535066
7950,L_foot_pitch,-0.644513,0.235549,0.269764,-2.046487
7950,L_foot_roll,0.423029,0.042303,-0.029547,4.734900
7950,R_hip_roll,0.109424,0.027356,0.000267,3.356924
7950,R_hip_yaw,-0.021926,-0.005481,-0.019195,1.228313
7950,R_hip_pitch,0.288659,0.422165,0.477885,-5.784612
7950,R_knee,0.668593,0.817148,0.953330,-12.257284
7950,R_foot_pitch,-0.982762,-0.398276,-0.353307,-2.708396
7950,R_foot_roll,0.126613,0.012661,0.020504,-0.213845
7960,L_hip_roll,0.219759,0.054940,0.043818,0.999131
7960,L_hip_yaw,0.161504,0.040376,-0.009788,6.011137
7960,L_hip_pitch,-0.267415,-0.416854,-0.355570,-7.257048
7960,L_knee,0.785129,-0.453718,-0.618003,19.842532
7960,L_foot_pitch,-0.533698,0.246630,0.269760,-1.391182
7960,L_foot_roll,-0.059829,-0.005983,-0.032571,1.785588
7960,R_hip_roll,0.276343,0.069086,-0.000834,8.511926
7960,R_hip_yaw,0.017382,0.004346,-0.013562,1.501392
7960,R_hip_pitch,0.114178,0.378545,0.463803,-8.492051
7960,R_knee,0.420170,0.755042,0.901605,-11.696106
7960,R_foot_pitch,-1.013401,-0.401340,-0.353254,-2.886503
7960,R_foot_roll,0.068204,0.006820,0.017336,-0.290340
7970,L_hip_roll,-0.193649,-0.048412,0.047011,-11.722314
7970,L_hip_yaw,0.153697,0.038424,-0.009805,5.802058
7970,L_hip_pitch,-0.280506,-0.420127,-0.356276,-7.552017
7970,L_knee,0.709912,-0.472522,-0.619584,17.890770
7970,L_foot_pitch,-0.345538,0.265446,0.270646,-0.381816
7970,L_foot_roll,-0.591707,-0.059171,-0.035645,-1.218027
7970,R_hip_roll,0.460436,0.115109,-0.001965,14.172870
7970,R_hip_yaw,0.057232,0.014308,-0.005973,1.634570
7970,R_hip_pitch,-0.111616,0.322096,0.440907,-11.634231
7970,R_knee,0.139658,0.684914,0.831587,-9.920052
7970,R_foot_pitch,-0.966105,-0.396611,-0.353284,-2.592973
7970,R_foot_roll,-0.050344,-0.005034,0.012611,-0.530504
7980,L_hip_roll,-0.710616,-0.177654,0.049183,-27.363592
7980,L_hip_yaw,0.102273,0.025568,-0.010229,4.353680
7980,L_hip_pitch,-0.244319,-0.411080,-0.356997,-6.401316
7980,L_knee,0.576817,-0.505796,-0.622660,14.424161
7980,L_foot_pitch,-0.041726,0.295827,0.272305,1.186670
7980,L_foot_roll,-1.021811,-0.102181,-0.038824,-3.531510
7980,R_hip_roll,0.583350,0.145838,-0.003174,18.017204
7980,R_hip_yaw,0.082931,0.020733,0.002292,1.417155
7980,R_hip_pitch,-0.278583,0.280354,0.408738,-11.856825
7980,R_knee,-0.142666,0.614333,0.744087,-6.245495
7980,R_foot_pitch,-0.734167,-0.373417,-0.353318,-1.202942
7980,R_foot_roll,-0.297486,-0.029749,0.004730,-1.173012
7990,L_hip_roll,-1.035224,-0.258806,0.049139,-36.812869
7990,L_hip_yaw,0.032710,0.008178,-0.011214,2.444140
7990,L_hip_pitch,-0.024074,-0.356018,-0.357691,0.289223
7990,L_knee,0.238460,-0.590385,-0.627730,5.092837
7990,L_foot_pitch,0.304982,0.330498,0.275286,2.956223
7990,L_foot_roll,-1.119029,-0.111903,-0.041276,-4.014939
7990,R_hip_roll,0.596486,0.149122,-0.005008,18.734402
7990,R_hip_yaw,0.092581,0.023145,0.009028,1.161524
7990,R_hip_pitch,-0.184997,0.303751,0.368414,-3.519075
7990,R_knee,-0.545334,0.513666,0.643232,-5.206138
7990,R_foot_pitch,-0.382080,-0.338208,-0.353126,0.866375
7990,R_foot_roll,-0.656699,-0.065670,-0.009217,-1.793472
8000,L_hip_roll,-0.785598,-0.196399,0.049244,-29.486160
8000,L_hip_yaw,-0.083935,-0.020984,-0.010376,-1.382837
8000,L_hip_pitch,-0.133079,-0.383270,-0.357433,-3.206759
8000,L_knee,-0.119363,-0.679841,-0.632403,-5.260549
8000,L_foot_pitch,1.023924,0.402392,0.278612,7.237134
8000,L_foot_roll,-0.471268,-0.047127,-0.043975,0.067611
8000,R_hip_roll,0.103350,0.025838,-0.006461,3.874289
8000,R_hip_yaw,-0.220147,-0.055037,0.010214,-8.050271
8000,R_hip_pitch,0.134307,0.383577,0.352581,4.819549
8000,R_knee,-1.340906,0.314774,0.601689,-31.647169
8000,R_foot_pitch,-0.105253,-0.310525,-0.255431,-12.532254
8000,R_foot_roll,-1.219604,-0.121960,0.006781,-7.757473
8010,L_hip_roll,-0.914409,-0.228602,0.051320,-33.754899
8010,L_hip_yaw,-0.020809,-0.005202,-0.008547,0.182264
8010,L_hip_pitch,0.424838,-0.243791,-0.360165,14.452224
8010,L_knee,-0.638605,-0.809651,-0.643498,-18.379239
8010,L_foot_pitch,1.391533,0.439153,0.298685,5.222720
8010,L_foot_roll,-0.043888,-0.004389,-0.043759,2.197306
8010,R_hip_roll,-0.584433,-0.146108,-0.003859,-17.396050
8010,R_hip_yaw,-0.155440,-0.038860,0.011635,-6.100514
8010,R_hip_pitch,0.555343,0.488836,0.353909,16.116833
8010,R_knee,-1.604274,0.248932,0.606126,-43.202644
8010,R_foot_pitch,0.219033,-0.278097,-0.255790,-1.254250
8010,R_foot_roll,-1.744132,-0.174413,0.006958,-10.696021
8020,L_hip_roll,-0.558002,-0.139501,0.050453,-22.442063
8020,L_hip_yaw,-0.018111,-0.004528,-0.003039,-1.181037
8020,L_hip_pitch,0.363709,-0.259073,-0.367902,13.900123
8020,L_knee,-1.155345,-0.938836,-0.669522,-29.187659
8020,L_foot_pitch,1.634000,0.463400,0.343982,1.806627
8020,L_foot_roll,0.335185,0.033518,-0.031975,2.133059
8020,R_hip_roll,-0.971527,-0.242882,-0.001433,-29.153003
8020,R_hip_yaw,-0.235806,-0.058951,0.012051,-8.565403
8020,R_hip_pitch,0.586156,0.496539,0.354546,16.995610
8020,R_knee,-1.677977,0.230506,0.609338,-45.772795
8020,R_foot_pitch,0.552712,-0.244729,-0.256765,0.839855
8020,R_foot_roll,-1.960753,-0.196075,0.005109,-11.895561
8030,L_hip_roll,-0.169568,-0.042392,0.044986,-9.798119
8030,L_hip_yaw,0.003522,0.000880,0.008698,-2.113954
8030,L_hip_pitch,0.306490,-0.273377,-0.382042,14.802113
8030,L_knee,-1.123930,-0.930983,-0.716040,-20.185999
8030,L_foot_pitch,1.695959,0.469596,0.383967,2.909371
8030,L_foot_roll,0.734353,0.073435,-0.005483,1.791397
8030,R_hip_roll,-1.066640,-0.266660,0.000058,-32.125655
8030,R_hip_yaw,-0.187145,-0.046786,0.011897,-6.982551
8030,R_hip_pitch,0.659396,0.514849,0.355221,19.090057
8030,R_knee,-1.455829,0.286043,0.612249,-39.404519
8030,R_foot_pitch,1.045283,-0.195472,-0.257891,3.854918
8030,R_foot_roll,-1.797758,-0.179776,0.003499,-10.846406
8040,L_hip_roll,0.099174,0.024794,0.037480,-0.731867
8040,L_hip_yaw,0.000454,0.000114,0.017932,-2.794540
8040,L_hip_pitch,0.110587,-0.322353,-0.401487,11.459452
8040,L_knee,-1.293698,-0.973424,-0.778249,-16.935677
8040,L_foot_pitch,1.671783,0.467178,0.393689,4.186987
8040,L_foot_roll,0.811639,0.081164,0.028828,-0.312135
8040,R_hip_roll,-1.188635,-0.297159,0.001024,-35.857180
8040,R_hip_yaw,-0.199390,-0.049848,0.011351,-7.300796
8040,R_hip_pitch,0.651173,0.512793,0.356526,18.595608
8040,R_knee,-1.419273,0.295182,0.615152,-38.694571
8040,R_foot_pitch,1.115759,-0.188424,-0.258979,4.344809
8040,R_foot_roll,-1.863715,-0.186372,0.002220,-11.195221
8050,L_hip_roll,0.252243,0.063061,0.030172,4.634039
8050,L_hip_yaw,0.038383,0.009596,0.019794,-1.049933
8050,L_hip_pitch,-0.194488,-0.398622,-0.422361,4.911066
8050,L_knee,-1.285197,-0.971299,-0.847273,-7.879169
8050,L_foot_pitch,1.549001,0.454900,0.391284,4.312910
8050,L_foot_roll,0.762501,0.076250,0.059017,-1.496395
8050,R_hip_roll,-1.396992,-0.349248,0.001940,-42.241647
8050,R_hip_yaw,-0.179911,-0.044978,0.010897,-6.667764
8050,R_hip_pitch,0.289563,0.422391,0.358798,7.373109
8050,R_knee,-1.131848,0.367038,0.618166,-30.421088
8050,R_foot_pitch,1.232498,-0.176750,-0.259956,5.074632
8050,R_foot_roll,-1.907676,-0.190768,0.001002,-11.388739
8060,L_hip_roll,0.417011,0.104253,0.023649,10.306330
8060,L_hip_yaw,0.077939,0.019485,0.015444,1.089699
8060,L_hip_pitch,-0.491052,-0.472763,-0.441914,-1.931759
8060,L_knee,-1.178389,-0.944597,-0.916135,3.182884
8060,L_foot_pitch,1.467472,0.446747,0.385015,4.383341
8060,L_foot_roll,0.672518,0.067252,0.076156,-1.637488
8060,R_hip_roll,-1.410674,-0.352668,0.002798,-42.725262
8060,R_hip_yaw,-0.141001,-0.035250,0.010385,-5.422053
8060,R_hip_pitch,0.026306,0.356576,0.361536,-0.860012
8060,R_knee,-0.992050,0.401988,0.621192,-26.602682
8060,R_foot_pitch,1.170326,-0.182967,-0.260913,4.776269
8060,R_foot_roll,-1.835798,-0.183580,-0.000079,-10.911225
8070,L_hip_roll,0.421346,0.105337,0.017911,11.025092
8070,L_hip_yaw,0.051141,0.012785,0.009169,1.047322
8070,L_hip_pitch,-0.632466,-0.508117,-0.456603,-5.016004
8070,L_knee,-1.233886,-0.958472,-0.975307,7.261770
8070,L_foot_pitch,1.437453,0.443745,0.378277,4.574702
8070,L_foot_roll,0.514045,0.051405,0.079606,-1.566863
8070,R_hip_roll,-1.445090,-0.361272,0.003552,-43.854391
8070,R_hip_yaw,-0.083086,-0.020772,0.009704,-3.582293
8070,R_hip_pitch,-0.077487,0.330628,0.363619,-4.108053
8070,R_knee,-0.884459,0.428885,0.623531,-23.527366
8070,R_foot_pitch,1.172686,-0.182731,-0.261764,4.809542
8070,R_foot_roll,-1.874108,-0.187411,-0.001011,-11.094070
8080,L_hip_roll,0.496601,0.124150,0.012999,13.803413
8080,L_hip_yaw,0.033384,0.008346,0.002715,1.308943
8080,L_hip_pitch,-0.665132,-0.516283,-0.465160,-5.563291
8080,L_knee,-1.220904,-0.955226,-1.019779,11.474109
8080,L_foot_pitch,1.403883,0.440388,0.372410,4.610362
8080,L_foot_roll,0.397619,0.039762,0.071969,-0.852423
8080,R_hip_roll,-1.348588,-0.337147,0.004159,-41.001657
8080,R_hip_yaw,0.027678,0.006920,0.008843,-0.138264
8080,R_hip_pitch,-0.216792,0.295802,0.364729,-8.343541
8080,R_knee,-0.768353,0.457912,0.624824,-20.117015
8080,R_foot_pitch,1.187099,-0.181290,-0.262369,4.914236
8080,R_foot_roll,-1.830411,-0.183041,-0.001878,-10.790731
8090,L_hip_roll,0.395130,0.098782,0.009114,11.092774
8090,L_hip_yaw,0.017220,0.004305,-0.003422,1.491548
8090,L_hip_pitch,-0.730176,-0.532544,-0.466749,-8.075351
8090,L_knee,-1.291235,-0.972809,-1.047377,10.899470
8090,L_foot_pitch,1.467233,0.446723,0.367774,5.145128
8090,L_foot_roll,0.399212,0.039921,0.057940,0.403755
8090,R_hip_roll,-1.465181,-0.366295,0.004674,-44.571422
8090,R_hip_yaw,0.032052,0.008013,0.008137,0.037687
8090,R_hip_pitch,-0.213256,0.296686,0.364577,-8.061244
8090,R_knee,-0.824872,0.443782,0.624990,-21.701450
8090,R_foot_pitch,1.164045,-0.183595,-0.262700,4.762902
8090,R_foot_roll,-1.990624,-0.199062,-0.002673,-11.706439
8100,L_hip_roll,0.406885,0.101721,0.005939,11.798951
8100,L_hip_yaw,0.008692,0.002173,-0.008292,1.662060
8100,L_hip_pitch,-0.636304,-0.509076,-0.462170,-6.300044
8100,L_knee,-1.402436,-1.000609,-1.058817,7.482724
8100,L_foot_pitch,1.473179,0.447318,0.364383,5.263688
8100,L_foot_roll,0.314671,0.031467,0.045096,0.248673
8100,R_hip_roll,-1.573352,-0.393338,0.004987,-47.811507
8100,R_hip_yaw,0.064092,0.016023,0.007690,1.038143
8100,R_hip_pitch,-0.203826,0.299044,0.363352,-7.569903
8100,R_knee,-0.809028,0.447743,0.624079,-21.032447
8100,R_foot_pitch,1.186742,-0.181326,-0.262700,4.867235
8100,R_foot_roll,-2.136967,-0.213697,-0.003388,-12.556720
8110,L_hip_roll,0.382842,0.095711,0.003026,11.400986
8110,L_hip_yaw,0.025124,0.006281,-0.011398,2.343222
8110,L_hip_pitch,-0.684911,-0.521228,-0.453354,-9.174285
8110,L_knee,-1.477408,-1.019352,-1.057952,4.101271
8110,L_foot_pitch,1.432231,0.443223,0.362060,5.061983
8110,L_foot_roll,0.301885,0.030188,0.035521,0.500187
8110,R_hip_roll,-1.643620,-0.410905,0.004797,-49.840168
8110,R_hip_yaw,0.036218,0.009054,0.007554,0.176391
8110,R_hip_pitch,-0.350154,0.262462,0.361781,-11.758607
8110,R_knee,-0.793528,0.451618,0.622820,-20.419135
8110,R_foot_pitch,1.278819,-0.172118,-0.262578,5.414359
8110,R_foot_roll,-2.195408,-0.219541,-0.004116,-12.864927
8120,L_hip_roll,0.330450,0.082613,0.000432,10.100320
8120,L_hip_yaw,0.036530,0.009132,-0.011980,2.461594
8120,L_hip_pitch,-0.588565,-0.497141,-0.442459,-7.673657
8120,L_knee,-1.497122,-1.024281,-1.049912,2.087762
8120,L_foot_pitch,1.388680,0.438868,0.360490,4.833914
8120,L_foot_roll,0.277175,0.027717,0.029334,0.357733
8120,R_hip_roll,-1.647975,-0.411994,0.004144,-49.859310
8120,R_hip_yaw,0.080626,0.020156,0.007487,1.537020
8120,R_hip_pitch,-0.234424,0.291394,0.359887,-8.019835
8120,R_knee,-0.861947,0.434513,0.621375,-22.275660
8120,R_foot_pitch,1.316157,-0.168384,-0.262434,5.629999
8120,R_foot_roll,-2.222099,-0.222210,-0.004338,-13.048922
8130,L_hip_roll,0.353369,0.088342,-0.001834,11.032711
8130,L_hip_yaw,0.028231,0.007058,-0.009271,1.545822
8130,L_hip_pitch,-0.546248,-0.486562,-0.431258,-7.735295
8130,L_knee,-1.502139,-1.025535,-1.038367,0.293128
8130,L_foot_pitch,1.353288,0.435329,0.359401,4.647696
8130,L_foot_roll,0.212395,0.021240,0.026123,-0.069890
8130,R_hip_roll,-1.560278,-0.390070,0.003132,-47.067098
8130,R_hip_yaw,0.110128,0.027532,0.007509,2.389663
8130,R_hip_pitch,-0.285281,0.278680,0.358083,-9.372908
8130,R_knee,-0.891918,0.427021,0.619958,-23.023602
8130,R_foot_pitch,1.295684,-0.170432,-0.262222,5.484458
8130,R_foot_roll,-2.175048,-0.217505,-0.004399,-12.779333
8140,L_hip_roll,0.236272,0.059068,-0.003237,7.556851
8140,L_hip_yaw,0.063535,0.015884,-0.004226,1.855197
8140,L_hip_pitch,-0.577661,-0.494415,-0.420559,-9.882009
8140,L_knee,-1.503938,-1.025984,-1.025548,-1.320652
8140,L_foot_pitch,1.288300,0.428830,0.358626,4.278447
8140,L_foot_roll,0.076741,0.007674,0.023176,-0.609609
8140,R_hip_roll,-1.583620,-0.395905,0.002114,-47.675703
8140,R_hip_yaw,0.143735,0.035934,0.007750,3.353363
8140,R_hip_pitch,-0.385889,0.253528,0.356286,-12.143241
8140,R_knee,-0.838039,0.440490,0.618222,-21.128293
8140,R_foot_pitch,1.198481,-0.180152,-0.261773,4.836921
8140,R_foot_roll,-2.227264,-0.222726,-0.004282,-13.115259
8150,L_hip_roll,0.238235,0.059559,-0.003780,7.633856
8150,L_hip_yaw,0.051679,0.012920,0.002654,0.466603
8150,L_hip_pitch,-0.513159,-0.478290,-0.411416,-8.832800
8150,L_knee,-1.490924,-1.022731,-1.014068,-2.056808
8150,L_foot_pitch,1.307733,0.430773,0.358020,4.420341
8150,L_foot_roll,0.013381,0.001338,0.017772,-0.347848
8150,R_hip_roll,-1.577931,-0.394483,0.001158,-47.373970
8150,R_hip_yaw,0.181143,0.045286,0.008073,4.434807
8150,R_hip_pitch,-0.342408,0.264398,0.354436,-10.628257
8150,R_knee,-0.902755,0.424311,0.616300,-22.856260
8150,R_foot_pitch,1.086261,-0.191374,-0.261175,4.130569
8150,R_foot_roll,-2.292274,-0.229227,-0.004067,-13.543360
8160,L_hip_roll,0.177866,0.044467,-0.003757,5.757040
8160,L_hip_yaw,0.055599,0.013900,0.010132,-0.256974
8160,L_hip_pitch,-0.523120,-0.480780,-0.404331,-9.785595
8160,L_knee,-1.568229,-1.042057,-1.005237,-5.168520
8160,L_foot_pitch,1.326389,0.432639,0.357565,4.542536
8160,L_foot_roll,-0.077092,-0.007709,0.010086,-0.273451
8160,R_hip_roll,-1.623825,-0.405956,0.000095,-48.617487
8160,R_hip_yaw,0.215255,0.053814,0.008462,5.401582
8160,R_hip_pitch,-0.389489,0.252628,0.352659,-11.831247
8160,R_knee,-0.876104,0.430974,0.614434,-21.830658
8160,R_foot_pitch,1.062528,-0.193747,-0.260558,3.943290
8160,R_foot_roll,-2.373944,-0.237394,-0.003751,-14.046379
8170,L_hip_roll,0.144839,0.036210,-0.003362,4.703773
8170,L_hip_yaw,0.072161,0.018040,0.016379,-0.339550
8170,L_hip_pitch,-0.546671,-0.486668,-0.400188,-10.629156
8170,L_knee,-1.585489,-1.046372,-1.001277,-5.518956
8170,L_foot_pitch,1.276333,0.427633,0.357287,4.241725
8170,L_foot_roll,-0.088942,-0.008894,0.001303,0.254231
8170,R_hip_roll,-1.561722,-0.390431,-0.001128,-46.581803
8170,R_hip_yaw,0.221457,0.055364,0.008878,5.538988
8170,R_hip_pitch,-0.398417,0.250396,0.351271,-11.994323
8170,R_knee,-0.882113,0.429472,0.613090,-21.940241
8170,R_foot_pitch,1.016328,-0.198367,-0.260102,3.672487
8170,R_foot_roll,-2.291119,-0.229112,-0.003995,-13.447903
8180,L_hip_roll,0.171407,0.042852,-0.002896,5.443266
8180,L_hip_yaw,0.076252,0.019063,0.021052,-0.632837
8180,L_hip_pitch,-0.596494,-0.499124,-0.399883,-11.769951
8180,L_knee,-1.556845,-1.039211,-1.004044,-3.652225
8180,L_foot_pitch,1.251062,0.425106,0.357086,4.100378
8180,L_foot_roll,-0.069083,-0.006908,-0.006094,0.563267
8180,R_hip_roll,-1.516364,-0.379091,-0.002639,-45.008813
8180,R_hip_yaw,0.206638,0.051660,0.009216,5.064450
8180,R_hip_pitch,-0.381056,0.254736,0.350389,-11.406983
8180,R_knee,-0.888298,0.427925,0.612371,-22.080206
8180,R_foot_pitch,1.009657,-0.199034,-0.259834,3.625527
8180,R_foot_roll,-2.200852,-0.220085,-0.004110,-12.978259
8190,L_hip_roll,0.136194,0.034048,-0.002326,4.300037
8190,L_hip_yaw,0.080851,0.020213,0.023951,-0.646158
8190,L_hip_pitch,-0.625278,-0.506319,-0.403300,-11.874785
8190,L_knee,-1.525911,-1.031478,-1.012462,-1.253204
8190,L_foot_pitch,1.206922,0.420692,0.356877,3.850373
8190,L_foot_roll,-0.043208,-0.004321,-0.010125,0.598968
8190,R_hip_roll,-1.510933,-0.377733,-0.004436,-44.604393
8190,R_hip_yaw,0.193001,0.048250,0.009369,4.659945
8190,R_hip_pitch,-0.374563,0.256359,0.349870,-11.182537
8190,R_knee,-0.866591,0.433352,0.611807,-21.357127
8190,R_foot_pitch,1.020173,-0.197983,-0.259517,3.655189
8190,R_foot_roll,-2.107129,-0.210713,-0.002966,-12.637949
8200,L_hip_roll,0.176712,0.044178,-0.001864,5.493411
8200,L_hip_yaw,0.075046,0.018761,0.024893,-0.746245
8200,L_hip_pitch,-0.644116,-0.511029,-0.409490,-11.480440
8200,L_knee,-1.489579,-1.022395,-1.023685,1.314855
8200,L_foot_pitch,1.198304,0.419830,0.356619,3.820125
8200,L_foot_roll,0.013928,0.001393,-0.010645,0.652479
8200,R_hip_roll,-1.453451,-0.363363,-0.006728,-42.537666
8200,R_hip_yaw,0.176715,0.044179,0.009298,4.200524
8200,R_hip_pitch,-0.349018,0.262746,0.349674,-10.424624
8200,R_knee,-0.849118,0.437720,0.611265,-20.776428
8200,R_foot_pitch,1.042544,-0.195746,-0.259104,3.759304
8200,R_foot_roll,-2.005098,-0.200510,0.000036,-12.407818
8210,L_hip_roll,0.181005,0.045251,-0.001469,5.566266
8210,L_hip_yaw,0.074100,0.018525,0.023928,-0.467065
8210,L_hip_pitch,-0.675686,-0.518921,-0.417105,-11.430720
8210,L_knee,-1.410354,-1.002588,-1.034409,4.789565
8210,L_foot_pitch,1.146623,0.414662,0.356335,3.527694
8210,L_foot_roll,0.057169,0.005717,-0.008166,0.495164
8210,R_hip_roll,-1.385136,-0.346284,-0.009260,-40.171519
8210,R_hip_yaw,0.140693,0.035173,0.009099,3.151512
8210,R_hip_pitch,-0.340010,0.264998,0.350162,-10.277605
8210,R_knee,-0.821503,0.444624,0.611467,-20.045122
8210,R_foot_pitch,1.071765,-0.192824,-0.258910,3.948025
8210,R_foot_roll,-1.843714,-0.184371,0.001606,-11.340363
8220,L_hip_roll,0.201159,0.050290,-0.001039,6.112848
8220,L_hip_yaw,0.058810,0.014703,0.021242,-0.457188
8220,L_hip_pitch,-0.667084,-0.516771,-0.424658,-10.335500
8220,L_knee,-1.327200,-0.981800,-1.041069,7.517377
8220,L_foot_pitch,1.131475,0.413148,0.356010,3.462035
8220,L_foot_roll,0.081424,0.008142,-0.003742,0.238241
8220,R_hip_roll,-1.297120,-0.324280,-0.012156,-37.149640
8220,R_hip_yaw,0.126605,0.031651,0.008762,2.785200
8220,R_hip_pitch,-0.328565,0.267859,0.350858,-10.032694
8220,R_knee,-0.798190,0.450453,0.611778,-19.390783
8220,R_foot_pitch,1.061234,-0.193877,-0.258727,3.873434
8220,R_foot_roll,-1.726123,-0.172612,0.003456,-10.755480
8230,L_hip_roll,0.170123,0.042531,-0.000374,5.064284
8230,L_hip_yaw,0.046088,0.011522,0.017048,-0.188917
8230,L_hip_pitch,-0.653742,-0.513435,-0.430563,-9.456354
8230,L_knee,-1.249064,-0.962266,-1.040263,8.896029
8230,L_foot_pitch,1.091306,0.409131,0.355664,3.241495
8230,L_foot_roll,0.081147,0.008115,0.000936,-0.003495
8230,R_hip_roll,-1.164968,-0.291242,-0.015320,-32.787006
8230,R_hip_yaw,0.115955,0.028989,0.008340,2.520680
8230,R_hip_pitch,-0.279784,0.280054,0.351435,-8.610515
8230,R_knee,-0.806336,0.448416,0.611965,-19.634383
8230,R_foot_pitch,1.016415,-0.198359,-0.258525,3.588412
8230,R_foot_roll,-1.577214,-0.157721,0.005492,-10.000910
8240,L_hip_roll,0.145878,0.036470,0.000761,4.145865
8240,L_hip_yaw,0.025028,0.006257,0.011762,-0.112051
8240,L_hip_pitch,-0.629257,-0.507314,-0.433815,-8.612932
8240,L_knee,-1.128013,-0.932003,-1.029990,10.310387
8240,L_foot_pitch,1.081752,0.408175,0.355316,3.205442
8240,L_foot_roll,0.079653,0.007965,0.004494,-0.080753
8240,R_hip_roll,-1.092796,-0.273199,-0.018543,-30.240544
8240,R_hip_yaw,0.083744,0.020936,0.007955,1.591412
8240,R_hip_pitch,-0.226496,0.293376,0.351730,-7.022395
8240,R_knee,-0.813922,0.446520,0.611836,-19.810502
8240,R_foot_pitch,0.955661,-0.204434,-0.258222,3.191312
8240,R_foot_roll,-1.447651,-0.144765,0.007669,-9.365264
8250,L_hip_roll,0.080635,0.020159,0.002396,1.945587
8250,L_hip_yaw,0.004879,0.001220,0.005776,0.063705
8250,L_hip_pitch,-0.564487,-0.491122,-0.433917,-6.985428
8250,L_knee,-1.019131,-0.904783,-1.009012,9.948412
8250,L_foot_pitch,1.090509,0.409051,0.354987,3.274192
8250,L_foot_roll,0.065939,0.006594,0.006528,-0.140786
8250,R_hip_roll,-1.002839,-0.250710,-0.021718,-27.166985
8250,R_hip_yaw,0.064897,0.016224,0.007640,1.058978
8250,R_hip_pitch,-0.188070,0.302982,0.351869,-5.881724
8250,R_knee,-0.816051,0.445987,0.611419,-19.803800
8250,R_foot_pitch,0.884866,-0.211513,-0.257800,2.731449
8250,R_foot_roll,-1.340272,-0.134027,0.009951,-8.868035
8260,L_hip_roll,-0.026151,-0.006538,0.004367,-1.518604
8260,L_hip_yaw,-0.014160,-0.003540,-0.000501,0.245998
8260,L_hip_pitch,-0.503443,-0.475861,-0.430530,-5.911649
8260,L_knee,-0.880033,-0.870008,-0.976954,9.198393
8260,L_foot_pitch,1.064834,0.406483,0.354727,3.127085
8260,L_foot_roll,0.049951,0.004995,0.007325,-0.182421
8260,R_hip_roll,-0.869021,-0.217255,-0.024826,-22.787992
8260,R_hip_yaw,0.034760,0.008690,0.007405,0.174054
8260,R_hip_pitch,-0.127934,0.318016,0.351996,-4.097875
8260,R_knee,-0.851677,0.437081,0.610947,-20.824707
8260,R_foot_pitch,0.798867,-0.220113,-0.257367,2.194971
8260,R_foot_roll,-1.139432,-0.113943,0.012315,-7.813413
8270,L_hip_roll,-0.152164,-0.038041,0.006415,-5.540148
8270,L_hip_yaw,-0.034604,-0.008651,-0.006322,0.248707
8270,L_hip_pitch,-0.413703,-0.453426,-0.423751,-4.347942
8270,L_knee,-0.686272,-0.821568,-0.934526,8.944312
8270,L_foot_pitch,1.070760,0.407076,0.354522,3.171236
8270,L_foot_roll,0.026398,0.002640,0.007384,-0.274680
8270,R_hip_roll,-0.749611,-0.187403,-0.027798,-18.868631
8270,R_hip_yaw,0.006796,0.001699,0.007229,-0.645952
8270,R_hip_pitch,-0.081850,0.329537,0.352270,-2.773646
8270,R_knee,-0.869967,0.432508,0.610614,-21.353848
8270,R_foot_pitch,0.692558,-0.230744,-0.256982,1.540395
8270,R_foot_roll,-0.944272,-0.094427,0.014819,-6.805020
8280,L_hip_roll,-0.293648,-0.073412,0.008117,-9.931831
8280,L_hip_yaw,-0.055984,-0.013996,-0.010999,0.030003
8280,L_hip_pitch,-0.291361,-0.422840,-0.413538,-2.252973
8280,L_knee,-0.459637,-0.764909,-0.882146,8.479849
8280,L_foot_pitch,1.039657,0.403966,0.354365,2.988588
8280,L_foot_roll,-0.002407,-0.000241,0.006986,-0.383736
8280,R_hip_roll,-0.514638,-0.128659,-0.030628,-11.491177
8280,R_hip_yaw,-0.008831,-0.002208,0.007054,-1.090628
8280,R_hip_pitch,-0.035278,0.341181,0.352815,-1.473295
8280,R_knee,-0.878275,0.430431,0.610628,-21.652353
8280,R_foot_pitch,0.566197,-0.243380,-0.256757,0.792196
8280,R_foot_roll,-0.633679,-0.063368,0.017447,-5.112742
8290,L_hip_roll,-0.492960,-0.123240,0.009153,-15.962736
8290,L_hip_yaw,-0.068728,-0.017182,-0.014003,-0.177995
8290,L_hip_pitch,-0.134640,-0.383660,-0.399445,0.357908
8290,L_knee,-0.180835,-0.695209,-0.819842,8.400826
8290,L_foot_pitch,0.964045,0.396405,0.354228,2.542917
8290,L_foot_roll,-0.068183,-0.006818,0.006148,-0.682349
8290,R_hip_roll,-0.220282,-0.055070,-0.033204,-2.389802
8290,R_hip_yaw,-0.011675,-0.002919,0.006874,-1.153801
8290,R_hip_pitch,0.025186,0.356296,0.353559,0.237619
8290,R_knee,-0.877672,0.430582,0.611132,-21.747054
8290,R_foot_pitch,0.398809,-0.260119,-0.256808,-0.177324
8290,R_foot_roll,-0.273928,-0.027393,0.020215,-3.131312
8300,L_hip_roll,-0.581337,-0.145334,0.009232,-18.511242
8300,L_hip_yaw,-0.068227,-0.017057,-0.014536,-0.387686
8300,L_hip_pitch,-0.031131,-0.357783,-0.380711,0.722648
8300,L_knee,0.101662,-0.624585,-0.747247,7.130278
8300,L_foot_pitch,0.838154,0.383815,0.354035,1.807626
8300,L_foot_roll,-0.132219,-0.013222,0.004252,-0.815244
8300,R_hip_roll,0.104052,0.026013,-0.035297,7.533438
8300,R_hip_yaw,0.030502,0.007625,0.006790,0.106703
8300,R_hip_pitch,0.003246,0.350812,0.354361,-0.520204
8300,R_knee,-0.743609,0.464098,0.612276,-17.937595
8300,R_foot_pitch,0.205824,-0.279418,-0.257271,-1.258930
8300,R_foot_roll,0.082564,0.008256,0.023076,-1.171199
8310,L_hip_roll,-0.491937,-0.122984,0.008395,-15.657237
8310,L_hip_yaw,-0.049381,-0.012345,-0.011656,-0.534975
8310,L_hip_pitch,0.037238,-0.340691,-0.357435,-0.419730
8310,L_knee,0.394961,-0.551260,-0.665586,5.369631
8310,L_foot_pitch,0.615232,0.361523,0.353704,0.505923
8310,L_foot_roll,-0.126832,-0.012683,0.000681,-0.391220
8310,R_hip_roll,0.295029,0.073757,-0.036470,13.283440
8310,R_hip_yaw,0.095415,0.023854,0.006945,2.008248
8310,R_hip_pitch,-0.100680,0.324830,0.355365,-3.810100
8310,R_knee,-0.531767,0.517058,0.614611,-12.040168
8310,R_foot_pitch,-0.094698,-0.309470,-0.258632,-2.896025
8310,R_foot_roll,0.337185,0.033719,0.025830,0.200194
8320,L_hip_roll,0.087093,0.021773,0.009180,1.534533
8320,L_hip_yaw,-0.024312,-0.006078,-0.010687,0.634529
8320,L_hip_pitch,-0.259529,-0.414882,-0.343151,-9.374783
8320,L_knee,1.201478,-0.349630,-0.624221,30.741871
8320,L_foot_pitch,0.684852,0.368485,0.290902,12.261845
8320,L_foot_roll,0.091329,0.009133,-0.021784,2.744102
8320,R_hip_roll,0.404787,0.101197,-0.037176,16.720055
8320,R_hip_yaw,0.027129,0.006782,0.007175,-0.052538
8320,R_hip_pitch,-0.022177,0.344456,0.356040,-1.419752
8320,R_knee,-0.217014,0.595746,0.617850,-2.981318
8320,R_foot_pitch,-0.271768,-0.327177,-0.260460,-3.805794
8320,R_foot_roll,0.291036,0.029104,0.028244,-0.239961
8330,L_hip_roll,0.526929,0.131732,0.006123,15.311824
8330,L_hip_yaw,0.092960,0.023240,-0.011713,4.306875
8330,L_hip_pitch,-0.243138,-0.410784,-0.342227,-8.180799
8330,L_knee,1.319970,-0.320007,-0.621438,36.251778
8330,L_foot_pitch,0.247260,0.324726,0.278138,2.801762
8330,L_foot_roll,0.392780,0.039278,-0.012281,3.504041
8330,R_hip_roll,0.364281,0.091070,-0.039701,15.979532
8330,R_hip_yaw,0.100750,0.025187,0.006286,2.387078
8330,R_hip_pitch,-0.194629,0.301343,0.356894,-6.778710
8330,R_knee,0.298277,0.724569,0.621378,12.010806
8330,R_foot_pitch,-0.533189,-0.353319,-0.264890,-4.736588
8330,R_foot_roll,0.196552,0.019655,0.030934,-0.936779
8340,L_hip_roll,1.105873,0.276468,0.003134,33.149907
8340,L_hip_yaw,0.052576,0.013144,-0.012364,3.098826
8340,L_hip_pitch,-0.416643,-0.454161,-0.342749,-13.324304
8340,L_knee,1.365624,-0.308594,-0.622536,37.798262
8340,L_foot_pitch,0.096614,0.309661,0.278155,1.882249
8340,L_foot_roll,0.746300,0.074630,-0.012013,4.849394
8340,R_hip_roll,0.239675,0.059919,-0.042223,12.466920
8340,R_hip_yaw,0.054388,0.013597,0.006135,0.837008
8340,R_hip_pitch,-0.324488,0.268878,0.360504,-11.454437
8340,R_knee,0.590674,0.797669,0.632336,18.303553
8340,R_foot_pitch,-0.675526,-0.367553,-0.284897,-2.040921
8340,R_foot_roll,0.100944,0.010094,0.030379,-0.831846
8350,L_hip_roll,1.302713,0.325678,0.000320,39.280823
8350,L_hip_yaw,0.114787,0.028697,-0.012843,5.045301
8350,L_hip_pitch,-0.364991,-0.441248,-0.343646,-11.582406
8350,L_knee,1.434649,-0.291338,-0.624386,40.215501
8350,L_foot_pitch,-0.107494,0.289251,0.278624,0.567512
8350,L_foot_roll,1.014594,0.101459,-0.009605,6.358172
8350,R_hip_roll,0.001754,0.000439,-0.042764,5.117419
8350,R_hip_yaw,0.045339,0.011335,0.005540,0.820395
8350,R_hip_pitch,-0.184351,0.303912,0.367465,-8.453955
8350,R_knee,0.773703,0.843426,0.656679,19.396861
8350,R_foot_pitch,-0.633812,-0.363381,-0.320907,1.216748
8350,R_foot_roll,-0.187236,-0.018724,0.022507,-1.511395
8360,L_hip_roll,1.410229,0.352557,-0.001704,42.710530
8360,L_hip_yaw,0.132963,0.033241,-0.013200,5.586689
8360,L_hip_pitch,-0.372890,-0.443223,-0.344769,-11.654413
8360,L_knee,1.244317,-0.338921,-0.626194,34.711329
8360,L_foot_pitch,-0.250684,0.274932,0.279753,-0.339335
8360,L_foot_roll,1.197680,0.119768,-0.008048,7.432795
8360,R_hip_roll,-0.136029,-0.034007,-0.041382,0.703825
8360,R_hip_yaw,0.028960,0.007240,0.004532,0.386334
8360,R_hip_pitch,-0.090154,0.327461,0.379056,-7.530627
8360,R_knee,0.929095,0.882274,0.696237,17.807747
8360,R_foot_pitch,-0.637830,-0.363783,-0.353798,2.006156
8360,R_foot_roll,-0.323768,-0.032377,0.007570,-0.704323
8370,L_hip_roll,1.585088,0.396272,-0.003264,48.068043
8370,L_hip_yaw,0.147865,0.036966,-0.013143,5.997425
8370,L_hip_pitch,-0.263231,-0.415808,-0.347117,-7.951584
8370,L_knee,1.225996,-0.343501,-0.629160,34.647373
8370,L_foot_pitch,-0.336707,0.266329,0.280398,-0.954576
8370,L_foot_roll,1.461981,0.146198,-0.006291,8.931929
8370,R_hip_roll,-0.241945,-0.060486,-0.038970,-2.866758
8370,R_hip_yaw,-0.038714,-0.009679,0.004450,-1.743400
8370,R_hip_pitch,0.062531,0.365633,0.395297,-5.300477
8370,R_knee,0.979363,0.894841,0.748665,11.916817
8370,R_foot_pitch,-0.591842,-0.359184,-0.367868,1.195241
8370,R_foot_roll,-0.422066,-0.042207,-0.010787,-0.105583
8380,L_hip_roll,1.421258,0.355315,-0.003996,43.198014
8380,L_hip_yaw,0.128692,0.032173,-0.012915,5.391540
8380,L_hip_pitch,-0.240094,-0.410023,-0.349953,-6.866668
8380,L_knee,1.073519,-0.381620,-0.632529,30.525710
8380,L_foot_pitch,-0.519303,0.248070,0.281699,-1.959670
8380,L_foot_roll,1.599368,0.159937,-0.004763,9.322907
8380,R_hip_roll,-0.329092,-0.082273,-0.035491,-5.994508
8380,R_hip_yaw,-0.044517,-0.011129,0.003212,-1.489036
8380,R_hip_pitch,0.266541,0.416635,0.413219,-1.322319
8380,R_knee,1.093481,0.923370,0.807426,8.035812
8380,R_foot_pitch,-0.630752,-0.363075,-0.369686,0.281151
8380,R_foot_roll,-0.476832,-0.047683,-0.027752,0.316433
8390,L_hip_roll,1.417374,0.354344,-0.004352,43.053644
8390,L_hip_yaw,0.102873,0.025718,-0.012619,4.567611
8390,L_hip_pitch,-0.060433,-0.365108,-0.353702,-0.983635
8390,L_knee,0.963786,-0.409053,-0.636849,27.753338
8390,L_foot_pitch,-0.675391,0.232461,0.283113,-3.202069
8390,L_foot_roll,1.736199,0.173620,-0.003772,10.703509
8390,R_hip_roll,-0.398611,-0.099653,-0.031735,-8.520538
8390,R_hip_yaw,-0.094135,-0.023534,0.000336,-2.561330
8390,R_hip_pitch,0.379743,0.444936,0.430979,-0.041529
8390,R_knee,1.118683,0.929671,0.867063,1.664508
8390,R_foot_pitch,-0.626739,-0.362674,-0.366979,-0.099253
8390,R_foot_roll,-0.480745,-0.048074,-0.040294,0.534758
8400,L_hip_roll,1.382039,0.345510,-0.004595,42.004775
8400,L_hip_yaw,0.048026,0.012006,-0.012313,2.888272
8400,L_hip_pitch,0.023010,-0.344248,-0.357322,1.851438
8400,L_knee,0.831129,-0.442218,-0.640808,24.130171
8400,L_foot_pitch,-0.830541,0.216946,0.284376,-4.164906
8400,L_foot_roll,1.874709,0.187471,-0.003117,11.669693
8400,R_hip_roll,-0.322315,-0.080579,-0.028368,-6.584492
8400,R_hip_yaw,-0.074813,-0.018703,-0.004180,-1.215739
8400,R_hip_pitch,0.551624,0.487906,0.446288,3.683561
8400,R_knee,1.158580,0.939645,0.921977,-2.946325
8400,R_foot_pitch,-0.733273,-0.373327,-0.362766,-1.085285
8400,R_foot_roll,-0.394334,-0.039433,-0.047264,0.929248
8410,L_hip_roll,1.355769,0.338942,-0.004534,41.179835
8410,L_hip_yaw,-0.006667,-0.001667,-0.012011,1.207035
8410,L_hip_pitch,0.120023,-0.319994,-0.360544,5.170138
8410,L_knee,0.782556,-0.454361,-0.644466,23.156960
8410,L_foot_pitch,-0.970377,0.202962,0.285877,-5.111248
8410,L_foot_roll,1.998785,0.199879,-0.002702,12.170678
8410,R_hip_roll,-0.362384,-0.090596,-0.025350,-8.128878
8410,R_hip_yaw,-0.083499,-0.020875,-0.009167,-0.951529
8410,R_hip_pitch,0.616286,0.504071,0.457341,4.716384
8410,R_knee,1.196907,0.949227,0.967301,-6.172336
8410,R_foot_pitch,-0.829725,-0.382972,-0.359028,-1.753283
8410,R_foot_roll,-0.297571,-0.029757,-0.047792,0.885182
8420,L_hip_roll,1.433401,0.358350,-0.004099,43.438179
8420,L_hip_yaw,-0.069631,-0.017408,-0.011729,-0.706301
8420,L_hip_pitch,0.283749,-0.279063,-0.363175,10.311532
8420,L_knee,0.670564,-0.482359,-0.647544,20.085047
8420,L_foot_pitch,-1.113019,0.188698,0.287153,-6.019342
8420,L_foot_roll,2.166079,0.216608,-0.002349,13.105765
8420,R_hip_roll,-0.316027,-0.079007,-0.022742,-6.986391
8420,R_hip_yaw,-0.099577,-0.024894,-0.013164,-1.058425
8420,R_hip_pitch,0.747317,0.536829,0.463497,8.431883
8420,R_knee,1.218788,0.954697,1.000595,-8.234584
8420,R_foot_pitch,-0.897897,-0.389790,-0.356519,-2.200962
8420,R_foot_roll,-0.188598,-0.018860,-0.042220,0.668078
8430,L_hip_roll,1.394192,0.348548,-0.003267,42.110214
8430,L_hip_yaw,-0.121808,-0.030452,-0.011516,-2.292892
8430,L_hip_pitch,0.334406,-0.266399,-0.365052,11.997000
8430,L_knee,0.684189,-0.478953,-0.650090,20.777031
8430,L_foot_pitch,-1.179726,0.182027,0.288321,-6.495445
8430,L_foot_roll,2.220214,0.222021,-0.001274,13.246263
8430,R_hip_roll,-0.253624,-0.063406,-0.020403,-5.396277
8430,R_hip_yaw,-0.118848,-0.029712,-0.016511,-1.266968
8430,R_hip_pitch,0.795666,0.548916,0.464738,10.181978
8430,R_knee,1.264686,0.966171,1.021145,-8.083229
8430,R_foot_pitch,-0.959129,-0.395913,-0.354948,-2.582423
8430,R_foot_roll,-0.100706,-0.010071,-0.032657,0.334031
8440,L_hip_roll,1.401543,0.350386,-0.002010,42.146248
8440,L_hip_yaw,-0.155998,-0.038999,-0.011409,-3.316841
8440,L_hip_pitch,0.394409,-0.251398,-0.366227,13.863395
8440,L_knee,0.676590,-0.480852,-0.652064,20.704971
8440,L_foot_pitch,-1.293607,0.170639,0.289347,-7.211758
8440,L_foot_roll,2.324290,0.232429,0.000699,13.682017
8440,R_hip_roll,-0.258550,-0.064637,-0.018010,-5.837868
8440,R_hip_yaw,-0.124793,-0.031198,-0.020184,-0.925519
8440,R_hip_pitch,0.824369,0.556092,0.462090,11.688545
8440,R_knee,1.329849,0.982462,1.030240,-6.176385
8440,R_foot_pitch,-1.001891,-0.400189,-0.354048,-2.835652
8440,R_foot_roll,0.008064,0.000806,-0.021852,0.319682
8450,L_hip_roll,1.449516,0.362379,-0.000655,43.431975
8450,L_hip_yaw,-0.195215,-0.048804,-0.011404,-4.487456
8450,L_hip_pitch,0.440650,-0.239837,-0.366692,15.239470
8450,L_knee,0.701063,-0.474734,-0.653190,21.486305
8450,L_foot_pitch,-1.302777,0.169722,0.290042,-7.271909
8450,L_foot_roll,2.383711,0.238371,0.003837,13.703701
8450,R_hip_roll,-0.151493,-0.037873,-0.015816,-2.848031
8450,R_hip_yaw,-0.134787,-0.033697,-0.024364,-0.695950
8450,R_hip_pitch,0.833423,0.558356,0.457121,12.704848
8450,R_knee,1.350197,0.987549,1.030842,-4.959931
8450,R_foot_pitch,-1.012973,-0.401297,-0.353612,-2.889689
8450,R_foot_roll,0.069666,0.006967,-0.010814,0.003086
8460,L_hip_roll,1.401900,0.350475,0.000900,41.775524
8460,L_hip_yaw,-0.204507,-0.051127,-0.011447,-4.757977
8460,L_hip_pitch,0.402471,-0.249382,-0.366388,13.976457
8460,L_knee,0.761538,-0.459615,-0.653248,23.190553
8460,L_foot_pitch,-1.285387,0.171461,0.290301,-7.134146
8460,L_foot_roll,2.346726,0.234673,0.007297,13.319089
8460,R_hip_roll,-0.175830,-0.043957,-0.013601,-3.879534
8460,R_hip_yaw,-0.125602,-0.031400,-0.028868,0.152157
8460,R_hip_pitch,0.783015,0.545754,0.451155,11.963503
8460,R_knee,1.382311,0.995578,1.025702,-2.900443
8460,R_foot_pitch,-1.018113,-0.401811,-0.353449,-2.910526
8460,R_foot_roll,0.121642,0.012164,-0.000979,-0.078737
8470,L_hip_roll,1.406580,0.351645,0.002656,41.703531
8470,L_hip_yaw,-0.255078,-0.063769,-0.011486,-6.272379
8470,L_hip_pitch,0.384650,-0.253837,-0.365114,13.182194
8470,L_knee,0.758199,-0.460450,-0.651724,22.721099
8470,L_foot_pitch,-1.242372,0.175763,0.289857,-6.764697
8470,L_foot_roll,2.314657,0.231466,0.009609,13.141675
8470,R_hip_roll,-0.128713,-0.032178,-0.011431,-2.689633
8470,R_hip_yaw,-0.106621,-0.026655,-0.032806,1.071664
8470,R_hip_pitch,0.760606,0.540152,0.445169,11.967127
8470,R_knee,1.443989,1.010997,1.017126,0.208031
8470,R_foot_pitch,-1.046319,-0.404632,-0.353431,-3.069525
8470,R_foot_roll,0.176702,0.017670,0.007022,-0.064282
8480,L_hip_roll,1.475759,0.368940,0.004482,43.549023
8480,L_hip_yaw,-0.225168,-0.056292,-0.011574,-5.353145
8480,L_hip_pitch,0.400705,-0.249824,-0.363237,13.415118
8480,L_knee,0.788953,-0.452762,-0.648845,23.203622
8480,L_foot_pitch,-1.182965,0.181703,0.288725,-6.283787
8480,L_foot_roll,2.256963,0.225696,0.010571,12.853454
8480,R_hip_roll,-0.102195,-0.025549,-0.009533,-2.102907
8480,R_hip_yaw,-0.113554,-0.028388,-0.034748,0.846825
8480,R_hip_pitch,0.706643,0.526661,0.440567,10.689459
8480,R_knee,1.430227,1.007557,1.008388,0.693943
8480,R_foot_pitch,-1.043907,-0.404391,-0.353524,-3.039126
8480,R_foot_roll,0.213396,0.021340,0.013597,-0.116216
8490,L_hip_roll,1.455076,0.363769,0.006695,42.604188
8490,L_hip_yaw,-0.203960,-0.050990,-0.011686,-4.705450
8490,L_hip_pitch,0.352848,-0.261788,-0.360744,11.591421
8490,L_knee,0.777388,-0.455653,-0.644738,22.224782
8490,L_foot_pitch,-1.179738,0.182026,0.286992,-6.099587
8490,L_foot_roll,2.204165,0.220416,0.009069,12.954126
8490,R_hip_roll,-0.152175,-0.038044,-0.007565,-3.865460
8490,R_hip_yaw,-0.105085,-0.026271,-0.034465,0.873295
8490,R_hip_pitch,0.692774,0.523194,0.437706,10.474584
8490,R_knee,1.482615,1.020654,1.001003,3.032047
8490,R_foot_pitch,-1.076282,-0.407628,-0.353666,-3.223065
8490,R_foot_roll,0.245221,0.024522,0.018698,-0.079267
8500,L_hip_roll,1.544166,0.386042,0.009184,44.973673
8500,L_hip_yaw,-0.176123,-0.044031,-0.011760,-3.865677
8500,L_hip_pitch,0.338458,-0.265385,-0.357973,10.843968
8500,L_knee,0.781343,-0.454664,-0.639923,21.744954
8500,L_foot_pitch,-1.115811,0.188419,0.284862,-5.565510
8500,L_foot_roll,2.147947,0.214795,0.005848,12.869094
8500,R_hip_roll,-0.157553,-0.039388,-0.005642,-4.229018
8500,R_hip_yaw,-0.116232,-0.029058,-0.032240,0.085109
8500,R_hip_pitch,0.709673,0.527418,0.437155,10.753952
8500,R_knee,1.478759,1.019690,0.996516,3.042409
8500,R_foot_pitch,-1.053545,-0.405355,-0.353849,-3.070588
8500,R_foot_roll,0.260779,0.026078,0.022670,-0.141556
8510,L_hip_roll,1.553908,0.388477,0.011942,44.890307
8510,L_hip_yaw,-0.138872,-0.034718,-0.011770,-2.754427
8510,L_hip_pitch,0.322925,-0.269269,-0.355585,10.145740
8510,L_knee,0.777503,-0.455624,-0.635143,21.079415
8510,L_foot_pitch,-1.100955,0.189904,0.282607,-5.336132
8510,L_foot_roll,2.082618,0.208262,0.001681,12.845324
8510,R_hip_roll,-0.211256,-0.052814,-0.003750,-6.084176
8510,R_hip_yaw,-0.118464,-0.029616,-0.029002,-0.403531
8510,R_hip_pitch,0.705923,0.526481,0.439653,10.035872
8510,R_knee,1.485789,1.021447,0.996115,2.908818
8510,R_foot_pitch,-1.039227,-0.403923,-0.354016,-2.980044
8510,R_foot_roll,0.270976,0.027098,0.025482,-0.122625
8520,L_hip_roll,1.551140,0.387785,0.015025,44.414007
8520,L_hip_yaw,-0.117346,-0.029336,-0.011689,-2.128273
8520,L_hip_pitch,0.309162,-0.272709,-0.353772,9.572688
8520,L_knee,0.761125,-0.459719,-0.630732,20.104785
8520,L_foot_pitch,-1.080363,0.191964,0.280373,-5.086606
8520,L_foot_roll,2.025813,0.202581,-0.003214,12.838372
8520,R_hip_roll,-0.250190,-0.062547,-0.001872,-7.461252
8520,R_hip_yaw,-0.127560,-0.031890,-0.025831,-1.021071
8520,R_hip_pitch,0.725153,0.531288,0.445002,9.709395
8520,R_knee,1.491263,1.022816,0.999337,2.359966
8520,R_foot_pitch,-1.013340,-0.401334,-0.354123,-2.824472
8520,R_foot_roll,0.275696,0.027570,0.027278,-0.123961
8530,L_hip_roll,1.532249,0.383062,0.018232,43.457148
8530,L_hip_yaw,-0.084533,-0.021133,-0.011553,-1.162389
8530,L_hip_pitch,0.284418,-0.278895,-0.352676,8.778630
8530,L_knee,0.761386,-0.459654,-0.627036,19.757503
8530,L_foot_pitch,-1.053865,0.194613,0.278329,-4.831817
8530,L_foot_roll,1.942535,0.194253,-0.007858,12.550738
8530,R_hip_roll,-0.259127,-0.064782,-0.000269,-7.885748
8530,R_hip_yaw,-0.131961,-0.032990,-0.023582,-1.293145
8530,R_hip_pitch,0.734367,0.533592,0.452751,8.838485
8530,R_knee,1.464525,1.016131,1.005350,0.603349
8530,R_foot_pitch,-0.973502,-0.397350,-0.354161,-2.590209
8530,R_foot_roll,0.258185,0.025818,0.028374,-0.236321
8540,L_hip_roll,1.448678,0.362169,0.021542,40.538425
8540,L_hip_yaw,-0.054882,-0.013721,-0.011388,-0.296724
8540,L_hip_pitch,0.245902,-0.288525,-0.352260,7.630547
8540,L_knee,0.759507,-0.460123,-0.624160,19.432084
8540,L_foot_pitch,-1.027793,0.197221,0.276559,-4.596695
8540,L_foot_roll,1.824864,0.182486,-0.012033,12.065084
8540,R_hip_roll,-0.275565,-0.068891,0.001003,-8.500124
8540,R_hip_yaw,-0.129039,-0.032260,-0.022722,-1.170298
8540,R_hip_pitch,0.712247,0.528062,0.461978,6.976463
8540,R_knee,1.423110,1.005778,1.012244,-1.438389
8540,R_foot_pitch,-0.950910,-0.395091,-0.354111,-2.467176
8540,R_foot_roll,0.238740,0.023874,0.028624,-0.275584
8550,L_hip_roll,1.345109,0.336277,0.024922,37.024972
8550,L_hip_yaw,-0.021254,-0.005314,-0.011210,0.691003
8550,L_hip_pitch,0.179937,-0.305016,-0.352186,5.659409
8550,L_knee,0.761611,-0.459597,-0.621904,19.275517
8550,L_foot_pitch,-0.970705,0.202929,0.275049,-4.188861
8550,L_foot_roll,1.680440,0.168044,-0.015922,11.404842
8550,R_hip_roll,-0.247824,-0.061956,0.001815,-7.706778
8550,R_hip_yaw,-0.127023,-0.031756,-0.022907,-1.012452
8550,R_hip_pitch,0.704531,0.526133,0.471143,5.724577
8550,R_knee,1.355103,0.988776,1.017122,-3.732600
8550,R_foot_pitch,-0.924164,-0.392416,-0.353988,-2.319807
8550,R_foot_roll,0.206600,0.020660,0.028031,-0.359703
8560,L_hip_roll,1.219030,0.304757,0.028340,32.826842
8560,L_hip_yaw,0.018840,0.004710,-0.011026,1.869878
8560,L_hip_pitch,0.093639,-0.326590,-0.352306,3.108258
8560,L_knee,0.773190,-0.456703,-0.620175,19.470365
8560,L_foot_pitch,-0.914085,0.208592,0.273805,-3.801863
8560,L_foot_roll,1.485494,0.148549,-0.019662,10.454676
8560,R_hip_roll,-0.213916,-0.053479,0.002092,-6.672388
8560,R_hip_yaw,-0.112728,-0.028182,-0.023598,-0.470670
8560,R_hip_pitch,0.642325,0.510581,0.478845,3.125781
8560,R_knee,1.244572,0.961143,1.017085,-6.440714
8560,R_foot_pitch,-0.916326,-0.391633,-0.353812,-2.287833
8560,R_foot_roll,0.190989,0.019099,0.026465,-0.254259
8570,L_hip_roll,1.046282,0.261571,0.031668,27.253244
8570,L_hip_yaw,0.061883,0.015471,-0.010862,3.143765
8570,L_hip_pitch,-0.003460,-0.350865,-0.352796,0.287641
8570,L_knee,0.786416,-0.453396,-0.619337,19.858584
8570,L_foot_pitch,-0.835089,0.216491,0.272923,-3.327416
8570,L_foot_roll,1.216765,0.121676,-0.021616,8.790533
8570,R_hip_roll,-0.140449,-0.035112,0.001825,-4.381248
8570,R_hip_yaw,-0.090725,-0.022681,-0.023965,0.154230
8570,R_hip_pitch,0.561138,0.490284,0.483526,0.506827
8570,R_knee,1.102966,0.925742,1.008821,-8.725139
8570,R_foot_pitch,-0.926173,-0.392617,-0.353616,-2.359123
8570,R_foot_roll,0.178601,0.017860,0.024387,-0.185847
8580,L_hip_roll,0.827542,0.206886,0.035269,20.238444
8580,L_hip_yaw,0.099924,0.024981,-0.010658,4.255892
8580,L_hip_pitch,-0.112179,-0.378045,-0.353135,-2.938503
8580,L_knee,0.803117,-0.449221,-0.618676,20.309949
8580,L_foot_pitch,-0.749755,0.225025,0.272376,-2.802793
8580,L_foot_roll,0.886856,0.088686,-0.025220,7.132200
8580,R_hip_roll,-0.029510,-0.007377,0.001169,-0.938148
8580,R_hip_yaw,-0.058236,-0.014559,-0.022904,0.823633
8580,R_hip_pitch,0.460342,0.465086,0.483490,-1.985751
8580,R_knee,0.914536,0.878634,0.989027,-10.736413
8580,R_foot_pitch,-0.943580,-0.394358,-0.353443,-2.470154
8580,R_foot_roll,0.150948,0.015095,0.022322,-0.238879
8590,L_hip_roll,0.557634,0.139409,0.038880,11.690093
8590,L_hip_yaw,0.139798,0.034950,-0.010452,5.425155
8590,L_hip_pitch,-0.193871,-0.398468,-0.353687,-5.306610
8590,L_knee,0.803420,-0.449145,-0.618695,20.372405
8590,L_foot_pitch,-0.655083,0.234492,0.272297,-2.266020
8590,L_foot_roll,0.444451,0.044445,-0.027881,4.778360
8590,R_hip_roll,0.108869,0.027217,0.000223,3.344323
8590,R_hip_yaw,-0.022261,-0.005565,-0.019654,1.267267
8590,R_hip_pitch,0.297831,0.424458,0.477403,-5.482417
8590,R_knee,0.672849,0.818212,0.954889,-12.363215
8590,R_foot_pitch,-0.985421,-0.398542,-0.353317,-2.723188
8590,R_foot_roll,0.124131,0.012413,0.019979,-0.205068
8600,L_hip_roll,0.225809,0.056452,0.042493,1.338153
8600,L_hip_yaw,0.158402,0.039600,-0.010271,5.969346
8600,L_hip_pitch,-0.255990,-0.413997,-0.354387,-7.060919
8600,L_knee,0.772181,-0.456955,-0.619453,19.628602
8600,L_foot_pitch,-0.553473,0.244653,0.272376,-1.666939
8600,L_foot_roll,-0.041040,-0.004104,-0.031052,1.789948
8600,R_hip_roll,0.265062,0.066266,-0.000826,8.164893
8600,R_hip_yaw,0.016155,0.004039,-0.013889,1.486509
8600,R_hip_pitch,0.116182,0.379046,0.463658,-8.449654
8600,R_knee,0.418999,0.754750,0.903621,-12.016141
8600,R_foot_pitch,-1.020476,-0.402048,-0.353267,-2.928044
8600,R_foot_roll,0.063573,0.006357,0.016919,-0.304866
8610,L_hip_roll,-0.185373,-0.046343,0.045723,-11.317019
8610,L_hip_yaw,0.149362,0.037341,-0.010235,5.719454
8610,L_hip_pitch,-0.277942,-0.419486,-0.355003,-7.632994
8610,L_knee,0.707475,-0.473131,-0.621008,17.990742
8610,L_foot_pitch,-0.355250,0.264475,0.273284,-0.576625
8610,L_foot_roll,-0.577172,-0.057717,-0.034148,-1.290589
8610,R_hip_roll,0.454318,0.113580,-0.001894,13.977048
8610,R_hip_yaw,0.055393,0.013848,-0.006092,1.571740
8610,R_hip_pitch,-0.103893,0.324027,0.441006,-11.429827
8610,R_knee,0.150905,0.687726,0.833814,-9.851925
8610,R_foot_pitch,-0.969475,-0.396948,-0.353301,-2.611623
8610,R_foot_roll,-0.055548,-0.005555,0.012282,-0.548388
8620,L_hip_roll,-0.706591,-0.176648,0.047921,-27.119849
8620,L_hip_yaw,0.104161,0.026040,-0.010551,4.443054
8620,L_hip_pitch,-0.235501,-0.408875,-0.355589,-6.343887
8620,L_knee,0.562299,-0.509425,-0.623958,14.082493
8620,L_foot_pitch,-0.058628,0.294137,0.275190,0.936419
8620,L_foot_roll,-1.019434,-0.101943,-0.037298,-3.332150
8620,R_hip_roll,0.578966,0.144742,-0.003048,17.859418
8620,R_hip_yaw,0.085332,0.021333,0.002336,1.469900
8620,R_hip_pitch,-0.279659,0.280085,0.409080,-11.960319
8620,R_knee,-0.143363,0.614159,0.746462,-6.576161
8620,R_foot_pitch,-0.740699,-0.374070,-0.353340,-1.240461
8620,R_foot_roll,-0.300326,-0.030033,0.004397,-1.164716
8630,L_hip_roll,-1.033326,-0.258332,0.047942,-36.620657
8630,L_hip_yaw,0.032670,0.008168,-0.011497,2.472855
8630,L_hip_pitch,-0.026997,-0.356749,-0.356269,0.026637
8630,L_knee,0.238020,-0.590495,-0.629073,5.244863
8630,L_foot_pitch,0.294821,0.329482,0.278118,2.728454
8630,L_foot_roll,-1.118489,-0.111849,-0.039750,-4.105839
8630,R_hip_roll,0.594799,0.148700,-0.004838,18.658356
8630,R_hip_yaw,0.094082,0.023521,0.009322,1.135170
8630,R_hip_pitch,-0.191792,0.302052,0.368912,-3.785180
8630,R_knee,-0.533585,0.516604,0.645524,-5.095235
8630,R_foot_pitch,-0.387091,-0.338709,-0.353151,0.838137
8630,R_foot_roll,-0.656790,-0.065679,-0.009541,-1.777623
8640,L_hip_roll,-0.778552,-0.194638,0.048013,-29.128210
8640,L_hip_yaw,-0.084652,-0.021163,-0.010722,-1.367367
8640,L_hip_pitch,-0.130850,-0.382713,-0.356007,-3.290309
8640,L_knee,-0.110020,-0.677505,-0.633904,-4.736015
8640,L_foot_pitch,1.024825,0.402482,0.281470,6.898939
8640,L_foot_roll,-0.470669,-0.047067,-0.042545,-0.037620
8640,R_hip_roll,0.097147,0.024287,-0.006501,3.686307
8640,R_hip_yaw,-0.213647,-0.053412,0.010427,-7.878695
8640,R_hip_pitch,0.129273,0.382318,0.352221,4.753968
8640,R_knee,-1.325617,0.318596,0.602905,-31.271393
8640,R_foot_pitch,-0.104240,-0.310424,-0.256913,-12.436597
8640,R_foot_roll,-1.231503,-0.123150,0.008464,-7.832401
8650,L_hip_roll,-0.903779,-0.225945,0.049716,-33.250563
8650,L_hip_yaw,-0.023146,-0.005787,-0.009092,0.153412
8650,L_hip_pitch,0.417102,-0.245725,-0.358875,14.061404
8650,L_knee,-0.638376,-0.809594,-0.645426,-18.178655
8650,L_foot_pitch,1.391087,0.439109,0.301865,5.042908
8650,L_foot_roll,-0.047697,-0.004770,-0.042141,2.077333
8650,R_hip_roll,-0.587055,-0.146764,-0.004317,-17.403582
8650,R_hip_yaw,-0.156687,-0.039172,0.011440,-6.130089
8650,R_hip_pitch,0.530077,0.482519,0.351181,15.564265
8650,R_knee,-1.599470,0.250133,0.603093,-42.887288
8650,R_foot_pitch,0.212564,-0.278744,-0.254172,-1.322856
8650,R_foot_roll,-1.751833,-0.175183,0.008191,-11.006974
8660,L_hip_roll,-0.558046,-0.139512,0.048934,-22.270949
8660,L_hip_yaw,-0.018494,-0.004623,-0.003252,-1.213482
8660,L_hip_pitch,0.363805,-0.259049,-0.366276,13.662884
8660,L_knee,-1.150694,-0.937673,-0.670757,-28.991526
8660,L_foot_pitch,1.638603,0.463860,0.347131,1.668709
8660,L_foot_roll,0.332715,0.033272,-0.030392,2.064330
8660,R_hip_roll,-0.991487,-0.247872,-0.001875,-29.718172
8660,R_hip_yaw,-0.229719,-0.057430,0.011974,-8.381655
8660,R_hip_pitch,0.570829,0.492707,0.352828,16.646551
8660,R_knee,-1.665241,0.233690,0.608034,-45.408862
8660,R_foot_pitch,0.557496,-0.244250,-0.256121,0.969209
8660,R_foot_roll,-1.987081,-0.198708,0.006883,-12.076720
8670,L_hip_roll,-0.161549,-0.040387,0.043521,-9.385831
8670,L_hip_yaw,0.004032,0.001008,0.008730,-2.111992
8670,L_hip_pitch,0.302706,-0.274323,-0.380009,14.403691
8670,L_knee,-1.126612,-0.931653,-0.716107,-20.365203
8670,L_foot_pitch,1.703210,0.470321,0.382398,3.365880
8670,L_foot_roll,0.735584,0.073558,-0.004558,1.818526
8670,R_hip_roll,-1.079174,-0.269793,-0.000283,-32.465888
8670,R_hip_yaw,-0.178280,-0.044570,0.011855,-6.713491
8670,R_hip_pitch,0.654451,0.513613,0.354231,19.002904
8670,R_knee,-1.451466,0.287133,0.612286,-39.387569
8670,R_foot_pitch,1.054039,-0.194596,-0.258298,4.014833
8670,R_foot_roll,-1.820422,-0.182042,0.004650,-11.004668
8680,L_hip_roll,0.096199,0.024050,0.036094,-0.665687
8680,L_hip_yaw,0.000695,0.000174,0.017998,-2.794615
8680,L_hip_pitch,0.113700,-0.321575,-0.399228,11.274373
8680,L_knee,-1.295775,-0.973944,-0.777655,-17.104324
8680,L_foot_pitch,1.674184,0.467418,0.390551,4.449109
8680,L_foot_roll,0.810549,0.081055,0.029113,-0.283184
8680,R_hip_roll,-1.203320,-0.300830,0.000739,-36.269893
8680,R_hip_yaw,-0.190726,-0.047681,0.011324,-7.038702
8680,R_hip_pitch,0.641681,0.510420,0.356034,18.325005
8680,R_knee,-1.409792,0.297552,0.616063,-38.591878
8680,R_foot_pitch,1.121747,-0.187825,-0.260010,4.491003
8680,R_foot_roll,-1.881524,-0.188152,0.003020,-11.323637
8690,L_hip_roll,0.254077,0.063519,0.028870,4.838504
8690,L_hip_yaw,0.038406,0.009601,0.019860,-1.057792
8690,L_hip_pitch,-0.192191,-0.398048,-0.420104,4.714694
8690,L_knee,-1.289499,-0.972375,-0.846550,-8.091632
8690,L_foot_pitch,1.552699,0.455270,0.388166,4.485392
8690,L_foot_roll,0.762924,0.076292,0.058914,-1.459929
8690,R_hip_roll,-1.407304,-0.351826,0.001697,-42.524399
8690,R_hip_yaw,-0.173352,-0.043338,0.010883,-6.470868
8690,R_hip_pitch,0.284479,0.421120,0.358699,7.197161
8690,R_knee,-1.123599,0.369100,0.619703,-30.413958
8690,R_foot_pitch,1.235342,-0.176466,-0.261377,5.209576
8690,R_foot_roll,-1.923034,-0.192303,0.001614,-11.504192
8700,L_hip_roll,0.424409,0.106102,0.022429,10.665154
8700,L_hip_yaw,0.077112,0.019278,0.015512,1.056798
8700,L_hip_pitch,-0.488410,-0.472102,-0.439811,-2.082825
8700,L_knee,-1.178421,-0.944605,-0.915663,3.165509
8700,L_foot_pitch,1.472933,0.447293,0.382444,4.507601
8700,L_foot_roll,0.675884,0.067588,0.075907,-1.596711
8700,R_hip_roll,-1.425412,-0.356353,0.002586,-43.145626
8700,R_hip_yaw,-0.135889,-0.033972,0.010387,-5.270731
8700,R_hip_pitch,0.019343,0.354836,0.361762,-1.126193
8700,R_knee,-0.979690,0.405077,0.623223,-26.520228
8700,R_foot_pitch,1.177647,-0.182235,-0.262602,4.944215
8700,R_foot_roll,-1.851897,-0.185190,0.000440,-11.032299
8710,L_hip_roll,0.417005,0.104251,0.016810,11.013031
8710,L_hip_yaw,0.052390,0.013097,0.009190,1.090009
8710,L_hip_pitch,-0.630253,-0.507563,-0.454725,-5.152914
8710,L_knee,-1.237448,-0.959362,-0.975266,7.193740
8710,L_foot_pitch,1.438172,0.443817,0.376336,4.634754
8710,L_foot_roll,0.516374,0.051637,0.079415,-1.553766
8710,R_hip_roll,-1.457334,-0.364333,0.003378,-44.204553
8710,R_hip_yaw,-0.079710,-0.019927,0.009726,-3.485741
8710,R_hip_pitch,-0.078947,0.330263,0.364112,-4.234907
8710,R_knee,-0.875245,0.431189,0.625968,-23.580802
8710,R_foot_pitch,1.177717,-0.182228,-0.263651,4.970658
8710,R_foot_roll,-1.888055,-0.188806,-0.000537,-11.203090
8720,L_hip_roll,0.501437,0.125359,0.012014,14.056902
8720,L_hip_yaw,0.033524,0.008381,0.002739,1.304391
8720,L_hip_pitch,-0.666352,-0.516588,-0.463531,-5.769046
8720,L_knee,-1.222420,-0.955605,-1.020226,11.533143
8720,L_foot_pitch,1.406871,0.440687,0.371014,4.663040
8720,L_foot_roll,0.402854,0.040285,0.071953,-0.839408
8720,R_hip_roll,-1.359107,-0.339777,0.004007,-41.300080
8720,R_hip_yaw,0.030479,0.007620,0.008891,-0.063131
8720,R_hip_pitch,-0.220234,0.294942,0.365456,-8.556609
8720,R_knee,-0.759680,0.460080,0.627622,-20.227433
8720,R_foot_pitch,1.192867,-0.180713,-0.264417,5.086829
8720,R_foot_roll,-1.842775,-0.184277,-0.001419,-10.892071
8730,L_hip_roll,0.394043,0.098511,0.008254,11.148527
8730,L_hip_yaw,0.017151,0.004288,-0.003344,1.475286
8730,L_hip_pitch,-0.732443,-0.533111,-0.465391,-8.279240
8730,L_knee,-1.291112,-0.972778,-1.048319,11.063227
8730,L_foot_pitch,1.469341,0.446934,0.366801,5.179263
8730,L_foot_roll,0.404330,0.040433,0.058129,0.403448
8730,R_hip_roll,-1.476684,-0.369171,0.004544,-44.903918
8730,R_hip_yaw,0.035235,0.008809,0.008214,0.121387
8730,R_hip_pitch,-0.215170,0.296208,0.365498,-8.245819
8730,R_knee,-0.815035,0.446241,0.628086,-21.803551
8730,R_foot_pitch,1.173423,-0.182658,-0.264874,4.960253
8730,R_foot_roll,-2.001011,-0.200101,-0.002213,-11.796498
8740,L_hip_roll,0.408826,0.102206,0.005220,11.929910
8740,L_hip_yaw,0.007785,0.001946,-0.008181,1.619462
8740,L_hip_pitch,-0.637224,-0.509306,-0.461068,-6.436056
8740,L_knee,-1.409005,-1.002251,-1.060145,7.475787
8740,L_foot_pitch,1.478418,0.447842,0.363718,5.308660
8740,L_foot_roll,0.319252,0.031925,0.045462,0.238950
8740,R_hip_roll,-1.588565,-0.397141,0.004874,-48.254984
8740,R_hip_yaw,0.067334,0.016833,0.007792,1.120665
8740,R_hip_pitch,-0.206887,0.298278,0.364424,-7.804208
8740,R_knee,-0.797093,0.450727,0.627405,-21.094104
8740,R_foot_pitch,1.194646,-0.180535,-0.264966,5.058699
8740,R_foot_roll,-2.155987,-0.215599,-0.002919,-12.700383
8750,L_hip_roll,0.383030,0.095758,0.002444,11.462681
8750,L_hip_yaw,0.025333,0.006333,-0.011315,2.345969
8750,L_hip_pitch,-0.687523,-0.521881,-0.452499,-9.330648
8750,L_knee,-1.482862,-1.020716,-1.059601,4.167715
8750,L_foot_pitch,1.434857,0.443486,0.361617,5.085366
8750,L_foot_roll,0.305871,0.030587,0.035976,0.492220
8750,R_hip_roll,-1.659643,-0.414911,0.004683,-50.306092
8750,R_hip_yaw,0.039198,0.009800,0.007677,0.249276
8750,R_hip_pitch,-0.356431,0.260892,0.362977,-12.101115
8750,R_knee,-0.779975,0.455006,0.626344,-20.453717
8750,R_foot_pitch,1.288157,-0.171184,-0.264923,5.618417
8750,R_foot_roll,-2.213495,-0.221350,-0.003661,-12.999700
8760,L_hip_roll,0.333838,0.083459,-0.000028,10.246225
8760,L_hip_yaw,0.036926,0.009232,-0.011960,2.477194
8760,L_hip_pitch,-0.595399,-0.498850,-0.441830,-7.933841
8760,L_knee,-1.499180,-1.024795,-1.051846,2.282796
8760,L_foot_pitch,1.390631,0.439063,0.360201,4.850173
8760,L_foot_roll,0.281967,0.028197,0.029803,0.358829
8760,R_hip_roll,-1.655683,-0.413921,0.003998,-50.067849
8760,R_hip_yaw,0.081784,0.020446,0.007623,1.554442
8760,R_hip_pitch,-0.238696,0.290326,0.361156,-8.304133
8760,R_knee,-0.853972,0.436507,0.625057,-22.491297
8760,R_foot_pitch,1.324235,-0.167577,-0.264847,5.830521
8760,R_foot_roll,-2.232799,-0.223280,-0.003850,-13.152209
8770,L_hip_roll,0.351746,0.087936,-0.002162,11.008792
8770,L_hip_yaw,0.028099,0.007025,-0.009301,1.549411
8770,L_hip_pitch,-0.549065,-0.487266,-0.430819,-7.854857
8770,L_knee,-1.511079,-1.027770,-1.040462,0.285222
8770,L_foot_pitch,1.355172,0.435517,0.359213,4.661969
8770,L_foot_roll,0.213719,0.021372,0.026585,-0.088960
8770,R_hip_roll,-1.568089,-0.392022,0.002952,-47.277068
8770,R_hip_yaw,0.113943,0.028486,0.007645,2.488765
8770,R_hip_pitch,-0.283499,0.279125,0.359354,-9.468147
8770,R_knee,-0.883017,0.429246,0.623715,-23.208673
8770,R_foot_pitch,1.301672,-0.169833,-0.264678,5.669962
8770,R_foot_roll,-2.188905,-0.218890,-0.003876,-12.900984
8780,L_hip_roll,0.234659,0.058665,-0.003424,7.517498
8780,L_hip_yaw,0.063236,0.015809,-0.004280,1.853970
8780,L_hip_pitch,-0.583399,-0.495850,-0.420316,-10.062753
8780,L_knee,-1.512266,-1.028067,-1.027747,-1.295542
8780,L_foot_pitch,1.290471,0.429047,0.358506,4.293078
8780,L_foot_roll,0.076340,0.007634,0.023568,-0.625348
8780,R_hip_roll,-1.587933,-0.396983,0.001906,-47.776794
8780,R_hip_yaw,0.145791,0.036448,0.007883,3.399062
8780,R_hip_pitch,-0.386513,0.253372,0.357524,-12.306924
8780,R_knee,-0.828618,0.442845,0.621989,-21.297498
8780,R_foot_pitch,1.206775,-0.179323,-0.264241,5.035127
8780,R_foot_roll,-2.235707,-0.223571,-0.003742,-13.200382
8790,L_hip_roll,0.237157,0.059289,-0.003834,7.594896
8790,L_hip_yaw,0.051559,0.012890,0.002585,0.472631
8790,L_hip_pitch,-0.517254,-0.479314,-0.411400,-8.933251
8790,L_knee,-1.497447,-1.024362,-1.016386,-1.962412
8790,L_foot_pitch,1.311420,0.431142,0.357944,4.443234
8790,L_foot_roll,0.013828,0.001383,0.018018,-0.343862
8790,R_hip_roll,-1.587216,-0.396804,0.000914,-47.620471
8790,R_hip_yaw,0.183370,0.045842,0.008200,4.487343
8790,R_hip_pitch,-0.341588,0.264603,0.355620,-10.740409
8790,R_knee,-0.892747,0.426813,0.620029,-22.999471
8790,R_foot_pitch,1.093749,-0.190625,-0.263637,4.321681
8790,R_foot_roll,-2.305638,-0.230564,-0.003472,-13.656842
8800,L_hip_roll,0.177634,0.044409,-0.003700,5.734239
8800,L_hip_yaw,0.055912,0.013978,0.010061,-0.239463
8800,L_hip_pitch,-0.525980,-0.481495,-0.404538,-9.826200
8800,L_knee,-1.578059,-1.044515,-1.007609,-5.178798
8800,L_foot_pitch,1.329008,0.432901,0.357522,4.558233
8800,L_foot_roll,-0.076336,-0.007634,0.010204,-0.266330
8800,R_hip_roll,-1.629164,-0.407291,-0.000187,-48.737391
8800,R_hip_yaw,0.217370,0.054343,0.008581,5.451015
8800,R_hip_pitch,-0.384042,0.253989,0.353790,-11.795831
8800,R_knee,-0.869826,0.432544,0.618125,-22.077891
8800,R_foot_pitch,1.069842,-0.193016,-0.263008,4.132671
8800,R_foot_roll,-2.384656,-0.238466,-0.003234,-14.143965
8810,L_hip_roll,0.145210,0.036303,-0.003218,4.689316
8810,L_hip_yaw,0.072253,0.018063,0.016344,-0.338420
8810,L_hip_pitch,-0.549432,-0.487358,-0.400606,-10.640428
8810,L_knee,-1.595200,-1.048800,-1.003644,-5.527531
8810,L_foot_pitch,1.280182,0.428018,0.357265,4.264350
8810,L_foot_roll,-0.086559,-0.008656,0.001364,0.268006
8810,R_hip_roll,-1.568103,-0.392026,-0.001462,-46.728415
8810,R_hip_yaw,0.221697,0.055424,0.008995,5.531875
8810,R_hip_pitch,-0.391157,0.252211,0.352337,-11.898666
8810,R_knee,-0.876494,0.430877,0.616712,-22.199335
8810,R_foot_pitch,1.026525,-0.197347,-0.262522,3.875687
8810,R_foot_roll,-2.302255,-0.230226,-0.003549,-13.527107
8820,L_hip_roll,0.171894,0.042974,-0.002676,5.424474
8820,L_hip_yaw,0.076149,0.019037,0.021078,-0.645216
8820,L_hip_pitch,-0.598452,-0.499613,-0.400521,-11.729584
8820,L_knee,-1.567354,-1.041839,-1.006385,-3.690392
8820,L_foot_pitch,1.253133,0.425313,0.357079,4.111790
8820,L_foot_roll,-0.066441,-0.006644,-0.006011,0.568826
8820,R_hip_roll,-1.521070,-0.380267,-0.003019,-45.099700
8820,R_hip_yaw,0.207492,0.051873,0.009337,5.075247
8820,R_hip_pitch,-0.374346,0.256414,0.351406,-11.323466
8820,R_knee,-0.880758,0.429811,0.615920,-22.272172
8820,R_foot_pitch,1.019074,-0.198093,-0.262217,3.820869
8820,R_foot_roll,-2.210974,-0.221097,-0.003863,-13.030406
8830,L_hip_roll,0.137994,0.034498,-0.002042,4.314031
8830,L_hip_yaw,0.080713,0.020178,0.024026,-0.662940
8830,L_hip_pitch,-0.627249,-0.506812,-0.404163,-11.808335
8830,L_knee,-1.537835,-1.034459,-1.014762,-1.339383
8830,L_foot_pitch,1.208846,0.420885,0.356881,3.860837
8830,L_foot_roll,-0.040188,-0.004019,-0.009974,0.601602
8830,R_hip_roll,-1.514728,-0.378682,-0.004864,-44.661907
8830,R_hip_yaw,0.193210,0.048302,0.009496,4.649973
8830,R_hip_pitch,-0.368633,0.257842,0.350851,-11.119069
8830,R_knee,-0.859017,0.435246,0.615282,-21.539690
8830,R_foot_pitch,1.029075,-0.197093,-0.261859,3.844902
8830,R_foot_roll,-2.117824,-0.211782,-0.002992,-12.671295
8840,L_hip_roll,0.176294,0.044073,-0.001518,5.433179
8840,L_hip_yaw,0.075275,0.018819,0.024986,-0.750710
8840,L_hip_pitch,-0.645465,-0.511366,-0.410578,-11.367684
8840,L_knee,-1.502434,-1.025609,-1.025967,1.203107
8840,L_foot_pitch,1.198697,0.419870,0.356630,3.821296
8840,L_foot_roll,0.016975,0.001697,-0.010431,0.651963
8840,R_hip_roll,-1.456670,-0.364167,-0.007204,-42.572386
8840,R_hip_yaw,0.176568,0.044142,0.009435,4.178699
8840,R_hip_pitch,-0.342340,0.264415,0.350619,-10.333471
8840,R_knee,-0.841716,0.439571,0.614662,-20.953297
8840,R_foot_pitch,1.051444,-0.194856,-0.261401,3.945763
8840,R_foot_roll,-2.014969,-0.201497,-0.000296,-12.416548
8850,L_hip_roll,0.183983,0.045996,-0.001114,5.608043
8850,L_hip_yaw,0.074149,0.018537,0.023998,-0.475045
8850,L_hip_pitch,-0.678420,-0.519605,-0.418418,-11.331743
8850,L_knee,-1.421703,-1.005426,-1.036739,4.735190
8850,L_foot_pitch,1.147253,0.414725,0.356349,3.530475
8850,L_foot_roll,0.061632,0.006163,-0.007891,0.500802
8850,R_hip_roll,-1.387169,-0.346792,-0.009950,-40.143874
8850,R_hip_yaw,0.139582,0.034896,0.009228,3.101800
8850,R_hip_pitch,-0.333728,0.266568,0.350858,-10.169372
8850,R_knee,-0.813420,0.446645,0.614431,-20.150655
8850,R_foot_pitch,1.080924,-0.191908,-0.261012,4.123394
8850,R_foot_roll,-1.851798,-0.185180,0.002522,-11.419575
8860,L_hip_roll,0.203374,0.050844,-0.000635,6.125665
8860,L_hip_yaw,0.059245,0.014811,0.021307,-0.450444
8860,L_hip_pitch,-0.669170,-0.517292,-0.426199,-10.190857
8860,L_knee,-1.339126,-0.984781,-1.043473,7.455688
8860,L_foot_pitch,1.131849,0.413185,0.356025,3.463403
8860,L_foot_roll,0.086294,0.008629,-0.003410,0.241534
8860,R_hip_roll,-1.299204,-0.324801,-0.012931,-37.110618
8860,R_hip_yaw,0.124806,0.031201,0.008903,2.713392
8860,R_hip_pitch,-0.320507,0.269873,0.351481,-9.858085
8860,R_knee,-0.789964,0.452509,0.614600,-19.468217
8860,R_foot_pitch,1.070732,-0.192927,-0.260759,4.045081
8860,R_foot_roll,-1.734234,-0.173423,0.004386,-10.863019
8870,L_hip_roll,0.173803,0.043451,0.000080,5.115013
8870,L_hip_yaw,0.046358,0.011589,0.017103,-0.186886
8870,L_hip_pitch,-0.656241,-0.514060,-0.432321,-9.299535
8870,L_knee,-1.259890,-0.964972,-1.042750,8.877916
8870,L_foot_pitch,1.091094,0.409109,0.355678,3.239450
8870,L_foot_roll,0.086463,0.008646,0.001335,-0.002086
8870,R_hip_roll,-1.164373,-0.291093,-0.016183,-32.656568
8870,R_hip_yaw,0.113684,0.028421,0.008491,2.433135
8870,R_hip_pitch,-0.271860,0.282035,0.351992,-8.433673
8870,R_knee,-0.797782,0.450555,0.614655,-19.688150
8870,R_foot_pitch,1.024946,-0.197505,-0.260488,3.750882
8870,R_foot_roll,-1.582558,-0.158256,0.006461,-10.095077
8880,L_hip_roll,0.148536,0.037134,0.001276,4.157199
8880,L_hip_yaw,0.025336,0.006334,0.011808,-0.107146
8880,L_hip_pitch,-0.632253,-0.508063,-0.435762,-8.452018
8880,L_knee,-1.138209,-0.934552,-1.032539,10.314882
8880,L_foot_pitch,1.082122,0.408212,0.355328,3.207100
8880,L_foot_roll,0.085060,0.008506,0.004953,-0.081059
8880,R_hip_roll,-1.093333,-0.273333,-0.019493,-30.134420
8880,R_hip_yaw,0.080786,0.020196,0.008118,1.481818
8880,R_hip_pitch,-0.217048,0.295738,0.352230,-6.793548
8880,R_knee,-0.805598,0.448601,0.614405,-19.857556
8880,R_foot_pitch,0.965345,-0.203466,-0.260122,3.357171
8880,R_foot_roll,-1.452933,-0.145293,0.008685,-9.462579
8890,L_hip_roll,0.085005,0.021251,0.002975,2.000787
8890,L_hip_yaw,0.005003,0.001251,0.005809,0.064790
8890,L_hip_pitch,-0.566683,-0.491671,-0.436018,-6.785526
8890,L_knee,-1.028450,-0.907113,-1.011572,9.974232
8890,L_foot_pitch,1.091571,0.409157,0.354998,3.280057
8890,L_foot_roll,0.071877,0.007188,0.007033,-0.139386
8890,R_hip_roll,-1.002433,-0.250608,-0.022753,-27.021690
8890,R_hip_yaw,0.061442,0.015361,0.007816,0.933023
8890,R_hip_pitch,-0.179252,0.305187,0.352330,-5.669783
8890,R_knee,-0.806880,0.448280,0.613888,-19.815980
8890,R_foot_pitch,0.893365,-0.210663,-0.259642,2.887554
8890,R_foot_roll,-1.345148,-0.134515,0.011015,-8.965995
8900,L_hip_roll,-0.023078,-0.005769,0.005015,-1.511216
8900,L_hip_yaw,-0.013925,-0.003481,-0.000489,0.254333
8900,L_hip_pitch,-0.505304,-0.476326,-0.432731,-5.696394
8900,L_knee,-0.889630,-0.872407,-0.979440,9.197029
8900,L_foot_pitch,1.065879,0.406588,0.354738,3.132739
8900,L_foot_roll,0.055738,0.005574,0.007864,-0.183114
8900,R_hip_roll,-0.866910,-0.216728,-0.025949,-22.581085
8900,R_hip_yaw,0.031403,0.007851,0.007592,0.049659
8900,R_hip_pitch,-0.118671,0.320332,0.352436,-3.871155
8900,R_knee,-0.842538,0.439366,0.613339,-20.830690
8900,R_foot_pitch,0.807938,-0.219206,-0.259160,2.352672
8900,R_foot_roll,-1.144029,-0.114403,0.013427,-7.912440
8910,L_hip_roll,-0.149039,-0.037260,0.007134,-5.539928
8910,L_hip_yaw,-0.034414,-0.008604,-0.006328,0.256097
8910,L_hip_pitch,-0.416435,-0.454109,-0.425989,-4.160172
8910,L_knee,-0.693150,-0.823287,-0.936854,8.998202
8910,L_foot_pitch,1.070739,0.407074,0.354533,3.170395
8910,L_foot_roll,0.031890,0.003189,0.007950,-0.278005
8910,R_hip_roll,-0.745013,-0.186253,-0.029007,-18.577124
8910,R_hip_yaw,0.002946,0.000736,0.007429,-0.786935
8910,R_hip_pitch,-0.072936,0.331766,0.352701,-2.557902
8910,R_knee,-0.860056,0.434986,0.612950,-21.332540
8910,R_foot_pitch,0.701464,-0.229854,-0.258737,1.695875
8910,R_foot_roll,-0.945803,-0.094580,0.015978,-6.888503
8920,L_hip_roll,-0.293000,-0.073250,0.008911,-10.015151
8920,L_hip_yaw,-0.056042,-0.014011,-0.011004,0.027832
8920,L_hip_pitch,-0.291964,-0.422991,-0.415748,-2.011670
8920,L_knee,-0.465488,-0.766372,-0.884213,8.520825
8920,L_foot_pitch,1.039717,0.403972,0.354375,2.988483
8920,L_foot_roll,0.000904,0.000090,0.007564,-0.398884
8920,R_hip_roll,-0.508134,-0.127034,-0.031918,-11.133659
8920,R_hip_yaw,-0.012019,-0.003005,0.007268,-1.213084
8920,R_hip_pitch,-0.026496,0.343376,0.353253,-1.263710
8920,R_knee,-0.867785,0.433054,0.612932,-21.611947
8920,R_foot_pitch,0.573109,-0.242689,-0.258485,0.934939
8920,R_foot_roll,-0.635749,-0.063575,0.018653,-5.202026
8930,L_hip_roll,-0.495039,-0.123760,0.010017,-16.135299
8930,L_hip_yaw,-0.068415,-0.017104,-0.013983,-0.174540
8930,L_hip_pitch,-0.135014,-0.383754,-0.401540,0.582541
8930,L_knee,-0.185741,-0.696435,-0.821512,8.408856
8930,L_foot_pitch,0.962313,0.396231,0.354237,2.532166
8930,L_foot_roll,-0.067548,-0.006755,0.006683,-0.703820
8930,R_hip_roll,-0.209828,-0.052457,-0.034568,-1.905268
8930,R_hip_yaw,-0.014403,-0.003601,0.007103,-1.264597
8930,R_hip_pitch,0.033628,0.358407,0.354013,0.434357
8930,R_knee,-0.867261,0.433185,0.613429,-21.710907
8930,R_foot_pitch,0.404576,-0.259542,-0.258521,-0.040803
8930,R_foot_roll,-0.273340,-0.027334,0.021464,-3.206894
8940,L_hip_roll,-0.582532,-0.145633,0.010153,-18.662642
8940,L_hip_yaw,-0.067678,-0.016920,-0.014431,-0.395958
8940,L_hip_pitch,-0.032409,-0.358102,-0.382608,0.889299
8940,L_knee,0.098094,-0.625477,-0.748413,7.109638
8940,L_foot_pitch,0.834217,0.383422,0.354040,1.784053
8940,L_foot_roll,-0.132987,-0.013299,0.004664,-0.829787
8940,R_hip_roll,0.114244,0.028561,-0.036726,8.016591
8940,R_hip_yaw,0.028828,0.007207,0.007037,0.024828
8940,R_hip_pitch,0.009692,0.352423,0.354838,-0.386646
8940,R_knee,-0.731734,0.467067,0.614590,-17.861665
8940,R_foot_pitch,0.209011,-0.279099,-0.258981,-1.136894
8940,R_foot_roll,0.082759,0.008276,0.024365,-1.251292
8950,L_hip_roll,-0.494463,-0.123616,0.009362,-15.853669
8950,L_hip_yaw,-0.048596,-0.012149,-0.011388,-0.562453
8950,L_hip_pitch,0.037442,-0.340640,-0.359084,-0.241342
8950,L_knee,0.389934,-0.552517,-0.666203,5.238433
8950,L_foot_pitch,0.606008,0.360601,0.353703,0.451333
8950,L_foot_roll,-0.129228,-0.012923,0.000915,-0.401159
8950,R_hip_roll,0.302179,0.075545,-0.037947,13.678982
8950,R_hip_yaw,0.095188,0.023797,0.007208,1.967831
8950,R_hip_pitch,-0.093443,0.326639,0.355865,-3.656583
8950,R_knee,-0.520417,0.519896,0.616958,-11.986565
8950,R_foot_pitch,-0.095679,-0.309568,-0.260361,-2.797142
8950,R_foot_roll,0.335993,0.033599,0.027152,0.110217
8960,L_hip_roll,0.088135,0.022034,0.010217,1.445512
8960,L_hip_yaw,-0.021480,-0.005370,-0.010451,0.699551
8960,L_hip_pitch,-0.261877,-0.415469,-0.344930,-9.217845
8960,L_knee,1.197828,-0.350543,-0.625209,30.764052
8960,L_foot_pitch,0.676930,0.367693,0.289523,12.362332
8960,L_foot_roll,0.090411,0.009041,-0.022485,2.845144
8960,R_hip_roll,0.410614,0.102653,-0.038748,17.092127
8960,R_hip_yaw,0.027038,0.006759,0.007443,-0.087021
8960,R_hip_pitch,-0.012947,0.346763,0.356600,-1.210457
8960,R_knee,-0.207458,0.598136,0.620270,-2.983832
8960,R_foot_pitch,-0.271036,-0.327104,-0.262183,-3.699659
8960,R_foot_roll,0.286523,0.028652,0.029884,-0.357808
8970,L_hip_roll,0.549239,0.137310,0.007374,15.916896
8970,L_hip_yaw,0.092710,0.023177,-0.011484,4.277693
8970,L_hip_pitch,-0.250711,-0.412678,-0.344274,-8.070490
8970,L_knee,1.340242,-0.314939,-0.622759,37.176992
8970,L_foot_pitch,0.246490,0.324649,0.276246,2.810398
8970,L_foot_roll,0.408265,0.040827,-0.016725,3.056635
8970,R_hip_roll,0.379693,0.094923,-0.041333,16.662320
8970,R_hip_yaw,0.097796,0.024449,0.006551,2.273903
8970,R_hip_pitch,-0.191659,0.302085,0.357459,-6.759193
8970,R_knee,0.315078,0.728769,0.623737,12.243746
8970,R_foot_pitch,-0.532078,-0.353208,-0.266423,-4.663333
8970,R_foot_roll,0.195836,0.019584,0.032367,-1.014903
8980,L_hip_roll,1.087880,0.271970,0.004090,32.492325
8980,L_hip_yaw,0.052711,0.013178,-0.012156,3.075877
8980,L_hip_pitch,-0.423963,-0.455991,-0.344912,-13.284812
8980,L_knee,1.357615,-0.310596,-0.624084,37.745750
8980,L_foot_pitch,0.078861,0.307886,0.277175,1.802554
8980,L_foot_roll,0.743930,0.074393,-0.013423,4.949087
8980,R_hip_roll,0.234136,0.058534,-0.043854,12.482703
8980,R_hip_yaw,0.053365,0.013341,0.006257,0.827429
8980,R_hip_pitch,-0.318710,0.270322,0.361112,-11.362030
8980,R_knee,0.601774,0.800443,0.634721,18.336833
8980,R_foot_pitch,-0.673908,-0.367391,-0.285989,-2.022212
8980,R_foot_roll,0.090129,0.009013,0.031296,-0.883273
8990,L_hip_roll,1.303031,0.325758,0.001222,39.150197
8990,L_hip_yaw,0.115668,0.028917,-0.012648,5.047658
8990,L_hip_pitch,-0.376858,-0.444214,-0.345784,-11.731586
8990,L_knee,1.426627,-0.293343,-0.625834,40.060208
8990,L_foot_pitch,-0.115020,0.288498,0.277678,0.572662
8990,L_foot_roll,1.016862,0.101686,-0.010907,6.866982
8990,R_hip_roll,0.002870,0.000718,-0.044293,5.317230
8990,R_hip_yaw,0.045475,0.011369,0.005297,0.881526
8990,R_hip_pitch,-0.184360,0.303910,0.368195,-8.555541
8990,R_knee,0.781556,0.845389,0.659257,19.297759
8990,R_foot_pitch,-0.635355,-0.363536,-0.321416,1.183798
8990,R_foot_roll,-0.187709,-0.018771,0.022606,-1.434820
9000,L_hip_roll,1.422963,0.355741,-0.000909,43.000785
9000,L_hip_yaw,0.142834,0.035708,-0.013050,5.870923
9000,L_hip_pitch,-0.371619,-0.442905,-0.347054,-11.346028
9000,L_knee,1.232182,-0.341954,-0.627749,34.514874
9000,L_foot_pitch,-0.262429,0.273757,0.278631,-0.335174
9000,L_foot_roll,1.210525,0.121053,-0.008707,7.530282
9000,R_hip_roll,-0.139751,-0.034938,-0.042838,0.754462
9000,R_hip_yaw,0.029339,0.007335,0.004056,0.466063
9000,R_hip_pitch,-0.085189,0.328703,0.379881,-7.484019
9000,R_knee,0.933330,0.883333,0.698896,17.617443
9000,R_foot_pitch,-0.641518,-0.364152,-0.353874,1.956158
9000,R_foot_roll,-0.321348,-0.032135,0.007167,-0.637716
9010,L_hip_roll,1.583496,0.395874,-0.002390,47.865111
9010,L_hip_yaw,0.154536,0.038634,-0.012992,6.174373
9010,L_hip_pitch,-0.265289,-0.416322,-0.349341,-7.805994
9010,L_knee,1.198193,-0.350452,-0.630580,33.883772
9010,L_foot_pitch,-0.361200,0.263880,0.279397,-1.031966
9010,L_foot_roll,1.471348,0.147135,-0.007502,9.538009
9010,R_hip_roll,-0.255631,-0.063908,-0.040268,-3.150637
9010,R_hip_yaw,-0.037000,-0.009250,0.004037,-1.667803
9010,R_hip_pitch,0.065180,0.366295,0.396079,-5.303750
9010,R_knee,0.987854,0.896964,0.751143,11.900819
9010,R_foot_pitch,-0.600200,-0.360020,-0.367760,1.128890
9010,R_foot_roll,-0.414641,-0.041464,-0.011200,-0.049298
9020,L_hip_roll,1.438125,0.359531,-0.003148,43.580334
9020,L_hip_yaw,0.129412,0.032353,-0.012727,5.382029
9020,L_hip_pitch,-0.252723,-0.413181,-0.352439,-6.966272
9020,L_knee,1.071458,-0.382135,-0.634432,30.677745
9020,L_foot_pitch,-0.533832,0.246617,0.280696,-2.072998
9020,L_foot_roll,1.621561,0.162156,-0.005779,9.664546
9020,R_hip_roll,-0.346721,-0.086680,-0.036685,-6.397181
9020,R_hip_yaw,-0.045674,-0.011419,0.003123,-1.560954
9020,R_hip_pitch,0.261226,0.415307,0.413922,-1.557813
9020,R_knee,1.104895,0.926224,0.809620,8.137481
9020,R_foot_pitch,-0.637590,-0.363759,-0.369564,0.243589
9020,R_foot_roll,-0.462380,-0.046238,-0.027781,0.357929
9030,L_hip_roll,1.430468,0.357617,-0.003408,43.354708
9030,L_hip_yaw,0.110625,0.027656,-0.012389,4.770500
9030,L_hip_pitch,-0.073256,-0.368314,-0.356102,-1.059476
9030,L_knee,0.968434,-0.407892,-0.638672,28.136589
9030,L_foot_pitch,-0.683195,0.231681,0.282318,-3.118447
9030,L_foot_roll,1.753568,0.175357,-0.005019,10.540763
9030,R_hip_roll,-0.410023,-0.102506,-0.032805,-8.738777
9030,R_hip_yaw,-0.095974,-0.023993,0.000620,-2.674493
9030,R_hip_pitch,0.384088,0.446022,0.431573,0.029217
9030,R_knee,1.126134,0.931534,0.869039,1.671685
9030,R_foot_pitch,-0.626947,-0.362695,-0.366960,-0.086164
9030,R_foot_roll,-0.472073,-0.047207,-0.039709,0.485576
9040,L_hip_roll,1.388301,0.347075,-0.003647,42.106960
9040,L_hip_yaw,0.048480,0.012120,-0.012076,2.876116
9040,L_hip_pitch,0.018450,-0.345388,-0.359763,2.048859
9040,L_knee,0.835942,-0.441014,-0.642704,24.565517
9040,L_foot_pitch,-0.831787,0.216821,0.283746,-4.158069
9040,L_foot_roll,1.886795,0.188680,-0.004033,11.496298
9040,R_hip_roll,-0.324791,-0.081198,-0.029362,-6.538912
9040,R_hip_yaw,-0.076782,-0.019196,-0.003777,-1.319089
9040,R_hip_pitch,0.558222,0.489555,0.446809,3.820887
9040,R_knee,1.164173,0.941043,0.923782,-2.979115
9040,R_foot_pitch,-0.731548,-0.373155,-0.362846,-1.065389
9040,R_foot_roll,-0.395232,-0.039523,-0.046255,0.836325
9050,L_hip_roll,1.359323,0.339831,-0.003559,41.168024
9050,L_hip_yaw,-0.007587,-0.001897,-0.011758,1.147745
9050,L_hip_pitch,0.115488,-0.321128,-0.362939,5.315070
9050,L_knee,0.780893,-0.454777,-0.646222,23.300482
9050,L_foot_pitch,-0.979522,0.202048,0.285142,-5.112765
9050,L_foot_roll,2.007244,0.200724,-0.003775,12.300815
9050,R_hip_roll,-0.363906,-0.090977,-0.026252,-8.075566
9050,R_hip_yaw,-0.082535,-0.020634,-0.008905,-0.929421
9050,R_hip_pitch,0.615209,0.503802,0.457843,4.624503
9050,R_knee,1.205049,0.951262,0.968974,-6.116572
9050,R_foot_pitch,-0.835147,-0.383515,-0.359123,-1.780452
9050,R_foot_roll,-0.285336,-0.028534,-0.046907,0.939164
9060,L_hip_roll,1.444038,0.361010,-0.003136,43.643805
9060,L_hip_yaw,-0.066559,-0.016640,-0.011475,-0.644051
9060,L_hip_pitch,0.272852,-0.281787,-0.365507,10.256360
9060,L_knee,0.668404,-0.482899,-0.649157,20.198544
9060,L_foot_pitch,-1.115280,0.188472,0.286335,-5.975344
9060,L_foot_roll,2.178092,0.217809,-0.003372,13.231867
9060,R_hip_roll,-0.314091,-0.078523,-0.023570,-6.835390
9060,R_hip_yaw,-0.099023,-0.024756,-0.013111,-1.030797
9060,R_hip_pitch,0.753881,0.538470,0.463966,8.577636
9060,R_knee,1.225335,0.956334,1.002153,-8.214923
9060,R_foot_pitch,-0.903353,-0.390335,-0.356608,-2.229162
9060,R_foot_roll,-0.181941,-0.018194,-0.041446,0.658421
9070,L_hip_roll,1.404072,0.351018,-0.002317,42.292853
9070,L_hip_yaw,-0.122454,-0.030613,-0.011257,-2.344793
9070,L_hip_pitch,0.326228,-0.268443,-0.367379,12.035859
9070,L_knee,0.686968,-0.478258,-0.651631,21.043679
9070,L_foot_pitch,-1.183692,0.181631,0.287444,-6.462306
9070,L_foot_roll,2.235880,0.223588,-0.002052,13.351341
9070,R_hip_roll,-0.255324,-0.063831,-0.021136,-5.371522
9070,R_hip_yaw,-0.120429,-0.030107,-0.016593,-1.294531
9070,R_hip_pitch,0.796446,0.549112,0.465227,10.139291
9070,R_knee,1.269232,0.967308,1.022651,-8.126148
9070,R_foot_pitch,-0.962338,-0.396234,-0.355027,-2.597915
9070,R_foot_roll,-0.098824,-0.009882,-0.031898,0.303907
9080,L_hip_roll,1.395963,0.348991,-0.001062,41.865106
9080,L_hip_yaw,-0.152336,-0.038084,-0.011150,-3.237233
9080,L_hip_pitch,0.386639,-0.253340,-0.368589,13.915739
9080,L_knee,0.675256,-0.481186,-0.653568,20.839727
9080,L_foot_pitch,-1.299960,0.170004,0.288415,-7.187479
9080,L_foot_roll,2.326606,0.232661,0.000320,13.676859
9080,R_hip_roll,-0.257656,-0.064414,-0.018610,-5.752959
9080,R_hip_yaw,-0.124712,-0.031178,-0.020403,-0.881335
9080,R_hip_pitch,0.819728,0.554932,0.462619,11.484502
9080,R_knee,1.337431,0.984358,1.031678,-6.110677
9080,R_foot_pitch,-1.004251,-0.400425,-0.354116,-2.846899
9080,R_foot_roll,0.018653,0.001865,-0.021249,0.367834
9090,L_hip_roll,1.455506,0.363876,0.000282,43.501205
9090,L_hip_yaw,-0.192411,-0.048103,-0.011149,-4.433872
9090,L_hip_pitch,0.423356,-0.244161,-0.369030,14.995516
9090,L_knee,0.707517,-0.473121,-0.654602,21.837499
9090,L_foot_pitch,-1.302108,0.169789,0.289037,-7.199491
9090,L_foot_roll,2.391113,0.239111,0.003845,13.711598
9090,R_hip_roll,-0.152908,-0.038227,-0.016296,-2.843769
9090,R_hip_yaw,-0.134261,-0.033565,-0.024677,-0.637871
9090,R_hip_pitch,0.829910,0.557478,0.457621,12.545545
9090,R_knee,1.355932,0.988983,1.032166,-4.935055
9090,R_foot_pitch,-1.016636,-0.401664,-0.353669,-2.909167
9090,R_foot_roll,0.073735,0.007374,-0.010223,-0.018513
9100,L_hip_roll,1.408768,0.352192,0.001829,41.869761
9100,L_hip_yaw,-0.202570,-0.050643,-0.011195,-4.729503
9100,L_hip_pitch,0.385125,-0.253719,-0.368664,13.722888
9100,L_knee,0.771900,-0.457025,-0.654510,23.635644
9100,L_foot_pitch,-1.277719,0.172228,0.289196,-7.010603
9100,L_foot_roll,2.353238,0.235324,0.007595,13.316643
9100,R_hip_roll,-0.172739,-0.043185,-0.013967,-3.754595
9100,R_hip_yaw,-0.125485,-0.031371,-0.029163,0.184400
9100,R_hip_pitch,0.784369,0.546092,0.451584,11.960506
9100,R_knee,1.384845,0.996211,1.026881,-2.949803
9100,R_foot_pitch,-1.014933,-0.401493,-0.353499,-2.889017
9100,R_foot_roll,0.122471,0.012247,-0.000357,-0.109416
9110,L_hip_roll,1.393266,0.348316,0.003612,41.185116
9110,L_hip_yaw,-0.252686,-0.063171,-0.011240,-6.229328
9110,L_hip_pitch,0.380119,-0.254970,-0.367330,13.306817
9110,L_knee,0.756097,-0.460976,-0.652768,22.758380
9110,L_foot_pitch,-1.244403,0.175560,0.288611,-6.685878
9110,L_foot_roll,2.305606,0.230561,0.010020,13.059647
9110,R_hip_roll,-0.128965,-0.032241,-0.011654,-2.686397
9110,R_hip_yaw,-0.105647,-0.026412,-0.033009,1.114278
9110,R_hip_pitch,0.757332,0.539333,0.445535,11.829721
9110,R_knee,1.448412,1.012103,1.018102,0.246540
9110,R_foot_pitch,-1.045721,-0.404572,-0.353469,-3.065196
9110,R_foot_roll,0.185376,0.018538,0.007510,-0.022121
9120,L_hip_roll,1.478153,0.369538,0.005453,43.505048
9120,L_hip_yaw,-0.222573,-0.055643,-0.011333,-5.304002
9120,L_hip_pitch,0.391413,-0.252147,-0.365348,13.375379
9120,L_knee,0.791096,-0.452226,-0.649593,23.324615
9120,L_foot_pitch,-1.181397,0.181860,0.287303,-6.170387
9120,L_foot_roll,2.257366,0.225737,0.010968,12.836845
9120,R_hip_roll,-0.107764,-0.026941,-0.009638,-2.266246
9120,R_hip_yaw,-0.113434,-0.028359,-0.034799,0.838927
9120,R_hip_pitch,0.704699,0.526175,0.440851,10.607506
9120,R_knee,1.432616,1.008154,1.009139,0.696989
9120,R_foot_pitch,-1.045251,-0.404525,-0.353549,-3.046646
9120,R_foot_roll,0.220705,0.022070,0.014069,-0.109726
9130,L_hip_roll,1.459563,0.364891,0.007647,42.627220
9130,L_hip_yaw,-0.201175,-0.050294,-0.011452,-4.649078
9130,L_hip_pitch,0.346155,-0.263461,-0.362704,11.610692
9130,L_knee,0.774125,-0.456469,-0.645141,22.140023
9130,L_foot_pitch,-1.179771,0.182023,0.285376,-5.982947
9130,L_foot_roll,2.207979,0.220798,0.009418,12.959908
9130,R_hip_roll,-0.153950,-0.038488,-0.007604,-3.919008
9130,R_hip_yaw,-0.103490,-0.025872,-0.034347,0.891404
9130,R_hip_pitch,0.693490,0.523373,0.437875,10.487582
9130,R_knee,1.485523,1.021381,1.001530,3.078298
9130,R_foot_pitch,-1.076888,-0.407689,-0.353685,-3.226014
9130,R_foot_roll,0.249131,0.024913,0.019290,-0.103921
9140,L_hip_roll,1.549786,0.387447,0.010108,45.034257
9140,L_hip_yaw,-0.174189,-0.043547,-0.011531,-3.834945
9140,L_hip_pitch,0.333569,-0.266608,-0.359822,10.911233
9140,L_knee,0.780199,-0.454950,-0.640030,21.698425
9140,L_foot_pitch,-1.118500,0.188150,0.283069,-5.458139
9140,L_foot_roll,2.153864,0.215386,0.006255,12.867701
9140,R_hip_roll,-0.160859,-0.040215,-0.005626,-4.335971
9140,R_hip_yaw,-0.115968,-0.028992,-0.031950,0.040274
9140,R_hip_pitch,0.708227,0.527057,0.437238,10.706308
9140,R_knee,1.482551,1.020638,0.996867,3.127370
9140,R_foot_pitch,-1.055712,-0.405571,-0.353864,-3.082982
9140,R_foot_roll,0.267934,0.026793,0.023294,-0.133149
9150,L_hip_roll,1.560314,0.390079,0.012834,44.978890
9150,L_hip_yaw,-0.135870,-0.033968,-0.011548,-2.689874
9150,L_hip_pitch,0.316025,-0.270994,-0.357363,10.145697
9150,L_knee,0.782485,-0.454379,-0.635019,21.192633
9150,L_foot_pitch,-1.099265,0.190073,0.280663,-5.194843
9150,L_foot_roll,2.086558,0.208656,0.002245,12.817299
9150,R_hip_roll,-0.212425,-0.053106,-0.003680,-6.132563
9150,R_hip_yaw,-0.118549,-0.029637,-0.028585,-0.464370
9150,R_hip_pitch,0.704421,0.526105,0.439690,9.989988
9150,R_knee,1.486418,1.021604,0.996385,2.899172
9150,R_foot_pitch,-1.040070,-0.404007,-0.354031,-2.984144
9150,R_foot_roll,0.276671,0.027667,0.026106,-0.127893
9160,L_hip_roll,1.550869,0.387717,0.015894,44.302960
9160,L_hip_yaw,-0.114246,-0.028561,-0.011480,-2.058835
9160,L_hip_pitch,0.300937,-0.274766,-0.355468,9.520252
9160,L_knee,0.764533,-0.458867,-0.630364,20.136411
9160,L_foot_pitch,-1.075981,0.192402,0.278270,-4.917387
9160,L_foot_roll,2.024073,0.202407,-0.002561,12.785840
9160,R_hip_roll,-0.247611,-0.061903,-0.001746,-7.405414
9160,R_hip_yaw,-0.126227,-0.031557,-0.025398,-1.029553
9160,R_hip_pitch,0.722660,0.530665,0.444990,9.641685
9160,R_knee,1.492554,1.023138,0.999549,2.380189
9160,R_foot_pitch,-1.014318,-0.401432,-0.354137,-2.829574
9160,R_foot_roll,0.278957,0.027896,0.027892,-0.138480
9170,L_hip_roll,1.536250,0.384063,0.019096,43.473486
9170,L_hip_yaw,-0.082918,-0.020729,-0.011358,-1.136277
9170,L_hip_pitch,0.275059,-0.281235,-0.354285,8.682726
9170,L_knee,0.767948,-0.458013,-0.626406,19.853090
9170,L_foot_pitch,-1.043583,0.195642,0.276059,-4.617222
9170,L_foot_roll,1.940686,0.194069,-0.007220,12.505149
9170,R_hip_roll,-0.257246,-0.064312,-0.000068,-7.861538
9170,R_hip_yaw,-0.131238,-0.032809,-0.023195,-1.312793
9170,R_hip_pitch,0.730381,0.532595,0.452684,8.732078
9170,R_knee,1.464822,1.016205,1.005497,0.600695
9170,R_foot_pitch,-0.971289,-0.397129,-0.354175,-2.576196
9170,R_foot_roll,0.263070,0.026307,0.028902,-0.227442
9180,L_hip_roll,1.446491,0.361623,0.022422,40.364356
9180,L_hip_yaw,-0.052656,-0.013164,-0.011210,-0.248977
9180,L_hip_pitch,0.237998,-0.290501,-0.353787,7.568997
9180,L_knee,0.765560,-0.458610,-0.623268,19.480557
9180,L_foot_pitch,-1.019395,0.198060,0.274117,-4.382627
9180,L_foot_roll,1.820351,0.182035,-0.011497,12.019735
9180,R_hip_roll,-0.277089,-0.069272,0.001299,-8.591868
9180,R_hip_yaw,-0.127819,-0.031955,-0.022403,-1.164200
9180,R_hip_pitch,0.710472,0.527618,0.461842,6.947584
9180,R_knee,1.422770,1.005693,1.012304,-1.445409
9180,R_foot_pitch,-0.949525,-0.394952,-0.354121,-2.458803
9180,R_foot_roll,0.241417,0.024142,0.029075,-0.281644
9190,L_hip_roll,1.343184,0.335796,0.025782,36.869860
9190,L_hip_yaw,-0.018469,-0.004617,-0.011061,0.759938
9190,L_hip_pitch,0.174513,-0.306372,-0.353688,5.678493
9190,L_knee,0.765559,-0.458610,-0.620837,19.253642
9190,L_foot_pitch,-0.960663,0.203934,0.272564,-3.975381
9190,L_foot_roll,1.673318,0.167332,-0.015275,11.285397
9190,R_hip_roll,-0.247796,-0.061949,0.002186,-7.755501
9190,R_hip_yaw,-0.126262,-0.031566,-0.022657,-1.013641
9190,R_hip_pitch,0.700794,0.525199,0.470937,5.643262
9190,R_knee,1.354625,0.988656,1.017079,-3.731837
9190,R_foot_pitch,-0.923211,-0.392321,-0.353992,-2.314299
9190,R_foot_roll,0.208823,0.020882,0.028428,-0.364834
9200,L_hip_roll,1.221217,0.305304,0.029122,32.807897
9200,L_hip_yaw,0.020294,0.005074,-0.010911,1.902959
9200,L_hip_pitch,0.086633,-0.328342,-0.353837,3.085344
9200,L_knee,0.780366,-0.454908,-0.619018,19.539890
9200,L_foot_pitch,-0.901476,0.209852,0.271269,-3.568474
9200,L_foot_roll,1.479946,0.147995,-0.018473,10.286733
9200,R_hip_roll,-0.209895,-0.052474,0.002501,-6.603723
9200,R_hip_yaw,-0.111233,-0.027808,-0.023404,-0.444247
9200,R_hip_pitch,0.638690,0.509672,0.478564,3.059160
9200,R_knee,1.242783,0.960696,1.016933,-6.464775
9200,R_foot_pitch,-0.914242,-0.391424,-0.353813,-2.275576
9200,R_foot_roll,0.193990,0.019399,0.026800,-0.250138
9210,L_hip_roll,1.036285,0.259071,0.032607,26.820108
9210,L_hip_yaw,0.063613,0.015903,-0.010745,3.180568
9210,L_hip_pitch,-0.012136,-0.353034,-0.354045,0.142923
9210,L_knee,0.790189,-0.452453,-0.617598,19.692251
9210,L_foot_pitch,-0.828162,0.217184,0.270193,-3.084063
9210,L_foot_roll,1.205365,0.120537,-0.022146,8.957485
9210,R_hip_roll,-0.142735,-0.035684,0.002342,-4.524931
9210,R_hip_yaw,-0.088651,-0.022163,-0.023752,0.186471
9210,R_hip_pitch,0.556470,0.489117,0.483132,0.425895
9210,R_knee,1.099926,0.924981,1.008544,-8.769946
9210,R_foot_pitch,-0.927086,-0.392709,-0.353614,-2.365111
9210,R_foot_roll,0.182260,0.018226,0.024671,-0.177578
9220,L_hip_roll,0.833818,0.208455,0.036199,20.349276
9220,L_hip_yaw,0.100603,0.025151,-0.010562,4.272757
9220,L_hip_pitch,-0.120695,-0.380174,-0.354316,-3.006391
9220,L_knee,0.818177,-0.445456,-0.616630,20.575328
9220,L_foot_pitch,-0.729738,0.227026,0.269152,-2.512754
9220,L_foot_roll,0.880746,0.088075,-0.025760,6.836657
9220,R_hip_roll,-0.022053,-0.005513,0.001729,-0.773124
9220,R_hip_yaw,-0.057951,-0.014488,-0.022634,0.797394
9220,R_hip_pitch,0.455562,0.463890,0.482987,-2.059905
9220,R_knee,0.916179,0.879045,0.988591,-10.614743
9220,R_foot_pitch,-0.937793,-0.393779,-0.353439,-2.435601
9220,R_foot_roll,0.155205,0.015521,0.022636,-0.239323
9230,L_hip_roll,0.554354,0.138589,0.039877,11.486443
9230,L_hip_yaw,0.142713,0.035678,-0.010340,5.505142
9230,L_hip_pitch,-0.195948,-0.398987,-0.354734,-5.216636
9230,L_knee,0.812484,-0.446879,-0.616283,20.378117
9230,L_foot_pitch,-0.642386,0.235761,0.269075,-1.988166
9230,L_foot_roll,0.436331,0.043633,-0.029197,4.683783
9230,R_hip_roll,0.110751,0.027688,0.000844,3.324823
9230,R_hip_yaw,-0.021241,-0.005310,-0.019336,1.265102
9230,R_hip_pitch,0.295600,0.423900,0.476808,-5.472693
9230,R_knee,0.668316,0.817079,0.954343,-12.425958
9230,R_foot_pitch,-0.982438,-0.398244,-0.353310,-2.706394
9230,R_foot_roll,0.124642,0.012464,0.020321,-0.225120
9240,L_hip_roll,0.222509,0.055627,0.043452,1.105686
9240,L_hip_yaw,0.159390,0.039848,-0.010194,5.990095
9240,L_hip_pitch,-0.260601,-0.415150,-0.355515,-7.081296
9240,L_knee,0.774596,-0.456351,-0.616987,19.368280
9240,L_foot_pitch,-0.546207,0.245379,0.268958,-1.455371
9240,L_foot_roll,-0.049205,-0.004920,-0.032245,2.066716
9240,R_hip_roll,0.267162,0.066790,-0.000168,8.141077
9240,R_hip_yaw,0.019013,0.004753,-0.013597,1.535852
9240,R_hip_pitch,0.113017,0.378254,0.462987,-8.454601
9240,R_knee,0.415155,0.753789,0.902972,-12.042062
9240,R_foot_pitch,-1.022500,-0.402250,-0.353255,-2.941454
9240,R_foot_roll,0.071486,0.007149,0.017211,-0.265348
9250,L_hip_roll,-0.191345,-0.047836,0.046650,-11.628522
9250,L_hip_yaw,0.150605,0.037651,-0.010176,5.748125
9250,L_hip_pitch,-0.283850,-0.420962,-0.356212,-7.677493
9250,L_knee,0.702920,-0.474270,-0.618505,17.530271
9250,L_foot_pitch,-0.355230,0.264477,0.269702,-0.434152
9250,L_foot_roll,-0.583745,-0.058374,-0.035296,-0.988339
9250,R_hip_roll,0.453602,0.113401,-0.001216,13.868137
9250,R_hip_yaw,0.058197,0.014549,-0.005730,1.595758
9250,R_hip_pitch,-0.113408,0.321648,0.440253,-11.616276
9250,R_knee,0.137696,0.684424,0.833036,-10.142786
9250,R_foot_pitch,-0.975307,-0.397531,-0.353289,-2.646971
9250,R_foot_roll,-0.046062,-0.004606,0.012648,-0.528439
9260,L_hip_roll,-0.726506,-0.181627,0.048817,-27.792358
9260,L_hip_yaw,0.103588,0.025897,-0.010507,4.356221
9260,L_hip_pitch,-0.233464,-0.408366,-0.356923,-6.166074
9260,L_knee,0.552998,-0.511751,-0.621541,13.446503
9260,L_foot_pitch,-0.060276,0.293972,0.271628,0.862872
9260,L_foot_roll,-1.024359,-0.102436,-0.038243,-3.549880
9260,R_hip_roll,0.584470,0.146118,-0.002368,17.939257
9260,R_hip_yaw,0.089491,0.022373,0.002907,1.498396
9260,R_hip_pitch,-0.282103,0.279474,0.408114,-11.884569
9260,R_knee,-0.152252,0.611937,0.745295,-6.648035
9260,R_foot_pitch,-0.743089,-0.374309,-0.353334,-1.254117
9260,R_foot_roll,-0.294125,-0.029413,0.004995,-1.188544
9270,L_hip_roll,-1.043974,-0.260993,0.048819,-37.041890
9270,L_hip_yaw,0.030796,0.007699,-0.011486,2.417857
9270,L_hip_pitch,-0.015683,-0.353921,-0.357752,0.561334
9270,L_knee,0.233100,-0.591725,-0.626832,4.852028
9270,L_foot_pitch,0.303550,0.330355,0.274543,2.991255
9270,L_foot_roll,-1.115392,-0.111539,-0.040741,-4.021607
9270,R_hip_roll,0.591734,0.147934,-0.004171,18.489508
9270,R_hip_yaw,0.094914,0.023729,0.010189,1.025417
9270,R_hip_pitch,-0.181319,0.304670,0.367628,-3.285930
9270,R_knee,-0.544134,0.513966,0.643775,-5.145824
9270,R_foot_pitch,-0.383715,-0.338372,-0.353153,0.859090
9270,R_foot_roll,-0.655384,-0.065538,-0.008804,-1.819076
9280,L_hip_roll,-0.784777,-0.196194,0.048909,-29.415552
9280,L_hip_yaw,-0.084122,-0.021030,-0.010659,-1.357284
9280,L_hip_pitch,-0.131413,-0.382853,-0.357629,-3.120208
9280,L_knee,-0.122856,-0.680714,-0.631857,-5.394776
9280,L_foot_pitch,1.023342,0.402334,0.278008,7.236091
9280,L_foot_roll,-0.466328,-0.046633,-0.043603,0.073711
9280,R_hip_roll,0.105702,0.026426,-0.005614,3.844848
9280,R_hip_yaw,-0.217653,-0.054413,0.011421,-8.116227
9280,R_hip_pitch,0.143176,0.385794,0.351342,5.266522
9280,R_knee,-1.345528,0.313618,0.601556,-31.723882
9280,R_foot_pitch,-0.110762,-0.311076,-0.255670,-12.546452
9280,R_foot_roll,-1.219188,-0.121919,0.006579,-7.692532
9290,L_hip_roll,-0.907927,-0.226982,0.050619,-33.528047
9290,L_hip_yaw,-0.021248,-0.005312,-0.009186,0.381717
9290,L_hip_pitch,0.412883,-0.246779,-0.360771,14.253880
9290,L_knee,-0.633427,-0.808357,-0.643756,-18.058481
9290,L_foot_pitch,1.392212,0.439221,0.298005,5.442610
9290,L_foot_roll,-0.031609,-0.003161,-0.043229,2.244842
9290,R_hip_roll,-0.589205,-0.147301,-0.003479,-17.563621
9290,R_hip_yaw,-0.166529,-0.041632,0.012460,-6.549039
9290,R_hip_pitch,0.537373,0.484343,0.350521,15.838938
9290,R_knee,-1.614677,0.246331,0.602097,-43.250591
9290,R_foot_pitch,0.204550,-0.279545,-0.253506,-1.373725
9290,R_foot_roll,-1.737861,-0.173786,0.006740,-10.869368
9300,L_hip_roll,-0.562686,-0.140672,0.049312,-22.399942
9300,L_hip_yaw,-0.020307,-0.005077,-0.001268,-1.669409
9300,L_hip_pitch,0.368389,-0.257903,-0.367958,13.984581
9300,L_knee,-1.150530,-0.937633,-0.669014,-29.202186
9300,L_foot_pitch,1.635075,0.463508,0.345960,1.493531
9300,L_foot_roll,0.338109,0.033811,-0.030151,1.961171
9300,R_hip_roll,-0.978145,-0.244536,-0.000911,-29.431780
9300,R_hip_yaw,-0.230277,-0.057569,0.012990,-8.511630
9300,R_hip_pitch,0.582350,0.495587,0.352496,17.026249
9300,R_knee,-1.676033,0.230992,0.607627,-45.689714
9300,R_foot_pitch,0.553655,-0.244634,-0.256152,0.947276
9300,R_foot_roll,-1.964554,-0.196455,0.004941,-11.892040
9310,L_hip_roll,-0.171748,-0.042937,0.043446,-9.645558
9310,L_hip_yaw,0.001788,0.000447,0.011537,-2.535080
9310,L_hip_pitch,0.320248,-0.269938,-0.381553,15.104130
9310,L_knee,-1.131431,-0.932858,-0.714328,-20.723517
9310,L_foot_pitch,1.704032,0.470403,0.382631,3.273994
9310,L_foot_roll,0.731156,0.073116,-0.003645,1.706818
9310,R_hip_roll,-1.068149,-0.267037,0.000690,-32.254844
9310,R_hip_yaw,-0.171524,-0.042881,0.012750,-6.602983
9310,R_hip_pitch,0.679273,0.519818,0.353966,19.772043
9310,R_knee,-1.467675,0.283081,0.611945,-39.839266
9310,R_foot_pitch,1.044807,-0.195519,-0.258331,3.962042
9310,R_foot_roll,-1.808263,-0.180826,0.003182,-10.878522
9320,L_hip_roll,0.096098,0.024024,0.035710,-0.595831
9320,L_hip_yaw,0.001255,0.000314,0.020381,-2.981500
9320,L_hip_pitch,0.123222,-0.319194,-0.400631,11.711412
9320,L_knee,-1.299815,-0.974954,-0.775909,-17.428491
9320,L_foot_pitch,1.674204,0.467420,0.391217,4.389934
9320,L_foot_roll,0.805121,0.080512,0.029844,-0.314380
9320,R_hip_roll,-1.197666,-0.299417,0.001742,-36.223519
9320,R_hip_yaw,-0.185921,-0.046480,0.012088,-6.975297
9320,R_hip_pitch,0.658076,0.514519,0.355864,18.826007
9320,R_knee,-1.419079,0.295230,0.615804,-38.848576
9320,R_foot_pitch,1.113281,-0.188672,-0.260053,4.443649
9320,R_foot_roll,-1.875043,-0.187504,0.001804,-11.231000
9330,L_hip_roll,0.256641,0.064160,0.028261,5.008394
9330,L_hip_yaw,0.038941,0.009735,0.021224,-1.095851
9330,L_hip_pitch,-0.190405,-0.397601,-0.421345,4.901227
9330,L_knee,-1.288773,-0.972193,-0.844981,-8.232262
9330,L_foot_pitch,1.551579,0.455158,0.388868,4.442056
9330,L_foot_roll,0.756002,0.075600,0.059062,-1.449360
9330,R_hip_roll,-1.409543,-0.352386,0.002743,-42.722640
9330,R_hip_yaw,-0.168353,-0.042088,0.011557,-6.394736
9330,R_hip_pitch,0.286904,0.421726,0.358658,7.260785
9330,R_knee,-1.121619,0.369595,0.619546,-30.346639
9330,R_foot_pitch,1.233537,-0.176646,-0.261429,5.202470
9330,R_foot_roll,-1.919193,-0.191919,0.000541,-11.427541
9340,L_hip_roll,0.427874,0.106968,0.021621,10.886607
9340,L_hip_yaw,0.077985,0.019496,0.015813,1.145255
9340,L_hip_pitch,-0.490631,-0.472658,-0.440866,-2.043879
9340,L_knee,-1.175745,-0.943936,-0.914384,3.122853
9340,L_foot_pitch,1.470459,0.447046,0.383039,4.470397
9340,L_foot_roll,0.669161,0.066916,0.075498,-1.564929
9340,R_hip_roll,-1.428595,-0.357149,0.003688,-43.379145
9340,R_hip_yaw,-0.133758,-0.033439,0.011009,-5.277815
9340,R_hip_pitch,0.020109,0.355027,0.361867,-1.130855
9340,R_knee,-0.983627,0.404093,0.623201,-26.650921
9340,R_foot_pitch,1.165624,-0.183438,-0.262672,4.878770
9340,R_foot_roll,-1.849601,-0.184960,-0.000554,-10.965101
9350,L_hip_roll,0.426838,0.106709,0.015796,11.450366
9350,L_hip_yaw,0.051934,0.012984,0.008679,1.202862
9350,L_hip_pitch,-0.635095,-0.508774,-0.455547,-5.224735
9350,L_knee,-1.233319,-0.958330,-0.974284,7.228542
9350,L_foot_pitch,1.441576,0.444158,0.376790,4.641953
9350,L_foot_roll,0.510855,0.051086,0.078671,-1.520129
9350,R_hip_roll,-1.466220,-0.366555,0.004553,-44.620791
9350,R_hip_yaw,-0.077859,-0.019465,0.010322,-3.500271
9350,R_hip_pitch,-0.076835,0.330791,0.364349,-4.211611
9350,R_knee,-0.875088,0.431228,0.626073,-23.599295
9350,R_foot_pitch,1.170034,-0.182997,-0.263736,4.930128
9350,R_foot_roll,-1.889305,-0.188931,-0.001487,-11.156727
9360,L_hip_roll,0.511101,0.127775,0.010806,14.509873
9360,L_hip_yaw,0.034062,0.008515,0.001719,1.481414
9360,L_hip_pitch,-0.673092,-0.518273,-0.464105,-5.926906
9360,L_knee,-1.218991,-0.954748,-1.019511,11.574971
9360,L_foot_pitch,1.410451,0.441045,0.371344,4.675818
9360,L_foot_roll,0.396305,0.039630,0.071104,-0.825139
9360,R_hip_roll,-1.372575,-0.343144,0.005279,-41.867292
9360,R_hip_yaw,0.030192,0.007548,0.009483,-0.143468
9360,R_hip_pitch,-0.227363,0.293159,0.365825,-8.828971
9360,R_knee,-0.750694,0.462327,0.627833,-19.993491
9360,R_foot_pitch,1.185651,-0.181435,-0.264500,5.047766
9360,R_foot_roll,-1.847048,-0.184705,-0.002350,-10.863104
9370,L_hip_roll,0.401669,0.100417,0.006867,11.561091
9370,L_hip_yaw,0.017075,0.004269,-0.004575,1.628237
9370,L_hip_pitch,-0.737826,-0.534457,-0.465725,-8.424217
9370,L_knee,-1.286052,-0.971513,-1.047851,11.183244
9370,L_foot_pitch,1.471263,0.447126,0.367036,5.184869
9370,L_foot_roll,0.398893,0.039889,0.057298,0.416306
9370,R_hip_roll,-1.488022,-0.372006,0.005919,-45.419368
9370,R_hip_yaw,0.038599,0.009650,0.008811,0.150404
9370,R_hip_pitch,-0.223446,0.294139,0.366016,-8.571642
9370,R_knee,-0.805961,0.448510,0.628425,-21.586306
9370,R_foot_pitch,1.167366,-0.183263,-0.264964,4.930776
9370,R_foot_roll,-2.003948,-0.200395,-0.003138,-11.758980
9380,L_hip_roll,0.411838,0.102959,0.003669,12.221698
9380,L_hip_yaw,0.007708,0.001927,-0.009345,1.739747
9380,L_hip_pitch,-0.644678,-0.511169,-0.461137,-6.679855
9380,L_knee,-1.403711,-1.000928,-1.059862,7.614732
9380,L_foot_pitch,1.478765,0.447877,0.363883,5.306931
9380,L_foot_roll,0.313587,0.031359,0.044708,0.241319
9380,R_hip_roll,-1.602431,-0.400608,0.006350,-48.857979
9380,R_hip_yaw,0.070043,0.017511,0.008402,1.126749
9380,R_hip_pitch,-0.213512,0.296622,0.365089,-8.096742
9380,R_knee,-0.791840,0.452040,0.627896,-21.011334
9380,R_foot_pitch,1.188226,-0.181177,-0.265076,5.029315
9380,R_foot_roll,-2.160288,-0.216029,-0.003842,-12.670833
9390,L_hip_roll,0.394413,0.098603,0.000741,12.023350
9390,L_hip_yaw,0.023074,0.005768,-0.012211,2.352497
9390,L_hip_pitch,-0.690668,-0.522667,-0.452287,-9.477959
9390,L_knee,-1.477786,-1.019447,-1.059412,4.303159
9390,L_foot_pitch,1.441627,0.444163,0.361729,5.123912
9390,L_foot_roll,0.300714,0.030071,0.035308,0.493946
9390,R_hip_roll,-1.674461,-0.418615,0.006246,-50.946081
9390,R_hip_yaw,0.044132,0.011033,0.008306,0.319939
9390,R_hip_pitch,-0.361698,0.259576,0.363779,-12.369161
9390,R_knee,-0.770336,0.457416,0.626988,-20.257123
9390,R_foot_pitch,1.289954,-0.171005,-0.265057,5.639930
9390,R_foot_roll,-2.219620,-0.221962,-0.004555,-12.985686
9400,L_hip_roll,0.347439,0.086860,-0.001839,10.879810
9400,L_hip_yaw,0.035133,0.008783,-0.012560,2.469960
9400,L_hip_pitch,-0.599861,-0.499965,-0.441328,-8.157704
9400,L_knee,-1.494389,-1.023597,-1.051659,2.400172
9400,L_foot_pitch,1.398057,0.439806,0.360280,4.892325
9400,L_foot_roll,0.274696,0.027470,0.029156,0.355465
9400,R_hip_roll,-1.671857,-0.417964,0.005642,-50.756371
9400,R_hip_yaw,0.085909,0.021477,0.008277,1.597704
9400,R_hip_pitch,-0.247569,0.288108,0.362105,-8.696914
9400,R_knee,-0.839751,0.440062,0.625873,-22.176582
9400,R_foot_pitch,1.324741,-0.167526,-0.265012,5.842063
9400,R_foot_roll,-2.241698,-0.224170,-0.004765,-13.165230
9410,L_hip_roll,0.358975,0.089744,-0.004007,11.447557
9410,L_hip_yaw,0.028255,0.007064,-0.009699,1.586668
9410,L_hip_pitch,-0.555297,-0.488824,-0.430028,-8.164779
9410,L_knee,-1.508606,-1.027152,-1.040217,0.323366
9410,L_foot_pitch,1.360841,0.436084,0.359277,4.693268
9410,L_foot_roll,0.205963,0.020596,0.025852,-0.079367
9410,R_hip_roll,-1.587759,-0.396940,0.004674,-48.078900
9410,R_hip_yaw,0.118789,0.029697,0.008319,2.552367
9410,R_hip_pitch,-0.290331,0.277417,0.360451,-9.816963
9410,R_knee,-0.875640,0.431090,0.624726,-23.124432
9410,R_foot_pitch,1.300501,-0.169950,-0.264886,5.676227
9410,R_foot_roll,-2.202433,-0.220243,-0.004795,-12.948343
9420,L_hip_roll,0.249475,0.062369,-0.005246,8.176735
9420,L_hip_yaw,0.063037,0.015759,-0.004502,1.856250
9420,L_hip_pitch,-0.589664,-0.497416,-0.419298,-10.391188
9420,L_knee,-1.507203,-1.026801,-1.027479,-1.174336
9420,L_foot_pitch,1.298640,0.429864,0.358560,4.339556
9420,L_foot_roll,0.068384,0.006838,0.022727,-0.613523
9420,R_hip_roll,-1.607018,-0.401755,0.003700,-48.571349
9420,R_hip_yaw,0.152117,0.038029,0.008568,3.505752
9420,R_hip_pitch,-0.396570,0.250858,0.358781,-12.776148
9420,R_knee,-0.820100,0.444975,0.623214,-21.210321
9420,R_foot_pitch,1.203649,-0.179635,-0.264505,5.037038
9420,R_foot_roll,-2.250607,-0.225061,-0.004680,-13.230885
9430,L_hip_roll,0.241904,0.060476,-0.005565,7.931692
9430,L_hip_yaw,0.051186,0.012797,0.002522,0.455437
9430,L_hip_pitch,-0.521192,-0.480298,-0.410218,-9.208064
9430,L_knee,-1.494566,-1.023642,-1.016128,-1.906306
9430,L_foot_pitch,1.317526,0.431753,0.357995,4.477030
9430,L_foot_roll,0.006769,0.000677,0.017080,-0.320611
9430,R_hip_roll,-1.607501,-0.401875,0.002785,-48.461834
9430,R_hip_yaw,0.190116,0.047529,0.008891,4.606779
9430,R_hip_pitch,-0.348641,0.262840,0.357023,-11.132788
9430,R_knee,-0.886923,0.428269,0.621442,-23.010253
9430,R_foot_pitch,1.091542,-0.190846,-0.263940,4.329809
9430,R_foot_roll,-2.322814,-0.232281,-0.004436,-13.701906
9440,L_hip_roll,0.186015,0.046504,-0.005294,6.162926
9440,L_hip_yaw,0.054670,0.013668,0.010104,-0.289639
9440,L_hip_pitch,-0.528573,-0.482143,-0.403231,-10.071321
9440,L_knee,-1.575103,-1.043776,-1.007370,-5.115902
9440,L_foot_pitch,1.337483,0.433748,0.357570,4.606396
9440,L_foot_roll,-0.084447,-0.008445,0.009236,-0.257865
9440,R_hip_roll,-1.647733,-0.411933,0.001743,-49.530407
9440,R_hip_yaw,0.225138,0.056285,0.009270,5.601672
9440,R_hip_pitch,-0.392493,0.251877,0.355295,-12.239189
9440,R_knee,-0.859974,0.435007,0.619663,-21.977823
9440,R_foot_pitch,1.070698,-0.192930,-0.263328,4.157980
9440,R_foot_roll,-2.402390,-0.240239,-0.004092,-14.213335
9450,L_hip_roll,0.149627,0.037407,-0.004653,4.976815
9450,L_hip_yaw,0.072112,0.018028,0.016396,-0.344675
9450,L_hip_pitch,-0.554843,-0.488711,-0.399204,-10.979511
9450,L_knee,-1.591983,-1.047996,-1.003438,-5.451899
9450,L_foot_pitch,1.284912,0.428491,0.357314,4.289622
9450,L_foot_roll,-0.095184,-0.009518,0.000392,0.275534
9450,R_hip_roll,-1.582732,-0.395683,0.000502,-47.405826
9450,R_hip_yaw,0.228502,0.057126,0.009682,5.653707
9450,R_hip_pitch,-0.401050,0.249738,0.353923,-12.392761
9450,R_knee,-0.868804,0.432799,0.618353,-22.175536
9450,R_foot_pitch,1.026882,-0.197312,-0.262851,3.898384
9450,R_foot_roll,-2.316684,-0.231668,-0.004256,-13.586418
9460,L_hip_roll,0.175766,0.043942,-0.003928,5.671712
9460,L_hip_yaw,0.075702,0.018926,0.021078,-0.652800
9460,L_hip_pitch,-0.602223,-0.500556,-0.399062,-12.021347
9460,L_knee,-1.566664,-1.041666,-1.006236,-3.680709
9460,L_foot_pitch,1.259998,0.426000,0.357127,4.150457
9460,L_foot_roll,-0.074566,-0.007457,-0.006984,0.577977
9460,R_hip_roll,-1.539216,-0.384804,-0.001037,-45.883054
9460,R_hip_yaw,0.213836,0.053459,0.010018,5.184788
9460,R_hip_pitch,-0.379028,0.255243,0.353037,-11.662144
9460,R_knee,-0.874130,0.431468,0.617624,-22.281459
9460,R_foot_pitch,1.019861,-0.198014,-0.262539,3.843305
9460,R_foot_roll,-2.229692,-0.222969,-0.004356,-13.138296
9470,L_hip_roll,0.143417,0.035854,-0.003104,4.585540
9470,L_hip_yaw,0.080414,0.020103,0.023961,-0.657258
9470,L_hip_pitch,-0.631252,-0.507813,-0.402718,-12.096686
9470,L_knee,-1.538602,-1.034650,-1.014729,-1.351243
9470,L_foot_pitch,1.216012,0.421601,0.356927,3.901143
9470,L_foot_roll,-0.047076,-0.004708,-0.010927,0.614792
9470,R_hip_roll,-1.531207,-0.382802,-0.002882,-45.392983
9470,R_hip_yaw,0.198860,0.049715,0.010168,4.739779
9470,R_hip_pitch,-0.374008,0.256498,0.352523,-11.486270
9470,R_knee,-0.852540,0.436865,0.617035,-21.561370
9470,R_foot_pitch,1.031867,-0.196813,-0.262167,3.878748
9470,R_foot_roll,-2.135728,-0.213573,-0.003272,-12.780043
9480,L_hip_roll,0.181260,0.045315,-0.002387,5.666546
9480,L_hip_yaw,0.075150,0.018787,0.024861,-0.734251
9480,L_hip_pitch,-0.649531,-0.512383,-0.409233,-11.637849
9480,L_knee,-1.503175,-1.025794,-1.026142,1.226575
9480,L_foot_pitch,1.204177,0.420418,0.356676,3.851298
9480,L_foot_roll,0.011423,0.001142,-0.011327,0.665359
9480,R_hip_roll,-1.471492,-0.367873,-0.005237,-43.251034
9480,R_hip_yaw,0.181385,0.045346,0.010095,4.245207
9480,R_hip_pitch,-0.345691,0.263577,0.352344,-10.646433
9480,R_knee,-0.835517,0.441121,0.616466,-20.988676
9480,R_foot_pitch,1.054390,-0.194561,-0.261691,3.978897
9480,R_foot_roll,-2.029972,-0.202997,-0.000420,-12.512589
9490,L_hip_roll,0.188842,0.047211,-0.001756,5.810644
9490,L_hip_yaw,0.073689,0.018422,0.023854,-0.469076
9490,L_hip_pitch,-0.681072,-0.520268,-0.417245,-11.533241
9490,L_knee,-1.424449,-1.006112,-1.037178,4.733196
9490,L_foot_pitch,1.153256,0.415326,0.356395,3.563887
9490,L_foot_roll,0.057186,0.005719,-0.008687,0.510200
9490,R_hip_roll,-1.400924,-0.350231,-0.007915,-40.798275
9490,R_hip_yaw,0.144915,0.036229,0.009885,3.184339
9490,R_hip_pitch,-0.334006,0.266498,0.352760,-10.411856
9490,R_knee,-0.808338,0.447916,0.616481,-20.249147
9490,R_foot_pitch,1.083492,-0.191651,-0.261364,4.157788
9490,R_foot_roll,-1.867480,-0.186748,0.001602,-11.457781
9500,L_hip_roll,0.208504,0.052126,-0.001076,6.312481
9500,L_hip_yaw,0.058455,0.014614,0.021146,-0.453697
9500,L_hip_pitch,-0.671517,-0.517879,-0.425242,-10.353040
9500,L_knee,-1.343469,-0.985867,-1.044211,7.444309
9500,L_foot_pitch,1.136950,0.413695,0.356069,3.491398
9500,L_foot_roll,0.082809,0.008281,-0.004076,0.247849
9500,R_hip_roll,-1.310872,-0.327718,-0.010932,-37.695991
9500,R_hip_yaw,0.129180,0.032295,0.009549,2.767898
9500,R_hip_pitch,-0.319787,0.270053,0.353441,-10.077205
9500,R_knee,-0.784425,0.453894,0.616688,-19.555354
9500,R_foot_pitch,1.075024,-0.192498,-0.261081,4.086621
9500,R_foot_roll,-1.747971,-0.174797,0.003467,-10.890901
9510,L_hip_roll,0.177850,0.044462,-0.000161,5.245446
9510,L_hip_yaw,0.045831,0.011458,0.016927,-0.179688
9510,L_hip_pitch,-0.658302,-0.514575,-0.431617,-9.419554
9510,L_knee,-1.265040,-0.966260,-1.043811,8.883655
9510,L_foot_pitch,1.094612,0.409461,0.355722,3.258077
9510,L_foot_roll,0.084712,0.008471,0.000795,0.008116
9510,R_hip_roll,-1.173603,-0.293401,-0.014240,-33.160199
9510,R_hip_yaw,0.117329,0.029332,0.009130,2.466398
9510,R_hip_pitch,-0.270213,0.282447,0.354004,-8.630325
9510,R_knee,-0.792744,0.451814,0.616760,-19.790541
9510,R_foot_pitch,1.029494,-0.197051,-0.260769,3.790449
9510,R_foot_roll,-1.594801,-0.159480,0.005553,-10.115629
9520,L_hip_roll,0.153888,0.038472,0.001230,4.304176
9520,L_hip_yaw,0.024789,0.006197,0.011623,-0.100914
9520,L_hip_pitch,-0.634890,-0.508722,-0.435328,-8.556412
9520,L_knee,-1.144878,-0.936220,-1.033928,10.313009
9520,L_foot_pitch,1.084523,0.408452,0.355369,3.219411
9520,L_foot_roll,0.084462,0.008446,0.004550,-0.074399
9520,R_hip_roll,-1.098190,-0.274548,-0.017624,-30.496015
9520,R_hip_yaw,0.083847,0.020962,0.008753,1.497769
9520,R_hip_pitch,-0.212834,0.296791,0.354279,-6.915748
9520,R_knee,-0.800759,0.449810,0.616506,-19.962827
9520,R_foot_pitch,0.970310,-0.202969,-0.260351,3.395085
9520,R_foot_roll,-1.462836,-0.146284,0.007794,-9.470622
9530,L_hip_roll,0.088597,0.022149,0.003126,2.070396
9530,L_hip_yaw,0.004525,0.001131,0.005626,0.071804
9530,L_hip_pitch,-0.568820,-0.492205,-0.435868,-6.838499
9530,L_knee,-1.037049,-0.909262,-1.013287,9.954355
9530,L_foot_pitch,1.093206,0.409321,0.355035,3.288197
9530,L_foot_roll,0.071367,0.007137,0.006771,-0.140068
9530,R_hip_roll,-1.006708,-0.251677,-0.020970,-27.355156
9530,R_hip_yaw,0.064240,0.016060,0.008449,0.941028
9530,R_hip_pitch,-0.173614,0.306596,0.354402,-5.751217
9530,R_knee,-0.802043,0.449489,0.615957,-19.914930
9530,R_foot_pitch,0.899252,-0.210075,-0.259806,2.925640
9530,R_foot_roll,-1.354859,-0.135486,0.010146,-8.974392
9540,L_hip_roll,-0.017834,-0.004459,0.005361,-1.414498
9540,L_hip_yaw,-0.014282,-0.003571,-0.000659,0.262438
9540,L_hip_pitch,-0.508494,-0.477124,-0.432882,-5.743833
9540,L_knee,-0.898658,-0.874664,-0.981488,9.204751
9540,L_foot_pitch,1.066947,0.406695,0.354769,3.137831
9540,L_foot_roll,0.056809,0.005681,0.007695,-0.173834
9540,R_hip_roll,-0.868705,-0.217176,-0.024262,-22.827094
9540,R_hip_yaw,0.033391,0.008348,0.008227,0.032594
9540,R_hip_pitch,-0.112026,0.321994,0.354527,-3.924403
9540,R_knee,-0.837350,0.440663,0.615359,-20.912012
9540,R_foot_pitch,0.814142,-0.218586,-0.259249,2.387339
9540,R_foot_roll,-1.152839,-0.115284,0.012583,-7.917334
9550,L_hip_roll,-0.142801,-0.035700,0.007670,-5.435910
9550,L_hip_yaw,-0.034661,-0.008665,-0.006477,0.264399
9550,L_hip_pitch,-0.420683,-0.455171,-0.426449,-4.201899
9550,L_knee,-0.703397,-0.825849,-0.939226,9.006299
9550,L_foot_pitch,1.070411,0.407041,0.354558,3.167456
9550,L_foot_roll,0.034539,0.003454,0.007875,-0.267551
9550,R_hip_roll,-0.745812,-0.186453,-0.027427,-18.779622
9550,R_hip_yaw,0.003713,0.000928,0.008070,-0.841380
9550,R_hip_pitch,-0.064551,0.333862,0.354811,-2.561274
9550,R_knee,-0.855709,0.436073,0.614909,-21.430608
9550,R_foot_pitch,0.708872,-0.229113,-0.258743,1.731925
9550,R_foot_roll,-0.953072,-0.095307,0.015161,-6.885889
9560,L_hip_roll,-0.286785,-0.071696,0.009636,-9.934539
9560,L_hip_yaw,-0.056389,-0.014097,-0.011131,0.030970
9560,L_hip_pitch,-0.296332,-0.424083,-0.416526,-2.017256
9560,L_knee,-0.475961,-0.768990,-0.886892,8.557503
9560,L_foot_pitch,1.040424,0.404042,0.354394,2.992241
9560,L_foot_roll,0.005057,0.000506,0.007611,-0.389433
9560,R_hip_roll,-0.509079,-0.127270,-0.030451,-11.326512
9560,R_hip_yaw,-0.011700,-0.002925,0.007911,-1.280920
9560,R_hip_pitch,-0.016799,0.345800,0.355386,-1.231362
9560,R_knee,-0.864494,0.433876,0.614819,-21.731700
9560,R_foot_pitch,0.581174,-0.241883,-0.258397,0.968287
9560,R_foot_roll,-0.643475,-0.064347,0.017865,-5.204022
9570,L_hip_roll,-0.488914,-0.122228,0.010926,-16.078829
9570,L_hip_yaw,-0.069333,-0.017333,-0.014103,-0.187766
9570,L_hip_pitch,-0.140530,-0.385133,-0.402634,0.578661
9570,L_knee,-0.196850,-0.699213,-0.824452,8.450363
9570,L_foot_pitch,0.963543,0.396354,0.354251,2.539169
9570,L_foot_roll,-0.061827,-0.006183,0.006874,-0.695584
9570,R_hip_roll,-0.210563,-0.052641,-0.033221,-2.076470
9570,R_hip_yaw,-0.015208,-0.003802,0.007746,-1.365825
9570,R_hip_pitch,0.044402,0.361100,0.356175,0.495258
9570,R_knee,-0.865847,0.433538,0.615228,-21.874755
9570,R_foot_pitch,0.412171,-0.258783,-0.258329,-0.017656
9570,R_foot_roll,-0.279444,-0.027944,0.020706,-3.201105
9580,L_hip_roll,-0.580405,-0.145101,0.011241,-18.746640
9580,L_hip_yaw,-0.068887,-0.017222,-0.014585,-0.407765
9580,L_hip_pitch,-0.036879,-0.359220,-0.384000,0.950898
9580,L_knee,0.085364,-0.628659,-0.751536,7.116446
9580,L_foot_pitch,0.836277,0.383628,0.354051,1.796021
9580,L_foot_roll,-0.127141,-0.012714,0.005015,-0.831471
9580,R_hip_roll,0.113110,0.028277,-0.035509,7.849814
9580,R_hip_yaw,0.027691,0.006923,0.007672,-0.084207
9580,R_hip_pitch,0.021487,0.355372,0.357029,-0.298452
9580,R_knee,-0.733236,0.466691,0.616278,-18.097018
9580,R_foot_pitch,0.216178,-0.278382,-0.258671,-1.124926
9580,R_foot_roll,0.077771,0.007777,0.023640,-1.241017
9590,L_hip_roll,-0.493950,-0.123488,0.010603,-16.000602
9590,L_hip_yaw,-0.049679,-0.012420,-0.011613,-0.560527
9590,L_hip_pitch,0.030919,-0.342270,-0.360743,-0.213629
9590,L_knee,0.379414,-0.555147,-0.669425,5.315080
9590,L_foot_pitch,0.611306,0.361131,0.353713,0.482502
9590,L_foot_roll,-0.121291,-0.012129,0.001416,-0.397153
9590,R_hip_roll,0.303542,0.075886,-0.036874,13.606497
9590,R_hip_yaw,0.094693,0.023673,0.007823,1.881410
9590,R_hip_pitch,-0.082796,0.329301,0.358079,-3.603423
9590,R_knee,-0.524072,0.518982,0.618508,-12.265893
9590,R_foot_pitch,-0.089525,-0.308953,-0.259907,-2.800956
9590,R_foot_roll,0.336774,0.033677,0.026466,0.152309
9600,L_hip_roll,0.059797,0.014949,0.011586,0.401916
9600,L_hip_yaw,-0.036787,-0.009197,-0.010671,0.255919
9600,L_hip_pitch,-0.307458,-0.426864,-0.346066,-10.465063
9600,L_knee,1.203290,-0.349177,-0.627637,31.230934
9600,L_foot_pitch,0.666814,0.366681,0.291345,12.303217
9600,L_foot_roll,0.100788,0.010079,-0.024146,3.338219
9600,R_hip_roll,0.379596,0.094899,-0.037731,16.032028
9600,R_hip_yaw,0.015573,0.003893,0.008100,-0.507580
9600,R_hip_pitch,-0.024139,0.343965,0.358799,-1.779976
9600,R_knee,-0.202447,0.599388,0.621683,-2.939004
9600,R_foot_pitch,-0.262488,-0.326249,-0.261625,-3.701900
9600,R_foot_roll,0.288507,0.028851,0.028993,-0.058580
9610,L_hip_roll,0.541075,0.135269,0.008283,15.521208
9610,L_hip_yaw,0.104559,0.026140,-0.011871,4.700737
9610,L_hip_pitch,-0.253580,-0.413395,-0.345348,-8.101517
9610,L_knee,1.329138,-0.317715,-0.624768,36.905256
9610,L_foot_pitch,0.263688,0.326369,0.278176,2.902213
9610,L_foot_roll,0.404333,0.040433,-0.015414,3.682308
9610,R_hip_roll,0.385336,0.096334,-0.040576,16.756976
9610,R_hip_yaw,0.105700,0.026425,0.007049,2.471121
9610,R_hip_pitch,-0.178273,0.305432,0.359746,-6.642258
9610,R_knee,0.299393,0.724848,0.625067,11.620529
9610,R_foot_pitch,-0.533593,-0.353359,-0.265658,-4.759477
9610,R_foot_roll,0.200836,0.020084,0.031754,-0.980965
9620,L_hip_roll,1.101574,0.275394,0.004893,32.836792
9620,L_hip_yaw,0.064618,0.016154,-0.012738,3.521172
9620,L_hip_pitch,-0.414973,-0.453743,-0.346007,-12.882094
9620,L_knee,1.337179,-0.315705,-0.625598,37.267606
9620,L_foot_pitch,0.081823,0.308182,0.278023,1.820931
9620,L_foot_roll,0.749312,0.074931,-0.014131,4.974170
9620,R_hip_roll,0.242179,0.060545,-0.043414,12.705560
9620,R_hip_yaw,0.059129,0.014782,0.006680,0.929695
9620,R_hip_pitch,-0.323674,0.269081,0.363378,-11.768002
9620,R_knee,0.603136,0.800784,0.635574,18.357149
9620,R_foot_pitch,-0.684798,-0.368480,-0.284907,-2.162208
9620,R_foot_roll,0.111988,0.011199,0.031161,-0.793538
9630,L_hip_roll,1.315507,0.328877,0.001846,39.497530
9630,L_hip_yaw,0.117437,0.029359,-0.013341,5.191768
9630,L_hip_pitch,-0.380656,-0.445164,-0.346871,-11.670889
9630,L_knee,1.428200,-0.292950,-0.627059,40.314309
9630,L_foot_pitch,-0.110752,0.288925,0.278310,0.566180
9630,L_foot_roll,1.026681,0.102668,-0.011579,6.576898
9630,R_hip_roll,0.009632,0.002408,-0.044123,5.529756
9630,R_hip_yaw,0.048399,0.012100,0.006060,0.842859
9630,R_hip_pitch,-0.184911,0.303772,0.370158,-8.768553
9630,R_knee,0.793884,0.848471,0.659201,19.771046
9630,R_foot_pitch,-0.641583,-0.364158,-0.320722,1.170757
9630,R_foot_roll,-0.171853,-0.017185,0.023234,-1.465462
9640,L_hip_roll,1.433298,0.358324,-0.000352,43.259205
9640,L_hip_yaw,0.146002,0.036501,-0.013799,6.062452
9640,L_hip_pitch,-0.384182,-0.446045,-0.347997,-11.608697
9640,L_knee,1.238194,-0.340452,-0.628646,34.787802
9640,L_foot_pitch,-0.249654,0.275035,0.279251,-0.250278
9640,L_foot_roll,1.212011,0.121201,-0.009712,7.534507
9640,R_hip_roll,-0.129818,-0.032454,-0.042800,1.059531
9640,R_hip_yaw,0.031407,0.007852,0.005073,0.396077
9640,R_hip_pitch,-0.081531,0.329617,0.381543,-7.554278
9640,R_knee,0.939628,0.884907,0.698256,17.913440
9640,R_foot_pitch,-0.642796,-0.364280,-0.353931,2.019146
9640,R_foot_roll,-0.316307,-0.031631,0.008444,-0.732563
9650,L_hip_roll,1.594732,0.398683,-0.001936,48.158806
9650,L_hip_yaw,0.163895,0.040974,-0.013788,6.555048
9650,L_hip_pitch,-0.267252,-0.416813,-0.350340,-7.728365
9650,L_knee,1.199761,-0.350060,-0.631385,34.037807
9650,L_foot_pitch,-0.353538,0.264646,0.279644,-0.999270
9650,L_foot_roll,1.469141,0.146914,-0.007999,9.477006
9650,R_hip_roll,-0.253856,-0.063464,-0.040264,-3.098864
9650,R_hip_yaw,-0.035735,-0.008934,0.004983,-1.723633
9650,R_hip_pitch,0.060467,0.365117,0.397667,-5.637821
9650,R_knee,0.989562,0.897391,0.750419,12.031120
9650,R_foot_pitch,-0.597251,-0.359725,-0.368182,1.189745
9650,R_foot_roll,-0.414722,-0.041472,-0.009871,-0.108916
9660,L_hip_roll,1.439002,0.359751,-0.002646,43.520803
9660,L_hip_yaw,0.130175,0.032544,-0.013573,5.507201
9660,L_hip_pitch,-0.254919,-0.413730,-0.353324,-6.935860
9660,L_knee,1.061155,-0.384711,-0.634927,30.426421
9660,L_foot_pitch,-0.537315,0.246268,0.281097,-2.253571
9660,L_foot_roll,1.625423,0.162542,-0.006412,10.071587
9660,R_hip_roll,-0.349228,-0.087307,-0.036587,-6.496965
9660,R_hip_yaw,-0.043302,-0.010825,0.003840,-1.551572
9660,R_hip_pitch,0.265161,0.416290,0.415465,-1.614760
9660,R_knee,1.108253,0.927063,0.808965,8.313007
9660,R_foot_pitch,-0.640855,-0.364085,-0.370034,0.247590
9660,R_foot_roll,-0.463290,-0.046329,-0.026884,0.351783
9670,L_hip_roll,1.443543,0.360886,-0.002837,43.614910
9670,L_hip_yaw,0.107123,0.026781,-0.013226,4.784852
9670,L_hip_pitch,-0.069422,-0.367356,-0.356831,-1.041920
9670,L_knee,0.947672,-0.413082,-0.638848,27.263476
9670,L_foot_pitch,-0.712987,0.228701,0.282863,-3.907260
9670,L_foot_roll,1.771206,0.177121,-0.005762,10.833086
9670,R_hip_roll,-0.425195,-0.106299,-0.032590,-9.255347
9670,R_hip_yaw,-0.093588,-0.023397,0.001158,-2.672887
9670,R_hip_pitch,0.380386,0.445097,0.433066,-0.256309
9670,R_knee,1.131537,0.932884,0.868561,1.854819
9670,R_foot_pitch,-0.641534,-0.364153,-0.367359,-0.156157
9670,R_foot_roll,-0.461787,-0.046179,-0.039314,0.572186
9680,L_hip_roll,1.387513,0.346878,-0.003056,41.984715
9680,L_hip_yaw,0.052233,0.013058,-0.012908,3.086095
9680,L_hip_pitch,0.019966,-0.345009,-0.360634,2.176000
9680,L_knee,0.827703,-0.443074,-0.643096,24.333415
9680,L_foot_pitch,-0.840166,0.215983,0.284038,-4.203142
9680,L_foot_roll,1.887832,0.188783,-0.005013,11.833590
9680,R_hip_roll,-0.333870,-0.083467,-0.029114,-6.848443
9680,R_hip_yaw,-0.076759,-0.019190,-0.003271,-1.388911
9680,R_hip_pitch,0.565325,0.491331,0.448245,3.873127
9680,R_knee,1.164358,0.941089,0.923624,-2.992663
9680,R_foot_pitch,-0.732007,-0.373201,-0.363419,-0.998395
9680,R_foot_roll,-0.393622,-0.039362,-0.045913,0.809721
9690,L_hip_roll,1.357634,0.339408,-0.003213,41.091345
9690,L_hip_yaw,-0.006186,-0.001547,-0.012597,1.288409
9690,L_hip_pitch,0.113516,-0.321621,-0.364179,5.427315
9690,L_knee,0.784382,-0.453905,-0.647248,23.576475
9690,L_foot_pitch,-0.980301,0.201970,0.285246,-5.144328
9690,L_foot_roll,2.013921,0.201392,-0.002345,12.132717
9690,R_hip_roll,-0.370243,-0.092561,-0.026093,-8.275248
9690,R_hip_yaw,-0.085291,-0.021323,-0.008418,-1.068382
9690,R_hip_pitch,0.626011,0.506503,0.459190,4.796456
9690,R_knee,1.203484,0.950871,0.969161,-6.219663
9690,R_foot_pitch,-0.828712,-0.382871,-0.359827,-1.699570
9690,R_foot_roll,-0.294123,-0.029412,-0.046487,0.860545
9700,L_hip_roll,1.445998,0.361499,-0.002813,43.661977
9700,L_hip_yaw,-0.068348,-0.017087,-0.012258,-0.611197
9700,L_hip_pitch,0.274274,-0.281431,-0.366696,10.423420
9700,L_knee,0.662310,-0.484422,-0.650178,20.114323
9700,L_foot_pitch,-1.126076,0.187392,0.286421,-6.035504
9700,L_foot_roll,2.183464,0.218346,-0.002336,13.307011
9700,R_hip_roll,-0.319506,-0.079877,-0.023490,-6.998514
9700,R_hip_yaw,-0.099259,-0.024815,-0.012760,-1.057767
9700,R_hip_pitch,0.754774,0.538693,0.465225,8.461299
9700,R_knee,1.224969,0.956242,1.002654,-8.314720
9700,R_foot_pitch,-0.903399,-0.390340,-0.357228,-2.205120
9700,R_foot_roll,-0.177774,-0.017777,-0.041319,0.720313
9710,L_hip_roll,1.410171,0.352543,-0.002008,42.442763
9710,L_hip_yaw,-0.127956,-0.031989,-0.011975,-2.429513
9710,L_hip_pitch,0.321790,-0.269552,-0.368378,12.003362
9710,L_knee,0.687777,-0.478056,-0.652440,21.146310
9710,L_foot_pitch,-1.191418,0.180858,0.287442,-6.501017
9710,L_foot_roll,2.246992,0.224699,-0.001791,13.458244
9710,R_hip_roll,-0.252438,-0.063109,-0.021178,-5.265293
9710,R_hip_yaw,-0.118675,-0.029669,-0.016450,-1.239799
9710,R_hip_pitch,0.800313,0.550078,0.466328,10.144875
9710,R_knee,1.272598,0.968149,1.023333,-8.116947
9710,R_foot_pitch,-0.964057,-0.396406,-0.355509,-2.593254
9710,R_foot_roll,-0.098858,-0.009886,-0.031943,0.305928
9720,L_hip_roll,1.401634,0.350409,-0.000798,42.008044
9720,L_hip_yaw,-0.156277,-0.039069,-0.011822,-3.278485
9720,L_hip_pitch,0.382395,-0.254401,-0.369436,13.878297
9720,L_knee,0.672481,-0.481880,-0.654233,20.825354
9720,L_foot_pitch,-1.303035,0.169697,0.288348,-7.195966
9720,L_foot_roll,2.334663,0.233466,0.000229,13.750602
9720,R_hip_roll,-0.254028,-0.063507,-0.018787,-5.610480
9720,R_hip_yaw,-0.123441,-0.030860,-0.020392,-0.836275
9720,R_hip_pitch,0.826005,0.556501,0.463511,11.585798
9720,R_knee,1.337127,0.984282,1.032453,-6.221601
9720,R_foot_pitch,-1.007612,-0.400761,-0.354470,-2.857449
9720,R_foot_roll,0.015862,0.001586,-0.021279,0.350977
9730,L_hip_roll,1.458204,0.364551,0.000513,43.556457
9730,L_hip_yaw,-0.196164,-0.049041,-0.011787,-4.473188
9730,L_hip_pitch,0.426555,-0.243361,-0.369820,15.185136
9730,L_knee,0.704497,-0.473876,-0.655223,21.821930
9730,L_foot_pitch,-1.312751,0.168725,0.288930,-7.254447
9730,L_foot_roll,2.400384,0.240038,0.003716,13.767791
9730,R_hip_roll,-0.155042,-0.038761,-0.016564,-2.869209
9730,R_hip_yaw,-0.135829,-0.033957,-0.024701,-0.682439
9730,R_hip_pitch,0.832332,0.558083,0.458324,12.551449
9730,R_knee,1.355745,0.988936,1.032974,-5.036786
9730,R_foot_pitch,-1.018651,-0.401865,-0.353923,-2.914830
9730,R_foot_roll,0.076363,0.007636,-0.010302,0.010525
9740,L_hip_roll,1.407583,0.351896,0.002031,41.813453
9740,L_hip_yaw,-0.206378,-0.051595,-0.011810,-4.771678
9740,L_hip_pitch,0.383917,-0.254021,-0.369424,13.773426
9740,L_knee,0.770877,-0.457281,-0.655127,23.677618
9740,L_foot_pitch,-1.284078,0.171592,0.289062,-7.037657
9740,L_foot_roll,2.359635,0.235963,0.007611,13.334971
9740,R_hip_roll,-0.168972,-0.042243,-0.014304,-3.594000
9740,R_hip_yaw,-0.125573,-0.031393,-0.029228,0.196915
9740,R_hip_pitch,0.785853,0.546463,0.452064,11.972825
9740,R_knee,1.386503,0.996626,1.027609,-2.974134
9740,R_foot_pitch,-1.017926,-0.401793,-0.353679,-2.902280
9740,R_foot_roll,0.124845,0.012485,-0.000415,-0.099937
9750,L_hip_roll,1.401944,0.350486,0.003785,41.427182
9750,L_hip_yaw,-0.255763,-0.063941,-0.011842,-6.250509
9750,L_hip_pitch,0.369691,-0.257577,-0.368048,13.076431
9750,L_knee,0.761077,-0.459731,-0.653371,22.978646
9750,L_foot_pitch,-1.248741,0.175126,0.288444,-6.698409
9750,L_foot_roll,2.322549,0.232255,0.010241,13.127066
9750,R_hip_roll,-0.129193,-0.032298,-0.012048,-2.641520
9750,R_hip_yaw,-0.104512,-0.026128,-0.033142,1.170484
9750,R_hip_pitch,0.757265,0.539316,0.445758,11.826489
9750,R_knee,1.454194,1.013549,1.018682,0.365793
9750,R_foot_pitch,-1.045469,-0.404547,-0.353599,-3.060190
9750,R_foot_roll,0.184122,0.018412,0.007551,-0.042228
9760,L_hip_roll,1.475029,0.368757,0.005614,43.391918
9760,L_hip_yaw,-0.226512,-0.056628,-0.011926,-5.351641
9760,L_hip_pitch,0.386434,-0.253391,-0.366072,13.316883
9760,L_knee,0.794415,-0.451396,-0.650198,23.497988
9760,L_foot_pitch,-1.182222,0.181778,0.287097,-6.158610
9760,L_foot_roll,2.261746,0.226175,0.011414,12.813606
9760,R_hip_roll,-0.099376,-0.024844,-0.010059,-1.962741
9760,R_hip_yaw,-0.113717,-0.028429,-0.034937,0.842987
9760,R_hip_pitch,0.706176,0.526544,0.440882,10.662024
9760,R_knee,1.435180,1.008795,1.009640,0.715551
9760,R_foot_pitch,-1.042429,-0.404243,-0.353642,-3.027485
9760,R_foot_roll,0.217410,0.021741,0.014136,-0.131400
9770,L_hip_roll,1.447063,0.361766,0.007827,42.227549
9770,L_hip_yaw,-0.202621,-0.050655,-0.012041,-4.621977
9770,L_hip_pitch,0.343559,-0.264110,-0.363473,11.630038
9770,L_knee,0.777601,-0.455600,-0.645735,22.312811
9770,L_foot_pitch,-1.184361,0.181564,0.285111,-5.987416
9770,L_foot_roll,2.204537,0.220454,0.010005,12.896374
9770,R_hip_roll,-0.149290,-0.037322,-0.008005,-3.735738
9770,R_hip_yaw,-0.102270,-0.025567,-0.034468,0.942206
9770,R_hip_pitch,0.689918,0.522479,0.437797,10.398129
9770,R_knee,1.489110,1.022277,1.002033,3.123679
9770,R_foot_pitch,-1.077960,-0.407796,-0.353746,-3.231661
9770,R_foot_roll,0.250850,0.025085,0.019229,-0.071942
9780,L_hip_roll,1.543398,0.385849,0.010310,44.817025
9780,L_hip_yaw,-0.176078,-0.044019,-0.012111,-3.823323
9780,L_hip_pitch,0.330530,-0.267368,-0.360588,10.908084
9780,L_knee,0.778304,-0.455424,-0.640523,21.685257
9780,L_foot_pitch,-1.120192,0.187981,0.282704,-5.434193
9780,L_foot_roll,2.153999,0.215400,0.006800,12.847351
9780,R_hip_roll,-0.160429,-0.040107,-0.005995,-4.280794
9780,R_hip_yaw,-0.114585,-0.028646,-0.032019,0.081490
9780,R_hip_pitch,0.708920,0.527230,0.437063,10.758878
9780,R_knee,1.484946,1.021237,0.997394,3.133013
9780,R_foot_pitch,-1.056056,-0.405606,-0.353905,-3.084210
9780,R_foot_roll,0.267610,0.026761,0.023179,-0.130572
9790,L_hip_roll,1.557584,0.389396,0.013039,44.873094
9790,L_hip_yaw,-0.140137,-0.035034,-0.012110,-2.752698
9790,L_hip_pitch,0.315118,-0.271220,-0.358111,10.208115
9790,L_knee,0.781099,-0.454725,-0.635374,21.180989
9790,L_foot_pitch,-1.101907,0.189809,0.280180,-5.170235
9790,L_foot_roll,2.090717,0.209072,0.002727,12.815708
9790,R_hip_roll,-0.212724,-0.053181,-0.004036,-6.099666
9790,R_hip_yaw,-0.117779,-0.029445,-0.028530,-0.462553
9790,R_hip_pitch,0.705136,0.526284,0.439438,10.046829
9790,R_knee,1.489123,1.022281,0.996967,2.903105
9790,R_foot_pitch,-1.040869,-0.404087,-0.354058,-2.988363
9790,R_foot_roll,0.274960,0.027496,0.026026,-0.136947
9800,L_hip_roll,1.545658,0.386415,0.016083,44.125986
9800,L_hip_yaw,-0.116880,-0.029220,-0.012025,-2.073588
9800,L_hip_pitch,0.301455,-0.274636,-0.356226,9.628608
9800,L_knee,0.761350,-0.459663,-0.630600,20.058039
9800,L_foot_pitch,-1.078216,0.192178,0.277672,-4.883460
9800,L_foot_roll,2.022366,0.202237,-0.002059,12.740443
9800,R_hip_roll,-0.246833,-0.061708,-0.002096,-7.340531
9800,R_hip_yaw,-0.125490,-0.031373,-0.025214,-1.040752
9800,R_hip_pitch,0.722234,0.530559,0.444703,9.665536
9800,R_knee,1.495611,1.023903,1.000222,2.380773
9800,R_foot_pitch,-1.014820,-0.401482,-0.354156,-2.832092
9800,R_foot_roll,0.279962,0.027996,0.027808,-0.124621
9810,L_hip_roll,1.534368,0.383592,0.019263,43.399236
9810,L_hip_yaw,-0.086363,-0.021591,-0.011891,-1.176801
9810,L_hip_pitch,0.276348,-0.280913,-0.355057,8.815148
9810,L_knee,0.766818,-0.458296,-0.626528,19.822273
9810,L_foot_pitch,-1.045938,0.195406,0.275346,-4.577103
9810,L_foot_roll,1.941415,0.194142,-0.006692,12.476782
9810,R_hip_roll,-0.252637,-0.063159,-0.000414,-7.682357
9810,R_hip_yaw,-0.129389,-0.032347,-0.022922,-1.296582
9810,R_hip_pitch,0.729154,0.532289,0.452378,8.733921
9810,R_knee,1.467608,1.016902,1.006281,0.578611
9810,R_foot_pitch,-0.974740,-0.397474,-0.354189,-2.596501
9810,R_foot_roll,0.263727,0.026373,0.028834,-0.223310
9820,L_hip_roll,1.447582,0.361896,0.022580,40.379198
9820,L_hip_yaw,-0.054471,-0.013618,-0.011733,-0.241367
9820,L_hip_pitch,0.233912,-0.291522,-0.354557,7.539257
9820,L_knee,0.766585,-0.458354,-0.623269,19.502914
9820,L_foot_pitch,-1.018939,0.198106,0.273304,-4.335762
9820,L_foot_roll,1.822522,0.182252,-0.011009,12.011668
9820,R_hip_roll,-0.275990,-0.068998,0.000980,-8.524471
9820,R_hip_yaw,-0.126784,-0.031696,-0.022065,-1.179802
9820,R_hip_pitch,0.708064,0.527016,0.461498,6.921639
9820,R_knee,1.424031,1.006008,1.013180,-1.519611
9820,R_foot_pitch,-0.950654,-0.395065,-0.354134,-2.464677
9820,R_foot_roll,0.240631,0.024063,0.029042,-0.287627
9830,L_hip_roll,1.340545,0.335136,0.025941,36.770115
9830,L_hip_yaw,-0.021595,-0.005399,-0.011580,0.728191
9830,L_hip_pitch,0.171297,-0.307176,-0.354469,5.676947
9830,L_knee,0.767307,-0.458173,-0.620738,19.283985
9830,L_foot_pitch,-0.959315,0.204069,0.271640,-3.899648
9830,L_foot_roll,1.673994,0.167399,-0.014749,11.257340
9830,R_hip_roll,-0.247026,-0.061756,0.001924,-7.708416
9830,R_hip_yaw,-0.124851,-0.031213,-0.022286,-1.017183
9830,R_hip_pitch,0.701868,0.525467,0.470523,5.733604
9830,R_knee,1.358256,0.989564,1.017966,-3.726446
9830,R_foot_pitch,-0.923521,-0.392352,-0.354005,-2.315475
9830,R_foot_roll,0.207163,0.020716,0.028393,-0.370376
9840,L_hip_roll,1.220510,0.305128,0.029295,32.764574
9840,L_hip_yaw,0.017701,0.004425,-0.011428,1.887150
9840,L_hip_pitch,0.086503,-0.328374,-0.354642,3.181577
9840,L_knee,0.782904,-0.454274,-0.618811,19.579893
9840,L_foot_pitch,-0.897355,0.210264,0.270219,-3.467859
9840,L_foot_roll,1.479704,0.147970,-0.017979,10.260982
9840,R_hip_roll,-0.209519,-0.052380,0.002314,-6.577473
9840,R_hip_yaw,-0.110943,-0.027736,-0.023035,-0.478199
9840,R_hip_pitch,0.639218,0.509805,0.478103,3.131824
9840,R_knee,1.243617,0.960904,1.017825,-6.550014
9840,R_foot_pitch,-0.913564,-0.391356,-0.353824,-2.271073
9840,R_foot_roll,0.190771,0.019077,0.026717,-0.258662
9850,L_hip_roll,1.034455,0.258614,0.032798,26.740336
9850,L_hip_yaw,0.061050,0.015262,-0.011260,3.165346
9850,L_hip_pitch,-0.012134,-0.353034,-0.354866,0.241928
9850,L_knee,0.790172,-0.452457,-0.617247,19.633329
9850,L_foot_pitch,-0.826896,0.217310,0.269004,-2.990564
9850,L_foot_roll,1.204983,0.120498,-0.021774,8.948909
9850,R_hip_roll,-0.142173,-0.035543,0.002235,-4.503738
9850,R_hip_yaw,-0.087053,-0.021763,-0.023439,0.205556
9850,R_hip_pitch,0.555475,0.488869,0.482647,0.457162
9850,R_knee,1.101876,0.925469,1.009432,-8.814690
9850,R_foot_pitch,-0.930084,-0.393008,-0.353621,-2.383110
9850,R_foot_roll,0.181029,0.018103,0.024494,-0.163606
9860,L_hip_roll,0.827940,0.206985,0.036540,20.110335
9860,L_hip_yaw,0.094793,0.023698,-0.011053,4.150524
9860,L_hip_pitch,-0.125488,-0.381372,-0.354979,-3.106662
9860,L_knee,0.819523,-0.445119,-0.615887,20.446415
9860,L_foot_pitch,-0.729972,0.227003,0.267938,-2.347004
9860,L_foot_roll,0.880705,0.088071,-0.026905,7.058521
9860,R_hip_roll,-0.027665,-0.006916,0.001738,-0.957566
9860,R_hip_yaw,-0.057165,-0.014291,-0.022363,0.788595
9860,R_hip_pitch,0.453255,0.463314,0.482462,-2.061568
9860,R_knee,0.918017,0.879504,0.989440,-10.658668
9860,R_foot_pitch,-0.941660,-0.394166,-0.353446,-2.458203
9860,R_foot_roll,0.154948,0.015495,0.022409,-0.226188
9870,L_hip_roll,0.557081,0.139270,0.040084,11.578187
9870,L_hip_yaw,0.139117,0.034779,-0.010895,5.469731
9870,L_hip_pitch,-0.204560,-0.401140,-0.355659,-5.346555
9870,L_knee,0.827008,-0.443248,-0.615726,20.735629
9870,L_foot_pitch,-0.626072,0.237393,0.267212,-1.611045
9870,L_foot_roll,0.435616,0.043562,-0.029388,4.302048
9870,R_hip_roll,0.118973,0.029743,0.000853,3.573889
9870,R_hip_yaw,-0.021185,-0.005296,-0.019142,1.250388
9870,R_hip_pitch,0.296235,0.424059,0.476258,-5.384696
9870,R_knee,0.674933,0.818733,0.955119,-12.314013
9870,R_foot_pitch,-0.978609,-0.397861,-0.353321,-2.682291
9870,R_foot_roll,0.122323,0.012232,0.020163,-0.239940
9880,L_hip_roll,0.224573,0.056143,0.043652,1.177251
9880,L_hip_yaw,0.158066,0.039517,-0.010727,6.021975
9880,L_hip_pitch,-0.259156,-0.414789,-0.356335,-6.900200
9880,L_knee,0.791168,-0.452208,-0.616087,19.777693
9880,L_foot_pitch,-0.530161,0.246984,0.267416,-1.145515
9880,L_foot_roll,-0.049605,-0.004961,-0.032469,1.724341
9880,R_hip_roll,0.268386,0.067096,-0.000098,8.170093
9880,R_hip_yaw,0.018310,0.004577,-0.013488,1.520421
9880,R_hip_pitch,0.113265,0.378316,0.462466,-8.395211
9880,R_knee,0.424912,0.756228,0.903786,-11.856103
9880,R_foot_pitch,-1.019429,-0.401943,-0.353264,-2.923042
9880,R_foot_roll,0.068675,0.006868,0.017059,-0.270470
9890,L_hip_roll,-0.178177,-0.044544,0.046794,-11.232593
9890,L_hip_yaw,0.146041,0.036510,-0.010750,5.680809
9890,L_hip_pitch,-0.289798,-0.422449,-0.357138,-7.738446
9890,L_knee,0.723798,-0.469050,-0.617507,18.022229
9890,L_foot_pitch,-0.339255,0.266074,0.267822,-0.186761
9890,L_foot_roll,-0.582197,-0.058220,-0.035578,-1.108168
9890,R_hip_roll,0.458544,0.114636,-0.001117,14.004194
9890,R_hip_yaw,0.056555,0.014139,-0.005796,1.573461
9890,R_hip_pitch,-0.111297,0.322176,0.439871,-11.524340
9890,R_knee,0.150596,0.687649,0.834084,-9.915635
9890,R_foot_pitch,-0.977609,-0.397761,-0.353292,-2.661157
9890,R_foot_roll,-0.041473,-0.004147,0.012443,-0.483368
9900,L_hip_roll,-0.699239,-0.174810,0.048899,-26.983127
9900,L_hip_yaw,0.105322,0.026330,-0.011093,4.550694
9900,L_hip_pitch,-0.248349,-0.412087,-0.357840,-6.414029
9900,L_knee,0.588423,-0.502894,-0.620243,14.454841
9900,L_foot_pitch,-0.040801,0.295920,0.269424,1.408534
9900,L_foot_roll,-1.019337,-0.101934,-0.038502,-3.562690
9900,R_hip_roll,0.586272,0.146568,-0.002225,17.980716
9900,R_hip_yaw,0.084823,0.021206,0.002620,1.423310
9900,R_hip_pitch,-0.280483,0.279879,0.407997,-11.857557
9900,R_knee,-0.147966,0.613008,0.746868,-6.768149
9900,R_foot_pitch,-0.757454,-0.375745,-0.353337,-1.340015
9900,R_foot_roll,-0.286993,-0.028699,0.004890,-1.159639
9910,L_hip_roll,-1.047344,-0.261836,0.048883,-37.151530
9910,L_hip_yaw,0.031784,0.007946,-0.012066,2.516250
9910,L_hip_pitch,-0.029814,-0.357454,-0.358594,0.230737
9910,L_knee,0.252981,-0.586755,-0.625086,5.189602
9910,L_foot_pitch,0.300803,0.330080,0.272128,3.146017
9910,L_foot_roll,-1.127167,-0.112717,-0.041002,-4.076022
9910,R_hip_roll,0.594544,0.148636,-0.003923,18.530069
9910,R_hip_yaw,0.094806,0.023702,0.009575,1.133880
9910,R_hip_pitch,-0.190476,0.302381,0.367813,-3.610226
9910,R_knee,-0.542706,0.514323,0.645870,-5.393925
9910,R_foot_pitch,-0.407518,-0.340752,-0.353170,0.719168
9910,R_foot_roll,-0.643054,-0.064305,-0.008637,-1.785945
9920,L_hip_roll,-0.800919,-0.200230,0.048777,-29.875301
9920,L_hip_yaw,-0.087829,-0.021957,-0.011357,-1.387756
9920,L_hip_pitch,-0.135091,-0.383773,-0.358412,-3.141200
9920,L_knee,-0.107597,-0.676899,-0.629746,-5.231477
9920,L_foot_pitch,1.018107,0.401811,0.275418,7.348755
9920,L_foot_roll,-0.486786,-0.048679,-0.043768,-0.094943
9920,R_hip_roll,0.111864,0.027966,-0.005855,4.044585
9920,R_hip_yaw,-0.219034,-0.054759,0.010506,-8.043984
9920,R_hip_pitch,0.126947,0.381737,0.350433,4.906339
9920,R_knee,-1.339826,0.315043,0.602056,-31.538077
9920,R_foot_pitch,-0.121564,-0.312156,-0.258420,-12.496046
9920,R_foot_roll,-1.203412,-0.120341,0.011135,-7.607722
9930,L_hip_roll,-0.921101,-0.230275,0.050387,-33.870683
9930,L_hip_yaw,-0.022621,-0.005655,-0.009811,0.319183
9930,L_hip_pitch,0.417154,-0.245712,-0.361455,14.429987
9930,L_knee,-0.633588,-0.808397,-0.641291,-18.446311
9930,L_foot_pitch,1.391662,0.439166,0.295647,5.442638
9930,L_foot_roll,-0.042465,-0.004247,-0.043347,2.206561
9930,R_hip_roll,-0.566963,-0.141741,-0.003491,-16.938570
9930,R_hip_yaw,-0.160435,-0.040109,0.011515,-6.255513
9930,R_hip_pitch,0.548511,0.487128,0.349278,16.293502
9930,R_knee,-1.636480,0.240880,0.601683,-43.882689
9930,R_foot_pitch,0.194000,-0.280600,-0.255321,-1.358308
9930,R_foot_roll,-1.724437,-0.172444,0.007479,-10.326951
9940,L_hip_roll,-0.578222,-0.144555,0.049592,-22.971565
9940,L_hip_yaw,-0.019358,-0.004840,-0.004080,-1.096356
9940,L_hip_pitch,0.369577,-0.257606,-0.369714,14.364752
9940,L_knee,-1.144787,-0.936197,-0.667787,-29.004040
9940,L_foot_pitch,1.634956,0.463496,0.341377,1.940227
9940,L_foot_roll,0.336672,0.033667,-0.031898,2.181292
9940,R_hip_roll,-0.973366,-0.243342,-0.001089,-29.272798
9940,R_hip_yaw,-0.237448,-0.059362,0.012003,-8.615779
9940,R_hip_pitch,0.582748,0.495687,0.350826,17.237642
9940,R_knee,-1.692017,0.226996,0.606002,-45.921524
9940,R_foot_pitch,0.540713,-0.245929,-0.256776,0.790151
9940,R_foot_roll,-1.955567,-0.195557,0.005137,-11.620084
9950,L_hip_roll,-0.181748,-0.045437,0.044207,-10.068038
9950,L_hip_yaw,0.003611,0.000903,0.007943,-2.067081
9950,L_hip_pitch,0.300847,-0.274788,-0.384300,14.927330
9950,L_knee,-1.126220,-0.931555,-0.714718,-20.401344
9950,L_foot_pitch,1.694640,0.469464,0.381882,2.970901
9950,L_foot_roll,0.729492,0.072949,-0.005555,1.763980
9950,R_hip_roll,-1.055205,-0.263801,0.000363,-31.809834
9950,R_hip_yaw,-0.189632,-0.047408,0.011906,-7.064441
9950,R_hip_pitch,0.654071,0.513518,0.352123,19.258121
9950,R_knee,-1.472294,0.281926,0.609659,-39.641203
9950,R_foot_pitch,1.032322,-0.196768,-0.258381,3.850814
9950,R_foot_roll,-1.788320,-0.178832,0.003107,-10.731420
9960,L_hip_roll,0.085856,0.021464,0.036673,-1.031761
9960,L_hip_yaw,-0.000412,-0.000103,0.017734,-2.855573
9960,L_hip_pitch,0.114118,-0.321471,-0.404004,11.894570
9960,L_knee,-1.289296,-0.972324,-0.777177,-16.898638
9960,L_foot_pitch,1.669929,0.466993,0.392138,4.218827
9960,L_foot_roll,0.812116,0.081212,0.028721,-0.295638
9960,R_hip_roll,-1.169223,-0.292306,0.001237,-35.291489
9960,R_hip_yaw,-0.200777,-0.050194,0.011399,-7.350252
9960,R_hip_pitch,0.660086,0.515021,0.353700,19.186739
9960,R_knee,-1.438209,0.290448,0.612828,-38.991973
9960,R_foot_pitch,1.104086,-0.189591,-0.259713,4.329876
9960,R_foot_roll,-1.845117,-0.184512,0.001573,-11.026286
9970,L_hip_roll,0.238517,0.059629,0.029350,4.321109
9970,L_hip_yaw,0.038009,0.009502,0.020082,-1.134513
9970,L_hip_pitch,-0.194896,-0.398724,-0.425034,5.226192
9970,L_knee,-1.285602,-0.971401,-0.846362,-7.998309
9970,L_foot_pitch,1.545764,0.454576,0.390176,4.320505
9970,L_foot_roll,0.761060,0.076106,0.058922,-1.505076
9970,R_hip_roll,-1.375263,-0.343816,0.002062,-41.595151
9970,R_hip_yaw,-0.182627,-0.045657,0.010976,-6.762324
9970,R_hip_pitch,0.296377,0.424094,0.356037,7.908219
9970,R_knee,-1.146170,0.363458,0.615774,-30.546728
9970,R_foot_pitch,1.224618,-0.177538,-0.260687,5.063233
9970,R_foot_roll,-1.890142,-0.189014,0.000236,-11.229379
9980,L_hip_roll,0.412285,0.103071,0.022840,10.259283
9980,L_hip_yaw,0.077477,0.019369,0.015996,0.993298
9980,L_hip_pitch,-0.493451,-0.473363,-0.444643,-1.671640
9980,L_knee,-1.172308,-0.943077,-0.915256,3.263561
9980,L_foot_pitch,1.462726,0.446273,0.384244,4.372118
9980,L_foot_roll,0.668416,0.066842,0.076093,-1.659548
9980,R_hip_roll,-1.391082,-0.347770,0.002832,-42.133326
9980,R_hip_yaw,-0.143323,-0.035831,0.010497,-5.508005
9980,R_hip_pitch,0.021382,0.355345,0.358760,-0.671875
9980,R_knee,-0.997318,0.400671,0.618573,-26.419971
9980,R_foot_pitch,1.162306,-0.183769,-0.261512,4.747427
9980,R_foot_roll,-1.816535,-0.181653,-0.000903,-10.742584
9990,L_hip_roll,0.414232,0.103558,0.017156,10.894944
9990,L_hip_yaw,0.052682,0.013171,0.009719,1.039371
9990,L_hip_pitch,-0.636782,-0.509195,-0.459293,-4.832897
9990,L_knee,-1.223343,-0.955836,-0.974351,7.447324
9990,L_foot_pitch,1.429970,0.442997,0.377745,4.541505
9990,L_foot_roll,0.509932,0.050993,0.079454,-1.568164
9990,R_hip_roll,-1.422635,-0.355659,0.003513,-43.169427
9990,R_hip_yaw,-0.085898,-0.021475,0.009836,-3.683828
9990,R_hip_pitch,-0.077496,0.330626,0.360776,-3.757843
9990,R_knee,-0.895460,0.426135,0.620617,-23.476263
9990,R_foot_pitch,1.159317,-0.184068,-0.262180,4.734846
9990,R_foot_roll,-1.852779,-0.185278,-0.001857,-10.913988
10000,L_hip_roll,0.492736,0.123184,0.012328,13.759108
10000,L_hip_yaw,0.034131,0.008533,0.003129,1.296219
10000,L_hip_pitch,-0.668359,-0.517090,-0.467683,-5.378127
10000,L_knee,-1.213707,-0.953427,-1.018517,11.497817
10000,L_foot_pitch,1.401690,0.440169,0.372040,4.606137
10000,L_foot_roll,0.393247,0.039325,0.071687,-0.850570
10000,R_hip_roll,-1.329809,-0.332452,0.004066,-40.422661
10000,R_hip_yaw,0.025145,0.006286,0.008987,-0.232754
10000,R_hip_pitch,-0.217357,0.295661,0.361785,-7.997220
10000,R_knee,-0.778893,0.455277,0.621574,-20.008574
10000,R_foot_pitch,1.172976,-0.182702,-0.262573,4.819670
10000,R_foot_roll,-1.815025,-0.181502,-0.002731,-10.646943
10010,L_hip_roll,0.384758,0.096190,0.008548,10.837827
10010,L_hip_yaw,0.016457,0.004114,-0.003188,1.460309
10010,L_hip_pitch,-0.727852,-0.531963,-0.469052,-7.751483
10010,L_knee,-1.285318,-0.971329,-1.045683,10.829651
10010,L_foot_pitch,1.462284,0.446228,0.367516,5.121309
10010,L_foot_roll,0.389626,0.038963,0.057556,0.377855
10010,R_hip_roll,-1.445798,-0.361450,0.004551,-43.973283
10010,R_hip_yaw,0.031475,0.007869,0.008291,0.001223
10010,R_hip_pitch,-0.218003,0.295499,0.361546,-7.832617
10010,R_knee,-0.830075,0.442481,0.621401,-21.393802
10010,R_foot_pitch,1.146532,-0.185347,-0.262682,4.634422
10010,R_foot_roll,-1.974176,-0.197418,-0.003531,-11.555822
10020,L_hip_roll,0.397362,0.099341,0.005472,11.561022
10020,L_hip_yaw,0.009336,0.002334,-0.008287,1.704890
10020,L_hip_pitch,-0.639418,-0.509855,-0.464203,-6.179748
10020,L_knee,-1.397409,-0.999352,-1.056676,7.332433
10020,L_foot_pitch,1.467333,0.446733,0.364202,5.232927
10020,L_foot_roll,0.309305,0.030931,0.044552,0.268200
10020,R_hip_roll,-1.557574,-0.389394,0.004840,-47.317805
10020,R_hip_yaw,0.062303,0.015576,0.007856,0.963009
10020,R_hip_pitch,-0.207792,0.298052,0.360258,-7.312550
10020,R_knee,-0.821676,0.444581,0.620208,-20.923444
10020,R_foot_pitch,1.165819,-0.183418,-0.262485,4.711187
10020,R_foot_roll,-2.125058,-0.212506,-0.004248,-12.433795
10030,L_hip_roll,0.373181,0.093295,0.002627,11.153313
10030,L_hip_yaw,0.025880,0.006470,-0.011576,2.400552
10030,L_hip_pitch,-0.685876,-0.521469,-0.455121,-9.014443
10030,L_knee,-1.471017,-1.017754,-1.055463,3.967895
10030,L_foot_pitch,1.425002,0.442500,0.361931,5.022188
10030,L_foot_roll,0.296602,0.029660,0.034899,0.506198
10030,R_hip_roll,-1.630868,-0.407717,0.004630,-49.436262
10030,R_hip_yaw,0.034785,0.008696,0.007732,0.110903
10030,R_hip_pitch,-0.359343,0.260164,0.358658,-11.658723
10030,R_knee,-0.802579,0.449355,0.618733,-20.181112
10030,R_foot_pitch,1.259612,-0.174039,-0.262195,5.260335
10030,R_foot_roll,-2.183612,-0.218361,-0.004959,-12.745264
10040,L_hip_roll,0.321499,0.080375,0.000066,9.874255
10040,L_hip_yaw,0.037617,0.009404,-0.012222,2.524462
10040,L_hip_pitch,-0.588683,-0.497171,-0.443991,-7.516817
10040,L_knee,-1.486895,-1.021724,-1.047224,2.057911
10040,L_foot_pitch,1.378790,0.437879,0.360392,4.777955
10040,L_foot_roll,0.275044,0.027504,0.028761,0.371606
10040,R_hip_roll,-1.627525,-0.406881,0.003967,-49.222931
10040,R_hip_yaw,0.077484,0.019371,0.007676,1.419253
10040,R_hip_pitch,-0.239961,0.290010,0.356764,-7.810848
10040,R_knee,-0.875817,0.431046,0.617135,-22.169277
10040,R_foot_pitch,1.296243,-0.170376,-0.261914,5.467051
10040,R_foot_roll,-2.202603,-0.220260,-0.005187,-12.886545
10050,L_hip_roll,0.338424,0.084606,-0.002185,10.625360
10050,L_hip_yaw,0.028731,0.007183,-0.009449,1.570612
10050,L_hip_pitch,-0.543938,-0.485984,-0.432540,-7.537961
10050,L_knee,-1.493698,-1.023424,-1.035541,0.194665
10050,L_foot_pitch,1.340969,0.434097,0.359319,4.577703
10050,L_foot_roll,0.210008,0.021001,0.025701,-0.076919
10050,R_hip_roll,-1.544580,-0.386145,0.002962,-46.577359
10050,R_hip_yaw,0.107066,0.026766,0.007704,2.274452
10050,R_hip_pitch,-0.287064,0.278234,0.354957,-9.049823
10050,R_knee,-0.906610,0.423347,0.615592,-22.926612
10050,R_foot_pitch,1.277382,-0.172262,-0.261586,5.325156
10050,R_foot_roll,-2.157367,-0.215737,-0.005245,-12.630072
10060,L_hip_roll,0.226172,0.056543,-0.003607,7.302315
10060,L_hip_yaw,0.063959,0.015990,-0.004262,1.856818
10060,L_hip_pitch,-0.575088,-0.493772,-0.421587,-9.706253
10060,L_knee,-1.493621,-1.023405,-1.022629,-1.367615
10060,L_foot_pitch,1.276593,0.427659,0.358548,4.212847
10060,L_foot_roll,0.074587,0.007459,0.022931,-0.623925
10060,R_hip_roll,-1.561902,-0.390475,0.001958,-47.006638
10060,R_hip_yaw,0.142467,0.035617,0.007939,3.293704
10060,R_hip_pitch,-0.392911,0.251772,0.353177,-11.985135
10060,R_knee,-0.850852,0.437287,0.613762,-20.971622
10060,R_foot_pitch,1.182388,-0.181761,-0.261016,4.682445
10060,R_foot_roll,-2.204624,-0.220462,-0.005099,-12.929193
10070,L_hip_roll,0.226826,0.056707,-0.004183,7.342264
10070,L_hip_yaw,0.052097,0.013024,0.002778,0.448522
10070,L_hip_pitch,-0.508936,-0.477234,-0.412175,-8.642975
10070,L_knee,-1.481361,-1.020340,-1.011100,-2.129698
10070,L_foot_pitch,1.295852,0.429585,0.357940,4.354046
10070,L_foot_roll,0.011862,0.001186,0.017640,-0.356516
10070,R_hip_roll,-1.559509,-0.389877,0.001035,-46.813315
10070,R_hip_yaw,0.181411,0.045353,0.008258,4.421694
10070,R_hip_pitch,-0.347237,0.263191,0.351357,-10.408148
10070,R_knee,-0.918271,0.420432,0.611788,-22.778996
10070,R_foot_pitch,1.068209,-0.193179,-0.260349,3.966234
10070,R_foot_roll,-2.274146,-0.227415,-0.004936,-13.362459
10080,L_hip_roll,0.166788,0.041697,-0.004189,5.479484
10080,L_hip_yaw,0.056096,0.014024,0.010393,-0.284915
10080,L_hip_pitch,-0.520765,-0.480191,-0.404796,-9.689492
10080,L_knee,-1.558398,-1.039599,-1.002254,-5.230834
10080,L_foot_pitch,1.314882,0.431488,0.357483,4.478698
10080,L_foot_roll,-0.080780,-0.008078,0.010008,-0.294689
10080,R_hip_roll,-1.610698,-0.402675,0.000031,-48.221379
10080,R_hip_yaw,0.215611,0.053903,0.008643,5.390111
10080,R_hip_pitch,-0.395343,0.251164,0.349598,-11.639685
10080,R_knee,-0.889630,0.427592,0.609873,-21.682132
10080,R_foot_pitch,1.045299,-0.195470,-0.259666,3.780326
10080,R_foot_roll,-2.358198,-0.235820,-0.004670,-13.899956
10090,L_hip_roll,0.139247,0.034812,-0.003838,4.598864
10090,L_hip_yaw,0.072174,0.018044,0.016717,-0.384290
10090,L_hip_pitch,-0.544190,-0.486047,-0.400362,-10.561517
10090,L_knee,-1.573577,-1.043394,-0.998342,-5.505571
10090,L_foot_pitch,1.269230,0.426923,0.357203,4.204461
10090,L_foot_roll,-0.092636,-0.009264,0.001199,0.244543
10090,R_hip_roll,-1.550966,-0.387742,-0.001153,-46.259009
10090,R_hip_yaw,0.222398,0.055599,0.009054,5.547018
10090,R_hip_pitch,-0.408293,0.247927,0.348211,-11.923947
10090,R_knee,-0.891712,0.427072,0.608453,-21.664360
10090,R_foot_pitch,1.003995,-0.199600,-0.259134,3.532838
10090,R_foot_roll,-2.277830,-0.227783,-0.004719,-13.354173
10100,L_hip_roll,0.163508,0.040877,-0.003428,5.275580
10100,L_hip_yaw,0.076779,0.019195,0.021380,-0.651364
10100,L_hip_pitch,-0.594370,-0.498592,-0.399769,-11.749252
10100,L_knee,-1.543948,-1.035987,-1.001190,-3.599648
10100,L_foot_pitch,1.240885,0.424088,0.357002,4.043962
10100,L_foot_roll,-0.073456,-0.007346,-0.006293,0.559552
10100,R_hip_roll,-1.503757,-0.375939,-0.002635,-44.634192
10100,R_hip_yaw,0.208132,0.052033,0.009381,5.090771
10100,R_hip_pitch,-0.391039,0.252240,0.347340,-11.342350
10100,R_knee,-0.899593,0.425102,0.607681,-21.852758
10100,R_foot_pitch,0.995354,-0.200465,-0.258802,3.472466
10100,R_foot_roll,-2.184630,-0.218463,-0.004521,-12.887783
10110,L_hip_roll,0.130573,0.032643,-0.002916,4.208360
10110,L_hip_yaw,0.081251,0.020313,0.024213,-0.658223
10110,L_hip_pitch,-0.624900,-0.506225,-0.402882,-11.944552
10110,L_knee,-1.512350,-1.028088,-1.009671,-1.176190
10110,L_foot_pitch,1.199458,0.419946,0.356794,3.810521
10110,L_foot_roll,-0.048200,-0.004820,-0.010424,0.595445
10110,R_hip_roll,-1.502196,-0.375549,-0.004400,-44.349852
10110,R_hip_yaw,0.194179,0.048545,0.009521,4.678172
10110,R_hip_pitch,-0.385605,0.253599,0.346840,-11.152668
10110,R_knee,-0.876227,0.430943,0.607088,-21.077975
10110,R_foot_pitch,1.006474,-0.199353,-0.258436,3.503674
10110,R_foot_roll,-2.094172,-0.209417,-0.003029,-12.592326
10120,L_hip_roll,0.166839,0.041710,-0.002481,5.269604
10120,L_hip_yaw,0.075800,0.018950,0.025095,-0.743949
10120,L_hip_pitch,-0.645453,-0.511363,-0.408778,-11.634123
10120,L_knee,-1.475815,-1.018954,-1.020924,1.397232
10120,L_foot_pitch,1.189868,0.418987,0.356538,3.774206
10120,L_foot_roll,0.009562,0.000956,-0.011034,0.658181
10120,R_hip_roll,-1.448814,-0.362203,-0.006527,-42.455839
10120,R_hip_yaw,0.178199,0.044550,0.009447,4.225388
10120,R_hip_pitch,-0.366404,0.258399,0.346862,-10.652721
10120,R_knee,-0.859748,0.435063,0.606841,-20.630411
10120,R_foot_pitch,1.031281,-0.196872,-0.258099,3.655595
10120,R_foot_roll,-1.993850,-0.199385,-0.000926,-12.036435
10130,L_hip_roll,0.175554,0.043889,-0.002164,5.494954
10130,L_hip_yaw,0.074628,0.018657,0.024053,-0.460265
10130,L_hip_pitch,-0.672885,-0.518221,-0.416098,-11.496617
10130,L_knee,-1.397386,-0.999346,-1.031657,4.848163
10130,L_foot_pitch,1.140924,0.414092,0.356255,3.498266
10130,L_foot_roll,0.052539,0.005254,-0.008583,0.492486
10130,R_hip_roll,-1.378662,-0.344665,-0.008990,-40.018395
10130,R_hip_yaw,0.144492,0.036123,0.009224,3.254368
10130,R_hip_pitch,-0.351511,0.262122,0.347434,-10.306356
10130,R_knee,-0.833829,0.441543,0.607132,-19.908926
10130,R_foot_pitch,1.059197,-0.194080,-0.257924,3.815523
10130,R_foot_roll,-1.833912,-0.183391,0.000623,-11.200762
10140,L_hip_roll,0.194324,0.048581,-0.001828,6.011823
10140,L_hip_yaw,0.059702,0.014925,0.021322,-0.437267
10140,L_hip_pitch,-0.666022,-0.516505,-0.423356,-10.489254
10140,L_knee,-1.314778,-0.978694,-1.038302,7.555656
10140,L_foot_pitch,1.125713,0.412571,0.355933,3.431625
10140,L_foot_roll,0.074545,0.007454,-0.004162,0.222441
10140,R_hip_roll,-1.293615,-0.323404,-0.011819,-37.092047
10140,R_hip_yaw,0.130356,0.032589,0.008863,2.887779
10140,R_hip_pitch,-0.344810,0.263797,0.348208,-10.209694
10140,R_knee,-0.806218,0.448446,0.607529,-19.129721
10140,R_foot_pitch,1.050840,-0.194916,-0.257752,3.753233
10140,R_foot_roll,-1.716932,-0.171693,0.002457,-10.639415
10150,L_hip_roll,0.164973,0.041243,-0.001268,5.028296
10150,L_hip_yaw,0.046294,0.011574,0.017127,-0.194213
10150,L_hip_pitch,-0.653415,-0.513354,-0.428981,-9.663079
10150,L_knee,-1.236190,-0.959047,-1.037488,8.949937
10150,L_foot_pitch,1.085459,0.408546,0.355592,3.210250
10150,L_foot_roll,0.073549,0.007355,0.000471,-0.014328
10150,R_hip_roll,-1.161215,-0.290304,-0.014915,-32.729574
10150,R_hip_yaw,0.120533,0.030133,0.008420,2.650425
10150,R_hip_pitch,-0.298402,0.275399,0.348865,-8.868712
10150,R_knee,-0.813346,0.446663,0.607810,-19.356124
10150,R_foot_pitch,1.004590,-0.199541,-0.257565,3.461767
10150,R_foot_roll,-1.567951,-0.156795,0.004478,-9.882898
10160,L_hip_roll,0.140882,0.035220,-0.000246,4.128228
10160,L_hip_yaw,0.025941,0.006485,0.011857,-0.097580
10160,L_hip_pitch,-0.629054,-0.507264,-0.431982,-8.850174
10160,L_knee,-1.116014,-0.929003,-1.027239,10.344313
10160,L_foot_pitch,1.076190,0.407619,0.355248,3.175763
10160,L_foot_roll,0.072190,0.007219,0.003929,-0.080508
10160,R_hip_roll,-1.089310,-0.272328,-0.018071,-30.199538
10160,R_hip_yaw,0.087808,0.021952,0.008013,1.708783
10160,R_hip_pitch,-0.242134,0.289466,0.349236,-7.199606
10160,R_knee,-0.824359,0.443910,0.607788,-19.648921
10160,R_foot_pitch,0.943725,-0.205628,-0.257288,3.066585
10160,R_foot_roll,-1.438673,-0.143867,0.006635,-9.247299
10170,L_hip_roll,0.075367,0.018842,0.001279,1.932199
10170,L_hip_yaw,0.005550,0.001387,0.005909,0.062298
10170,L_hip_pitch,-0.562288,-0.490572,-0.431888,-7.179248
10170,L_knee,-1.008208,-0.902052,-1.006338,9.965989
10170,L_foot_pitch,1.084931,0.408493,0.354923,3.244269
10170,L_foot_roll,0.058230,0.005823,0.005866,-0.139142
10170,R_hip_roll,-1.000978,-0.250245,-0.021170,-27.185140
10170,R_hip_yaw,0.070624,0.017656,0.007672,1.229761
10170,R_hip_pitch,-0.206487,0.298378,0.349448,-6.151024
10170,R_knee,-0.825824,0.443544,0.607475,-19.633585
10170,R_foot_pitch,0.874104,-0.212590,-0.256891,2.614667
10170,R_foot_roll,-1.332667,-0.133267,0.008895,-8.756741
10180,L_hip_roll,-0.029180,-0.007295,0.003148,-1.453415
10180,L_hip_yaw,-0.013585,-0.003396,-0.000306,0.233358
10180,L_hip_pitch,-0.501983,-0.475496,-0.428352,-6.142792
10180,L_knee,-0.869345,-0.867336,-0.974416,9.230401
10180,L_foot_pitch,1.061162,0.406116,0.354666,3.108458
10180,L_foot_roll,0.043304,0.004330,0.006594,-0.172669
10180,R_hip_roll,-0.870834,-0.217708,-0.024190,-22.927844
10180,R_hip_yaw,0.039963,0.009991,0.007411,0.331723
10180,R_hip_pitch,-0.146597,0.313351,0.349631,-4.378018
10180,R_knee,-0.859748,0.435063,0.607090,-20.611654
10180,R_foot_pitch,0.789769,-0.221023,-0.256479,2.089079
10180,R_foot_roll,-1.134201,-0.113420,0.011235,-7.714620
10190,L_hip_roll,-0.153291,-0.038323,0.005103,-5.407896
10190,L_hip_yaw,-0.034202,-0.008550,-0.006081,0.228852
10190,L_hip_pitch,-0.412306,-0.453077,-0.421462,-4.589791
10190,L_knee,-0.678204,-0.819551,-0.932179,8.926128
10190,L_foot_pitch,1.066174,0.406617,0.354465,3.146684
10190,L_foot_roll,0.021883,0.002188,0.006625,-0.255493
10190,R_hip_roll,-0.753460,-0.188365,-0.027070,-19.080763
10190,R_hip_yaw,0.012370,0.003093,0.007210,-0.473812
10190,R_hip_pitch,-0.098795,0.325301,0.349938,-3.004866
10190,R_knee,-0.880998,0.429750,0.606833,-21.238526
10190,R_foot_pitch,0.684039,-0.231596,-0.256116,1.439744
10190,R_foot_roll,-0.939717,-0.093972,0.013710,-6.708400
10200,L_hip_roll,-0.296151,-0.074038,0.006736,-9.835647
10200,L_hip_yaw,-0.055383,-0.013846,-0.010763,0.023051
10200,L_hip_pitch,-0.287461,-0.421865,-0.411206,-2.416440
10200,L_knee,-0.454209,-0.763552,-0.880084,8.428835
10200,L_foot_pitch,1.036902,0.403690,0.354312,2.974865
10200,L_foot_roll,-0.006328,-0.000633,0.006273,-0.371743
10200,R_hip_roll,-0.524433,-0.131108,-0.029801,-11.894607
10200,R_hip_yaw,-0.003146,-0.000786,0.007008,-0.911800
10200,R_hip_pitch,-0.052955,0.336761,0.350504,-1.727658
10200,R_knee,-0.888093,0.427977,0.606910,-21.505891
10200,R_foot_pitch,0.556545,-0.244345,-0.255910,0.684854
10200,R_foot_roll,-0.633790,-0.063379,0.016311,-5.042358
10210,L_hip_roll,-0.489122,-0.122281,0.007715,-15.669097
10210,L_hip_yaw,-0.068376,-0.017094,-0.013829,-0.180206
10210,L_hip_pitch,-0.134935,-0.383734,-0.397134,0.075780
10210,L_knee,-0.177754,-0.694439,-0.818182,8.338902
10210,L_foot_pitch,0.963786,0.396379,0.354181,2.543610
10210,L_foot_roll,-0.067191,-0.006719,0.005534,-0.650637
10210,R_hip_roll,-0.233720,-0.058430,-0.032285,-2.911547
10210,R_hip_yaw,-0.007890,-0.001972,0.006804,-1.029640
10210,R_hip_pitch,0.009039,0.352260,0.351255,0.029673
10210,R_knee,-0.891245,0.427189,0.607472,-21.721118
10210,R_foot_pitch,0.392297,-0.260770,-0.255981,-0.263595
10210,R_foot_roll,-0.275512,-0.027551,0.019052,-3.068499
10220,L_hip_roll,-0.590652,-0.147663,0.007744,-18.593694
10220,L_hip_yaw,-0.066541,-0.016635,-0.014516,-0.309386
10220,L_hip_pitch,-0.023201,-0.355800,-0.378518,0.711974
10220,L_knee,0.102788,-0.624303,-0.746162,7.107000
10220,L_foot_pitch,0.829417,0.382942,0.353996,1.756376
10220,L_foot_roll,-0.137655,-0.013765,0.003829,-0.847163
10220,R_hip_roll,0.089424,0.022356,-0.034304,6.978395
10220,R_hip_yaw,0.035578,0.008895,0.006683,0.283547
10220,R_hip_pitch,-0.017208,0.345698,0.351919,-0.702666
10220,R_knee,-0.743654,0.464087,0.608461,-17.284258
10220,R_foot_pitch,0.202340,-0.279766,-0.256742,-1.026668
10220,R_foot_roll,0.083809,0.008381,0.021772,-0.967108
10230,L_hip_roll,-0.471664,-0.117916,0.006846,-14.850577
10230,L_hip_yaw,-0.053526,-0.013381,-0.011742,-0.643234
10230,L_hip_pitch,0.033767,-0.341558,-0.355388,-0.758985
10230,L_knee,0.394888,-0.551278,-0.665143,5.377563
10230,L_foot_pitch,0.622856,0.362286,0.353666,0.554163
10230,L_foot_roll,-0.121700,-0.012170,0.000380,-0.347837
10230,R_hip_roll,0.292335,0.073084,-0.035443,13.080802
10230,R_hip_yaw,0.092147,0.023037,0.006826,1.925249
10230,R_hip_pitch,-0.124202,0.318950,0.353066,-4.241291
10230,R_knee,-0.544733,0.513817,0.611100,-12.024440
10230,R_foot_pitch,-0.094661,-0.309466,-0.257875,-2.933333
10230,R_foot_roll,0.340627,0.034063,0.024613,0.292418
10240,L_hip_roll,0.086947,0.021737,0.006958,1.804880
10240,L_hip_yaw,-0.023571,-0.005893,-0.010510,0.639953
10240,L_hip_pitch,-0.238740,-0.409685,-0.341491,-8.965229
10240,L_knee,1.218496,-0.345376,-0.621037,30.868127
10240,L_foot_pitch,0.692944,0.369294,0.293392,12.004999
10240,L_foot_roll,0.091784,0.009178,-0.014164,1.942105
10240,R_hip_roll,0.402203,0.100551,-0.036166,16.498733
10240,R_hip_yaw,0.030262,0.007565,0.006858,0.089345
10240,R_hip_pitch,-0.026341,0.343415,0.353781,-1.269020
10240,R_knee,-0.225478,0.593630,0.614397,-2.830479
10240,R_foot_pitch,-0.267186,-0.326719,-0.259723,-3.815798
10240,R_foot_roll,0.291213,0.029121,0.027043,-0.162298
10250,L_hip_roll,0.539898,0.134974,0.005016,15.903116
10250,L_hip_yaw,0.088428,0.022107,-0.011505,4.163545
10250,L_hip_pitch,-0.228873,-0.407218,-0.339819,-7.898300
10250,L_knee,1.346033,-0.313492,-0.616267,36.676554
10250,L_foot_pitch,0.269866,0.326987,0.274836,3.006526
10250,L_foot_roll,0.386026,0.038603,-0.013711,2.743220
10250,R_hip_roll,0.381299,0.095325,-0.038277,16.329826
10250,R_hip_yaw,0.097148,0.024287,0.006011,2.330290
10250,R_hip_pitch,-0.190695,0.302326,0.354636,-6.391161
10250,R_knee,0.293062,0.723266,0.618197,12.220324
10250,R_foot_pitch,-0.526748,-0.352675,-0.264340,-4.685724
10250,R_foot_roll,0.189824,0.018982,0.029646,-0.911686
10260,L_hip_roll,1.083395,0.270849,0.001931,32.609765
10260,L_hip_yaw,0.045100,0.011275,-0.012231,2.858662
10260,L_hip_pitch,-0.405567,-0.451392,-0.340738,-13.223714
10260,L_knee,1.381260,-0.304685,-0.618232,37.775815
10260,L_foot_pitch,0.103834,0.310383,0.275934,2.084326
10260,L_foot_roll,0.727966,0.072797,-0.010666,4.541070
10260,R_hip_roll,0.240991,0.060248,-0.040669,12.296998
10260,R_hip_yaw,0.051438,0.012860,0.005744,0.813188
10260,R_hip_pitch,-0.319149,0.270213,0.358349,-11.057887
10260,R_knee,0.583780,0.795945,0.629570,18.364963
10260,R_foot_pitch,-0.665166,-0.366517,-0.284745,-1.967537
10260,R_foot_roll,0.084423,0.008442,0.029160,-0.870130
