step,joint,action,target_q,q_curr,tau
0,L_hip_roll,-0.574585,0.000000,0.000000,-0.000000
0,L_hip_yaw,0.017396,0.000000,0.000000,-0.000000
0,L_hip_pitch,-0.218761,-0.130000,0.000000,-15.600000
0,L_knee,0.399683,-0.320000,-0.000000,-57.600000
0,L_foot_pitch,0.349850,0.190000,-0.000000,14.450000
0,L_foot_roll,-0.364976,0.000000,-0.000000,0.000000
0,R_hip_roll,-1.053755,0.000000,0.000000,-0.000000
0,R_hip_yaw,0.054184,0.000000,-0.000000,0.000000
0,R_hip_pitch,0.661252,0.130000,-0.000000,15.600000
0,R_knee,-0.241338,0.320000,-0.000000,57.600000
0,R_foot_pitch,-0.873787,-0.190000,0.000000,-14.450000
0,R_foot_roll,-0.815111,0.000000,-0.000000,0.000000
10,L_hip_roll,0.648783,0.000000,-0.000150,0.106437
10,L_hip_yaw,0.042209,0.000000,0.004975,-1.228154
10,L_hip_pitch,0.621483,-0.130000,-0.033771,-6.276470
10,L_knee,0.172337,-0.320000,-0.065260,-15.587061
10,L_foot_pitch,0.573062,0.190000,0.063208,0.945241
10,L_foot_roll,0.153652,0.000000,-0.000084,0.006975
10,R_hip_roll,0.402673,0.000000,0.000016,-0.023372
10,R_hip_yaw,-0.049335,0.000000,-0.004961,1.223390
10,R_hip_pitch,-0.401297,0.130000,0.033782,6.275018
10,R_knee,-0.030047,0.320000,0.065236,15.608182
10,R_foot_pitch,-0.738558,-0.190000,-0.062899,-1.008669
10,R_foot_roll,0.017107,0.000000,0.000059,-0.002505
20,L_hip_roll,-0.608753,0.000000,-0.000416,0.143131
20,L_hip_yaw,0.134645,0.000000,0.008544,-1.074522
20,L_hip_pitch,0.803642,-0.130000,-0.092697,1.409945
20,L_knee,-0.000268,-0.320000,-0.176180,6.917874
20,L_foot_pitch,0.002770,0.190000,0.150987,-4.371353
20,L_foot_roll,0.374855,0.000000,0.000040,-0.016792
20,R_hip_roll,-0.607825,0.000000,0.000125,-0.052182
20,R_hip_yaw,0.099916,0.000000,-0.008500,1.068333
20,R_hip_pitch,-0.509620,0.130000,0.092693,-1.407586
20,R_knee,-0.040092,0.320000,0.176078,-6.879177
20,R_foot_pitch,-0.825859,-0.190000,-0.150464,4.327895
20,R_foot_roll,-0.245240,0.000000,-0.000072,0.018759
30,L_hip_roll,0.041885,0.000000,-0.000402,0.019612
30,L_hip_yaw,0.131950,0.000000,0.005351,-0.079108
30,L_hip_pitch,0.109856,-0.130000,-0.143492,5.858675
30,L_knee,0.006483,-0.320000,-0.269285,13.946209
30,L_foot_pitch,-0.075558,0.190000,0.201150,-3.892569
30,L_foot_roll,0.237751,0.000000,0.000063,0.004396
30,R_hip_roll,0.585307,0.000000,0.000077,0.037970
30,R_hip_yaw,0.259480,0.000000,-0.005347,0.086156
30,R_hip_pitch,-0.072328,0.130000,0.143494,-5.862167
30,R_knee,-0.105256,0.320000,0.269197,-13.958401
30,R_foot_pitch,-0.432894,-0.190000,-0.200848,3.905759
30,R_foot_roll,0.093681,0.000000,-0.000079,-0.005467
40,L_hip_roll,-0.940215,0.000000,-0.000046,-0.117758
40,L_hip_yaw,0.063435,0.000000,-0.001380,0.852220
40,L_hip_pitch,0.064873,-0.130000,-0.174015,7.372382
40,L_knee,0.049479,-0.320000,-0.324680,12.381832
40,L_foot_pitch,0.371749,0.190000,0.211916,-1.570419
40,L_foot_roll,0.607189,0.000000,-0.000091,0.021112
40,R_hip_roll,-0.232534,0.000000,-0.000205,0.137557
40,R_hip_yaw,0.222605,0.000000,0.001301,-0.835648
40,R_hip_pitch,0.309090,0.130000,0.174078,-7.387749
40,R_knee,-0.202335,0.320000,0.324763,-12.461555
40,R_foot_pitch,-0.123686,-0.190000,-0.212041,1.621902
40,R_foot_roll,0.065273,0.000000,0.000095,-0.023002
50,L_hip_roll,-0.669377,0.000000,0.000320,-0.146304
50,L_hip_yaw,0.140713,0.000000,-0.006928,1.236182
50,L_hip_pitch,-0.512440,-0.130000,-0.184590,6.848857
50,L_knee,-0.020516,-0.320000,-0.346089,7.499305
50,L_foot_pitch,0.498413,0.190000,0.202413,0.307014
50,L_foot_roll,0.549331,0.000000,-0.000152,0.010370
50,R_hip_roll,0.532284,0.000000,-0.000459,0.140012
50,R_hip_yaw,0.224798,0.000000,0.006824,-1.225393
50,R_hip_pitch,-0.136074,0.130000,0.184727,-6.871616
50,R_knee,-0.106590,0.320000,0.346379,-7.604954
50,R_foot_pitch,-0.100330,-0.190000,-0.202840,-0.254051
50,R_foot_roll,0.378576,0.000000,0.000163,-0.011172
60,L_hip_roll,-0.347562,0.000000,-0.001615,2.914970
60,L_hip_yaw,0.116416,0.000000,-0.009421,1.440191
60,L_hip_pitch,-0.374889,-0.130000,-0.188107,9.059459
60,L_knee,0.253108,-0.320000,-0.357035,19.735264
60,L_foot_pitch,0.579685,0.190000,0.192334,-3.513395
60,L_foot_roll,0.648456,0.000000,-0.000528,0.239873
60,R_hip_roll,0.922260,0.000000,-0.002718,3.366327
60,R_hip_yaw,0.321019,0.000000,0.007911,-0.646852
60,R_hip_pitch,-0.111926,0.130000,0.180973,-5.302081
60,R_knee,-0.040370,0.320000,0.345245,-1.698946
60,R_foot_pitch,0.209016,-0.190000,-0.190103,-1.234748
60,R_foot_roll,0.499582,0.000000,0.000333,-0.119419
70,L_hip_roll,-0.287211,0.000000,-0.003118,1.073239
70,L_hip_yaw,-0.052877,0.000000,-0.009355,1.131177
70,L_hip_pitch,-0.605409,-0.130000,-0.199496,8.900471
70,L_knee,0.058105,-0.320000,-0.385150,18.186807
70,L_foot_pitch,0.906405,0.190000,0.211401,-2.792392
70,L_foot_roll,0.806563,0.000000,-0.000304,-0.198806
70,R_hip_roll,-0.035743,0.000000,-0.004413,1.210480
70,R_hip_yaw,0.193362,0.000000,0.007606,-0.902744
70,R_hip_pitch,0.385602,0.130000,0.192260,-8.198787
70,R_knee,-0.188535,0.320000,0.373914,-17.146621
70,R_foot_pitch,0.168853,-0.190000,-0.208212,2.734238
70,R_foot_roll,0.785446,0.000000,0.000879,0.204354
80,L_hip_roll,0.512738,0.000000,-0.004627,1.392353
80,L_hip_yaw,0.007335,0.000000,-0.009475,1.145846
80,L_hip_pitch,-0.743716,-0.130000,-0.197511,7.302627
80,L_knee,0.354626,-0.320000,-0.398252,15.947635
80,L_foot_pitch,1.387430,0.190000,0.220101,-2.953335
80,L_foot_roll,1.060184,0.000000,0.000447,-0.277729
80,R_hip_roll,0.602737,0.000000,-0.005743,1.458375
80,R_hip_yaw,0.090036,0.000000,0.007494,-0.891192
80,R_hip_pitch,0.752375,0.130000,0.191952,-6.832527
80,R_knee,-0.016050,0.320000,0.390189,-15.670558
80,R_foot_pitch,-0.663371,-0.190000,-0.217800,3.058834
80,R_foot_roll,1.187346,0.000000,0.001017,0.193948
90,L_hip_roll,0.932159,0.000000,-0.005955,1.608672
90,L_hip_yaw,-0.077111,0.000000,-0.009552,1.160311
90,L_hip_pitch,-0.873164,-0.130000,-0.183807,4.718451
90,L_knee,0.226866,-0.320000,-0.398353,13.055663
90,L_foot_pitch,1.710652,0.190000,0.224428,-3.119115
90,L_foot_roll,1.538198,0.000000,0.000611,-0.028161
90,R_hip_roll,-0.261489,0.000000,-0.006891,1.776100
90,R_hip_yaw,0.070147,0.000000,0.007415,-0.875475
90,R_hip_pitch,0.924137,0.130000,0.180190,-4.406631
90,R_knee,0.249187,0.320000,0.394013,-12.958078
90,R_foot_pitch,-1.342943,-0.190000,-0.223798,3.060393
90,R_foot_roll,0.729856,0.000000,0.001464,-0.333763
100,L_hip_roll,1.290484,0.000000,-0.007019,1.635263
100,L_hip_yaw,-0.076008,0.000000,-0.009612,1.159823
100,L_hip_pitch,-1.135322,-0.130000,-0.162395,1.529339
100,L_knee,0.452892,-0.320000,-0.390239,9.553666
100,L_foot_pitch,2.079340,0.190000,0.226284,-3.021193
100,L_foot_roll,1.497433,0.000000,0.000541,0.204733
100,R_hip_roll,-0.073361,0.000000,-0.007708,1.748731
100,R_hip_yaw,0.080921,0.000000,0.007353,-0.876140
100,R_hip_pitch,0.684364,0.130000,0.160499,-1.446832
100,R_knee,0.524664,0.320000,0.389206,-10.174880
100,R_foot_pitch,-1.844304,-0.190000,-0.227026,3.115830
100,R_foot_roll,0.451822,0.000000,0.001403,-0.134062
110,L_hip_roll,1.514713,0.000000,-0.007848,1.760260
110,L_hip_yaw,0.037661,0.000000,-0.009681,1.166100
110,L_hip_pitch,-1.243254,-0.130000,-0.137606,-1.613431
110,L_knee,0.566007,-0.320000,-0.378744,6.950623
110,L_foot_pitch,2.325894,0.190000,0.226904,-2.912217
110,L_foot_roll,1.606531,0.000000,0.000740,-0.088832
110,R_hip_roll,-0.299785,0.000000,-0.008241,1.750010
110,R_hip_yaw,-0.004488,0.000000,0.007280,-0.869574
110,R_hip_pitch,0.873621,0.130000,0.136685,1.632848
110,R_knee,0.948023,0.320000,0.379701,-7.705835
110,R_foot_pitch,-1.905054,-0.190000,-0.228826,3.244588
110,R_foot_roll,0.250923,0.000000,0.001263,-0.113142
120,L_hip_roll,1.606874,0.000000,-0.008298,1.779855
120,L_hip_yaw,0.019894,0.000000,-0.009718,1.170621
120,L_hip_pitch,-1.668439,-0.130000,-0.113090,-4.360308
120,L_knee,0.644312,-0.320000,-0.367572,5.604712
120,L_foot_pitch,2.191980,0.190000,0.227781,-3.132496
120,L_foot_roll,1.509241,0.000000,0.000714,-0.085630
120,R_hip_roll,0.033614,0.000000,-0.008425,1.719863
120,R_hip_yaw,0.038676,0.000000,0.007230,-0.861217
120,R_hip_pitch,0.645982,0.130000,0.112641,4.427058
120,R_knee,1.166179,0.320000,0.369529,-5.948106
120,R_foot_pitch,-1.887538,-0.190000,-0.230201,3.413465
120,R_foot_roll,0.208601,0.000000,0.001297,-0.099951
130,L_hip_roll,1.508099,0.000000,-0.008419,1.712849
130,L_hip_yaw,0.158310,0.000000,-0.009719,1.164903
130,L_hip_pitch,-1.608925,-0.130000,-0.091960,-6.451843
130,L_knee,0.760893,-0.320000,-0.359786,5.497897
130,L_foot_pitch,2.612615,0.190000,0.229617,-3.387871
130,L_foot_roll,1.729558,0.000000,0.000601,-0.136079
130,R_hip_roll,-0.180901,0.000000,-0.008295,1.589192
130,R_hip_yaw,-0.028267,0.000000,0.007212,-0.864430
130,R_hip_pitch,0.715619,0.130000,0.091427,6.557159
130,R_knee,1.408108,0.320000,0.361694,-5.657473
130,R_foot_pitch,-2.024453,-0.190000,-0.232144,3.619924
130,R_foot_roll,0.146393,0.000000,0.001128,-0.046643
140,L_hip_roll,1.524336,0.000000,-0.008277,1.608117
140,L_hip_yaw,0.252938,0.000000,-0.009667,1.152067
140,L_hip_pitch,-1.804156,-0.130000,-0.076009,-7.805396
140,L_knee,0.749211,-0.320000,-0.356929,6.534671
140,L_foot_pitch,2.662724,0.190000,0.233100,-3.826866
140,L_foot_roll,1.653770,0.000000,0.000464,-0.092748
140,R_hip_roll,-0.257416,0.000000,-0.007938,1.461733
140,R_hip_yaw,0.014855,0.000000,0.007245,-0.874882
140,R_hip_pitch,0.593641,0.130000,0.074989,8.001629
140,R_knee,1.421991,0.320000,0.357950,-6.327151
140,R_foot_pitch,-2.143175,-0.190000,-0.235134,3.975736
140,R_foot_roll,0.116567,0.000000,0.000943,-0.031360
150,L_hip_roll,1.526193,0.000000,-0.007961,1.501683
150,L_hip_yaw,0.240388,0.000000,-0.009540,1.127732
150,L_hip_pitch,-1.685370,-0.130000,-0.065733,-8.488807
150,L_knee,0.838632,-0.320000,-0.359027,8.260000
150,L_foot_pitch,2.374106,0.190000,0.237925,-4.328445
150,L_foot_roll,1.696214,0.000000,0.000128,-0.062907
150,R_hip_roll,-0.199667,0.000000,-0.007458,1.338019
150,R_hip_yaw,-0.032710,0.000000,0.007351,-0.896727
150,R_hip_pitch,0.611419,0.130000,0.063938,8.787870
150,R_knee,1.459602,0.320000,0.358563,-7.703338
150,R_foot_pitch,-2.075245,-0.190000,-0.239276,4.402833
150,R_foot_roll,0.148615,0.000000,0.000645,-0.008133
160,L_hip_roll,1.592729,0.000000,-0.007529,1.342428
160,L_hip_yaw,0.264712,0.000000,-0.009312,1.088559
160,L_hip_pitch,-1.631388,-0.130000,-0.060416,-8.710686
160,L_knee,0.713046,-0.320000,-0.364699,10.001046
160,L_foot_pitch,2.077431,0.190000,0.243560,-4.922562
160,L_foot_roll,1.720537,0.000000,-0.000136,0.036509
160,R_hip_roll,-0.295411,0.000000,-0.006901,1.201827
160,R_hip_yaw,-0.042193,0.000000,0.007560,-0.934752
160,R_hip_pitch,0.689362,0.130000,0.057923,9.036560
160,R_knee,1.500292,0.320000,0.362779,-9.402159
160,R_foot_pitch,-2.191547,-0.190000,-0.244020,4.788828
160,R_foot_roll,0.046233,0.000000,0.000325,-0.076909
170,L_hip_roll,1.539379,0.000000,-0.007107,1.291392
170,L_hip_yaw,0.228532,0.000000,-0.008982,1.039115
170,L_hip_pitch,-1.582567,-0.130000,-0.058999,-8.528980
170,L_knee,0.702714,-0.320000,-0.372454,11.862785
170,L_foot_pitch,1.754874,0.190000,0.249284,-5.265837
170,L_foot_roll,1.608310,0.000000,-0.000322,0.011022
170,R_hip_roll,-0.142969,0.000000,-0.006383,1.120905
170,R_hip_yaw,-0.025907,0.000000,0.007873,-0.982484
170,R_hip_pitch,0.597469,0.130000,0.055823,8.953007
170,R_knee,1.528172,0.320000,0.369030,-10.924838
170,R_foot_pitch,-2.170286,-0.190000,-0.248983,5.190887
170,R_foot_roll,-0.019807,0.000000,-0.000085,0.012852
180,L_hip_roll,1.346441,0.000000,-0.006645,1.205386
180,L_hip_yaw,0.287760,0.000000,-0.008551,0.979196
180,L_hip_pitch,-1.440189,-0.130000,-0.059997,-8.214447
180,L_knee,0.685857,-0.320000,-0.380224,13.106031
180,L_foot_pitch,1.788789,0.190000,0.254287,-5.580126
180,L_foot_roll,1.604661,0.000000,-0.000649,0.031117
180,R_hip_roll,-0.276981,0.000000,-0.005885,1.056607
180,R_hip_yaw,-0.049418,0.000000,0.008288,-1.040139
180,R_hip_pitch,0.792134,0.130000,0.056528,8.642520
180,R_knee,1.488438,0.320000,0.375933,-12.140803
180,R_foot_pitch,-2.281267,-0.190000,-0.253422,5.433741
180,R_foot_roll,0.042153,0.000000,-0.000304,-0.055252
190,L_hip_roll,1.326562,0.000000,-0.006234,1.111248
190,L_hip_yaw,0.252986,0.000000,-0.008056,0.914351
190,L_hip_pitch,-1.469388,-0.130000,-0.062389,-7.876971
190,L_knee,0.684503,-0.320000,-0.386840,13.585170
190,L_foot_pitch,1.662105,0.190000,0.258340,-5.891018
190,L_foot_roll,1.434123,0.000000,-0.000998,0.119411
190,R_hip_roll,-0.232883,0.000000,-0.005455,0.962537
190,R_hip_yaw,-0.027089,0.000000,0.008770,-1.103598
190,R_hip_pitch,0.709739,0.130000,0.058821,8.279332
190,R_knee,1.451263,0.320000,0.381975,-12.720212
190,R_foot_pitch,-2.281142,-0.190000,-0.256959,5.732045
190,R_foot_roll,0.030598,0.000000,-0.000702,0.068719
200,L_hip_roll,1.358647,0.000000,-0.005841,1.037464
200,L_hip_yaw,0.281904,0.000000,-0.007527,0.848740
200,L_hip_pitch,-1.282807,-0.130000,-0.065390,-7.465707
200,L_knee,0.604466,-0.320000,-0.391380,13.782114
200,L_foot_pitch,1.725790,0.190000,0.260817,-5.921641
200,L_foot_roll,1.481264,0.000000,-0.001340,0.122962
200,R_hip_roll,-0.365085,0.000000,-0.005071,0.888049
200,R_hip_yaw,0.001290,0.000000,0.009286,-1.169153
200,R_hip_pitch,0.826925,0.130000,0.062050,7.795993
200,R_knee,1.343347,0.320000,0.386532,-13.139973
200,R_foot_pitch,-2.461797,-0.190000,-0.259257,5.700575
200,R_foot_roll,0.013184,0.000000,-0.001080,0.088282
210,L_hip_roll,1.305666,0.000000,-0.005504,0.979184
210,L_hip_yaw,0.220046,0.000000,-0.007010,0.789220
210,L_hip_pitch,-1.154179,-0.130000,-0.068631,-7.064520
210,L_knee,0.560696,-0.320000,-0.393585,13.455449
210,L_foot_pitch,1.481154,0.190000,0.261829,-5.856366
210,L_foot_roll,1.352900,0.000000,-0.001670,0.147139
210,R_hip_roll,-0.337101,0.000000,-0.004767,0.858633
210,R_hip_yaw,0.034466,0.000000,0.009791,-1.226299
210,R_hip_pitch,0.807293,0.130000,0.065651,7.328450
210,R_knee,1.257958,0.320000,0.388986,-12.974149
210,R_foot_pitch,-2.663885,-0.190000,-0.260125,5.612433
210,R_foot_roll,-0.064738,0.000000,-0.001403,0.047779
220,L_hip_roll,1.211383,0.000000,-0.005189,0.977746
220,L_hip_yaw,0.211014,0.000000,-0.006545,0.742427
220,L_hip_pitch,-1.003196,-0.130000,-0.072015,-6.600864
220,L_knee,0.568633,-0.320000,-0.393539,12.978371
220,L_foot_pitch,1.461559,0.190000,0.261421,-5.567018
220,L_foot_roll,1.198436,0.000000,-0.001990,0.080206
220,R_hip_roll,-0.405821,0.000000,-0.004516,0.834850
220,R_hip_yaw,0.047895,0.000000,0.010246,-1.270679
220,R_hip_pitch,0.773176,0.130000,0.069543,6.854913
220,R_knee,1.179492,0.320000,0.389509,-12.412861
220,R_foot_pitch,-2.766351,-0.190000,-0.259832,5.509294
220,R_foot_roll,-0.141357,0.000000,-0.001570,0.175450
230,L_hip_roll,1.042989,0.000000,-0.004895,0.919978
230,L_hip_yaw,0.186349,0.000000,-0.006169,0.707542
230,L_hip_pitch,-0.828732,-0.130000,-0.075593,-6.140484
230,L_knee,0.472355,-0.320000,-0.391485,12.087854
230,L_foot_pitch,1.241378,0.190000,0.259744,-5.320008
230,L_foot_roll,1.023540,0.000000,-0.002293,0.106503
230,R_hip_roll,-0.464084,0.000000,-0.004279,0.800853
230,R_hip_yaw,0.071507,0.000000,0.010611,-1.305919
230,R_hip_pitch,0.783241,0.130000,0.073627,6.329311
230,R_knee,1.067546,0.320000,0.388087,-11.674773
230,R_foot_pitch,-2.846030,-0.190000,-0.258334,5.258928
230,R_foot_roll,-0.206851,0.000000,-0.002044,0.166503
240,L_hip_roll,0.891049,0.000000,-0.004592,0.820773
240,L_hip_yaw,0.166606,0.000000,-0.005909,0.689026
240,L_hip_pitch,-0.654802,-0.130000,-0.079594,-5.615919
240,L_knee,0.426030,-0.320000,-0.387988,11.081749
240,L_foot_pitch,1.040348,0.190000,0.257156,-5.086100
240,L_foot_roll,0.815919,0.000000,-0.002631,0.266680
240,R_hip_roll,-0.435465,0.000000,-0.004063,0.750889
240,R_hip_yaw,0.075983,0.000000,0.010861,-1.323788
240,R_hip_pitch,0.774830,0.130000,0.078148,5.736557
240,R_knee,0.925491,0.320000,0.385313,-10.829064
240,R_foot_pitch,-2.853239,-0.190000,-0.255876,4.982504
240,R_foot_roll,-0.291830,0.000000,-0.002368,0.195646
250,L_hip_roll,0.758634,0.000000,-0.004258,0.692875
250,L_hip_yaw,0.151568,0.000000,-0.005781,0.687144
250,L_hip_pitch,-0.379883,-0.130000,-0.084212,-5.014243
250,L_knee,0.308832,-0.320000,-0.383558,9.944145
250,L_foot_pitch,0.797090,0.190000,0.253829,-4.725159
250,L_foot_roll,0.595789,0.000000,-0.003156,0.469444
250,R_hip_roll,-0.412628,0.000000,-0.003854,0.690994
250,R_hip_yaw,0.080165,0.000000,0.010980,-1.324678
250,R_hip_pitch,0.783090,0.130000,0.083251,5.060759
250,R_knee,0.665953,0.320000,0.381636,-9.955071
250,R_foot_pitch,-2.786899,-0.190000,-0.252751,4.667700
250,R_foot_roll,-0.371975,0.000000,-0.002592,0.203380
260,L_hip_roll,0.428814,0.000000,-0.003874,0.604597
260,L_hip_yaw,0.113848,0.000000,-0.005794,0.703676
260,L_hip_pitch,-0.148321,-0.130000,-0.089559,-4.291063
260,L_knee,0.213727,-0.320000,-0.378610,8.990172
260,L_foot_pitch,0.468610,0.190000,0.249891,-4.376133
260,L_foot_roll,0.400551,0.000000,-0.003523,0.500969
260,R_hip_roll,-0.371822,0.000000,-0.003582,0.616805
260,R_hip_yaw,0.077390,0.000000,0.010955,-1.305979
260,R_hip_pitch,0.728030,0.130000,0.089086,4.296393
260,R_knee,0.419817,0.320000,0.377572,-9.103934
260,R_foot_pitch,-2.629550,-0.190000,-0.249221,4.379597
260,R_foot_roll,-0.523019,0.000000,-0.003006,0.298935
270,L_hip_roll,0.028102,0.000000,-0.003472,0.575527
270,L_hip_yaw,0.105089,0.000000,-0.005957,0.736652
270,L_hip_pitch,0.198515,-0.130000,-0.095732,-3.447101
270,L_knee,0.064235,-0.320000,-0.373652,8.257384
270,L_foot_pitch,0.156086,0.190000,0.245718,-4.031907
270,L_foot_roll,0.143914,0.000000,-0.003993,0.329652
270,R_hip_roll,-0.175867,0.000000,-0.003312,0.598380
270,R_hip_yaw,0.059215,0.000000,0.010779,-1.269147
270,R_hip_pitch,0.595328,0.130000,0.095508,3.451920
270,R_knee,0.084068,0.320000,0.373168,-8.317308
270,R_foot_pitch,-2.248456,-0.190000,-0.245358,4.005160
270,R_foot_roll,-0.650470,0.000000,-0.003424,0.228402
280,L_hip_roll,-0.602137,0.000000,-0.003029,0.481209
280,L_hip_yaw,0.076004,0.000000,-0.006253,0.785779
280,L_hip_pitch,0.426111,-0.130000,-0.102629,-2.553403
280,L_knee,-0.077647,-0.320000,-0.368918,7.505267
280,L_foot_pitch,-0.279894,0.190000,0.241471,-3.696587
280,L_foot_roll,-0.152731,0.000000,-0.004392,0.363971
280,R_hip_roll,0.073122,0.000000,-0.003007,0.509716
280,R_hip_yaw,0.085862,0.000000,0.010470,-1.218613
280,R_hip_pitch,0.361872,0.130000,0.102595,2.559163
280,R_knee,-0.264101,0.320000,0.368984,-7.587697
280,R_foot_pitch,-1.625267,-0.190000,-0.241476,3.744065
280,R_foot_roll,-0.765748,0.000000,-0.003794,0.370048
290,L_hip_roll,-1.117374,0.000000,-0.002588,0.331552
290,L_hip_yaw,0.105109,0.000000,-0.006673,0.846589
290,L_hip_pitch,0.455131,-0.130000,-0.110060,-1.642477
290,L_knee,-0.082749,-0.320000,-0.364573,6.724175
290,L_foot_pitch,-0.486471,0.190000,0.237351,-3.376383
290,L_foot_roll,-0.389291,0.000000,-0.004705,0.569858
290,R_hip_roll,0.479009,0.000000,-0.002702,0.436289
290,R_hip_yaw,0.136601,0.000000,0.010036,-1.157898
290,R_hip_pitch,-0.090921,0.130000,0.110026,1.631804
290,R_knee,-0.508290,0.320000,0.364943,-6.969924
290,R_foot_pitch,-0.666161,-0.190000,-0.237708,3.423989
290,R_foot_roll,-0.790183,0.000000,-0.004136,0.333907
300,L_hip_roll,-1.177842,0.000000,-0.002119,0.275130
300,L_hip_yaw,0.144925,0.000000,-0.007184,0.916783
300,L_hip_pitch,0.128874,-0.130000,-0.117751,-0.698614
300,L_knee,-0.002276,-0.320000,-0.360654,6.207459
300,L_foot_pitch,-0.490811,0.190000,0.233357,-3.103753
300,L_foot_roll,-0.474545,0.000000,-0.004994,0.467897
300,R_hip_roll,0.589410,0.000000,-0.002363,0.377254
300,R_hip_yaw,0.276190,0.000000,0.009510,-1.084880
300,R_hip_pitch,-0.556990,0.130000,0.117681,0.714703
300,R_knee,-0.438571,0.320000,0.361328,-6.394931
300,R_foot_pitch,0.235797,-0.190000,-0.234049,3.160160
300,R_foot_roll,-0.746768,0.000000,-0.004563,0.375324
310,L_hip_roll,-1.069204,-0.160381,-0.001649,-31.921848
310,L_hip_yaw,0.162313,0.040578,-0.007764,5.856650
310,L_hip_pitch,-0.293713,-0.203428,-0.125281,-8.668666
310,L_knee,-0.015614,-0.323904,-0.356998,4.767145
310,L_foot_pitch,-0.113208,0.178679,0.229766,-3.801207
310,L_foot_roll,-0.286338,-0.028634,-0.005474,-1.820015
310,R_hip_roll,0.138064,0.020710,-0.002016,4.408213
310,R_hip_yaw,0.389808,0.097452,0.008914,10.680949
310,R_hip_pitch,-0.951497,-0.107874,0.125071,-28.702118
310,R_knee,-0.277001,0.250750,0.357846,-18.406354
310,R_foot_pitch,0.897192,-0.100281,-0.230751,10.121512
310,R_foot_roll,-0.858292,-0.085829,-0.005200,-6.430978
320,L_hip_roll,-0.647769,-0.097165,-0.000512,-19.733984
320,L_hip_yaw,0.152651,0.038163,-0.006342,5.102828
320,L_hip_pitch,-0.604425,-0.281106,-0.128514,-18.295558
320,L_knee,-0.052684,-0.333171,-0.351299,1.041486
320,L_foot_pitch,0.398396,0.229840,0.225178,0.645933
320,L_foot_roll,0.057231,0.005723,-0.005725,0.740059
320,R_hip_roll,-0.337842,-0.050676,-0.000517,-10.724645
320,R_hip_yaw,0.404666,0.101167,0.008670,11.098832
320,R_hip_pitch,-1.203738,-0.170934,0.123819,-34.647746
320,R_knee,-0.053461,0.306635,0.344653,-0.873327
320,R_foot_pitch,1.557578,-0.034242,-0.224027,14.233996
320,R_foot_roll,-0.852200,-0.085220,-0.005820,-6.297957
330,L_hip_roll,-0.361132,-0.054170,0.000333,-11.006755
330,L_hip_yaw,0.150050,0.037513,0.008031,1.384871
330,L_hip_pitch,-0.679334,-0.299833,-0.129619,-20.247305
330,L_knee,-0.097180,-0.344295,-0.348402,0.799524
330,L_foot_pitch,0.608825,0.250883,0.223837,2.212652
330,L_foot_roll,0.380007,0.038001,0.000310,2.227914
330,R_hip_roll,-0.935636,-0.140345,0.002441,-29.565780
330,R_hip_yaw,0.330823,0.082706,0.008437,8.954356
330,R_hip_pitch,-1.315030,-0.198757,0.112359,-35.914616
330,R_knee,0.086909,0.341727,0.320475,11.814465
330,R_foot_pitch,2.108244,0.020824,-0.213337,14.450000
330,R_foot_roll,-0.829227,-0.082923,-0.006343,-6.081800
340,L_hip_roll,-0.077706,-0.011656,-0.000812,-1.482420
340,L_hip_yaw,0.123003,0.030751,0.031517,-2.367528
340,L_hip_pitch,-0.611480,-0.282870,-0.133433,-17.431278
340,L_knee,-0.167968,-0.361992,-0.353891,1.075695
340,L_foot_pitch,0.725553,0.262555,0.229431,1.787594
340,L_foot_roll,0.581629,0.058163,0.016329,1.427548
340,R_hip_roll,-1.273955,-0.191093,0.005114,-39.866601
340,R_hip_yaw,0.272921,0.068230,0.007423,7.444417
340,R_hip_pitch,-1.238199,-0.179550,0.097221,-31.677071
340,R_knee,0.067143,0.336786,0.294661,14.886600
340,R_foot_pitch,2.276665,0.037667,-0.202935,14.450000
340,R_foot_roll,-0.923506,-0.092351,-0.006660,-6.871280
350,L_hip_roll,0.060074,0.009011,-0.004225,3.908588
350,L_hip_yaw,0.100465,0.025116,0.047519,-3.674979
350,L_hip_pitch,-0.519050,-0.259762,-0.139770,-13.711256
350,L_knee,-0.251247,-0.382812,-0.365601,0.800146
350,L_foot_pitch,0.770491,0.267049,0.241827,0.678979
350,L_foot_roll,0.702881,0.070288,0.038728,0.320995
350,R_hip_roll,-1.483768,-0.222565,0.006252,-45.884070
350,R_hip_yaw,0.213322,0.053331,0.005378,6.002179
350,R_hip_pitch,-1.021480,-0.125370,0.082295,-23.501680
350,R_knee,-0.068536,0.302866,0.273160,10.916330
350,R_foot_pitch,2.059935,0.015994,-0.195241,14.450000
350,R_foot_roll,-1.012713,-0.101271,-0.006456,-7.649490
360,L_hip_roll,0.137863,0.020679,-0.009087,7.536001
360,L_hip_yaw,0.078571,0.019643,0.048671,-2.973267
360,L_hip_pitch,-0.417930,-0.234482,-0.147461,-9.658925
360,L_knee,-0.309131,-0.397283,-0.380242,1.370516
360,L_foot_pitch,0.883687,0.278369,0.254975,0.711101
360,L_foot_roll,0.729677,0.072968,0.059237,-0.657267
360,R_hip_roll,-1.422287,-0.213343,0.005770,-43.481741
360,R_hip_yaw,0.180376,0.045094,0.002484,5.430235
360,R_hip_pitch,-0.749222,-0.057305,0.068893,-13.896726
360,R_knee,-0.258323,0.255419,0.257401,3.536445
360,R_foot_pitch,1.685068,-0.021493,-0.190712,13.192942
360,R_foot_roll,-1.070349,-0.107035,-0.005774,-8.213306
370,L_hip_roll,0.133617,0.020043,-0.014195,8.324826
370,L_hip_yaw,0.059173,0.014793,0.037497,-1.268561
370,L_hip_pitch,-0.368556,-0.222139,-0.155300,-7.272566
370,L_knee,-0.367192,-0.411798,-0.394841,1.023733
370,L_foot_pitch,1.027652,0.292765,0.266537,1.061386
370,L_foot_roll,0.645136,0.064514,0.071932,-1.451538
370,R_hip_roll,-1.401613,-0.210242,0.004308,-42.399060
370,R_hip_yaw,0.166319,0.041580,-0.000720,5.390836
370,R_hip_pitch,-0.501426,0.004643,0.056852,-5.122565
370,R_knee,-0.454321,0.206420,0.245927,-4.168314
370,R_foot_pitch,1.281962,-0.061804,-0.188388,9.950393
370,R_foot_roll,-1.126673,-0.112667,-0.004773,-8.766589
380,L_hip_roll,0.164348,0.024652,-0.018633,9.876236
380,L_hip_yaw,0.052434,0.013108,0.021189,0.655633
380,L_hip_pitch,-0.321789,-0.210447,-0.162901,-4.965942
380,L_knee,-0.431248,-0.427812,-0.408017,0.060010
380,L_foot_pitch,1.130113,0.303011,0.278189,0.854655
380,L_foot_roll,0.547329,0.054733,0.073838,-1.308464
380,R_hip_roll,-1.383140,-0.207471,0.002572,-41.478731
380,R_hip_yaw,0.137509,0.034377,-0.003630,4.823276
380,R_hip_pitch,-0.340617,0.044846,0.045827,0.929967
380,R_knee,-0.593873,0.171532,0.236745,-9.245082
380,R_foot_pitch,0.985008,-0.091499,-0.187137,7.546717
380,R_foot_roll,-1.145643,-0.114564,-0.003607,-9.012161
390,L_hip_roll,0.169521,0.025428,-0.021985,10.328667
390,L_hip_yaw,0.054217,0.013554,0.007245,1.880162
390,L_hip_pitch,-0.313130,-0.208282,-0.170600,-3.756838
390,L_knee,-0.511599,-0.447900,-0.419898,-1.748633
390,L_foot_pitch,1.175566,0.307557,0.290269,0.244564
390,L_foot_roll,0.476843,0.047684,0.066597,-0.564360
390,R_hip_roll,-1.467882,-0.220182,0.001009,-43.817105
390,R_hip_yaw,0.110544,0.027636,-0.005837,4.199166
390,R_hip_pitch,-0.223362,0.074159,0.035679,5.581707
390,R_knee,-0.672813,0.151797,0.228465,-11.443297
390,R_foot_pitch,0.736920,-0.116308,-0.186214,5.487280
390,R_foot_roll,-1.222726,-0.122273,-0.002435,-9.725078
400,L_hip_roll,0.189048,0.028357,-0.024297,11.120029
400,L_hip_yaw,0.063511,0.015878,0.000375,2.193360
400,L_hip_pitch,-0.285404,-0.201351,-0.179342,-1.720222
400,L_knee,-0.586424,-0.466606,-0.431826,-2.729818
400,L_foot_pitch,1.188412,0.308841,0.300756,-0.237634
400,L_foot_roll,0.433041,0.043304,0.055542,0.110365
400,R_hip_roll,-1.508423,-0.226263,-0.000272,-44.832384
400,R_hip_yaw,0.068387,0.017097,-0.007225,3.015997
400,R_hip_pitch,-0.134871,0.096282,0.027131,9.059481
400,R_knee,-0.736894,0.135776,0.221416,-13.535631
400,R_foot_pitch,0.606669,-0.129333,-0.185389,4.421442
400,R_foot_roll,-1.305703,-0.130570,-0.001120,-10.490752
410,L_hip_roll,0.255314,0.038297,-0.025788,13.161865
410,L_hip_yaw,0.077201,0.019300,0.001200,1.810502
410,L_hip_pitch,-0.286007,-0.201502,-0.189603,-0.363573
410,L_knee,-0.654762,-0.483691,-0.444544,-3.292226
410,L_foot_pitch,1.181752,0.308175,0.307544,-0.422779
410,L_foot_roll,0.408990,0.040899,0.045585,0.469206
410,R_hip_roll,-1.535058,-0.230259,-0.001361,-45.472195
410,R_hip_yaw,0.033841,0.008460,-0.007814,1.976422
410,R_hip_pitch,-0.125153,0.098712,0.020650,9.924814
410,R_knee,-0.724144,0.138964,0.215932,-12.417780
410,R_foot_pitch,0.594085,-0.130592,-0.184924,4.314531
410,R_foot_roll,-1.381805,-0.138181,0.000195,-11.206820
420,L_hip_roll,0.268849,0.040327,-0.026366,13.378112
420,L_hip_yaw,0.091230,0.022808,0.007344,1.118922
420,L_hip_pitch,-0.347587,-0.216897,-0.201141,-0.716535
420,L_knee,-0.731083,-0.502771,-0.457942,-4.134856
420,L_foot_pitch,1.194746,0.309475,0.310156,-0.144238
420,L_foot_roll,0.375160,0.037516,0.038911,0.388494
420,R_hip_roll,-1.621813,-0.243272,-0.002244,-47.963292
420,R_hip_yaw,0.008228,0.002057,-0.007725,1.135809
420,R_hip_pitch,-0.209224,0.077694,0.016463,7.665674
420,R_knee,-0.680160,0.149960,0.212495,-10.530058
420,R_foot_pitch,0.625889,-0.127411,-0.185032,4.652037
420,R_foot_roll,-1.469996,-0.147000,0.001525,-12.021076
430,L_hip_roll,0.257922,0.038688,-0.025996,12.705562
430,L_hip_yaw,0.107542,0.026886,0.015300,0.623588
430,L_hip_pitch,-0.395606,-0.228901,-0.213843,-0.521430
430,L_knee,-0.779442,-0.514861,-0.472624,-3.172603
430,L_foot_pitch,1.207031,0.310703,0.310283,0.092409
430,L_foot_roll,0.364830,0.036483,0.034965,0.418002
430,R_hip_roll,-1.645072,-0.246761,-0.003038,-48.497807
430,R_hip_yaw,0.005768,0.001442,-0.007267,0.989901
430,R_hip_pitch,-0.257425,0.065644,0.014476,6.262313
430,R_knee,-0.650193,0.157452,0.211539,-9.746755
430,R_foot_pitch,0.766352,-0.113365,-0.186036,5.953942
430,R_foot_roll,-1.512328,-0.151233,0.002909,-12.479775
440,L_hip_roll,0.199036,0.029855,-0.024769,10.449015
440,L_hip_yaw,0.115253,0.028813,0.022385,0.165897
440,L_hip_pitch,-0.474965,-0.248741,-0.226910,-1.351631
440,L_knee,-0.831116,-0.527779,-0.487835,-2.827843
440,L_foot_pitch,1.239941,0.313994,0.309626,0.431928
440,L_foot_roll,0.303037,0.030304,0.032952,-0.084300
440,R_hip_roll,-1.612016,-0.241802,-0.003912,-47.285300
440,R_hip_yaw,-0.005594,-0.001398,-0.006666,0.566346
440,R_hip_pitch,-0.293282,0.056679,0.013949,5.146263
440,R_knee,-0.642978,0.159256,0.212570,-10.078334
440,R_foot_pitch,0.954852,-0.094515,-0.187864,7.677545
440,R_foot_roll,-1.531609,-0.153161,0.004406,-12.776723
450,L_hip_roll,0.117387,0.017608,-0.022734,7.356324
450,L_hip_yaw,0.114407,0.028602,0.027088,-0.153145
450,L_hip_pitch,-0.537357,-0.264339,-0.239731,-1.711938
450,L_knee,-0.852068,-0.533017,-0.502735,-1.192663
450,L_foot_pitch,1.279994,0.317999,0.309673,0.624482
450,L_foot_roll,0.220636,0.022064,0.030790,-0.449763
450,R_hip_roll,-1.593127,-0.238969,-0.004934,-46.478159
450,R_hip_yaw,0.001572,0.000393,-0.006115,0.732104
450,R_hip_pitch,-0.286497,0.058376,0.013853,5.358729
450,R_knee,-0.651540,0.157115,0.214236,-10.768559
450,R_foot_pitch,1.055605,-0.084439,-0.190005,8.661410
450,R_foot_roll,-1.487907,-0.148791,0.006242,-12.591936
460,L_hip_roll,0.155555,0.023333,-0.020142,7.877546
460,L_hip_yaw,0.107618,0.026904,0.028826,-0.278316
460,L_hip_pitch,-0.613422,-0.283356,-0.251750,-2.659444
460,L_knee,-0.859878,-0.534969,-0.515948,0.092508
460,L_foot_pitch,1.326383,0.322638,0.311161,0.725414
460,L_foot_roll,0.173086,0.017309,0.026455,-0.232234
460,R_hip_roll,-1.598147,-0.239722,-0.006211,-46.266998
460,R_hip_yaw,-0.003660,-0.000915,-0.005708,0.538984
460,R_hip_pitch,-0.262842,0.064289,0.013580,6.129500
460,R_knee,-0.637560,0.160610,0.215545,-10.195573
460,R_foot_pitch,0.999519,-0.090048,-0.192077,8.361002
460,R_foot_roll,-1.452075,-0.145208,0.008297,-12.490554
470,L_hip_roll,0.189508,0.028426,-0.017221,8.218377
470,L_hip_yaw,0.091930,0.022982,0.027569,-0.311272
470,L_hip_pitch,-0.631102,-0.287775,-0.262762,-1.952973
470,L_knee,-0.870466,-0.537616,-0.526133,0.476680
470,L_foot_pitch,1.348394,0.324839,0.314157,0.518711
470,L_foot_roll,0.104875,0.010488,0.020593,-0.232211
470,R_hip_roll,-1.618374,-0.242756,-0.007902,-46.402458
470,R_hip_yaw,-0.020884,-0.005221,-0.005414,-0.004136
470,R_hip_pitch,-0.228802,0.072800,0.013601,7.075816
470,R_knee,-0.631176,0.162206,0.216923,-10.314970
470,R_foot_pitch,0.862115,-0.103789,-0.194202,7.454600
470,R_foot_roll,-1.448040,-0.144804,0.010602,-12.674022
480,L_hip_roll,0.244622,0.036693,-0.014004,9.142440
480,L_hip_yaw,0.081973,0.020493,0.023438,0.151636
480,L_hip_pitch,-0.627227,-0.286807,-0.272759,-0.741782
480,L_knee,-0.879342,-0.539835,-0.532671,0.137895
480,L_foot_pitch,1.345404,0.324540,0.317804,0.187221
480,L_foot_roll,0.051371,0.005137,0.014027,-0.077181
480,R_hip_roll,-1.627142,-0.244071,-0.010092,-46.073901
480,R_hip_yaw,-0.037483,-0.009371,-0.005216,-0.515487
480,R_hip_pitch,-0.225026,0.073743,0.014577,6.959734
480,R_knee,-0.610186,0.167454,0.219231,-10.150256
480,R_foot_pitch,0.683439,-0.121656,-0.196730,6.279575
480,R_foot_roll,-1.451614,-0.145161,0.013173,-12.924011
490,L_hip_roll,0.257221,0.038583,-0.010453,8.700952
490,L_hip_yaw,0.070076,0.017519,0.017526,0.607076
490,L_hip_pitch,-0.589989,-0.277497,-0.281512,1.293861
490,L_knee,-0.879041,-0.539760,-0.535546,-0.352417
490,L_foot_pitch,1.311942,0.321194,0.320700,-0.190262
490,L_foot_roll,0.004284,0.000428,0.007490,0.029254
490,R_hip_roll,-1.641607,-0.246241,-0.012717,-45.866632
490,R_hip_yaw,-0.045056,-0.011264,-0.005103,-0.747712
490,R_hip_pitch,-0.220655,0.074836,0.016658,6.737602
490,R_knee,-0.591533,0.172117,0.223011,-10.462725
490,R_foot_pitch,0.490208,-0.140979,-0.199958,5.068913
490,R_foot_roll,-1.466959,-0.146696,0.015503,-13.197067
500,L_hip_roll,0.251032,0.037655,-0.006644,7.701406
500,L_hip_yaw,0.056417,0.014104,0.011482,0.869747
500,L_hip_pitch,-0.576533,-0.274133,-0.288449,2.317877
500,L_knee,-0.860128,-0.535032,-0.534851,-0.667049
500,L_foot_pitch,1.254129,0.315413,0.321533,-0.481703
500,L_foot_roll,-0.023734,-0.002373,0.001793,0.159293
500,R_hip_roll,-1.621472,-0.243221,-0.015702,-44.562233
500,R_hip_yaw,-0.037590,-0.009397,-0.005027,-0.531160
500,R_hip_pitch,-0.226705,0.073324,0.019524,6.156637
500,R_knee,-0.560493,0.179877,0.228432,-10.530821
500,R_foot_pitch,0.332217,-0.156778,-0.204094,4.232626
500,R_foot_roll,-1.458727,-0.145873,0.016929,-13.123930
510,L_hip_roll,0.190069,0.028510,-0.002791,5.115052
510,L_hip_yaw,0.044634,0.011159,0.006526,0.968938
510,L_hip_pitch,-0.568374,-0.272093,-0.293035,2.868285
510,L_knee,-0.830071,-0.527518,-0.530759,-0.990489
510,L_foot_pitch,1.175477,0.307548,0.319404,-0.636201
510,L_foot_roll,-0.033939,-0.003394,-0.002411,0.252117
510,R_hip_roll,-1.589883,-0.238482,-0.019037,-42.841017
510,R_hip_yaw,-0.022309,-0.005577,-0.004927,-0.088592
510,R_hip_pitch,-0.216515,0.075871,0.022758,6.054644
510,R_knee,-0.542871,0.184282,0.235466,-11.468928
510,R_foot_pitch,0.210562,-0.168944,-0.209229,3.771124
510,R_foot_roll,-1.439568,-0.143957,0.017068,-12.854659
520,L_hip_roll,0.189604,0.028441,0.000738,4.550556
520,L_hip_yaw,0.037352,0.009338,0.003463,0.908555
520,L_hip_pitch,-0.578529,-0.274632,-0.295124,2.568649
520,L_knee,-0.795595,-0.518899,-0.523769,-1.460860
520,L_foot_pitch,1.080393,0.298039,0.314100,-0.676296
520,L_foot_roll,-0.032795,-0.003280,-0.004607,0.237990
520,R_hip_roll,-1.499596,-0.224939,-0.022847,-39.203100
520,R_hip_yaw,-0.013703,-0.003426,-0.004776,0.146634
520,R_hip_pitch,-0.203546,0.079113,0.025882,6.101978
520,R_knee,-0.511086,0.192229,0.243655,-11.772414
520,R_foot_pitch,0.148998,-0.175100,-0.215213,3.831108
520,R_foot_roll,-1.377075,-0.137707,0.016488,-12.277962
530,L_hip_roll,0.164982,0.024747,0.003893,3.252604
530,L_hip_yaw,0.035341,0.008835,0.002368,0.806370
530,L_hip_pitch,-0.585910,-0.276477,-0.295164,2.181187
530,L_knee,-0.752684,-0.508171,-0.514992,-1.458123
530,L_foot_pitch,0.960574,0.286057,0.306094,-0.763314
530,L_foot_roll,-0.019992,-0.001999,-0.005119,0.246046
530,R_hip_roll,-1.397417,-0.209613,-0.027068,-35.206437
530,R_hip_yaw,-0.007933,-0.001983,-0.004582,0.293281
530,R_hip_pitch,-0.197763,0.080559,0.028676,5.972728
530,R_knee,-0.467434,0.203142,0.252557,-11.588066
530,R_foot_pitch,0.147726,-0.175227,-0.221824,4.405307
530,R_foot_roll,-1.279724,-0.127972,0.015775,-11.440859
540,L_hip_roll,0.126186,0.018928,0.006839,1.548987
540,L_hip_yaw,0.040386,0.010097,0.002941,0.737314
540,L_hip_pitch,-0.595187,-0.278797,-0.293741,1.607192
540,L_knee,-0.703081,-0.495770,-0.505367,-1.128599
540,L_foot_pitch,0.791196,0.269120,0.295742,-1.073561
540,L_foot_roll,0.012586,0.001259,-0.004314,0.326628
540,R_hip_roll,-1.268444,-0.190267,-0.031530,-30.387409
540,R_hip_yaw,-0.013411,-0.003353,-0.004361,0.100627
540,R_hip_pitch,-0.179602,0.085099,0.031154,6.249370
540,R_knee,-0.418304,0.215424,0.261924,-11.178070
540,R_foot_pitch,0.180384,-0.171962,-0.228895,5.273035
540,R_foot_roll,-1.153218,-0.115322,0.015550,-10.492605
550,L_hip_roll,0.070403,0.010560,0.009618,-0.637003
550,L_hip_yaw,0.049481,0.012370,0.005137,0.588938
550,L_hip_pitch,-0.591497,-0.277874,-0.291351,1.358110
550,L_knee,-0.634667,-0.478667,-0.495252,0.013500
550,L_foot_pitch,0.569837,0.246984,0.282399,-1.452241
550,L_foot_roll,0.066752,0.006675,-0.002074,0.436073
550,R_hip_roll,-1.086787,-0.163018,-0.036126,-23.996348
550,R_hip_yaw,-0.031454,-0.007863,-0.004141,-0.464921
550,R_hip_pitch,-0.151834,0.092042,0.033519,6.795938
550,R_knee,-0.349585,0.232604,0.271711,-9.983074
550,R_foot_pitch,0.255228,-0.164477,-0.236338,6.502332
550,R_foot_roll,-0.982228,-0.098223,0.016557,-9.356664
560,L_hip_roll,-0.021264,-0.003190,0.012255,-3.881881
560,L_hip_yaw,0.062136,0.015534,0.008924,0.365615
560,L_hip_pitch,-0.578678,-0.274670,-0.288215,1.296482
560,L_knee,-0.541680,-0.455420,-0.484061,1.748668
560,L_foot_pitch,0.308232,0.220823,0.264739,-1.674372
560,L_foot_roll,0.145636,0.014564,0.001984,0.557384
560,R_hip_roll,-0.850023,-0.127503,-0.040704,-16.009269
560,R_hip_yaw,-0.046879,-0.011720,-0.003934,-0.951006
560,R_hip_pitch,-0.134989,0.096253,0.036282,6.902705
560,R_knee,-0.265123,0.253719,0.282309,-8.405099
560,R_foot_pitch,0.390785,-0.150922,-0.244230,8.270213
560,R_foot_roll,-0.763121,-0.076312,0.019196,-7.985901
570,L_hip_roll,-0.105968,-0.015895,0.014743,-6.877169
570,L_hip_yaw,0.072149,0.018037,0.014268,-0.125247
570,L_hip_pitch,-0.533563,-0.263391,-0.284067,2.038859
570,L_knee,-0.412577,-0.423144,-0.470243,4.098430
570,L_foot_pitch,0.022745,0.192274,0.241957,-1.641171
570,L_foot_roll,0.251807,0.025181,0.008340,0.665919
570,R_hip_roll,-0.542873,-0.081431,-0.045092,-6.001104
570,R_hip_yaw,-0.058994,-0.014748,-0.003710,-1.343397
570,R_hip_pitch,-0.133579,0.096605,0.039907,6.409755
570,R_knee,-0.164087,0.278978,0.294103,-6.368953
570,R_foot_pitch,0.552758,-0.134724,-0.252659,10.295670
570,R_foot_roll,-0.494498,-0.049450,0.023852,-6.431619
580,L_hip_roll,-0.176425,-0.026464,0.015489,-8.282356
580,L_hip_yaw,0.069416,0.017354,0.020857,-1.096160
580,L_hip_pitch,-0.391678,-0.227919,-0.280022,5.844040
580,L_knee,-0.225698,-0.376424,-0.456270,10.284908
580,L_foot_pitch,-0.283806,0.161619,0.204127,0.661360
580,L_foot_roll,0.384862,0.038486,0.003120,3.572755
580,R_hip_roll,-0.151257,-0.022689,-0.049533,6.698901
580,R_hip_yaw,-0.078953,-0.019738,-0.003556,-1.953521
580,R_hip_pitch,-0.061200,0.114700,0.044397,7.973582
580,R_knee,-0.084789,0.298803,0.306919,-5.346787
580,R_foot_pitch,0.665152,-0.123485,-0.261503,11.935802
580,R_foot_roll,-0.195699,-0.019570,0.030571,-4.760432
590,L_hip_roll,-0.020424,-0.003064,0.014258,-2.917527
590,L_hip_yaw,0.076873,0.019218,0.024408,-0.638196
590,L_hip_pitch,-0.160456,-0.170114,-0.274079,12.181772
590,L_knee,-0.048980,-0.332245,-0.441479,19.144583
590,L_foot_pitch,-0.600149,0.129985,0.166465,-3.198740
590,L_foot_roll,0.538592,0.053859,-0.009719,8.899029
590,R_hip_roll,0.471340,0.070701,-0.053983,26.532211
590,R_hip_yaw,-0.134524,-0.033631,-0.003145,-3.666087
590,R_hip_pitch,-0.088834,0.107791,0.049297,6.517058
590,R_knee,0.033871,0.328468,0.320229,-2.325584
590,R_foot_pitch,0.655123,-0.124488,-0.270312,12.424002
590,R_foot_roll,0.236670,0.023667,0.038204,-1.859689
600,L_hip_roll,0.306500,0.045975,0.007846,9.720847
600,L_hip_yaw,-0.002639,-0.000660,0.023958,-2.898322
600,L_hip_pitch,0.026173,-0.123457,-0.273677,17.870731
600,L_knee,0.045587,-0.308603,-0.444018,24.700422
600,L_foot_pitch,-0.742426,0.115757,0.170848,-4.762397
600,L_foot_roll,0.679133,0.067913,-0.006484,5.334268
600,R_hip_roll,0.928055,0.139208,-0.060796,42.113523
600,R_hip_yaw,-0.138664,-0.034666,-0.003348,-3.748506
600,R_hip_pitch,0.138503,0.164626,0.054331,12.785409
600,R_knee,0.065830,0.336458,0.332438,-2.749783
600,R_foot_pitch,0.260353,-0.163965,-0.272295,8.584549
600,R_foot_roll,0.515840,0.051584,0.046012,-0.248075
610,L_hip_roll,0.416075,0.062411,0.002181,13.458934
610,L_hip_yaw,-0.138938,-0.034735,0.023792,-7.028338
610,L_hip_pitch,0.113438,-0.101640,-0.268101,19.202434
610,L_knee,0.089436,-0.297641,-0.438766,22.813075
610,L_foot_pitch,-0.537329,0.136267,0.172066,-2.805109
610,L_foot_roll,0.681641,0.068164,-0.003005,5.601924
610,R_hip_roll,0.692078,0.103812,-0.066368,35.377316
610,R_hip_yaw,-0.048294,-0.012073,-0.002866,-1.165561
610,R_hip_pitch,0.431237,0.237809,0.059507,20.855488
610,R_knee,-0.093793,0.296552,0.345132,-12.611671
610,R_foot_pitch,-0.484232,-0.238423,-0.267696,1.578647
610,R_foot_roll,0.420738,0.042074,0.049301,-0.631203
620,L_hip_roll,0.616129,0.092419,-0.002111,20.157802
620,L_hip_yaw,-0.192359,-0.048090,0.023963,-8.675821
620,L_hip_pitch,0.203954,-0.079012,-0.258065,20.390890
620,L_knee,0.106903,-0.293274,-0.425746,19.261639
620,L_foot_pitch,-0.164889,0.173511,0.169193,0.918831
620,L_foot_roll,0.685634,0.068563,0.001417,4.536643
620,R_hip_roll,0.428002,0.064200,-0.068718,26.723991
620,R_hip_yaw,-0.002546,-0.000637,-0.000814,-0.286830
620,R_hip_pitch,0.396204,0.229051,0.064146,19.377832
620,R_knee,-0.115102,0.291225,0.353377,-12.249320
620,R_foot_pitch,-0.939545,-0.283954,-0.258057,-3.522083
620,R_foot_roll,0.217951,0.021795,0.045722,-1.291888
630,L_hip_roll,0.661930,0.099290,-0.005097,21.698396
630,L_hip_yaw,-0.216261,-0.054065,0.024266,-9.435377
630,L_hip_pitch,0.290480,-0.057380,-0.244737,21.064052
630,L_knee,0.102487,-0.294378,-0.407142,14.249134
630,L_foot_pitch,-0.105135,0.179486,0.164333,1.928302
630,L_foot_roll,0.739628,0.073963,0.004707,4.931476
630,R_hip_roll,0.180593,0.027089,-0.067505,18.062590
630,R_hip_yaw,-0.008229,-0.002057,0.004493,-1.430077
630,R_hip_pitch,0.355198,0.218799,0.066840,18.074289
630,R_knee,0.018630,0.324658,0.355004,-4.583614
630,R_foot_pitch,-1.058492,-0.295849,-0.262292,-2.039530
630,R_foot_roll,0.063189,0.006319,0.035181,-0.945544
640,L_hip_roll,0.654975,0.098246,-0.007358,21.686570
640,L_hip_yaw,-0.195761,-0.048940,0.024771,-8.901684
640,L_hip_pitch,0.302483,-0.054379,-0.229289,19.386175
640,L_knee,0.154810,-0.281298,-0.385260,11.928912
640,L_foot_pitch,-0.243332,0.165667,0.157374,1.317502
640,L_foot_roll,0.518758,0.051876,0.007372,3.505719
640,R_hip_roll,-0.018729,-0.002809,-0.063527,10.678457
640,R_hip_yaw,0.011003,0.002751,0.009028,-1.037713
640,R_hip_pitch,0.284159,0.201040,0.069840,15.332057
640,R_knee,0.072730,0.338182,0.353386,-2.496935
640,R_foot_pitch,-1.112319,-0.301232,-0.272709,-1.082113
640,R_foot_roll,-0.065111,-0.006511,0.018036,-0.212090
650,L_hip_roll,0.766490,0.114973,-0.009434,25.557717
650,L_hip_yaw,-0.186161,-0.046540,0.025334,-8.692602
650,L_hip_pitch,0.253958,-0.066511,-0.211858,15.660878
650,L_knee,0.226222,-0.263445,-0.360607,9.964327
650,L_foot_pitch,-0.229042,0.167096,0.149750,2.260259
650,L_foot_roll,0.470900,0.047090,0.010368,2.493957
650,R_hip_roll,0.004256,0.000638,-0.058242,10.098468
650,R_hip_yaw,0.009779,0.002445,0.010228,-0.926969
650,R_hip_pitch,0.256856,0.194214,0.075345,13.613835
650,R_knee,0.155580,0.358895,0.354532,0.119167
650,R_foot_pitch,-1.076864,-0.297686,-0.285652,0.272252
650,R_foot_roll,-0.054160,-0.005416,0.000632,1.073424
660,L_hip_roll,0.809417,0.121413,-0.011287,27.042191
660,L_hip_yaw,-0.175045,-0.043761,0.026005,-8.428942
660,L_hip_pitch,0.218589,-0.075353,-0.194038,12.513726
660,L_knee,0.285895,-0.248526,-0.335613,8.464256
660,L_foot_pitch,-0.261014,0.163899,0.141605,2.540417
660,L_foot_roll,0.558751,0.055875,0.012691,3.182750
660,R_hip_roll,0.012271,0.001841,-0.051954,8.705027
660,R_hip_yaw,0.011124,0.002781,0.008885,-0.514763
660,R_hip_pitch,0.248530,0.192133,0.084023,11.967244
660,R_knee,0.258074,0.384519,0.359993,2.264290
660,R_foot_pitch,-1.085104,-0.298510,-0.295030,0.374760
660,R_foot_roll,-0.062870,-0.006287,-0.010405,1.046505
670,L_hip_roll,0.823184,0.123478,-0.012330,27.328456
670,L_hip_yaw,-0.145130,-0.036282,0.026424,-7.561481
670,L_hip_pitch,0.218468,-0.075383,-0.177034,10.597759
670,L_knee,0.343574,-0.234106,-0.311773,7.328580
670,L_foot_pitch,-0.342616,0.155738,0.134245,2.384019
670,L_foot_roll,0.595332,0.059533,0.014491,3.704353
670,R_hip_roll,-0.047661,-0.007149,-0.044143,4.848122
670,R_hip_yaw,0.022219,0.005555,0.006199,0.210736
670,R_hip_pitch,0.306946,0.206736,0.096700,11.790540
670,R_knee,0.325002,0.401250,0.371472,1.310807
670,R_foot_pitch,-1.208731,-0.310873,-0.299164,-0.737831
670,R_foot_roll,-0.146476,-0.014648,-0.013901,0.029177
680,L_hip_roll,0.850213,0.127532,-0.012900,28.082641
680,L_hip_yaw,-0.102381,-0.025595,0.026607,-6.284383
680,L_hip_pitch,0.203505,-0.079124,-0.162077,8.527204
680,L_knee,0.407609,-0.218098,-0.290918,7.175845
680,L_foot_pitch,-0.223847,0.167615,0.128106,3.764290
680,L_foot_roll,0.689476,0.068948,0.016197,4.516013
680,R_hip_roll,-0.141654,-0.021248,-0.035158,-0.083889
680,R_hip_yaw,0.028218,0.007054,0.003956,0.524061
680,R_hip_pitch,0.364295,0.221074,0.113036,11.231279
680,R_knee,0.425492,0.426373,0.388167,1.572800
680,R_foot_pitch,-1.437505,-0.333751,-0.302407,-2.159962
680,R_foot_roll,-0.230016,-0.023002,-0.014922,-0.549652
690,L_hip_roll,0.955659,0.143349,-0.013470,31.494100
690,L_hip_yaw,-0.069441,-0.017360,0.026742,-5.291277
690,L_hip_pitch,0.226081,-0.073480,-0.149339,7.932772
690,L_knee,0.408828,-0.217793,-0.273160,5.137320
690,L_foot_pitch,-0.248981,0.165102,0.122488,3.837828
690,L_foot_roll,0.826729,0.082673,0.017890,5.272204
690,R_hip_roll,-0.119946,-0.017992,-0.025761,-1.268917
690,R_hip_yaw,0.022121,0.005530,0.003241,0.268517
690,R_hip_pitch,0.460855,0.245214,0.132517,11.493962
690,R_knee,0.557937,0.459484,0.409040,2.628231
690,R_foot_pitch,-1.684764,-0.358476,-0.311522,-2.602154
690,R_foot_roll,-0.256600,-0.025660,-0.017655,-0.291063
700,L_hip_roll,1.025159,0.153774,-0.014008,33.617951
700,L_hip_yaw,-0.039183,-0.009796,0.026590,-4.251870
700,L_hip_pitch,0.272142,-0.061965,-0.139435,8.389680
700,L_knee,0.412913,-0.216772,-0.259453,3.988557
700,L_foot_pitch,-0.281982,0.161802,0.119260,3.163278
700,L_foot_roll,0.905602,0.090560,0.019838,5.225503
700,R_hip_roll,-0.143430,-0.021514,-0.016311,-3.932220
700,R_hip_yaw,0.015243,0.003811,0.003564,-0.040759
700,R_hip_pitch,0.507430,0.256858,0.155380,9.795266
700,R_knee,0.681926,0.490482,0.434475,2.206035
700,R_foot_pitch,-1.966012,-0.386601,-0.329475,-2.564236
700,R_foot_roll,-0.278055,-0.027805,-0.021710,-0.090831
710,L_hip_roll,1.094253,0.164138,-0.014699,36.027820
710,L_hip_yaw,-0.017942,-0.004485,0.026576,-3.714447
710,L_hip_pitch,0.230259,-0.072435,-0.132540,6.636126
710,L_knee,0.455347,-0.206163,-0.250707,6.030786
710,L_foot_pitch,-0.314771,0.158523,0.117423,3.425212
710,L_foot_roll,1.018583,0.101858,0.020837,6.298321
710,R_hip_roll,-0.114858,-0.017229,-0.007154,-4.682414
710,R_hip_yaw,0.025072,0.006268,0.003946,0.244936
710,R_hip_pitch,0.578140,0.274535,0.180661,8.728014
710,R_knee,0.807223,0.521806,0.463039,2.179646
710,R_foot_pitch,-2.141915,-0.404191,-0.354667,-1.572702
710,R_foot_roll,-0.206013,-0.020601,-0.025279,0.669040
720,L_hip_roll,1.128473,0.169271,-0.015463,37.175944
720,L_hip_yaw,0.020702,0.005175,0.026412,-2.531722
720,L_hip_pitch,0.174239,-0.086440,-0.127550,4.514343
720,L_knee,0.532750,-0.186812,-0.245419,9.487043
720,L_foot_pitch,-0.207101,0.169290,0.117408,4.026321
720,L_foot_roll,1.136892,0.113689,0.022212,7.387804
720,R_hip_roll,-0.115370,-0.017306,0.001548,-6.288190
720,R_hip_yaw,0.025091,0.006273,0.004938,0.015842
720,R_hip_pitch,0.645269,0.291317,0.207263,7.433192
720,R_knee,0.932794,0.553198,0.491985,2.668858
720,R_foot_pitch,-2.300938,-0.420094,-0.367865,-3.516176
720,R_foot_roll,-0.128437,-0.012844,-0.025251,0.804973
730,L_hip_roll,1.280206,0.192031,-0.016551,42.165236
730,L_hip_yaw,0.044377,0.011094,0.026268,-1.816962
730,L_hip_pitch,0.081031,-0.109742,-0.123492,1.256727
730,L_knee,0.590626,-0.172344,-0.242033,11.652546
730,L_foot_pitch,-0.057901,0.184210,0.118553,5.222360
730,L_foot_roll,1.255171,0.125517,0.023561,7.811148
730,R_hip_roll,0.013304,0.001996,0.009360,-3.661992
730,R_hip_yaw,0.026577,0.006644,0.006709,-0.204367
730,R_hip_pitch,0.717705,0.309426,0.234738,6.244192
730,R_knee,1.041060,0.580265,0.520887,2.331752
730,R_foot_pitch,-2.457205,-0.435721,-0.370321,-5.233113
730,R_foot_roll,-0.059394,-0.005939,-0.020262,0.505588
740,L_hip_roll,1.272554,0.190883,-0.017785,42.117112
740,L_hip_yaw,0.065776,0.016444,0.026259,-1.170220
740,L_hip_pitch,0.039395,-0.120151,-0.120162,-0.294422
740,L_knee,0.635313,-0.161172,-0.240083,13.832318
740,L_foot_pitch,-0.039624,0.186038,0.119906,5.187903
740,L_foot_roll,1.314103,0.131410,0.024497,8.321568
740,R_hip_roll,-0.019899,-0.002985,0.016600,-6.064296
740,R_hip_yaw,0.047881,0.011970,0.008607,0.223757
740,R_hip_pitch,0.743155,0.315789,0.262451,3.683134
740,R_knee,1.121702,0.600426,0.548957,1.314807
740,R_foot_pitch,-2.628382,-0.452838,-0.369056,-6.896676
740,R_foot_roll,-0.079424,-0.007942,-0.012521,-0.416359
750,L_hip_roll,1.290481,0.193572,-0.018840,42.876935
750,L_hip_yaw,0.103352,0.025838,0.026104,-0.023334
750,L_hip_pitch,-0.025622,-0.136405,-0.116682,-2.735635
750,L_knee,0.662433,-0.154392,-0.238281,14.563370
750,L_foot_pitch,0.017828,0.191783,0.121837,5.477787
750,L_foot_roll,1.365624,0.136562,0.025457,8.560280
750,R_hip_roll,0.024881,0.003732,0.023550,-5.950585
750,R_hip_yaw,0.052939,0.013235,0.011433,-0.127181
750,R_hip_pitch,0.807528,0.331882,0.289005,2.615386
750,R_knee,1.212674,0.623168,0.574061,2.049861
750,R_foot_pitch,-2.790499,-0.469050,-0.367091,-8.347952
750,R_foot_roll,-0.035373,-0.003537,-0.006513,-0.198958
760,L_hip_roll,1.266406,0.189961,-0.020042,42.323450
760,L_hip_yaw,0.138884,0.034721,0.026014,1.058821
760,L_hip_pitch,-0.077677,-0.149419,-0.113194,-4.707783
760,L_knee,0.686398,-0.148400,-0.237007,15.595402
760,L_foot_pitch,0.148029,0.204803,0.123983,6.207303
760,L_foot_roll,1.418611,0.141861,0.026274,9.276763
760,R_hip_roll,0.005767,0.000865,0.029820,-7.607994
760,R_hip_yaw,0.046784,0.011696,0.015275,-0.832525
760,R_hip_pitch,0.833043,0.338261,0.313906,0.531270
760,R_knee,1.293517,0.643379,0.595709,2.670086
760,R_foot_pitch,-2.892827,-0.479283,-0.365573,-9.221070
760,R_foot_roll,0.009221,0.000922,-0.002894,0.023319
770,L_hip_roll,1.316860,0.197529,-0.021304,44.178948
770,L_hip_yaw,0.167527,0.041882,0.025903,1.931107
770,L_hip_pitch,-0.149250,-0.167312,-0.109629,-7.287578
770,L_knee,0.699433,-0.145142,-0.236044,16.109771
770,L_foot_pitch,0.262886,0.216289,0.126555,6.933773
770,L_foot_roll,1.462385,0.146239,0.027062,9.361834
770,R_hip_roll,0.005340,0.000801,0.035414,-8.497495
770,R_hip_yaw,0.045875,0.011469,0.018857,-1.201562
770,R_hip_pitch,0.832728,0.338182,0.337230,-2.111686
770,R_knee,1.372539,0.663135,0.614507,3.638728
770,R_foot_pitch,-2.990452,-0.489045,-0.364733,-10.003478
770,R_foot_roll,0.042819,0.004282,0.000175,0.035166
780,L_hip_roll,1.349934,0.202490,-0.022542,45.386394
780,L_hip_yaw,0.206728,0.051682,0.025722,3.138774
780,L_hip_pitch,-0.234182,-0.188545,-0.106219,-10.205684
780,L_knee,0.721196,-0.139701,-0.235907,17.445734
780,L_foot_pitch,0.374775,0.227478,0.129642,7.512594
780,L_foot_roll,1.527933,0.152793,0.027783,9.840722
780,R_hip_roll,-0.010330,-0.001549,0.040379,-9.793994
780,R_hip_yaw,0.041120,0.010280,0.021358,-1.526125
780,R_hip_pitch,0.841788,0.340447,0.358697,-4.220583
780,R_knee,1.448383,0.682096,0.630728,4.848104
780,R_foot_pitch,-3.048888,-0.494889,-0.364480,-10.438546
780,R_foot_roll,0.074726,0.007473,0.003409,0.012002
790,L_hip_roll,1.417724,0.212659,-0.023681,47.555394
790,L_hip_yaw,0.230459,0.057615,0.025460,3.888839
790,L_hip_pitch,-0.297156,-0.204289,-0.103383,-12.382741
790,L_knee,0.742897,-0.134276,-0.237284,19.100755
790,L_foot_pitch,0.448858,0.234886,0.133564,7.665288
790,L_foot_roll,1.596968,0.159697,0.028404,10.556367
790,R_hip_roll,-0.019435,-0.002915,0.044745,-10.772221
790,R_hip_yaw,0.034455,0.008614,0.022632,-1.764153
790,R_hip_pitch,0.849885,0.342471,0.378298,-6.153895
790,R_knee,1.504544,0.696136,0.645002,5.258300
790,R_foot_pitch,-3.076859,-0.497686,-0.364631,-10.618290
790,R_foot_roll,0.096355,0.009635,0.006818,-0.101271
800,L_hip_roll,1.450560,0.217584,-0.024647,48.686326
800,L_hip_yaw,0.246811,0.061703,0.025149,4.420781
800,L_hip_pitch,-0.353395,-0.218349,-0.101040,-14.310215
800,L_knee,0.754616,-0.131346,-0.240036,20.499300
800,L_foot_pitch,0.485291,0.238529,0.138275,7.509856
800,L_foot_roll,1.627944,0.162794,0.028798,10.752013
800,R_hip_roll,-0.017898,-0.002685,0.048506,-11.290372
800,R_hip_yaw,0.027868,0.006967,0.022838,-1.892389
800,R_hip_pitch,0.877169,0.349292,0.395841,-7.218265
800,R_knee,1.539525,0.704881,0.657504,5.131246
800,R_foot_pitch,-3.092071,-0.499207,-0.364982,-10.699303
800,R_foot_roll,0.096149,0.009615,0.010021,-0.319935
810,L_hip_roll,1.455395,0.218309,-0.025378,48.926649
810,L_hip_yaw,0.262646,0.065661,0.024800,4.942048
810,L_hip_pitch,-0.382323,-0.225581,-0.099026,-15.381125
810,L_knee,0.755802,-0.131049,-0.243815,21.541839
810,L_foot_pitch,0.481408,0.238141,0.143571,6.993996
810,L_foot_roll,1.660329,0.166033,0.029105,10.934658
810,R_hip_roll,-0.025994,-0.003899,0.051677,-11.977326
810,R_hip_yaw,0.021643,0.005411,0.022250,-1.941717
810,R_hip_pitch,0.904832,0.356208,0.410997,-7.963413
810,R_knee,1.571223,0.712806,0.667855,5.373410
810,R_foot_pitch,-3.100832,-0.500083,-0.365385,-10.736458
810,R_foot_roll,0.097331,0.009733,0.012136,-0.341048
820,L_hip_roll,1.466759,0.220014,-0.025900,49.348594
820,L_hip_yaw,0.267052,0.066763,0.024460,5.106427
820,L_hip_pitch,-0.413392,-0.233348,-0.097154,-16.530523
820,L_knee,0.746999,-0.133250,-0.248169,22.021577
820,L_foot_pitch,0.447346,0.234735,0.149233,6.312765
820,L_foot_roll,1.671273,0.167127,0.029369,10.861527
820,R_hip_roll,-0.022801,-0.003420,0.054134,-12.124750
820,R_hip_yaw,0.020357,0.005089,0.021281,-1.845218
820,R_hip_pitch,0.920830,0.360208,0.423715,-8.771937
820,R_knee,1.581223,0.715306,0.676052,4.936647
820,R_foot_pitch,-3.071829,-0.497183,-0.365762,-10.478446
820,R_foot_roll,0.095877,0.009588,0.013022,-0.325281
830,L_hip_roll,1.454592,0.218189,-0.026194,48.944259
830,L_hip_yaw,0.276868,0.069217,0.024129,5.445527
830,L_hip_pitch,-0.416512,-0.234128,-0.095335,-16.835414
830,L_knee,0.737957,-0.135511,-0.252854,22.575065
830,L_foot_pitch,0.397779,0.229778,0.155235,5.334306
830,L_foot_roll,1.660230,0.166023,0.029417,10.913217
830,R_hip_roll,-0.044979,-0.006747,0.055755,-12.860402
830,R_hip_yaw,0.016458,0.004114,0.020490,-1.907166
830,R_hip_pitch,0.951355,0.367839,0.433832,-8.802211
830,R_knee,1.577952,0.714488,0.681824,4.532275
830,R_foot_pitch,-3.024493,-0.492449,-0.366038,-10.090705
830,R_foot_roll,0.100301,0.010030,0.013171,-0.245792
840,L_hip_roll,1.438700,0.215805,-0.026294,48.425915
840,L_hip_yaw,0.280612,0.070153,0.023830,5.586825
840,L_hip_pitch,-0.421671,-0.235418,-0.093407,-17.248726
840,L_knee,0.720325,-0.139919,-0.257462,22.481174
840,L_foot_pitch,0.278281,0.217828,0.161310,3.904092
840,L_foot_roll,1.614328,0.161433,0.029255,10.630525
840,R_hip_roll,-0.052132,-0.007820,0.056384,-12.881624
840,R_hip_yaw,0.018191,0.004548,0.020234,-1.882219
840,R_hip_pitch,0.973859,0.373465,0.441242,-8.753198
840,R_knee,1.549990,0.707497,0.684864,3.523220
840,R_foot_pitch,-2.946283,-0.484628,-0.366155,-9.472452
840,R_foot_roll,0.094359,0.009436,0.013142,-0.295064
850,L_hip_roll,1.385622,0.207843,-0.026277,46.841345
850,L_hip_yaw,0.278350,0.069588,0.023576,5.542365
850,L_hip_pitch,-0.398196,-0.229549,-0.091304,-16.800507
850,L_knee,0.708475,-0.142881,-0.261673,22.594280
850,L_foot_pitch,0.174561,0.207456,0.167217,2.680788
850,L_foot_roll,1.543696,0.154370,0.029106,9.891478
850,R_hip_roll,-0.028687,-0.004303,0.055894,-11.731981
850,R_hip_yaw,0.013669,0.003417,0.020637,-2.130469
850,R_hip_pitch,0.992814,0.378203,0.445871,-8.461579
850,R_knee,1.513941,0.698485,0.684683,2.967282
850,R_foot_pitch,-2.863322,-0.476332,-0.366064,-8.838272
850,R_foot_roll,0.092646,0.009265,0.013016,-0.280581
860,L_hip_roll,1.314898,0.197235,-0.026248,44.691929
860,L_hip_yaw,0.270970,0.067742,0.023350,5.349552
860,L_hip_pitch,-0.355697,-0.218924,-0.088909,-15.855350
860,L_knee,0.677318,-0.150671,-0.265160,21.561009
860,L_foot_pitch,0.041500,0.194150,0.172810,1.123850
860,L_foot_roll,1.437627,0.143763,0.029283,9.165476
860,R_hip_roll,0.005458,0.000819,0.054370,-10.120932
860,R_hip_yaw,0.012649,0.003162,0.021024,-2.155782
860,R_hip_pitch,1.012328,0.383082,0.447669,-7.815884
860,R_knee,1.451971,0.682993,0.680928,1.899147
860,R_foot_pitch,-2.753976,-0.465398,-0.365754,-8.008928
860,R_foot_roll,0.077772,0.007777,0.012632,-0.340585
870,L_hip_roll,1.206582,0.180987,-0.026065,41.404992
870,L_hip_yaw,0.253321,0.063330,0.023164,4.833854
870,L_hip_pitch,-0.294401,-0.203600,-0.086003,-14.401598
870,L_knee,0.646933,-0.158267,-0.267527,20.317621
870,L_foot_pitch,-0.093139,0.180686,0.178104,-0.280448
870,L_foot_roll,1.294078,0.129408,0.028371,7.999248
870,R_hip_roll,0.018779,0.002817,0.052137,-9.087660
870,R_hip_yaw,0.009996,0.002499,0.020553,-2.066510
870,R_hip_pitch,1.018550,0.384637,0.446627,-7.225464
870,R_knee,1.366226,0.661557,0.673324,0.588853
870,R_foot_pitch,-2.610854,-0.451085,-0.365222,-6.928566
870,R_foot_roll,0.043382,0.004338,0.011622,-0.459992
880,L_hip_roll,1.084413,0.162662,-0.026010,37.825069
880,L_hip_yaw,0.236581,0.059145,0.023037,4.356796
880,L_hip_pitch,-0.211501,-0.182875,-0.082655,-12.335968
880,L_knee,0.597117,-0.170721,-0.268837,18.176473
880,L_foot_pitch,-0.282401,0.161760,0.182968,-2.232005
880,L_foot_roll,1.117355,0.111735,0.028618,6.540734
880,R_hip_roll,0.054949,0.008242,0.049236,-7.173737
880,R_hip_yaw,0.008113,0.002028,0.018853,-1.789232
880,R_hip_pitch,1.035864,0.388966,0.442564,-5.909973
880,R_knee,1.248541,0.632135,0.661218,-1.112557
880,R_foot_pitch,-2.446281,-0.434628,-0.364443,-5.699673
880,R_foot_roll,-0.010869,-0.001087,0.009452,-0.592854
890,L_hip_roll,0.901730,0.135260,-0.025981,32.337613
890,L_hip_yaw,0.210411,0.052603,0.022847,3.587430
890,L_hip_pitch,-0.113619,-0.158405,-0.078805,-9.914578
890,L_knee,0.546548,-0.183363,-0.269167,15.597118
890,L_foot_pitch,-0.490795,0.140920,0.187655,-4.160215
890,L_foot_roll,0.904594,0.090459,0.027305,5.016411
890,R_hip_roll,0.094151,0.014123,0.045767,-5.167556
890,R_hip_yaw,0.008996,0.002249,0.015928,-1.297963
890,R_hip_pitch,1.016787,0.384197,0.435314,-5.301826
890,R_knee,1.095236,0.593809,0.643847,-3.268224
890,R_foot_pitch,-2.240176,-0.414018,-0.363395,-4.161149
890,R_foot_roll,-0.093962,-0.009396,0.005519,-0.756546
900,L_hip_roll,0.669604,0.100441,-0.026326,25.470001
900,L_hip_yaw,0.186311,0.046578,0.022614,2.899936
900,L_hip_pitch,0.010211,-0.127447,-0.074548,-6.791379
900,L_knee,0.482489,-0.199378,-0.268773,12.274888
900,L_foot_pitch,-0.755600,0.114440,0.191884,-6.614951
900,L_foot_roll,0.641881,0.064188,0.026736,3.245338
900,R_hip_roll,0.201819,0.030273,0.041652,-0.949173
900,R_hip_yaw,0.006374,0.001593,0.012090,-0.854635
900,R_hip_pitch,1.001404,0.380351,0.424399,-4.070490
900,R_knee,0.893003,0.543251,0.619891,-5.966971
900,R_foot_pitch,-1.952509,-0.385251,-0.362048,-1.997702
900,R_foot_roll,-0.204501,-0.020450,-0.000760,-0.894083
910,L_hip_roll,0.288604,0.043291,-0.027079,14.401249
910,L_hip_yaw,0.153580,0.038395,0.022305,1.959122
910,L_hip_pitch,0.165300,-0.088675,-0.069628,-2.779963
910,L_knee,0.406112,-0.218472,-0.267585,8.492090
910,L_foot_pitch,-1.065266,0.083473,0.195789,-9.364921
910,L_foot_roll,0.309759,0.030976,0.026148,0.373217
910,R_hip_roll,0.344709,0.051706,0.037115,4.350209
910,R_hip_yaw,0.001568,0.000392,0.007221,-0.285618
910,R_hip_pitch,0.935293,0.363823,0.409088,-3.761948
910,R_knee,0.622369,0.475592,0.587586,-9.678233
910,R_foot_pitch,-1.570486,-0.347049,-0.360307,0.876539
910,R_foot_roll,-0.388685,-0.038868,-0.010031,-1.325079
920,L_hip_roll,-0.270068,-0.040510,-0.028417,-1.863923
920,L_hip_yaw,0.117515,0.029379,0.021890,0.938672
920,L_hip_pitch,0.318676,-0.050331,-0.063512,0.951162
920,L_knee,0.311692,-0.242077,-0.265314,3.508870
920,L_foot_pitch,-1.390787,0.050921,0.199684,-12.236232
920,L_foot_roll,-0.094654,-0.009465,0.025786,-2.850194
920,R_hip_roll,0.567530,0.085130,0.032525,11.953862
920,R_hip_yaw,-0.006358,-0.001590,0.000647,0.460772
920,R_hip_pitch,0.790850,0.327712,0.388097,-4.959061
920,R_knee,0.265919,0.386480,0.543946,-14.155428
920,R_foot_pitch,-1.052826,-0.295283,-0.354244,3.950187
920,R_foot_roll,-0.710754,-0.071075,-0.023910,-2.285224
930,L_hip_roll,-0.894769,-0.134215,-0.030668,-19.949245
930,L_hip_yaw,0.115468,0.028867,0.021228,0.985666
930,L_hip_pitch,0.382775,-0.034306,-0.055860,1.758284
930,L_knee,0.221015,-0.264746,-0.262255,-1.477274
930,L_foot_pitch,-1.596466,0.030353,0.203365,-14.180737
930,L_foot_roll,-0.464111,-0.046411,0.024830,-5.244289
930,R_hip_roll,0.844987,0.126748,0.028172,21.000811
930,R_hip_yaw,0.009734,0.002434,-0.008649,2.362512
930,R_hip_pitch,0.487241,0.251810,0.359224,-9.746120
930,R_knee,-0.132439,0.286890,0.484092,-16.013847
930,R_foot_pitch,-0.435900,-0.233590,-0.332497,5.120358
930,R_foot_roll,-1.145401,-0.114540,-0.046261,-3.008791
940,L_hip_roll,-0.991103,-0.148665,-0.032604,-22.935294
940,L_hip_yaw,0.026090,0.006522,0.020831,-1.713692
940,L_hip_pitch,0.143352,-0.094162,-0.047052,-6.584131
940,L_knee,0.295457,-0.246136,-0.259258,1.418398
940,L_foot_pitch,-1.227579,0.067242,0.206555,-11.420696
940,L_foot_roll,-0.520594,-0.052059,0.023918,-5.944679
940,R_hip_roll,0.736177,0.110426,0.025212,17.555855
940,R_hip_yaw,0.071392,0.017848,-0.016172,4.507463
940,R_hip_pitch,0.110763,0.157691,0.328486,-17.668176
940,R_knee,-0.332725,0.236819,0.422915,-17.488442
940,R_foot_pitch,-0.057055,-0.195705,-0.250238,-6.724710
940,R_foot_roll,-1.736570,-0.173657,-0.051415,-10.494542
950,L_hip_roll,-0.844013,-0.126602,-0.032710,-18.899821
950,L_hip_yaw,0.005368,0.001342,0.020198,-2.170382
950,L_hip_pitch,-0.089619,-0.152405,-0.037255,-14.794668
950,L_knee,0.196335,-0.270916,-0.257009,-2.898448
950,L_foot_pitch,-0.427926,0.147207,0.209652,-5.305521
950,L_foot_roll,0.020854,0.002085,0.021175,-1.197902
950,R_hip_roll,-0.083135,-0.012470,0.025383,-7.967957
950,R_hip_yaw,0.198284,0.049571,-0.018985,8.472252
950,R_hip_pitch,0.122476,0.160619,0.296385,-13.011912
950,R_knee,-0.344880,0.233780,0.364904,-6.485362
950,R_foot_pitch,0.402099,-0.149790,-0.135896,-12.025229
950,R_foot_roll,-2.018877,-0.201888,-0.060434,-9.504792
960,L_hip_roll,-0.266307,-0.039946,-0.033203,-1.061309
960,L_hip_yaw,-0.066757,-0.016689,0.019113,-4.188903
960,L_hip_pitch,-0.242668,-0.190667,-0.032559,-19.077841
960,L_knee,0.066507,-0.303373,-0.262781,-4.081992
960,L_foot_pitch,0.348671,0.224867,0.212460,0.639771
960,L_foot_roll,0.644857,0.064486,0.022092,3.418650
960,R_hip_roll,-0.416026,-0.062404,0.026659,-18.104298
960,R_hip_yaw,0.152780,0.038195,-0.021891,7.549291
960,R_hip_pitch,0.191947,0.177987,0.267218,-8.167906
960,R_knee,-0.342013,0.234497,0.314572,-1.418656
960,R_foot_pitch,0.751942,-0.114806,-0.039024,-14.450000
960,R_foot_roll,-1.739036,-0.173904,-0.085293,-4.370639
970,L_hip_roll,-0.410732,-0.061610,-0.031283,-6.782526
970,L_hip_yaw,-0.093522,-0.023381,0.012160,-2.985741
970,L_hip_pitch,-0.186842,-0.176711,-0.039896,-15.239339
970,L_knee,-0.063067,-0.335767,-0.283076,-1.934861
970,L_foot_pitch,0.733193,0.263319,0.218223,3.076773
970,L_foot_roll,0.775347,0.077535,0.033193,1.805367
970,R_hip_roll,-0.976494,-0.146474,0.027482,-35.299361
970,R_hip_yaw,-0.003165,-0.000791,-0.021885,2.496844
970,R_hip_pitch,0.005672,0.131418,0.255247,-14.001233
970,R_knee,-0.403285,0.219179,0.299572,-11.256172
970,R_foot_pitch,1.094740,-0.080526,-0.032570,-3.741536
970,R_foot_roll,-1.559996,-0.156000,-0.067385,-8.887776
980,L_hip_roll,-0.090673,-0.013601,-0.030037,3.133079
980,L_hip_yaw,-0.079689,-0.019922,-0.006227,0.443693
980,L_hip_pitch,-0.138066,-0.164517,-0.055232,-11.420814
980,L_knee,-0.170527,-0.362632,-0.313572,0.742322
980,L_foot_pitch,1.012056,0.291206,0.231846,3.051628
980,L_foot_roll,0.908462,0.090846,0.055527,0.514546
980,R_hip_roll,-1.072522,-0.160878,0.028324,-37.935381
980,R_hip_yaw,-0.077495,-0.019374,-0.022261,0.417398
980,R_hip_pitch,-0.064985,0.113754,0.246264,-15.000825
980,R_knee,-0.353163,0.231709,0.287183,-6.084770
980,R_foot_pitch,1.397691,-0.050231,-0.032014,-1.585705
980,R_foot_roll,-1.317740,-0.131774,-0.044935,-9.376080
990,L_hip_roll,-0.155431,-0.023315,-0.028113,0.146477
990,L_hip_yaw,-0.103181,-0.025795,-0.023595,1.128891
990,L_hip_pitch,-0.078875,-0.149719,-0.073360,-7.373195
990,L_knee,-0.249477,-0.382369,-0.346451,2.902957
990,L_foot_pitch,1.177518,0.307752,0.255347,1.679104
990,L_foot_roll,0.923921,0.092392,0.077764,-0.801833
990,R_hip_roll,-1.314481,-0.197172,0.030963,-46.730362
990,R_hip_yaw,-0.117942,-0.029485,-0.022770,-0.755024
990,R_hip_pitch,-0.010022,0.127495,0.239623,-12.886413
990,R_knee,-0.453603,0.206599,0.277932,-10.531506
990,R_foot_pitch,1.354886,-0.054511,-0.032740,-1.773175
990,R_foot_roll,-1.270678,-0.127068,-0.038799,-6.947057
1000,L_hip_roll,-0.136325,-0.020449,-0.025660,0.394755
1000,L_hip_yaw,-0.112430,-0.028107,-0.034322,1.522672
1000,L_hip_pitch,-0.025435,-0.136359,-0.090013,-4.057861
1000,L_knee,-0.286655,-0.391664,-0.374644,4.233273
1000,L_foot_pitch,1.245420,0.314542,0.281541,0.200517
1000,L_foot_roll,0.920123,0.092012,0.092762,-1.137829
1000,R_hip_roll,-1.137626,-0.170644,0.034163,-41.786765
1000,R_hip_yaw,-0.117497,-0.029374,-0.023404,-0.651870
1000,R_hip_pitch,0.087778,0.151944,0.232906,-8.970729
1000,R_knee,-0.547936,0.183016,0.269294,-12.800558
1000,R_foot_pitch,1.308235,-0.059176,-0.032143,-2.226631
1000,R_foot_roll,-1.207987,-0.120799,-0.039671,-6.411739
1010,L_hip_roll,-0.164158,-0.024624,-0.023538,-0.806852
1010,L_hip_yaw,-0.113967,-0.028492,-0.038736,1.407154
1010,L_hip_pitch,-0.051481,-0.142870,-0.102715,-3.754084
1010,L_knee,-0.347576,-0.406894,-0.393731,1.960612
1010,L_foot_pitch,1.261831,0.316183,0.302384,-0.577839
1010,L_foot_roll,0.859499,0.085950,0.098604,-1.249817
1010,R_hip_roll,-1.133545,-0.170032,0.036706,-42.033678
1010,R_hip_yaw,-0.121045,-0.030261,-0.023936,-0.717989
1010,R_hip_pitch,0.105668,0.156417,0.224130,-7.161938
1010,R_knee,-0.615567,0.166108,0.258769,-13.296324
1010,R_foot_pitch,1.295965,-0.060404,-0.031015,-2.485034
1010,R_foot_roll,-1.162472,-0.116247,-0.040390,-6.003329
1020,L_hip_roll,-0.116390,-0.017458,-0.021830,0.461908
1020,L_hip_yaw,-0.125003,-0.031251,-0.037942,0.548230
1020,L_hip_pitch,-0.087380,-0.151845,-0.112267,-3.894970
1020,L_knee,-0.365623,-0.411406,-0.405308,1.594174
1020,L_foot_pitch,1.327207,0.322721,0.314371,-0.121933
1020,L_foot_roll,0.768667,0.076867,0.096568,-1.128627
1020,R_hip_roll,-1.092256,-0.163838,0.038683,-40.999979
1020,R_hip_yaw,-0.083500,-0.020875,-0.024331,0.450678
1020,R_hip_pitch,0.063064,0.145766,0.213549,-7.025833
1020,R_knee,-0.625272,0.163682,0.246318,-10.993175
1020,R_foot_pitch,1.410122,-0.048988,-0.029203,-1.779823
1020,R_foot_roll,-1.113434,-0.111343,-0.040876,-5.597941
1030,L_hip_roll,-0.098844,-0.014827,-0.020728,0.923681
1030,L_hip_yaw,-0.120610,-0.030153,-0.034770,0.210407
1030,L_hip_pitch,-0.192146,-0.178036,-0.120046,-6.246370
1030,L_knee,-0.420408,-0.425102,-0.412234,-0.783121
1030,L_foot_pitch,1.321785,0.322178,0.319852,-0.161847
1030,L_foot_roll,0.648886,0.064889,0.088589,-0.964847
1030,R_hip_roll,-1.228632,-0.184295,0.039989,-45.186610
1030,R_hip_yaw,-0.050999,-0.012750,-0.024491,1.426773
1030,R_hip_pitch,0.038583,0.139646,0.201915,-6.315357
1030,R_knee,-0.660036,0.154991,0.232726,-9.998618
1030,R_foot_pitch,1.548952,-0.035105,-0.027326,-0.863089
1030,R_foot_roll,-1.148916,-0.114892,-0.041250,-5.887760
1040,L_hip_roll,-0.027246,-0.004087,-0.020295,3.241907
1040,L_hip_yaw,-0.113146,-0.028286,-0.031282,0.032302
1040,L_hip_pitch,-0.138994,-0.164749,-0.128303,-3.483649
1040,L_knee,-0.459166,-0.434791,-0.418409,-1.014876
1040,L_foot_pitch,1.363135,0.326313,0.321554,0.346881
1040,L_foot_roll,0.550046,0.055005,0.076762,-0.523280
1040,R_hip_roll,-1.169459,-0.175419,0.040643,-43.286423
1040,R_hip_yaw,-0.084992,-0.021248,-0.024627,0.412315
1040,R_hip_pitch,0.093034,0.153258,0.190663,-3.410223
1040,R_knee,-0.741175,0.134706,0.219456,-11.406395
1040,R_foot_pitch,1.433423,-0.046658,-0.024846,-1.977851
1040,R_foot_roll,-1.214599,-0.121460,-0.041117,-6.450725
1050,L_hip_roll,0.054066,0.008110,-0.020381,5.772764
1050,L_hip_yaw,-0.102456,-0.025614,-0.028268,0.058218
1050,L_hip_pitch,-0.171468,-0.172867,-0.137676,-3.271733
1050,L_knee,-0.523726,-0.450932,-0.425203,-2.668719
1050,L_foot_pitch,1.386443,0.328644,0.322070,0.476582
1050,L_foot_roll,0.452063,0.045206,0.063735,-0.256766
1050,R_hip_roll,-1.333617,-0.200043,0.040709,-48.105629
1050,R_hip_yaw,-0.105335,-0.026334,-0.024662,-0.204074
1050,R_hip_pitch,0.075296,0.148824,0.179926,-2.684217
1050,R_knee,-0.739389,0.135153,0.206413,-8.984878
1050,R_foot_pitch,1.383564,-0.051644,-0.022409,-2.576122
1050,R_foot_roll,-1.298997,-0.129900,-0.040893,-7.151933
1060,L_hip_roll,0.008025,0.001204,-0.020826,4.604651
1060,L_hip_yaw,-0.088440,-0.022110,-0.025841,0.238725
1060,L_hip_pitch,-0.239303,-0.189826,-0.148321,-3.865694
1060,L_knee,-0.561493,-0.460373,-0.433461,-2.207126
1060,L_foot_pitch,1.477061,0.337706,0.323398,0.986399
1060,L_foot_roll,0.396759,0.039676,0.051442,0.169648
1060,R_hip_roll,-1.386113,-0.207917,0.040174,-49.351821
1060,R_hip_yaw,-0.116664,-0.029166,-0.024659,-0.543366
1060,R_hip_pitch,-0.028012,0.122997,0.170420,-4.827420
1060,R_knee,-0.719289,0.140178,0.194888,-6.767435
1060,R_foot_pitch,1.486362,-0.041364,-0.020536,-1.804387
1060,R_foot_roll,-1.352108,-0.135211,-0.040466,-7.635902
1070,L_hip_roll,0.157214,0.023582,-0.021873,9.507647
1070,L_hip_yaw,-0.072292,-0.018073,-0.023599,0.450166
1070,L_hip_pitch,-0.291803,-0.202951,-0.160250,-3.913073
1070,L_knee,-0.615830,-0.473957,-0.443571,-2.397501
1070,L_foot_pitch,1.413425,0.331342,0.327190,-0.137582
1070,L_foot_roll,0.347431,0.034743,0.041819,0.213999
1070,R_hip_roll,-1.359091,-0.203864,0.038797,-47.993215
1070,R_hip_yaw,-0.125228,-0.031307,-0.024715,-0.783391
1070,R_hip_pitch,-0.000159,0.129960,0.162634,-3.212289
1070,R_knee,-0.723129,0.139218,0.186020,-6.140614
1070,R_foot_pitch,1.538635,-0.036137,-0.019729,-1.338643
1070,R_foot_roll,-1.331084,-0.133108,-0.039716,-7.561627
1080,L_hip_roll,0.124566,0.018685,-0.023089,8.684710
1080,L_hip_yaw,-0.059547,-0.014887,-0.021021,0.474423
1080,L_hip_pitch,-0.317346,-0.209337,-0.173440,-2.953539
1080,L_knee,-0.652354,-0.483088,-0.455168,-1.516782
1080,L_foot_pitch,1.488824,0.338882,0.330361,0.502207
1080,L_foot_roll,0.301702,0.030170,0.034993,0.173284
1080,R_hip_roll,-1.429834,-0.214475,0.036824,-49.618461
1080,R_hip_yaw,-0.139363,-0.034841,-0.024841,-1.187826
1080,R_hip_pitch,0.026367,0.136592,0.156656,-1.891997
1080,R_knee,-0.794894,0.121277,0.179947,-9.114555
1080,R_foot_pitch,1.417703,-0.048230,-0.020055,-2.170904
1080,R_foot_roll,-1.403615,-0.140361,-0.038709,-8.241292
1090,L_hip_roll,0.147520,0.022128,-0.024069,9.510990
1090,L_hip_yaw,-0.037288,-0.009322,-0.018176,0.790442
1090,L_hip_pitch,-0.335322,-0.213831,-0.187277,-1.822555
1090,L_knee,-0.693577,-0.493394,-0.466981,-1.433929
1090,L_foot_pitch,1.617470,0.351747,0.332707,1.286632
1090,L_foot_roll,0.169349,0.016935,0.030070,-0.644949
1090,R_hip_roll,-1.322739,-0.198411,0.034494,-45.826796
1090,R_hip_yaw,-0.145843,-0.036461,-0.025026,-1.352711
1090,R_hip_pitch,0.032738,0.138185,0.151788,-1.167373
1090,R_knee,-0.857440,0.105640,0.175449,-11.319684
1090,R_foot_pitch,1.191666,-0.070833,-0.021003,-3.878202
1090,R_foot_roll,-1.405238,-0.140524,-0.037547,-8.364217
1100,L_hip_roll,0.127443,0.019116,-0.024434,8.709052
1100,L_hip_yaw,-0.038631,-0.009658,-0.014839,0.272989
1100,L_hip_pitch,-0.392583,-0.228146,-0.200725,-1.997535
1100,L_knee,-0.735674,-0.503918,-0.477866,-1.699195
1100,L_foot_pitch,1.723620,0.362362,0.338156,1.255268
1100,L_foot_roll,0.032687,0.003269,0.023551,-0.886472
1100,R_hip_roll,-1.324178,-0.198627,0.032107,-45.443990
1100,R_hip_yaw,-0.124562,-0.031141,-0.025283,-0.675512
1100,R_hip_pitch,0.012952,0.133238,0.146671,-1.068883
1100,R_knee,-0.810590,0.117352,0.170611,-8.027207
1100,R_foot_pitch,1.106101,-0.079390,-0.021843,-4.533737
1100,R_foot_roll,-1.396149,-0.139615,-0.036315,-8.392427
1110,L_hip_roll,0.137359,0.020604,-0.024110,8.783263
1110,L_hip_yaw,-0.055098,-0.013775,-0.011871,-0.465528
1110,L_hip_pitch,-0.390171,-0.227543,-0.213703,-0.397571
1110,L_knee,-0.761462,-0.510365,-0.487951,-1.217488
1110,L_foot_pitch,1.662593,0.356259,0.347629,-0.332186
1110,L_foot_roll,-0.076254,-0.007625,0.013214,-0.557032
1110,R_hip_roll,-1.337365,-0.200605,0.029673,-45.294111
1110,R_hip_yaw,-0.145279,-0.036320,-0.025520,-1.277488
1110,R_hip_pitch,0.036335,0.139084,0.142034,0.054022
1110,R_knee,-0.822842,0.114290,0.166798,-8.628045
1110,R_foot_pitch,1.012688,-0.088731,-0.023156,-5.068430
1110,R_foot_roll,-1.372749,-0.137275,-0.034961,-8.329454
1120,L_hip_roll,0.134965,0.020245,-0.023268,8.384822
1120,L_hip_yaw,-0.044881,-0.011220,-0.011487,0.135841
1120,L_hip_pitch,-0.409131,-0.232283,-0.225786,0.359151
1120,L_knee,-0.815321,-0.523830,-0.496155,-2.931377
1120,L_foot_pitch,1.675464,0.357546,0.354427,-0.128812
1120,L_foot_roll,-0.132592,-0.013259,0.000613,0.113731
1120,R_hip_roll,-1.380238,-0.207036,0.026978,-45.954072
1120,R_hip_yaw,-0.161715,-0.040429,-0.025731,-1.743415
1120,R_hip_pitch,0.049053,0.142263,0.138551,0.755819
1120,R_knee,-0.836313,0.110922,0.165311,-9.621035
1120,R_foot_pitch,0.928834,-0.097117,-0.025523,-5.446884
1120,R_foot_roll,-1.368973,-0.136897,-0.033401,-8.444549
1130,L_hip_roll,0.116177,0.017427,-0.021995,7.458284
1130,L_hip_yaw,-0.050261,-0.012565,-0.013021,0.233539
1130,L_hip_pitch,-0.410890,-0.232722,-0.237050,1.604313
1130,L_knee,-0.832869,-0.528217,-0.503162,-2.514561
1130,L_foot_pitch,1.653804,0.355380,0.356077,-0.093283
1130,L_foot_roll,-0.179529,-0.017953,-0.010490,0.334279
1130,R_hip_roll,-1.318277,-0.197742,0.024010,-43.425266
1130,R_hip_yaw,-0.175323,-0.043831,-0.025998,-2.111287
1130,R_hip_pitch,0.107066,0.156766,0.135852,2.759838
1130,R_knee,-0.856532,0.105867,0.165714,-11.090007
1130,R_foot_pitch,0.826875,-0.107313,-0.028805,-5.918717
1130,R_foot_roll,-1.335482,-0.133548,-0.031647,-8.335645
1140,L_hip_roll,0.079624,0.011944,-0.020355,5.920293
1140,L_hip_yaw,-0.052212,-0.013053,-0.015072,0.452661
1140,L_hip_pitch,-0.431720,-0.237930,-0.247384,2.102168
1140,L_knee,-0.843391,-0.530848,-0.509331,-2.247094
1140,L_foot_pitch,1.628959,0.352896,0.355642,-0.130033
1140,L_foot_roll,-0.201007,-0.020101,-0.018099,0.421433
1140,R_hip_roll,-1.307560,-0.196134,0.020852,-42.430474
1140,R_hip_yaw,-0.186901,-0.046725,-0.026300,-2.421953
1140,R_hip_pitch,0.135917,0.163979,0.133639,3.851970
1140,R_knee,-0.854049,0.106488,0.167522,-11.666664
1140,R_foot_pitch,0.736576,-0.116342,-0.032811,-6.257316
1140,R_foot_roll,-1.316162,-0.131616,-0.029739,-8.347926
1150,L_hip_roll,0.027461,0.004119,-0.018514,3.963833
1150,L_hip_yaw,-0.050993,-0.012748,-0.016943,0.661779
1150,L_hip_pitch,-0.440274,-0.240069,-0.256408,2.792661
1150,L_knee,-0.847282,-0.531821,-0.513958,-2.085440
1150,L_foot_pitch,1.575639,0.347564,0.353964,-0.308050
1150,L_foot_roll,-0.224775,-0.022477,-0.022094,0.220462
1150,R_hip_roll,-1.270842,-0.190626,0.017488,-40.582038
1150,R_hip_yaw,-0.194339,-0.048585,-0.026595,-2.610342
1150,R_hip_pitch,0.162641,0.170660,0.131910,4.807612
1150,R_knee,-0.838143,0.110464,0.170671,-11.935529
1150,R_foot_pitch,0.729179,-0.117082,-0.037506,-5.870038
1150,R_foot_roll,-1.284084,-0.128408,-0.027668,-8.274413
1160,L_hip_roll,0.027443,0.004117,-0.016755,3.669378
1160,L_hip_yaw,-0.052444,-0.013111,-0.017821,0.597843
1160,L_hip_pitch,-0.463117,-0.245779,-0.263931,2.855623
1160,L_knee,-0.832162,-0.528041,-0.516655,-1.517473
1160,L_foot_pitch,1.513411,0.341341,0.350689,-0.372004
1160,L_foot_roll,-0.239045,-0.023904,-0.023666,0.069589
1160,R_hip_roll,-1.198299,-0.179745,0.013833,-37.580139
1160,R_hip_yaw,-0.198575,-0.049644,-0.026848,-2.712887
1160,R_hip_pitch,0.179322,0.174831,0.130777,5.381906
1160,R_knee,-0.816412,0.115897,0.175290,-12.233822
1160,R_foot_pitch,0.694563,-0.120544,-0.042921,-5.641299
1160,R_foot_roll,-1.212987,-0.121299,-0.025396,-7.907941
1170,L_hip_roll,-0.023660,-0.003549,-0.015069,1.788981
1170,L_hip_yaw,-0.054051,-0.013513,-0.017690,0.454451
1170,L_hip_pitch,-0.470952,-0.247738,-0.269829,3.167523
1170,L_knee,-0.813413,-0.523353,-0.517067,-1.301568
1170,L_foot_pitch,1.468252,0.336825,0.345620,-0.161969
1170,L_foot_roll,-0.266057,-0.026606,-0.024307,-0.141061
1170,R_hip_roll,-1.128779,-0.169317,0.009969,-34.687643
1170,R_hip_yaw,-0.187262,-0.046815,-0.027046,-2.354139
1170,R_hip_pitch,0.215599,0.183900,0.130228,6.480595
1170,R_knee,-0.811767,0.117058,0.181266,-13.471241
1170,R_foot_pitch,0.662808,-0.123719,-0.049006,-5.347777
1170,R_foot_roll,-1.161944,-0.116194,-0.022938,-7.712188
1180,L_hip_roll,-0.045257,-0.006789,-0.013363,0.796790
1180,L_hip_yaw,-0.050541,-0.012635,-0.016843,0.395057
1180,L_hip_pitch,-0.463668,-0.245917,-0.274075,3.734770
1180,L_knee,-0.782042,-0.515511,-0.515046,-0.962067
1180,L_foot_pitch,1.357923,0.325792,0.339713,-0.549557
1180,L_foot_roll,-0.282669,-0.028267,-0.025166,-0.145069
1180,R_hip_roll,-1.029455,-0.154418,0.006046,-30.920399
1180,R_hip_yaw,-0.204457,-0.051114,-0.027151,-2.869580
1180,R_hip_pitch,0.252358,0.193089,0.130098,7.565727
1180,R_knee,-0.794399,0.121400,0.188121,-14.107650
1180,R_foot_pitch,0.616652,-0.128335,-0.055515,-5.167584
1180,R_foot_roll,-1.078581,-0.107858,-0.020339,-7.266453
1190,L_hip_roll,-0.119396,-0.017909,-0.011592,-1.816884
1190,L_hip_yaw,-0.048328,-0.012082,-0.015390,0.230469
1190,L_hip_pitch,-0.470796,-0.247699,-0.276647,3.665782
1190,L_knee,-0.740795,-0.505199,-0.510370,-0.752298
1190,L_foot_pitch,1.250154,0.315015,0.332385,-0.624022
1190,L_foot_roll,-0.281829,-0.028183,-0.026528,0.010078
1190,R_hip_roll,-0.985259,-0.147789,0.002214,-28.882308
1190,R_hip_yaw,-0.202979,-0.050745,-0.027170,-2.828285
1190,R_hip_pitch,0.262087,0.195522,0.130297,7.800521
1190,R_knee,-0.745637,0.133591,0.195519,-13.389886
1190,R_foot_pitch,0.574152,-0.132585,-0.062281,-4.943863
1190,R_foot_roll,-1.002676,-0.100268,-0.017625,-6.885847
1200,L_hip_roll,-0.119602,-0.017940,-0.009976,-2.042141
1200,L_hip_yaw,-0.042270,-0.010567,-0.013311,0.100753
1200,L_hip_pitch,-0.487747,-0.251937,-0.277671,3.138753
1200,L_knee,-0.683971,-0.490993,-0.503045,-0.255280
1200,L_foot_pitch,1.145185,0.304519,0.322967,-0.517217
1200,L_foot_roll,-0.268059,-0.026806,-0.027494,0.115785
1200,R_hip_roll,-0.900739,-0.135111,-0.001556,-25.587732
1200,R_hip_yaw,-0.198814,-0.049704,-0.027134,-2.711747
1200,R_hip_pitch,0.260690,0.195172,0.131220,7.548702
1200,R_knee,-0.695623,0.146094,0.204008,-13.113481
1200,R_foot_pitch,0.583058,-0.131694,-0.069530,-4.227950
1200,R_foot_roll,-0.884632,-0.088463,-0.014779,-6.184527
1210,L_hip_roll,-0.191778,-0.028767,-0.008562,-4.468283
1210,L_hip_yaw,-0.032659,-0.008165,-0.010819,0.065758
1210,L_hip_pitch,-0.483031,-0.250758,-0.277365,3.123255
1210,L_knee,-0.612821,-0.473205,-0.493265,0.493815
1210,L_foot_pitch,1.038387,0.293839,0.312098,-0.402293
1210,L_foot_roll,-0.239065,-0.023906,-0.027438,0.238170
1210,R_hip_roll,-0.795155,-0.119273,-0.005210,-21.759854
1210,R_hip_yaw,-0.190040,-0.047510,-0.027069,-2.457525
1210,R_hip_pitch,0.261545,0.195386,0.133110,7.253783
1210,R_knee,-0.643641,0.159090,0.213860,-12.921296
1210,R_foot_pitch,0.606143,-0.129386,-0.077346,-3.367090
1210,R_foot_roll,-0.743228,-0.074323,-0.011784,-5.304530
1220,L_hip_roll,-0.270133,-0.040520,-0.007342,-6.982620
1220,L_hip_yaw,-0.026014,-0.006503,-0.007727,-0.187145
1220,L_hip_pitch,-0.485747,-0.251437,-0.275642,2.686323
1220,L_knee,-0.501280,-0.445320,-0.480752,2.402368
1220,L_foot_pitch,0.896730,0.279673,0.300602,-0.586310
1220,L_foot_roll,-0.174260,-0.017426,-0.025820,0.456958
1220,R_hip_roll,-0.655175,-0.098276,-0.008601,-16.971553
1220,R_hip_yaw,-0.179742,-0.044935,-0.026963,-2.166596
1220,R_hip_pitch,0.242344,0.190586,0.135846,6.271510
1220,R_knee,-0.578957,0.175261,0.224838,-12.294511
1220,R_foot_pitch,0.645861,-0.125414,-0.085618,-2.345891
1220,R_foot_roll,-0.577417,-0.057742,-0.008661,-4.239430
1230,L_hip_roll,-0.336863,-0.050529,-0.006457,-9.053942
1230,L_hip_yaw,-0.012909,-0.003227,-0.003938,-0.306320
1230,L_hip_pitch,-0.496683,-0.254171,-0.271911,1.687272
1230,L_knee,-0.360008,-0.410002,-0.464094,4.335992
1230,L_foot_pitch,0.732847,0.263285,0.287974,-0.740244
1230,L_foot_roll,-0.073929,-0.007393,-0.021746,0.667373
1230,R_hip_roll,-0.501658,-0.075249,-0.011649,-11.876210
1230,R_hip_yaw,-0.161932,-0.040483,-0.026793,-1.658340
1230,R_hip_pitch,0.206456,0.181614,0.139201,4.740274
1230,R_knee,-0.494877,0.196281,0.236668,-10.858887
1230,R_foot_pitch,0.720527,-0.117947,-0.094249,-1.026347
1230,R_foot_roll,-0.355787,-0.035579,-0.005428,-2.734457
1240,L_hip_roll,-0.427120,-0.064068,-0.005983,-11.657697
1240,L_hip_yaw,-0.000491,-0.000123,0.000548,-0.537851
1240,L_hip_pitch,-0.493356,-0.253339,-0.265625,0.775049
1240,L_knee,-0.177785,-0.364446,-0.441709,6.726020
1240,L_foot_pitch,0.549406,0.244941,0.273237,-0.812117
1240,L_foot_roll,0.049180,0.004918,-0.014401,0.730583
1240,R_hip_roll,-0.294440,-0.044166,-0.014251,-5.215374
1240,R_hip_yaw,-0.137568,-0.034392,-0.026526,-0.982482
1240,R_hip_pitch,0.164156,0.171039,0.142981,3.049976
1240,R_knee,-0.400222,0.219944,0.249112,-8.676828
1240,R_foot_pitch,0.858355,-0.104164,-0.103423,1.067719
1240,R_foot_roll,-0.079291,-0.007929,-0.002180,-0.691019
1250,L_hip_roll,-0.450142,-0.067521,-0.005825,-12.382449
1250,L_hip_yaw,0.007558,0.001890,0.005803,-1.010704
1250,L_hip_pitch,-0.440256,-0.240064,-0.256241,0.919050
1250,L_knee,0.044017,-0.308996,-0.411944,8.975923
1250,L_foot_pitch,0.355724,0.225572,0.255873,-0.716347
1250,L_foot_roll,0.223237,0.022324,-0.003707,0.966589
1250,R_hip_roll,-0.022584,-0.003388,-0.016120,2.979581
1250,R_hip_yaw,-0.129448,-0.032362,-0.026124,-0.789968
1250,R_hip_pitch,0.124908,0.161227,0.147345,1.211141
1250,R_knee,-0.296642,0.245839,0.262441,-7.046992
1250,R_foot_pitch,1.021414,-0.087859,-0.112568,2.900738
1250,R_foot_roll,0.267855,0.026786,0.001063,1.702118
1260,L_hip_roll,-0.477290,-0.071594,-0.005565,-13.394039
1260,L_hip_yaw,0.013935,0.003484,0.010951,-1.374464
1260,L_hip_pitch,-0.255499,-0.193875,-0.242879,4.435738
1260,L_knee,0.300889,-0.244778,-0.372892,10.589659
1260,L_foot_pitch,0.208029,0.210803,0.236207,-0.142820
1260,L_foot_roll,0.512741,0.051274,0.010506,1.799634
1260,R_hip_roll,0.321828,0.048274,-0.016862,13.044381
1260,R_hip_yaw,-0.143049,-0.035762,-0.025509,-1.296472
1260,R_hip_pitch,0.067940,0.146985,0.151849,-1.053033
1260,R_knee,-0.178068,0.275483,0.276187,-4.330797
1260,R_foot_pitch,1.154154,-0.074585,-0.122087,4.715792
1260,R_foot_roll,0.679134,0.067913,0.004196,4.674069
1270,L_hip_roll,-0.337888,-0.050683,-0.005010,-9.258231
1270,L_hip_yaw,-0.004676,-0.001169,0.013158,-1.789464
1270,L_hip_pitch,-0.192399,-0.178100,-0.227546,4.467605
1270,L_knee,0.527413,-0.188147,-0.336971,18.205977
1270,L_foot_pitch,0.311032,0.221103,0.186339,9.652173
1270,L_foot_roll,0.760855,0.076085,0.014895,5.333454
1270,R_hip_roll,0.464135,0.069620,-0.016865,17.378111
1270,R_hip_yaw,-0.115222,-0.028805,-0.024799,-0.540975
1270,R_hip_pitch,0.329586,0.212396,0.155223,6.653454
1270,R_knee,-0.184951,0.273762,0.289265,-6.313795
1270,R_foot_pitch,0.775451,-0.112455,-0.131622,2.453703
1270,R_foot_roll,0.845884,0.084588,0.007245,5.876050
1280,L_hip_roll,0.429575,0.064436,-0.004845,13.845116
1280,L_hip_yaw,-0.093174,-0.023293,0.014120,-4.600576
1280,L_hip_pitch,-0.343784,-0.215946,-0.210938,-2.290406
1280,L_knee,0.634583,-0.161354,-0.305717,16.739585
1280,L_foot_pitch,0.395452,0.229545,0.119089,14.450000
1280,L_foot_roll,0.786246,0.078625,0.011022,5.851767
1280,R_hip_roll,0.579753,0.086963,-0.017469,21.133240
1280,R_hip_yaw,-0.096805,-0.024201,-0.023839,-0.153911
1280,R_hip_pitch,0.351677,0.217919,0.157421,7.048969
1280,R_knee,0.080296,0.340074,0.301254,3.484942
1280,R_foot_pitch,-0.012935,-0.191294,-0.140821,-3.135679
1280,R_foot_roll,0.686332,0.068633,0.012076,3.967849
1290,L_hip_roll,0.923350,0.138502,-0.004668,29.979519
1290,L_hip_yaw,-0.042153,-0.010538,0.014550,-2.879227
1290,L_hip_pitch,-0.011499,-0.132875,-0.199779,8.001507
1290,L_knee,0.588309,-0.172923,-0.286188,20.586740
1290,L_foot_pitch,0.280189,0.218019,0.084957,10.474781
1290,L_foot_roll,0.820241,0.082024,-0.002884,6.206997
1290,R_hip_roll,0.555214,0.083282,-0.018701,21.637447
1290,R_hip_yaw,-0.078904,-0.019726,-0.023073,0.566734
1290,R_hip_pitch,0.396522,0.229130,0.163595,7.019835
1290,R_knee,0.387392,0.416848,0.318528,12.126153
1290,R_foot_pitch,-0.688986,-0.258899,-0.154275,-6.712461
1290,R_foot_roll,0.335319,0.033532,0.023324,-0.989181
1300,L_hip_roll,0.804330,0.120649,-0.008692,26.937975
1300,L_hip_yaw,-0.059901,-0.014975,0.013883,-3.433968
1300,L_hip_pitch,-0.058897,-0.144724,-0.198186,6.151657
1300,L_knee,0.462480,-0.204380,-0.284751,13.636731
1300,L_foot_pitch,-0.061940,0.183806,0.086161,7.663460
1300,L_foot_roll,0.474381,0.047438,0.002420,3.148398
1300,R_hip_roll,0.110529,0.016579,-0.021082,7.814542
1300,R_hip_yaw,-0.027504,-0.006876,-0.025935,2.602808
1300,R_hip_pitch,0.359480,0.219870,0.176595,3.696574
1300,R_knee,0.390927,0.417732,0.348780,1.766230
1300,R_foot_pitch,-1.121752,-0.302175,-0.191848,-4.180904
1300,R_foot_roll,-0.087552,-0.008755,0.034170,-3.989466
1310,L_hip_roll,0.824820,0.123723,-0.012065,28.105786
1310,L_hip_yaw,0.029804,0.007451,0.013583,-0.696657
1310,L_hip_pitch,-0.042964,-0.140741,-0.194986,6.132192
1310,L_knee,0.478484,-0.200379,-0.281760,13.680755
1310,L_foot_pitch,0.046635,0.194664,0.087725,8.396633
1310,L_foot_roll,0.442552,0.044255,0.006064,2.727036
1310,R_hip_roll,0.119391,0.017909,-0.021379,7.786244
1310,R_hip_yaw,-0.006674,-0.001669,-0.024412,2.239112
1310,R_hip_pitch,0.467480,0.246870,0.190799,5.462305
1310,R_knee,0.457211,0.434303,0.383854,-0.631121
1310,R_foot_pitch,-1.338771,-0.323877,-0.246513,-0.724000
1310,R_foot_roll,-0.081241,-0.008124,0.024503,-0.830303
1320,L_hip_roll,0.899441,0.134916,-0.014910,30.754854
1320,L_hip_yaw,0.006019,0.001505,0.013557,-1.462152
1320,L_hip_pitch,0.024051,-0.123987,-0.190732,7.551089
1320,L_knee,0.452996,-0.206751,-0.278290,11.830204
1320,L_foot_pitch,0.017768,0.191777,0.089407,8.013936
1320,L_foot_roll,0.600265,0.060027,0.008680,3.825149
1320,R_hip_roll,0.141760,0.021264,-0.020555,7.974090
1320,R_hip_yaw,-0.028008,-0.007002,-0.015786,-0.015756
1320,R_hip_pitch,0.482779,0.250695,0.202674,4.700976
1320,R_knee,0.512722,0.448180,0.413927,-1.835654
1320,R_foot_pitch,-1.387822,-0.328782,-0.297120,1.814650
1320,R_foot_roll,-0.064295,-0.006429,0.005052,0.935708
1330,L_hip_roll,0.884072,0.132611,-0.017020,30.351433
1330,L_hip_yaw,-0.025535,-0.006384,0.013799,-2.450613
1330,L_hip_pitch,0.087837,-0.108041,-0.185652,8.738482
1330,L_knee,0.468244,-0.202939,-0.274903,11.861281
1330,L_foot_pitch,-0.150454,0.174955,0.091427,6.448219
1330,L_foot_roll,0.700613,0.070061,0.010744,4.815566
1330,R_hip_roll,-0.004670,-0.000701,-0.018362,2.616798
1330,R_hip_yaw,-0.024630,-0.006158,-0.006306,-0.786329
1330,R_hip_pitch,0.551046,0.267761,0.211791,5.960869
1330,R_knee,0.548211,0.457053,0.436978,-2.208730
1330,R_foot_pitch,-1.532617,-0.343262,-0.329412,1.136426
1330,R_foot_roll,-0.153292,-0.015329,-0.009016,0.498767
1340,L_hip_roll,1.060726,0.159109,-0.018811,36.039479
1340,L_hip_yaw,-0.037102,-0.009276,0.014027,-2.817276
1340,L_hip_pitch,0.028570,-0.122857,-0.179219,6.019090
1340,L_knee,0.496799,-0.195800,-0.270844,12.001062
1340,L_foot_pitch,-0.254099,0.164590,0.093394,5.498008
1340,L_foot_roll,0.753395,0.075340,0.012728,5.056587
1340,R_hip_roll,0.039240,0.005886,-0.015279,3.221758
1340,R_hip_yaw,-0.011664,-0.002916,-0.000584,-0.661617
1340,R_hip_pitch,0.647456,0.291864,0.218141,8.331704
1340,R_knee,0.578933,0.464733,0.453558,-2.151818
1340,R_foot_pitch,-1.720747,-0.362075,-0.344783,-0.422315
1340,R_foot_roll,-0.159670,-0.015967,-0.016584,0.587438
1350,L_hip_roll,1.094699,0.164205,-0.020290,37.173478
1350,L_hip_yaw,-0.074244,-0.018561,0.014185,-3.943477
1350,L_hip_pitch,0.073169,-0.111708,-0.172220,6.551866
1350,L_knee,0.495064,-0.196234,-0.266298,11.175875
1350,L_foot_pitch,-0.154359,0.174564,0.095209,6.147464
1350,L_foot_roll,0.881651,0.088165,0.014453,5.988382
1350,R_hip_roll,-0.029294,-0.004394,-0.011454,0.086099
1350,R_hip_yaw,0.000103,0.000026,0.001546,-0.276685
1350,R_hip_pitch,0.655761,0.293940,0.223354,7.966215
1350,R_knee,0.683064,0.490766,0.466039,1.199476
1350,R_foot_pitch,-1.914175,-0.381417,-0.352861,-1.740483
1350,R_foot_roll,-0.153199,-0.015320,-0.019731,0.507305
1360,L_hip_roll,1.171763,0.175764,-0.021378,39.738580
1360,L_hip_yaw,-0.082591,-0.020648,0.014271,-4.191603
1360,L_hip_pitch,0.140782,-0.094804,-0.165691,7.881121
1360,L_knee,0.468309,-0.202923,-0.262266,9.590980
1360,L_foot_pitch,-0.248223,0.165178,0.097201,5.234313
1360,L_foot_roll,0.933497,0.093350,0.016058,5.972745
1360,R_hip_roll,-0.030491,-0.004574,-0.006976,-0.902580
1360,R_hip_yaw,0.006712,0.001678,0.001826,-0.006128
1360,R_hip_pitch,0.732039,0.313010,0.229491,9.362210
1360,R_knee,0.753392,0.508348,0.478217,1.695694
1360,R_foot_pitch,-2.155239,-0.405524,-0.355868,-3.821737
1360,R_foot_roll,-0.179253,-0.017925,-0.019446,-0.015801
1370,L_hip_roll,1.176628,0.176494,-0.022124,39.920935
1370,L_hip_yaw,-0.081449,-0.020362,0.014333,-4.167686
1370,L_hip_pitch,0.087951,-0.108012,-0.159842,5.676820
1370,L_knee,0.484237,-0.198941,-0.259149,10.096419
1370,L_foot_pitch,-0.172684,0.172732,0.099556,5.601042
1370,L_foot_roll,0.992060,0.099206,0.017187,6.387534
1370,R_hip_roll,-0.088582,-0.013287,-0.002109,-3.734947
1370,R_hip_yaw,0.027753,0.006938,0.001714,0.630813
1370,R_hip_pitch,0.763708,0.320927,0.237585,9.125996
1370,R_knee,0.817911,0.524478,0.492778,1.164099
1370,R_foot_pitch,-2.315208,-0.421521,-0.356686,-5.148255
1370,R_foot_roll,-0.169100,-0.016910,-0.018310,0.019057
1380,L_hip_roll,1.242162,0.186324,-0.022636,41.943038
1380,L_hip_yaw,-0.071267,-0.017817,0.014355,-3.856900
1380,L_hip_pitch,0.114394,-0.101401,-0.155097,6.025958
1380,L_knee,0.502040,-0.194490,-0.257404,11.015899
1380,L_foot_pitch,0.000968,0.190097,0.102409,6.712948
1380,L_foot_roll,1.118405,0.111841,0.018222,7.331414
1380,R_hip_roll,-0.101976,-0.015296,0.002796,-5.051461
1380,R_hip_yaw,0.014981,0.003745,0.003142,-0.170390
1380,R_hip_pitch,0.827681,0.336920,0.247683,9.647830
1380,R_knee,0.931579,0.552895,0.509399,2.836760
1380,R_foot_pitch,-2.443381,-0.434338,-0.356991,-6.163979
1380,R_foot_roll,-0.102000,-0.010200,-0.017134,0.431391
1390,L_hip_roll,1.329558,0.199434,-0.023074,44.582041
1390,L_hip_yaw,-0.042142,-0.010535,0.014381,-2.991504
1390,L_hip_pitch,0.111404,-0.102149,-0.151356,5.544725
1390,L_knee,0.522503,-0.189374,-0.256747,11.967916
1390,L_foot_pitch,0.015898,0.191590,0.105677,6.517036
1390,L_foot_roll,1.222185,0.122219,0.018991,8.331362
1390,R_hip_roll,-0.122897,-0.018435,0.007369,-6.500175
1390,R_hip_yaw,0.009479,0.002370,0.005473,-0.593511
1390,R_hip_pitch,0.860725,0.345181,0.260185,8.872509
1390,R_knee,1.029243,0.577311,0.528897,2.627975
1390,R_foot_pitch,-2.625892,-0.452589,-0.357351,-7.578740
1390,R_foot_roll,-0.096737,-0.009674,-0.014215,-0.001667
1400,L_hip_roll,1.425831,0.213875,-0.023520,47.561105
1400,L_hip_yaw,-0.061699,-0.015425,0.014495,-3.602931
1400,L_hip_pitch,0.103089,-0.104228,-0.148024,4.906747
1400,L_knee,0.521498,-0.189625,-0.256441,11.875780
1400,L_foot_pitch,-0.126754,0.177325,0.109030,5.107020
1400,L_foot_roll,1.340743,0.134074,0.019726,9.217774
1400,R_hip_roll,-0.089758,-0.013464,0.011530,-6.213866
1400,R_hip_yaw,0.034521,0.008630,0.007017,0.081176
1400,R_hip_pitch,0.865928,0.346482,0.274841,7.097890
1400,R_knee,1.111940,0.597985,0.551225,1.683147
1400,R_foot_pitch,-2.771167,-0.467117,-0.357986,-8.657559
1400,R_foot_roll,-0.118413,-0.011841,-0.010596,-0.424662
1410,L_hip_roll,1.385829,0.207874,-0.023709,46.242784
1410,L_hip_yaw,-0.040361,-0.010090,0.014547,-2.951895
1410,L_hip_pitch,0.093136,-0.106716,-0.144624,4.175569
1410,L_knee,0.564051,-0.178987,-0.256108,13.689408
1410,L_foot_pitch,-0.100707,0.179929,0.112359,5.052857
1410,L_foot_roll,1.421132,0.142113,0.020143,9.932423
1410,R_hip_roll,-0.059832,-0.008975,0.015474,-6.090803
1410,R_hip_yaw,0.049954,0.012488,0.008829,0.203947
1410,R_hip_pitch,0.959372,0.369843,0.290162,8.069555
1410,R_knee,1.178046,0.614511,0.573971,0.781507
1410,R_foot_pitch,-2.840471,-0.474047,-0.358903,-9.113413
1410,R_foot_roll,-0.055532,-0.005553,-0.008743,0.169028
1420,L_hip_roll,1.393700,0.209055,-0.023657,46.528252
1420,L_hip_yaw,-0.007001,-0.001750,0.014533,-1.950909
1420,L_hip_pitch,0.038069,-0.120483,-0.140736,2.013371
1420,L_knee,0.599556,-0.170111,-0.255017,14.809239
1420,L_foot_pitch,0.072904,0.197290,0.115389,6.292135
1420,L_foot_roll,1.501973,0.150197,0.020518,10.245351
1420,R_hip_roll,-0.034545,-0.005182,0.019080,-5.866920
1420,R_hip_yaw,0.044735,0.011184,0.012136,-0.501194
1420,R_hip_pitch,0.958744,0.369686,0.305450,6.209327
1420,R_knee,1.245545,0.631386,0.595551,0.356548
1420,R_foot_pitch,-2.898057,-0.479806,-0.359935,-9.488391
1420,R_foot_roll,-0.030836,-0.003084,-0.006927,0.087484
1430,L_hip_roll,1.475375,0.221306,-0.023378,48.831338
1430,L_hip_yaw,0.028824,0.007206,0.014500,-0.868431
1430,L_hip_pitch,0.030892,-0.122277,-0.136256,1.212170
1430,L_knee,0.586181,-0.173455,-0.252919,13.602296
1430,L_foot_pitch,0.080301,0.198030,0.118023,6.168888
1430,L_foot_roll,1.580383,0.158038,0.020775,10.874271
1430,R_hip_roll,-0.110000,-0.016500,0.022381,-8.743805
1430,R_hip_yaw,0.057842,0.014460,0.015770,-0.485355
1430,R_hip_pitch,0.979145,0.374786,0.320282,5.118181
1430,R_knee,1.283270,0.640818,0.614890,-0.617517
1430,R_foot_pitch,-2.927192,-0.482719,-0.360942,-9.646166
1430,R_foot_roll,-0.036444,-0.003644,-0.004329,-0.204301
1440,L_hip_roll,1.470178,0.220527,-0.022693,48.408773
1440,L_hip_yaw,0.054410,0.013603,0.014451,-0.095908
1440,L_hip_pitch,-0.014716,-0.133679,-0.131610,-0.705333
1440,L_knee,0.600347,-0.169913,-0.250735,13.961069
1440,L_foot_pitch,0.028624,0.192862,0.120783,5.518286
1440,L_foot_roll,1.639879,0.163988,0.020630,11.367772
1440,R_hip_roll,-0.151778,-0.022767,0.025447,-10.514082
1440,R_hip_yaw,0.055102,0.013776,0.019417,-1.049506
1440,R_hip_pitch,0.999381,0.379845,0.333881,4.239699
1440,R_knee,1.337137,0.654284,0.630589,0.205811
1440,R_foot_pitch,-2.978218,-0.487822,-0.361842,-9.995420
1440,R_foot_roll,-0.030073,-0.003007,-0.002171,-0.235868
1450,L_hip_roll,1.501083,0.225162,-0.021721,49.090376
1450,L_hip_yaw,0.085083,0.021271,0.014390,0.833743
1450,L_hip_pitch,-0.046702,-0.141676,-0.127219,-2.154551
1450,L_knee,0.630506,-0.162374,-0.248999,15.137687
1450,L_foot_pitch,0.050501,0.195050,0.123761,5.450626
1450,L_foot_roll,1.650530,0.165053,0.020398,11.459316
1450,R_hip_roll,-0.119610,-0.017942,0.027998,-9.860823
1450,R_hip_yaw,0.049025,0.012256,0.022821,-1.568501
1450,R_hip_pitch,0.981805,0.375451,0.346369,2.292898
1450,R_knee,1.367261,0.661815,0.642885,0.181019
1450,R_foot_pitch,-2.961583,-0.486158,-0.362644,-9.805746
1450,R_foot_roll,0.008133,0.000813,-0.000856,0.036930
1460,L_hip_roll,1.409915,0.211487,-0.020490,46.020236
1460,L_hip_yaw,0.101990,0.025498,0.014308,1.351435
1460,L_hip_pitch,-0.065120,-0.146280,-0.122919,-3.231215
1460,L_knee,0.650458,-0.157385,-0.247435,15.755459
1460,L_foot_pitch,0.029725,0.192972,0.126840,5.036786
1460,L_foot_roll,1.602724,0.160272,0.019990,11.114406
1460,R_hip_roll,-0.128883,-0.019332,0.030050,-10.433376
1460,R_hip_yaw,0.047065,0.011766,0.024826,-1.685405
1460,R_hip_pitch,0.971232,0.372808,0.357579,0.785898
1460,R_knee,1.376165,0.664041,0.651863,0.021341
1460,R_foot_pitch,-2.934062,-0.483406,-0.363298,-9.551456
1460,R_foot_roll,0.023263,0.002326,0.000650,-0.036026
1470,L_hip_roll,1.341918,0.201288,-0.019126,43.641074
1470,L_hip_yaw,0.113113,0.028278,0.014205,1.699339
1470,L_hip_pitch,-0.092904,-0.153226,-0.118241,-4.698641
1470,L_knee,0.653768,-0.156558,-0.245486,15.303699
1470,L_foot_pitch,-0.037089,0.186291,0.129897,4.212319
1470,L_foot_roll,1.513643,0.151364,0.019291,10.726993
1470,R_hip_roll,-0.065306,-0.009796,0.031506,-8.610480
1470,R_hip_yaw,0.047487,0.011872,0.025117,-1.554824
1470,R_hip_pitch,0.964217,0.371054,0.366927,-0.347764
1470,R_knee,1.381328,0.665332,0.657007,0.475730
1470,R_foot_pitch,-2.853326,-0.475333,-0.363751,-8.889647
1470,R_foot_roll,0.061253,0.006125,0.002629,0.083809
1480,L_hip_roll,1.296731,0.194510,-0.017782,42.058619
1480,L_hip_yaw,0.124974,0.031243,0.014065,2.079147
1480,L_hip_pitch,-0.091801,-0.152950,-0.113341,-5.235709
1480,L_knee,0.659032,-0.155242,-0.243353,15.285823
1480,L_foot_pitch,-0.104234,0.179577,0.132815,3.409943
1480,L_foot_roll,1.449464,0.144946,0.018911,10.126472
1480,R_hip_roll,-0.024071,-0.003611,0.032310,-7.343467
1480,R_hip_yaw,0.042005,0.010501,0.023935,-1.440470
1480,R_hip_pitch,0.967891,0.371973,0.374376,-0.955177
1480,R_knee,1.379280,0.664820,0.658557,1.086469
1480,R_foot_pitch,-2.769625,-0.466962,-0.363949,-8.231318
1480,R_foot_roll,0.083183,0.008318,0.005146,-0.007972
1490,L_hip_roll,1.239135,0.185870,-0.016393,39.984450
1490,L_hip_yaw,0.126481,0.031620,0.013919,2.135823
1490,L_hip_pitch,-0.097605,-0.154401,-0.108414,-6.023411
1490,L_knee,0.649480,-0.157630,-0.241298,14.405676
1490,L_foot_pitch,-0.224375,0.167563,0.135876,2.208011
1490,L_foot_roll,1.353980,0.135398,0.018222,9.589035
1490,R_hip_roll,-0.022243,-0.003337,0.032634,-7.249653
1490,R_hip_yaw,0.049304,0.012326,0.021504,-0.821378
1490,R_hip_pitch,0.966400,0.371600,0.380216,-1.556877
1490,R_knee,1.335329,0.653832,0.657321,0.021599
1490,R_foot_pitch,-2.696840,-0.459684,-0.363879,-7.680417
1490,R_foot_roll,0.066182,0.006618,0.007835,-0.345367
1500,L_hip_roll,1.166168,0.174925,-0.014959,37.587001
1500,L_hip_yaw,0.133736,0.033434,0.013785,2.370678
1500,L_hip_pitch,-0.078700,-0.149675,-0.103586,-5.990521
1500,L_knee,0.641888,-0.159528,-0.239459,13.936109
1500,L_foot_pitch,-0.334277,0.156572,0.139077,1.092086
1500,L_foot_roll,1.217490,0.121749,0.017174,8.337697
1500,R_hip_roll,-0.007919,-0.001188,0.032427,-6.557716
1500,R_hip_yaw,0.047876,0.011969,0.019038,-0.638842
1500,R_hip_pitch,0.949372,0.367343,0.384288,-2.364809
1500,R_knee,1.285897,0.641474,0.652942,-0.340713
1500,R_foot_pitch,-2.610270,-0.451027,-0.363580,-7.031962
1500,R_foot_roll,0.044262,0.004426,0.009333,-0.473012
1510,L_hip_roll,1.078824,0.161824,-0.013657,34.752115
1510,L_hip_yaw,0.136700,0.034175,0.013633,2.481991
1510,L_hip_pitch,-0.052442,-0.143110,-0.098899,-5.758835
1510,L_knee,0.623974,-0.164006,-0.237957,12.967497
1510,L_foot_pitch,-0.471071,0.142893,0.142433,-0.351876
1510,L_foot_roll,1.079664,0.107966,0.016549,7.350655
1510,R_hip_roll,0.028449,0.004267,0.031500,-5.048426
1510,R_hip_yaw,0.047352,0.011838,0.017451,-0.555068
1510,R_hip_pitch,0.944821,0.366205,0.386184,-2.501351
1510,R_knee,1.222699,0.625675,0.644693,-0.532452
1510,R_foot_pitch,-2.490738,-0.439074,-0.363097,-6.130941
1510,R_foot_roll,0.026761,0.002676,0.008875,-0.379003
1520,L_hip_roll,0.956346,0.143452,-0.012449,30.812970
1520,L_hip_yaw,0.134845,0.033711,0.013474,2.441920
1520,L_hip_pitch,0.014396,-0.126401,-0.094182,-4.340001
1520,L_knee,0.591985,-0.172004,-0.236612,11.227360
1520,L_foot_pitch,-0.653198,0.124680,0.146115,-2.095079
1520,L_foot_roll,0.891984,0.089198,0.015177,6.168519
1520,R_hip_roll,0.056374,0.008456,0.029912,-3.738991
1520,R_hip_yaw,0.050494,0.012624,0.016613,-0.418814
1520,R_hip_pitch,0.942707,0.365677,0.385842,-2.312499
1520,R_knee,1.114410,0.598603,0.632644,-2.180435
1520,R_foot_pitch,-2.348195,-0.424819,-0.362428,-5.062872
1520,R_foot_roll,-0.014288,-0.001429,0.006842,-0.424329
1530,L_hip_roll,0.836181,0.125427,-0.011581,27.199058
1530,L_hip_yaw,0.132536,0.033134,0.013304,2.396354
1530,L_hip_pitch,0.071178,-0.112206,-0.089340,-3.231044
1530,L_knee,0.559943,-0.180014,-0.235396,9.638093
1530,L_foot_pitch,-0.843887,0.105611,0.149963,-3.961939
1530,L_foot_roll,0.675070,0.067507,0.014267,4.360486
1530,R_hip_roll,0.134294,0.020144,0.027646,-0.722470
1530,R_hip_yaw,0.049916,0.012479,0.016249,-0.429167
1530,R_hip_pitch,0.938132,0.364533,0.382887,-1.812460
1530,R_knee,0.978788,0.564697,0.616048,-3.799443
1530,R_foot_pitch,-2.155247,-0.405525,-0.361543,-3.612206
1530,R_foot_roll,-0.067697,-0.006770,0.003483,-0.454826
1540,L_hip_roll,0.620002,0.093000,-0.010932,20.724593
1540,L_hip_yaw,0.118908,0.029727,0.013144,2.004610
1540,L_hip_pitch,0.141817,-0.094546,-0.084113,-1.749233
1540,L_knee,0.527680,-0.188080,-0.234003,7.988084
1540,L_foot_pitch,-1.072732,0.082727,0.153842,-6.016844
1540,L_foot_roll,0.424031,0.042403,0.012952,2.259135
1540,R_hip_roll,0.206367,0.030955,0.025055,2.028451
1540,R_hip_yaw,0.051026,0.012757,0.015671,-0.253172
1540,R_hip_pitch,0.904078,0.356020,0.376818,-1.787661
1540,R_knee,0.811453,0.522863,0.593683,-5.482015
1540,R_foot_pitch,-1.898736,-0.379874,-0.360384,-1.682077
1540,R_foot_roll,-0.169240,-0.016924,-0.001420,-0.724298
1550,L_hip_roll,0.350077,0.052511,-0.010792,12.702729
1550,L_hip_yaw,0.103139,0.025785,0.012935,1.562230
1550,L_hip_pitch,0.257949,-0.065513,-0.078472,0.975688
1550,L_knee,0.474127,-0.201468,-0.232598,5.184825
1550,L_foot_pitch,-1.362912,0.053709,0.157954,-8.778268
1550,L_foot_roll,0.134283,0.013428,0.011768,0.294238
1550,R_hip_roll,0.360604,0.054091,0.022263,7.242195
1550,R_hip_yaw,0.045753,0.011438,0.014024,-0.090898
1550,R_hip_pitch,0.860242,0.345060,0.367064,-1.550383
1550,R_knee,0.587359,0.466840,0.564282,-8.095763
1550,R_foot_pitch,-1.581294,-0.348129,-0.358863,0.697722
1550,R_foot_roll,-0.323580,-0.032358,-0.008829,-1.080077
1560,L_hip_roll,-0.037317,-0.005598,-0.011252,1.373680
1560,L_hip_yaw,0.086403,0.021601,0.012675,1.095403
1560,L_hip_pitch,0.362280,-0.039430,-0.071784,3.188530
1560,L_knee,0.409724,-0.217569,-0.230522,1.725653
1560,L_foot_pitch,-1.656633,0.024337,0.161974,-11.443909
1560,L_foot_roll,-0.200109,-0.020011,0.010641,-2.278513
1560,R_hip_roll,0.534200,0.080130,0.019685,12.845553
1560,R_hip_yaw,0.035112,0.008778,0.010240,0.310651
1560,R_hip_pitch,0.784046,0.326011,0.352675,-1.614982
1560,R_knee,0.300527,0.395132,0.525833,-11.177299
1560,R_foot_pitch,-1.204273,-0.310427,-0.353674,2.809243
1560,R_foot_roll,-0.581757,-0.058176,-0.020471,-1.754224
1570,L_hip_roll,-0.514895,-0.077234,-0.012523,-12.408014
1570,L_hip_yaw,0.083065,0.020766,0.012314,1.048840
1570,L_hip_pitch,0.426186,-0.023453,-0.063916,4.047459
1570,L_knee,0.321758,-0.239560,-0.228020,-2.762458
1570,L_foot_pitch,-1.864509,0.003549,0.166120,-13.450596
1570,L_foot_roll,-0.513054,-0.051305,0.009447,-4.700193
1570,R_hip_roll,0.698309,0.104746,0.017715,17.958974
1570,R_hip_yaw,0.035494,0.008873,0.003222,1.506479
1570,R_hip_pitch,0.612694,0.283173,0.332473,-3.727465
1570,R_knee,-0.040900,0.309775,0.475400,-13.652335
1570,R_foot_pitch,-0.773398,-0.267340,-0.336874,3.446744
1570,R_foot_roll,-0.954082,-0.095408,-0.039004,-2.497529
1580,L_hip_roll,-0.817138,-0.122571,-0.014475,-21.215054
1580,L_hip_yaw,0.056417,0.014104,0.011860,0.291877
1580,L_hip_pitch,0.324591,-0.048852,-0.055344,-0.088306
1580,L_knee,0.351517,-0.232121,-0.226158,-1.559828
1580,L_foot_pitch,-1.672302,0.022770,0.170631,-12.270276
1580,L_foot_roll,-0.713894,-0.071389,0.008117,-6.174730
1580,R_hip_roll,0.681621,0.102243,0.016245,17.629545
1580,R_hip_yaw,0.060529,0.015132,-0.003704,2.428375
1580,R_hip_pitch,0.417238,0.234309,0.307840,-6.765695
1580,R_knee,-0.356942,0.230764,0.419554,-22.715675
1580,R_foot_pitch,-0.511090,-0.241109,-0.287037,-5.566804
1580,R_foot_roll,-1.544315,-0.154432,-0.057950,-7.578426
1590,L_hip_roll,-0.873194,-0.130979,-0.015171,-23.031568
1590,L_hip_yaw,0.025062,0.006266,0.011302,-0.529526
1590,L_hip_pitch,0.158270,-0.090432,-0.045984,-6.280305
1590,L_knee,0.254029,-0.256493,-0.224639,-6.072244
1590,L_foot_pitch,-0.980491,0.091951,0.175321,-7.098710
1590,L_foot_roll,-0.340685,-0.034069,0.004736,-2.804400
1590,R_hip_roll,0.116953,0.017543,0.016142,0.091694
1590,R_hip_yaw,0.189974,0.047494,-0.004625,6.335690
1590,R_hip_pitch,0.320417,0.210104,0.283165,-6.153165
1590,R_knee,-0.495334,0.196166,0.375793,-18.915047
1590,R_foot_pitch,-0.214238,-0.211424,-0.188076,-11.441066
1590,R_foot_roll,-1.954885,-0.195489,-0.069630,-8.334880
1600,L_hip_roll,-0.421188,-0.063178,-0.015932,-9.144260
1600,L_hip_yaw,-0.048607,-0.012152,0.010396,-2.614853
1600,L_hip_pitch,-0.153002,-0.168250,-0.040154,-15.689542
1600,L_knee,0.029310,-0.312673,-0.229050,-12.543031
1600,L_foot_pitch,0.082495,0.198249,0.179280,1.065141
1600,L_foot_roll,0.369787,0.036979,0.004496,2.643610
1600,R_hip_roll,-0.485666,-0.072850,0.017019,-18.216890
1600,R_hip_yaw,0.250815,0.062704,-0.006008,8.439608
1600,R_hip_pitch,0.311211,0.207803,0.257472,-3.500038
1600,R_knee,-0.448802,0.207799,0.331920,-9.922557
1600,R_foot_pitch,0.161883,-0.173812,-0.095327,-14.450000
1600,R_foot_roll,-1.911189,-0.191119,-0.091721,-5.528424
1610,L_hip_roll,-0.323355,-0.048503,-0.016369,-6.659039
1610,L_hip_yaw,-0.093119,-0.023280,0.005279,-2.628115
1610,L_hip_pitch,-0.167620,-0.171905,-0.047367,-13.575069
1610,L_knee,-0.095957,-0.343989,-0.253727,-6.166881
1610,L_foot_pitch,0.691754,0.259175,0.189057,4.593768
1610,L_foot_roll,0.710410,0.071041,0.013672,3.171893
1610,R_hip_roll,-0.824735,-0.123710,0.017017,-28.128753
1610,R_hip_yaw,0.084073,0.021018,-0.007044,3.319598
1610,R_hip_pitch,0.068208,0.147052,0.242454,-10.710394
1610,R_knee,-0.466009,0.203498,0.309231,-16.757180
1610,R_foot_pitch,0.577159,-0.132284,-0.058178,-5.630035
1610,R_foot_roll,-1.568655,-0.156866,-0.088993,-7.885550
1620,L_hip_roll,-0.045278,-0.006792,-0.016139,1.887029
1620,L_hip_yaw,-0.074158,-0.018539,-0.007461,0.190850
1620,L_hip_pitch,-0.169152,-0.172288,-0.065635,-10.786908
1620,L_knee,-0.207880,-0.371970,-0.295809,-0.311161
1620,L_foot_pitch,1.019893,0.291989,0.212772,3.428789
1620,L_foot_roll,0.918046,0.091805,0.037949,1.516503
1620,R_hip_roll,-0.885195,-0.132779,0.016688,-29.783705
1620,R_hip_yaw,0.000192,0.000048,-0.007355,0.953689
1620,R_hip_pitch,-0.035275,0.121181,0.233876,-12.598391
1620,R_knee,-0.387011,0.223247,0.298463,-9.781795
1620,R_foot_pitch,0.934309,-0.096569,-0.058829,-3.084530
1620,R_foot_roll,-1.265983,-0.126598,-0.059834,-8.409073
1630,L_hip_roll,0.032201,0.004830,-0.015745,3.868868
1630,L_hip_yaw,-0.088733,-0.022183,-0.020569,0.891480
1630,L_hip_pitch,-0.148647,-0.167162,-0.086596,-7.639866
1630,L_knee,-0.284227,-0.391057,-0.341565,4.108524
1630,L_foot_pitch,1.153608,0.305361,0.248704,0.887806
1630,L_foot_roll,0.940158,0.094016,0.068229,-0.815080
1630,R_hip_roll,-1.056635,-0.158495,0.016523,-35.045454
1630,R_hip_yaw,-0.041806,-0.010451,-0.008414,-0.128243
1630,R_hip_pitch,0.008908,0.132227,0.223734,-9.926817
1630,R_knee,-0.454562,0.206359,0.284564,-9.802310
1630,R_foot_pitch,0.976106,-0.092389,-0.057210,-3.006314
1630,R_foot_roll,-1.176889,-0.117689,-0.027262,-10.444761
1640,L_hip_roll,-0.204467,-0.030670,-0.012410,-4.766075
1640,L_hip_yaw,-0.106458,-0.026615,-0.028249,0.756486
1640,L_hip_pitch,-0.102055,-0.155514,-0.105573,-4.310688
1640,L_knee,-0.352914,-0.408228,-0.380004,4.793586
1640,L_foot_pitch,1.187471,0.308747,0.282181,-0.746101
1640,L_foot_roll,0.880702,0.088070,0.090811,-1.918554
1640,R_hip_roll,-1.134226,-0.170134,0.021261,-39.729907
1640,R_hip_yaw,-0.063350,-0.015838,-0.008764,-0.803020
1640,R_hip_pitch,0.087453,0.151863,0.217152,-7.104877
1640,R_knee,-0.585227,0.173693,0.276842,-16.038446
1640,R_foot_pitch,0.990005,-0.090999,-0.058415,-2.631777
1640,R_foot_roll,-1.158567,-0.115857,-0.030210,-6.695341
1650,L_hip_roll,-0.228836,-0.034325,-0.009210,-5.820271
1650,L_hip_yaw,-0.103492,-0.025873,-0.032675,1.143820
1650,L_hip_pitch,-0.131274,-0.162819,-0.119745,-3.991251
1650,L_knee,-0.399941,-0.419985,-0.406455,3.760374
1650,L_foot_pitch,1.268742,0.316874,0.303641,-0.444773
1650,L_foot_roll,0.861967,0.086197,0.099791,-1.425073
1650,R_hip_roll,-1.068939,-0.160341,0.025686,-38.408162
1650,R_hip_yaw,-0.056319,-0.014080,-0.009246,-0.535576
1650,R_hip_pitch,0.096388,0.154097,0.208252,-5.503606
1650,R_knee,-0.613475,0.166631,0.266393,-14.472179
1650,R_foot_pitch,0.996634,-0.090337,-0.057425,-2.766957
1650,R_foot_roll,-1.121500,-0.112150,-0.031597,-6.311761
1660,L_hip_roll,-0.161207,-0.024181,-0.007291,-3.741001
1660,L_hip_yaw,-0.115258,-0.028815,-0.034086,0.629514
1660,L_hip_pitch,-0.169924,-0.172481,-0.129714,-4.290106
1660,L_knee,-0.401783,-0.420446,-0.422380,3.912662
1660,L_foot_pitch,1.333634,0.323363,0.314011,0.091648
1660,L_foot_roll,0.784279,0.078428,0.098392,-1.186470
1660,R_hip_roll,-1.028568,-0.154285,0.029190,-37.601424
1660,R_hip_yaw,-0.021999,-0.005500,-0.009659,0.534989
1660,R_hip_pitch,0.003359,0.130840,0.197528,-6.893017
1660,R_knee,-0.607884,0.168029,0.253841,-11.582104
1660,R_foot_pitch,1.184174,-0.071583,-0.055766,-1.438367
1660,R_foot_roll,-1.031387,-0.103139,-0.032783,-5.521419
1670,L_hip_roll,-0.101535,-0.015230,-0.006659,-1.736276
1670,L_hip_yaw,-0.110499,-0.027625,-0.033301,0.549204
1670,L_hip_pitch,-0.288533,-0.202133,-0.136447,-7.334841
1670,L_knee,-0.442471,-0.430618,-0.430136,1.287832
1670,L_foot_pitch,1.366937,0.326694,0.318512,0.366450
1670,L_foot_roll,0.658735,0.065873,0.090871,-1.116999
1670,R_hip_roll,-1.162285,-0.174343,0.031804,-41.899229
1670,R_hip_yaw,0.041289,0.010322,-0.009925,2.447943
1670,R_hip_pitch,-0.098458,0.105385,0.185789,-8.453229
1670,R_knee,-0.600868,0.169783,0.240318,-8.626680
1670,R_foot_pitch,1.392406,-0.050759,-0.053786,0.048564
1670,R_foot_roll,-1.045171,-0.104517,-0.033627,-5.596227
1680,L_hip_roll,-0.022984,-0.003448,-0.007194,1.058271
1680,L_hip_yaw,-0.104950,-0.026237,-0.031207,0.339517
1680,L_hip_pitch,-0.257977,-0.194494,-0.142310,-5.652509
1680,L_knee,-0.467237,-0.436809,-0.434393,0.681097
1680,L_foot_pitch,1.439462,0.333946,0.320971,0.845505
1680,L_foot_roll,0.554617,0.055462,0.079174,-0.668025
1680,R_hip_roll,-1.162277,-0.174342,0.033487,-41.963261
1680,R_hip_yaw,0.015656,0.003914,-0.009920,1.659329
1680,R_hip_pitch,-0.092745,0.106814,0.173919,-6.918894
1680,R_knee,-0.678509,0.150373,0.226711,-9.871395
1680,R_foot_pitch,1.335493,-0.056451,-0.052082,-0.551914
1680,R_foot_roll,-1.115680,-0.111568,-0.034258,-6.152617
1690,L_hip_roll,0.054455,0.008168,-0.008464,3.792999
1690,L_hip_yaw,-0.092957,-0.023239,-0.028304,0.312366
1690,L_hip_pitch,-0.259916,-0.194979,-0.148553,-4.941832
1690,L_knee,-0.513400,-0.448350,-0.437845,-0.991727
1690,L_foot_pitch,1.465152,0.336515,0.324232,0.603459
1690,L_foot_roll,0.451130,0.045113,0.065712,-0.363217
1690,R_hip_roll,-1.344370,-0.201656,0.034572,-47.493163
1690,R_hip_yaw,-0.010370,-0.002592,-0.009898,0.870609
1690,R_hip_pitch,-0.107432,0.103142,0.162270,-5.933449
1690,R_knee,-0.681190,0.149702,0.213286,-7.428611
1690,R_foot_pitch,1.342190,-0.055781,-0.049897,-0.684476
1690,R_foot_roll,-1.218428,-0.121843,-0.034559,-6.961143
1700,L_hip_roll,0.058231,0.008735,-0.010401,4.516930
1700,L_hip_yaw,-0.076841,-0.019210,-0.025134,0.401638
1700,L_hip_pitch,-0.294873,-0.203718,-0.155579,-5.034046
1700,L_knee,-0.548464,-0.457116,-0.441769,-1.499781
1700,L_foot_pitch,1.599220,0.349922,0.328693,1.255769
1700,L_foot_roll,0.386747,0.038675,0.052675,0.068721
1700,R_hip_roll,-1.407286,-0.211093,0.034923,-49.182800
1700,R_hip_yaw,-0.011726,-0.002931,-0.009886,0.833972
1700,R_hip_pitch,-0.197497,0.080626,0.151250,-7.438001
1700,R_knee,-0.671596,0.152101,0.200841,-5.358037
1700,R_foot_pitch,1.461954,-0.043805,-0.048189,0.226680
1700,R_foot_roll,-1.296773,-0.129677,-0.034650,-7.607460
1710,L_hip_roll,0.158283,0.023742,-0.013084,8.272991
1710,L_hip_yaw,-0.071289,-0.017822,-0.021646,0.110939
1710,L_hip_pitch,-0.360309,-0.220077,-0.163695,-5.926121
1710,L_knee,-0.581119,-0.465280,-0.447312,-1.445545
1710,L_foot_pitch,1.607111,0.350711,0.335861,0.370618
1710,L_foot_roll,0.347976,0.034798,0.042002,0.316007
1710,R_hip_roll,-1.406646,-0.210997,0.034378,-48.787144
1710,R_hip_yaw,0.001285,0.000321,-0.009947,1.240502
1710,R_hip_pitch,-0.212453,0.076887,0.141405,-6.810489
1710,R_knee,-0.662108,0.154473,0.190525,-3.718675
1710,R_foot_pitch,1.510296,-0.038970,-0.047437,0.652827
1710,R_foot_roll,-1.322377,-0.132238,-0.034435,-7.860722
1720,L_hip_roll,0.132598,0.019890,-0.016127,8.123261
1720,L_hip_yaw,-0.053900,-0.013475,-0.018440,0.324802
1720,L_hip_pitch,-0.375220,-0.223805,-0.173148,-5.084584
1720,L_knee,-0.621889,-0.475472,-0.454690,-1.412575
1720,L_foot_pitch,1.600935,0.350093,0.343650,-0.160219
1720,L_foot_roll,0.304795,0.030479,0.034573,0.255458
1720,R_hip_roll,-1.459652,-0.218948,0.033120,-49.957770
1720,R_hip_yaw,-0.022182,-0.005546,-0.010054,0.550420
1720,R_hip_pitch,-0.171031,0.087242,0.133097,-4.753154
1720,R_knee,-0.746875,0.133281,0.182877,-7.039237
1720,R_foot_pitch,1.399155,-0.050085,-0.047856,-0.078851
1720,R_foot_roll,-1.393951,-0.139395,-0.033960,-8.493923
1730,L_hip_roll,0.124485,0.018673,-0.019150,8.463477
1730,L_hip_yaw,-0.027359,-0.006840,-0.015698,0.813531
1730,L_hip_pitch,-0.394502,-0.228625,-0.183855,-4.275948
1730,L_knee,-0.647388,-0.481847,-0.463266,-0.787529
1730,L_foot_pitch,1.697419,0.359742,0.348403,0.607766
1730,L_foot_roll,0.211403,0.021140,0.029756,-0.312688
1730,R_hip_roll,-1.359504,-0.203926,0.031359,-46.463498
1730,R_hip_yaw,-0.035141,-0.008785,-0.010244,0.197557
1730,R_hip_pitch,-0.166367,0.088408,0.125868,-3.797772
1730,R_knee,-0.802393,0.119402,0.176890,-8.670704
1730,R_foot_pitch,1.201608,-0.069839,-0.048973,-1.541271
1730,R_foot_roll,-1.407878,-0.140788,-0.033277,-8.680315
1740,L_hip_roll,0.155443,0.023316,-0.021806,9.751515
1740,L_hip_yaw,-0.021749,-0.005437,-0.012380,0.472549
1740,L_hip_pitch,-0.422183,-0.235546,-0.195022,-3.759588
1740,L_knee,-0.691524,-0.492881,-0.471884,-1.370532
1740,L_foot_pitch,1.755634,0.365563,0.351606,0.895426
1740,L_foot_roll,0.082939,0.008294,0.024775,-0.793819
1740,R_hip_roll,-1.340460,-0.201069,0.029387,-45.486746
1740,R_hip_yaw,-0.024122,-0.006030,-0.010551,0.576809
1740,R_hip_pitch,-0.144741,0.093815,0.118641,-2.244948
1740,R_knee,-0.779436,0.125141,0.170935,-6.429730
1740,R_foot_pitch,1.126508,-0.077349,-0.050148,-2.061087
1740,R_foot_roll,-1.382142,-0.138214,-0.032480,-8.546151
1750,L_hip_roll,0.190868,0.028630,-0.023818,11.001656
1750,L_hip_yaw,-0.034273,-0.008568,-0.008877,-0.277617
1750,L_hip_pitch,-0.445120,-0.241280,-0.206556,-3.008819
1750,L_knee,-0.725368,-0.501342,-0.480360,-1.320063
1750,L_foot_pitch,1.700116,0.360012,0.352797,0.520831
1750,L_foot_roll,-0.034183,-0.003418,0.016611,-0.689400
1750,R_hip_roll,-1.383158,-0.207474,0.027332,-46.329476
1750,R_hip_yaw,-0.041879,-0.010470,-0.010853,0.069902
1750,R_hip_pitch,-0.119582,0.100104,0.112183,-0.869752
1750,R_knee,-0.774633,0.126342,0.166244,-6.102469
1750,R_foot_pitch,1.116108,-0.078389,-0.051864,-1.905328
1750,R_foot_roll,-1.345043,-0.134504,-0.031537,-8.339169
1760,L_hip_roll,0.148185,0.022228,-0.025030,9.700971
1760,L_hip_yaw,-0.031799,-0.007950,-0.007466,-0.065102
1760,L_hip_pitch,-0.448887,-0.242222,-0.218480,-1.664133
1760,L_knee,-0.766446,-0.511611,-0.488664,-1.791696
1760,L_foot_pitch,1.715705,0.361571,0.352882,0.714427
1760,L_foot_roll,-0.093877,-0.009388,0.005152,0.008996
1760,R_hip_roll,-1.435289,-0.215293,0.025149,-47.415236
1760,R_hip_yaw,-0.063399,-0.015850,-0.011082,-0.553492
1760,R_hip_pitch,-0.101182,0.104705,0.107506,0.054760
1760,R_knee,-0.799391,0.120152,0.164358,-7.768114
1760,R_foot_pitch,1.082882,-0.081712,-0.054730,-1.818780
1760,R_foot_roll,-1.368506,-0.136851,-0.030393,-8.637473
1770,L_hip_roll,0.104982,0.015747,-0.025546,8.342945
1770,L_hip_yaw,-0.034471,-0.008618,-0.008457,0.150480
1770,L_hip_pitch,-0.444879,-0.241220,-0.230351,-0.147803
1770,L_knee,-0.790603,-0.517651,-0.496423,-1.665224
1770,L_foot_pitch,1.693134,0.359313,0.352566,0.577586
1770,L_foot_roll,-0.138872,-0.013887,-0.006005,0.340063
1770,R_hip_roll,-1.386597,-0.207990,0.022771,-45.405553
1770,R_hip_yaw,-0.086652,-0.021663,-0.011300,-1.222618
1770,R_hip_pitch,-0.058418,0.115396,0.104141,1.655972
1770,R_knee,-0.819418,0.115145,0.164671,-9.201409
1770,R_foot_pitch,1.001696,-0.089830,-0.058547,-2.090690
1770,R_foot_roll,-1.353236,-0.135324,-0.029087,-8.637091
1780,L_hip_roll,0.065615,0.009842,-0.025577,7.036620
1780,L_hip_yaw,-0.033996,-0.008499,-0.010658,0.502130
1780,L_hip_pitch,-0.456400,-0.244100,-0.241509,0.747615
1780,L_knee,-0.805707,-0.521427,-0.502985,-1.616052
1780,L_foot_pitch,1.658037,0.355804,0.352157,0.332978
1780,L_foot_roll,-0.166689,-0.016669,-0.014033,0.410724
1780,R_hip_roll,-1.348691,-0.202304,0.020179,-43.693269
1780,R_hip_yaw,-0.104020,-0.026005,-0.011538,-1.712956
1780,R_hip_pitch,-0.026190,0.123452,0.101350,2.922197
1780,R_knee,-0.815641,0.116090,0.166210,-9.587812
1780,R_foot_pitch,0.890547,-0.100945,-0.062969,-2.576828
1780,R_foot_roll,-1.327912,-0.132791,-0.027631,-8.565571
1790,L_hip_roll,0.052303,0.007845,-0.025299,6.515972
1790,L_hip_yaw,-0.028594,-0.007149,-0.012848,0.872929
1790,L_hip_pitch,-0.451940,-0.242985,-0.251539,1.965944
1790,L_knee,-0.811725,-0.522931,-0.507821,-1.549338
1790,L_foot_pitch,1.578817,0.347882,0.351733,-0.266636
1790,L_foot_roll,-0.190611,-0.019061,-0.018518,0.256323
1790,R_hip_roll,-1.285371,-0.192806,0.017372,-41.163682
1790,R_hip_yaw,-0.121848,-0.030462,-0.011778,-2.218915
1790,R_hip_pitch,0.001907,0.130477,0.099068,3.978994
1790,R_knee,-0.799942,0.120014,0.168963,-9.788180
1790,R_foot_pitch,0.865591,-0.103441,-0.068021,-2.302331
1790,R_foot_roll,-1.268929,-0.126893,-0.026024,-8.238065
1800,L_hip_roll,0.005627,0.000844,-0.024798,4.942596
1800,L_hip_yaw,-0.031778,-0.007944,-0.013902,0.756037
1800,L_hip_pitch,-0.472270,-0.248068,-0.260142,2.234632
1800,L_knee,-0.795863,-0.518966,-0.510523,-1.017474
1800,L_foot_pitch,1.508821,0.340882,0.350003,-0.490689
1800,L_foot_roll,-0.209671,-0.020967,-0.020587,0.101234
1800,R_hip_roll,-1.229537,-0.184431,0.014390,-38.856640
1800,R_hip_yaw,-0.125369,-0.031342,-0.011989,-2.303216
1800,R_hip_pitch,0.018705,0.134676,0.097370,4.631311
1800,R_knee,-0.773953,0.126512,0.173120,-9.785205
1800,R_foot_pitch,0.841614,-0.105839,-0.073776,-1.962867
1800,R_foot_roll,-1.205245,-0.120525,-0.024240,-7.887246
1810,L_hip_roll,-0.034673,-0.005201,-0.024132,3.564901
1810,L_hip_yaw,-0.033228,-0.008307,-0.013731,0.592621
1810,L_hip_pitch,-0.484507,-0.251127,-0.267077,2.531121
1810,L_knee,-0.779736,-0.514934,-0.510605,-1.093983
1810,L_foot_pitch,1.465676,0.336568,0.345720,-0.227192
1810,L_foot_roll,-0.240689,-0.024069,-0.021597,-0.124682
1810,R_hip_roll,-1.147239,-0.172086,0.011268,-35.720841
1810,R_hip_yaw,-0.112585,-0.028146,-0.012149,-1.904974
1810,R_hip_pitch,0.041008,0.140252,0.096328,5.353765
1810,R_knee,-0.769505,0.127624,0.178804,-11.082064
1810,R_foot_pitch,0.812763,-0.108724,-0.080294,-1.594000
1810,R_foot_roll,-1.147622,-0.114762,-0.022289,-7.598867
1820,L_hip_roll,-0.068417,-0.010263,-0.023259,2.295100
1820,L_hip_yaw,-0.029167,-0.007292,-0.012761,0.535285
1820,L_hip_pitch,-0.489953,-0.252488,-0.272339,2.839866
1820,L_knee,-0.756020,-0.509005,-0.508149,-1.150201
1820,L_foot_pitch,1.362862,0.326286,0.339914,-0.519054
1820,L_foot_roll,-0.263059,-0.026306,-0.022813,-0.140594
1820,R_hip_roll,-1.055826,-0.158374,0.008127,-32.373579
1820,R_hip_yaw,-0.121231,-0.030308,-0.012237,-2.162724
1820,R_hip_pitch,0.070331,0.147583,0.095694,6.290169
1820,R_knee,-0.749582,0.132604,0.185481,-11.556410
1820,R_foot_pitch,0.790814,-0.110919,-0.087326,-1.175684
1820,R_foot_roll,-1.058863,-0.105886,-0.020209,-7.065951
1830,L_hip_roll,-0.147489,-0.022123,-0.022097,-0.400983
1830,L_hip_yaw,-0.025105,-0.006276,-0.011126,0.394949
1830,L_hip_pitch,-0.495670,-0.253918,-0.276132,2.991745
1830,L_knee,-0.718930,-0.499732,-0.503536,-0.894751
1830,L_foot_pitch,1.246632,0.314663,0.332637,-0.683299
1830,L_foot_roll,-0.266191,-0.026619,-0.024596,0.022722
1830,R_hip_roll,-1.008371,-0.151256,0.005140,-30.419784
1830,R_hip_yaw,-0.125228,-0.031307,-0.012258,-2.284581
1830,R_hip_pitch,0.069678,0.147419,0.095305,6.288298
1830,R_knee,-0.699114,0.145221,0.192696,-10.738098
1830,R_foot_pitch,0.763494,-0.113651,-0.094643,-0.782863
1830,R_foot_roll,-0.972422,-0.097242,-0.018021,-6.558555
1840,L_hip_roll,-0.164311,-0.024647,-0.020921,-1.082073
1840,L_hip_yaw,-0.016281,-0.004070,-0.008738,0.296299
1840,L_hip_pitch,-0.513489,-0.258372,-0.278551,2.611395
1840,L_knee,-0.669803,-0.487451,-0.496823,-0.514063
1840,L_foot_pitch,1.117432,0.301743,0.323141,-0.733076
1840,L_foot_roll,-0.247368,-0.024737,-0.026000,0.202323
1840,R_hip_roll,-0.939589,-0.140938,0.002250,-27.780879
1840,R_hip_yaw,-0.124167,-0.031042,-0.012249,-2.254602
1840,R_hip_pitch,0.076271,0.149068,0.095488,6.388752
1840,R_knee,-0.646656,0.158336,0.200951,-10.277409
1840,R_foot_pitch,0.781270,-0.111873,-0.102467,0.051939
1840,R_foot_roll,-0.849262,-0.084926,-0.015706,-5.773282
1850,L_hip_roll,-0.212336,-0.031850,-0.019921,-2.681652
1850,L_hip_yaw,-0.008794,-0.002198,-0.005675,0.097783
1850,L_hip_pitch,-0.513892,-0.258473,-0.279727,2.630058
1850,L_knee,-0.597356,-0.469339,-0.488049,0.587467
1850,L_foot_pitch,0.983355,0.288336,0.311418,-0.667404
1850,L_foot_roll,-0.209921,-0.020992,-0.026056,0.354320
1850,R_hip_roll,-0.838474,-0.125771,-0.000580,-24.216514
1850,R_hip_yaw,-0.122589,-0.030647,-0.012232,-2.209103
1850,R_hip_pitch,0.077235,0.149309,0.096569,6.189411
1850,R_knee,-0.591734,0.172067,0.210708,-10.027329
1850,R_foot_pitch,0.833567,-0.106643,-0.110977,1.220388
1850,R_foot_roll,-0.700050,-0.070005,-0.013230,-4.792049
1860,L_hip_roll,-0.295150,-0.044273,-0.019098,-5.291803
1860,L_hip_yaw,-0.001992,-0.000498,-0.002208,-0.143529
1860,L_hip_pitch,-0.512792,-0.258198,-0.279473,2.474556
1860,L_knee,-0.497909,-0.444477,-0.476607,2.095606
1860,L_foot_pitch,0.809062,0.270906,0.297943,-0.843494
1860,L_foot_roll,-0.147634,-0.014763,-0.024112,0.489139
1860,R_hip_roll,-0.701349,-0.105202,-0.003271,-19.633234
1860,R_hip_yaw,-0.115211,-0.028803,-0.012190,-1.994321
1860,R_hip_pitch,0.070278,0.147570,0.098455,5.672496
1860,R_knee,-0.536740,0.185815,0.221744,-9.924963
1860,R_foot_pitch,0.884014,-0.101599,-0.120244,2.410758
1860,R_foot_roll,-0.525879,-0.052588,-0.010683,-3.621398
1870,L_hip_roll,-0.385844,-0.057877,-0.018475,-8.067584
1870,L_hip_yaw,0.010160,0.002540,0.001536,-0.254417
1870,L_hip_pitch,-0.516370,-0.259092,-0.277200,1.875362
1870,L_knee,-0.365399,-0.411350,-0.461106,3.919380
1870,L_foot_pitch,0.607999,0.250800,0.282419,-0.990365
1870,L_foot_roll,-0.045118,-0.004512,-0.019652,0.699742
1870,R_hip_roll,-0.533984,-0.080098,-0.005678,-14.232741
1870,R_hip_yaw,-0.104527,-0.026132,-0.012140,-1.682099
1870,R_hip_pitch,0.053281,0.143320,0.100907,4.827246
1870,R_knee,-0.469156,0.202711,0.233717,-9.247772
1870,R_foot_pitch,0.946460,-0.095354,-0.129836,3.707238
1870,R_foot_roll,-0.306702,-0.030670,-0.007940,-2.099426
1880,L_hip_roll,-0.486557,-0.072984,-0.018194,-10.994178
1880,L_hip_yaw,0.018410,0.004603,0.005854,-0.598708
1880,L_hip_pitch,-0.496323,-0.254081,-0.272374,1.637286
1880,L_knee,-0.195300,-0.368825,-0.440078,6.044431
1880,L_foot_pitch,0.390157,0.229016,0.264156,-1.001820
1880,L_foot_roll,0.089820,0.008982,-0.011981,0.834994
1880,R_hip_roll,-0.301986,-0.045298,-0.007651,-7.060925
1880,R_hip_yaw,-0.086333,-0.021583,-0.012051,-1.147238
1880,R_hip_pitch,0.033720,0.138430,0.103623,3.927235
1880,R_knee,-0.384150,0.223962,0.246156,-7.591558
1880,R_foot_pitch,1.065347,-0.083465,-0.139677,5.465490
1880,R_foot_roll,-0.030934,-0.003093,-0.005667,0.289657
1890,L_hip_roll,-0.518907,-0.077836,-0.018233,-11.914731
1890,L_hip_yaw,0.024925,0.006231,0.010842,-1.061988
1890,L_hip_pitch,-0.430220,-0.237555,-0.264380,2.327271
1890,L_knee,0.016276,-0.315931,-0.411846,8.174901
1890,L_foot_pitch,0.154914,0.205491,0.243050,-0.940431
1890,L_foot_roll,0.289309,0.028931,-0.000704,1.186418
1890,R_hip_roll,0.019175,0.002876,-0.009040,2.672432
1890,R_hip_yaw,-0.081927,-0.020482,-0.011833,-1.061994
1890,R_hip_pitch,0.005836,0.131459,0.106691,2.645052
1890,R_knee,-0.277739,0.250565,0.259210,-5.553216
1890,R_foot_pitch,1.221729,-0.067827,-0.149759,7.545000
1890,R_foot_roll,0.331016,0.033102,-0.002614,2.524803
1900,L_hip_roll,-0.539183,-0.080878,-0.018090,-12.654231
1900,L_hip_yaw,0.024618,0.006155,0.015683,-1.586356
1900,L_hip_pitch,-0.221862,-0.185465,-0.252260,6.685338
1900,L_knee,0.266108,-0.253473,-0.374448,9.824567
1900,L_foot_pitch,-0.032302,0.186770,0.219571,-0.375206
1900,L_foot_roll,0.601678,0.060168,0.014873,1.995307
1900,R_hip_roll,0.389996,0.058499,-0.009253,13.449917
1900,R_hip_yaw,-0.114257,-0.028564,-0.011361,-2.113008
1900,R_hip_pitch,-0.018815,0.125296,0.109974,1.555575
1900,R_knee,-0.164834,0.278792,0.272883,-2.852475
1900,R_foot_pitch,1.341597,-0.055840,-0.160346,9.492172
1900,R_foot_roll,0.766648,0.076665,-0.000083,5.863021
1910,L_hip_roll,-0.378822,-0.056823,-0.017450,-8.063737
1910,L_hip_yaw,-0.025269,-0.006317,0.017888,-3.021869
1910,L_hip_pitch,-0.088592,-0.152148,-0.237633,8.813915
1910,L_knee,0.469806,-0.202549,-0.340434,16.785248
1910,L_foot_pitch,0.053801,0.195380,0.166249,9.472503
1910,L_foot_roll,0.875067,0.087507,0.023430,5.017412
1910,R_hip_roll,0.550021,0.082503,-0.008708,18.124612
1910,R_hip_yaw,-0.103733,-0.025933,-0.010704,-1.888168
1910,R_hip_pitch,0.292432,0.203108,0.112339,10.780428
1910,R_knee,-0.191690,0.272077,0.286172,-6.143225
1910,R_foot_pitch,0.906692,-0.099331,-0.170596,6.702739
1910,R_foot_roll,0.911166,0.091117,0.003432,6.705303
1920,L_hip_roll,0.401020,0.060153,-0.016850,15.203896
1920,L_hip_yaw,-0.123452,-0.030863,0.019440,-6.207181
1920,L_hip_pitch,-0.201406,-0.180351,-0.220937,3.150020
1920,L_knee,0.577392,-0.175652,-0.310421,15.259037
1920,L_foot_pitch,0.132476,0.203248,0.096148,14.450000
1920,L_foot_roll,0.887046,0.088705,0.023871,5.313549
1920,R_hip_roll,0.644180,0.096627,-0.008641,21.095662
1920,R_hip_yaw,-0.075042,-0.018761,-0.009789,-1.177429
1920,R_hip_pitch,0.360493,0.220123,0.113847,12.594711
1920,R_knee,0.049539,0.332385,0.298924,2.210059
1920,R_foot_pitch,-0.009037,-0.190904,-0.180973,0.236030
1920,R_foot_roll,0.682956,0.068296,0.009856,3.852218
1930,L_hip_roll,0.918988,0.137848,-0.018719,32.606440
1930,L_hip_yaw,-0.087541,-0.021885,0.019083,-4.794519
1930,L_hip_pitch,0.140135,-0.094966,-0.214071,14.006041
1930,L_knee,0.474599,-0.201350,-0.301690,17.350026
1930,L_foot_pitch,-0.101347,0.179865,0.085395,7.381149
1930,L_foot_roll,0.822063,0.082206,0.015969,4.886877
1930,R_hip_roll,0.593575,0.089036,-0.011559,21.269965
1930,R_hip_yaw,-0.054026,-0.013507,-0.012148,0.305499
1930,R_hip_pitch,0.411491,0.232873,0.120185,12.641160
1930,R_knee,0.325634,0.401409,0.316208,9.655333
1930,R_foot_pitch,-0.741520,-0.264152,-0.190149,-5.326634
1930,R_foot_roll,0.255408,0.025541,0.026476,-2.346084
1940,L_hip_roll,0.755866,0.113380,-0.022382,28.121677
1940,L_hip_yaw,-0.083968,-0.020992,0.018513,-4.718818
1940,L_hip_pitch,0.052367,-0.116908,-0.210085,10.699554
1940,L_knee,0.388092,-0.222977,-0.297193,11.598970
1940,L_foot_pitch,-0.343423,0.155658,0.086430,5.497595
1940,L_foot_roll,0.437721,0.043772,0.018790,1.657295
1940,R_hip_roll,0.119402,0.017910,-0.013507,6.408465
1940,R_hip_yaw,0.002810,0.000702,-0.016865,2.513471
1940,R_hip_pitch,0.353545,0.218386,0.134091,8.483321
1940,R_knee,0.314903,0.398726,0.346404,-1.168248
1940,R_foot_pitch,-1.206181,-0.310618,-0.212908,-4.778484
1940,R_foot_roll,-0.184332,-0.018433,0.036791,-4.612471
1950,L_hip_roll,0.802200,0.120330,-0.025490,30.070474
1950,L_hip_yaw,0.006327,0.001582,0.018284,-1.970449
1950,L_hip_pitch,0.045285,-0.118679,-0.204667,9.728485
1950,L_knee,0.408650,-0.217837,-0.290815,11.138222
1950,L_foot_pitch,-0.173763,0.172624,0.086847,6.825101
1950,L_foot_roll,0.385547,0.038555,0.021248,1.118401
1950,R_hip_roll,0.141367,0.021205,-0.013240,6.656691
1950,R_hip_yaw,0.018049,0.004512,-0.015816,1.963974
1950,R_hip_pitch,0.429006,0.237251,0.149802,9.060137
1950,R_knee,0.387637,0.416909,0.380628,-2.813486
1950,R_foot_pitch,-1.378439,-0.327844,-0.254207,-1.473154
1950,R_foot_roll,-0.162030,-0.016203,0.021797,-0.677893
1960,L_hip_roll,0.863842,0.129576,-0.028159,32.273310
1960,L_hip_yaw,0.002692,0.000673,0.018235,-2.114826
1960,L_hip_pitch,0.108482,-0.102880,-0.198569,10.863738
1960,L_knee,0.397085,-0.220729,-0.284227,9.529410
1960,L_foot_pitch,-0.127097,0.177290,0.087451,7.108664
1960,L_foot_roll,0.510888,0.051089,0.023285,1.998656
1960,R_hip_roll,0.129677,0.019452,-0.011827,5.686145
1960,R_hip_yaw,-0.002294,-0.000574,-0.007329,-0.246107
1960,R_hip_pitch,0.429090,0.237272,0.163485,7.598104
1960,R_knee,0.445543,0.431386,0.409107,-3.454956
1960,R_foot_pitch,-1.396963,-0.329696,-0.297225,1.241085
1960,R_foot_roll,-0.128176,-0.012818,-0.002257,1.351991
1970,L_hip_roll,0.904063,0.135609,-0.030138,33.657343
1970,L_hip_yaw,-0.032676,-0.008169,0.018385,-3.200535
1970,L_hip_pitch,0.151488,-0.092128,-0.192035,11.321192
1970,L_knee,0.426936,-0.213266,-0.278224,10.050720
1970,L_foot_pitch,-0.280438,0.161956,0.088585,5.723122
1970,L_foot_roll,0.625496,0.062550,0.025035,2.795846
1970,R_hip_roll,0.016765,0.002515,-0.009320,1.472952
1970,R_hip_yaw,-0.002396,-0.000599,0.002161,-1.135052
1970,R_hip_pitch,0.469680,0.247420,0.174686,7.748878
1970,R_knee,0.489969,0.442492,0.430213,-3.001674
1970,R_foot_pitch,-1.514329,-0.341433,-0.326420,0.884516
1970,R_foot_roll,-0.176578,-0.017658,-0.017753,1.018664
1980,L_hip_roll,1.061923,0.159288,-0.031724,38.667570
1980,L_hip_yaw,-0.032573,-0.008143,0.018458,-3.189487
1980,L_hip_pitch,0.083196,-0.109201,-0.184475,8.226735
1980,L_knee,0.471664,-0.202084,-0.272097,10.717811
1980,L_foot_pitch,-0.378070,0.152193,0.089890,4.852645
1980,L_foot_roll,0.657916,0.065792,0.026696,2.931456
1980,R_hip_roll,0.045378,0.006807,-0.006196,1.628179
1980,R_hip_yaw,0.008972,0.002243,0.007473,-0.929516
1980,R_hip_pitch,0.564405,0.271101,0.183388,9.762779
1980,R_knee,0.528812,0.452203,0.444839,-2.264121
1980,R_foot_pitch,-1.698346,-0.359835,-0.341008,-0.569453
1980,R_foot_roll,-0.181416,-0.018142,-0.023540,0.697028
1990,L_hip_roll,1.093510,0.164027,-0.032901,39.667652
1990,L_hip_yaw,-0.067091,-0.016773,0.018416,-4.212825
1990,L_hip_pitch,0.126892,-0.098277,-0.176574,8.632879
1990,L_knee,0.473187,-0.201703,-0.265904,9.801562
1990,L_foot_pitch,-0.281265,0.161873,0.091225,5.509341
1990,L_foot_roll,0.784276,0.078428,0.028096,3.863674
1990,R_hip_roll,-0.009868,-0.001480,-0.002481,-1.024189
1990,R_hip_yaw,0.018335,0.004584,0.008591,-0.451357
1990,R_hip_pitch,0.563861,0.270965,0.191376,8.748261
1990,R_knee,0.642097,0.480524,0.455965,1.464683
1990,R_foot_pitch,-1.885186,-0.378519,-0.349756,-1.548215
1990,R_foot_roll,-0.172164,-0.017216,-0.023792,0.401504
2000,L_hip_roll,1.148872,0.172331,-0.033593,41.370145
2000,L_hip_yaw,-0.072045,-0.018011,0.018302,-4.338740
2000,L_hip_pitch,0.198958,-0.080260,-0.169157,9.957840
2000,L_knee,0.449059,-0.207735,-0.260401,8.003234
2000,L_foot_pitch,-0.395341,0.150466,0.092867,4.427685
2000,L_foot_roll,0.846222,0.084622,0.028989,4.296247
2000,R_hip_roll,-0.022855,-0.003428,0.001811,-2.372702
2000,R_hip_yaw,0.021267,0.005317,0.007444,-0.091994
2000,R_hip_pitch,0.645945,0.291486,0.200696,9.905350
2000,R_knee,0.719620,0.499905,0.467714,2.123141
2000,R_foot_pitch,-2.122295,-0.402229,-0.355267,-3.449915
2000,R_foot_roll,-0.204987,-0.020499,-0.021317,-0.235979
2010,L_hip_roll,1.172457,0.175869,-0.033962,41.934787
2010,L_hip_yaw,-0.067433,-0.016858,0.018174,-4.191610
2010,L_hip_pitch,0.137718,-0.095570,-0.162381,7.337166
2010,L_knee,0.463654,-0.204086,-0.255999,8.061097
2010,L_foot_pitch,-0.330147,0.156985,0.094933,4.719937
2010,L_foot_roll,0.900628,0.090063,0.029758,5.025475
2010,R_hip_roll,-0.056122,-0.008418,0.006405,-4.417684
2010,R_hip_yaw,0.040931,0.010233,0.005752,0.684160
2010,R_hip_pitch,0.698081,0.304520,0.212264,9.843082
2010,R_knee,0.785634,0.516408,0.482587,1.359904
2010,R_foot_pitch,-2.272165,-0.417216,-0.356970,-4.734328
2010,R_foot_roll,-0.183602,-0.018360,-0.019376,-0.033704
2020,L_hip_roll,1.212544,0.181882,-0.034022,43.068074
2020,L_hip_yaw,-0.051563,-0.012891,0.018036,-3.692955
2020,L_hip_pitch,0.157336,-0.090666,-0.156779,7.404929
2020,L_knee,0.483450,-0.199137,-0.253319,9.080910
2020,L_foot_pitch,-0.190510,0.170949,0.097690,5.545109
2020,L_foot_roll,1.019792,0.101979,0.030363,5.922399
2020,R_hip_roll,-0.080839,-0.012126,0.011060,-6.059564
2020,R_hip_yaw,0.026982,0.006745,0.005838,-0.028046
2020,R_hip_pitch,0.786009,0.326502,0.226077,10.614429
2020,R_knee,0.898182,0.544546,0.500113,2.688377
2020,R_foot_pitch,-2.415217,-0.431522,-0.357446,-5.902354
2020,R_foot_roll,-0.124495,-0.012449,-0.018128,0.337443
2030,L_hip_roll,1.283970,0.192595,-0.033862,45.296578
2030,L_hip_yaw,-0.019941,-0.004985,0.017800,-2.724471
2030,L_hip_pitch,0.132281,-0.096930,-0.152326,6.262488
2030,L_knee,0.515679,-0.191080,-0.252011,10.824146
2030,L_foot_pitch,-0.161047,0.173895,0.101426,5.481897
2030,L_foot_roll,1.109676,0.110968,0.030907,6.294318
2030,R_hip_roll,-0.107047,-0.016057,0.015417,-7.507094
2030,R_hip_yaw,0.021705,0.005426,0.007354,-0.391590
2030,R_hip_pitch,0.812612,0.333153,0.242524,9.148784
2030,R_knee,1.001910,0.570477,0.520774,2.534670
2030,R_foot_pitch,-2.605071,-0.450507,-0.357715,-7.397067
2030,R_foot_roll,-0.129929,-0.012993,-0.015499,-0.126403
2040,L_hip_roll,1.368057,0.205209,-0.033819,47.811999
2040,L_hip_yaw,-0.034316,-0.008579,0.017830,-3.173948
2040,L_hip_pitch,0.107196,-0.103201,-0.148518,5.059997
2040,L_knee,0.521272,-0.189682,-0.251472,10.992950
2040,L_foot_pitch,-0.266874,0.163313,0.104760,4.347297
2040,L_foot_roll,1.234968,0.123497,0.031151,7.298789
2040,R_hip_roll,-0.072906,-0.010936,0.019159,-7.056922
2040,R_hip_yaw,0.049194,0.012298,0.008685,0.318829
2040,R_hip_pitch,0.817248,0.334312,0.261180,6.883654
2040,R_knee,1.096105,0.594026,0.544146,1.988051
2040,R_foot_pitch,-2.743873,-0.464387,-0.358205,-8.436116
2040,R_foot_roll,-0.141627,-0.014163,-0.012573,-0.373552
2050,L_hip_roll,1.319379,0.197907,-0.033615,46.218769
2050,L_hip_yaw,-0.007036,-0.001759,0.017810,-2.333203
2050,L_hip_pitch,0.085231,-0.108692,-0.144697,3.931828
2050,L_knee,0.574569,-0.176358,-0.251073,13.365352
2050,L_foot_pitch,-0.206410,0.169359,0.108235,4.551887
2050,L_foot_roll,1.314015,0.131401,0.031454,7.885428
2050,R_hip_roll,-0.028593,-0.004289,0.022466,-6.294867
2050,R_hip_yaw,0.062827,0.015707,0.010966,0.265753
2050,R_hip_pitch,0.916021,0.359005,0.280471,7.540092
2050,R_knee,1.172364,0.613091,0.567871,1.352439
2050,R_foot_pitch,-2.805830,-0.470583,-0.358986,-8.842423
2050,R_foot_roll,-0.066520,-0.006652,-0.011155,0.290234
2060,L_hip_roll,1.324796,0.198719,-0.033175,46.189297
2060,L_hip_yaw,0.035936,0.008984,0.017748,-1.042843
2060,L_hip_pitch,0.013384,-0.126654,-0.140323,1.154454
2060,L_knee,0.614199,-0.166450,-0.249915,14.466483
2060,L_foot_pitch,-0.004556,0.189544,0.111584,5.903560
2060,L_foot_roll,1.392897,0.139290,0.031160,8.808447
2060,R_hip_roll,-0.002721,-0.000408,0.025285,-5.925881
2060,R_hip_yaw,0.053986,0.013497,0.015037,-0.648297
2060,R_hip_pitch,0.922506,0.360627,0.299720,5.419301
2060,R_knee,1.247132,0.631783,0.590593,0.965021
2060,R_foot_pitch,-2.854820,-0.475482,-0.359899,-9.156266
2060,R_foot_roll,-0.022406,-0.002241,-0.009040,0.270541
2070,L_hip_roll,1.394054,0.209108,-0.032583,48.143149
2070,L_hip_yaw,0.075608,0.018902,0.017694,0.153490
2070,L_hip_pitch,-0.000923,-0.130231,-0.135421,0.119194
2070,L_knee,0.606194,-0.168452,-0.247921,13.668453
2070,L_foot_pitch,0.022478,0.192248,0.114582,5.932406
2070,L_foot_roll,1.484141,0.148414,0.031070,9.323275
2070,R_hip_roll,-0.089214,-0.013382,0.027702,-8.913678
2070,R_hip_yaw,0.062733,0.015683,0.019095,-0.755216
2070,R_hip_pitch,0.945058,0.366264,0.318485,3.924240
2070,R_knee,1.302826,0.645707,0.611247,0.528728
2070,R_foot_pitch,-2.891170,-0.479117,-0.360800,-9.379484
2070,R_foot_roll,-0.017333,-0.001733,-0.005319,-0.106992
2080,L_hip_roll,1.411518,0.211728,-0.031687,48.413670
2080,L_hip_yaw,0.102427,0.025607,0.017659,0.957645
2080,L_hip_pitch,-0.070652,-0.147663,-0.130385,-2.569072
2080,L_knee,0.627057,-0.163236,-0.245971,14.387988
2080,L_foot_pitch,0.004426,0.190443,0.117714,5.549136
2080,L_foot_roll,1.563829,0.156383,0.030797,9.906553
2080,R_hip_roll,-0.108226,-0.016234,0.029806,-9.775966
2080,R_hip_yaw,0.060117,0.015029,0.022461,-1.204703
2080,R_hip_pitch,0.955223,0.368806,0.336034,2.266412
2080,R_knee,1.372740,0.663185,0.628682,1.582902
2080,R_foot_pitch,-2.951896,-0.485190,-0.361624,-9.808366
2080,R_foot_roll,0.002580,0.000258,-0.001625,-0.168326
2090,L_hip_roll,1.436763,0.215514,-0.030487,48.799123
2090,L_hip_yaw,0.136847,0.034212,0.017629,1.997248
2090,L_hip_pitch,-0.113890,-0.158472,-0.125633,-4.399738
2090,L_knee,0.658673,-0.155332,-0.244693,15.813048
2090,L_foot_pitch,0.057817,0.195782,0.121332,5.557221
2090,L_foot_roll,1.584025,0.158403,0.030155,10.356404
2090,R_hip_roll,-0.098323,-0.014748,0.031468,-9.681237
2090,R_hip_yaw,0.053707,0.013427,0.025004,-1.591131
2090,R_hip_pitch,0.943675,0.365919,0.352358,0.063131
2090,R_knee,1.408694,0.672174,0.643165,1.325045
2090,R_foot_pitch,-2.947890,-0.484789,-0.362395,-9.717681
2090,R_foot_roll,0.044574,0.004457,0.001191,0.029057
2100,L_hip_roll,1.362109,0.204316,-0.028971,46.128597
2100,L_hip_yaw,0.154445,0.038611,0.017595,2.526046
2100,L_hip_pitch,-0.152046,-0.168012,-0.121019,-6.112439
2100,L_knee,0.677814,-0.150547,-0.243872,16.559480
2100,L_foot_pitch,0.061411,0.196141,0.125221,5.262369
2100,L_foot_roll,1.553505,0.155350,0.029267,10.266219
2100,R_hip_roll,-0.109094,-0.016364,0.032745,-10.172497
2100,R_hip_yaw,0.053479,0.013370,0.026119,-1.576003
2100,R_hip_pitch,0.941398,0.365350,0.367050,-1.569582
2100,R_knee,1.422878,0.675719,0.654409,1.016318
2100,R_foot_pitch,-2.931720,-0.483172,-0.363061,-9.549012
2100,R_foot_roll,0.064325,0.006433,0.003882,-0.061368
2110,L_hip_roll,1.290216,0.193532,-0.027289,43.671750
2110,L_hip_yaw,0.165780,0.041445,0.017554,2.870942
2110,L_hip_pitch,-0.190020,-0.177505,-0.116228,-7.840731
2110,L_knee,0.687693,-0.148077,-0.243117,16.878134
2110,L_foot_pitch,0.026415,0.192641,0.129177,4.715573
2110,L_foot_roll,1.477007,0.147701,0.028594,9.489833
2110,R_hip_roll,-0.052601,-0.007890,0.033499,-8.410394
2110,R_hip_yaw,0.051668,0.012917,0.025982,-1.514289
2110,R_hip_pitch,0.940430,0.365107,0.379427,-2.839473
2110,R_knee,1.438141,0.679535,0.661586,1.665521
2110,R_foot_pitch,-2.858584,-0.475858,-0.363560,-8.941367
2110,R_foot_roll,0.104852,0.010485,0.006635,0.052971
2120,L_hip_roll,1.243915,0.186587,-0.025490,41.864903
2120,L_hip_yaw,0.177843,0.044461,0.017483,3.247887
2120,L_hip_pitch,-0.196867,-0.179217,-0.111310,-8.637313
2120,L_knee,0.691325,-0.147169,-0.242415,16.985639
2120,L_foot_pitch,-0.028396,0.187160,0.133325,3.861232
2120,L_foot_roll,1.424845,0.142485,0.027530,9.324869
2120,R_hip_roll,-0.022270,-0.003340,0.033697,-7.396842
2120,R_hip_yaw,0.046031,0.011508,0.024825,-1.442139
2120,R_hip_pitch,0.948583,0.367146,0.389482,-3.586504
2120,R_knee,1.442331,0.680583,0.664974,2.246862
2120,R_foot_pitch,-2.777155,-0.467716,-0.363825,-8.294577
2120,R_foot_roll,0.126536,0.012654,0.009560,-0.040312
2130,L_hip_roll,1.198329,0.179749,-0.023678,40.170591
2130,L_hip_yaw,0.183695,0.045924,0.017406,3.432669
2130,L_hip_pitch,-0.207906,-0.181976,-0.106427,-9.540075
2130,L_knee,0.683365,-0.149159,-0.241899,16.645570
2130,L_foot_pitch,-0.140442,0.175956,0.137508,2.595767
2130,L_foot_roll,1.343185,0.134318,0.026722,8.656439
2130,R_hip_roll,-0.012236,-0.001835,0.033418,-6.884581
2130,R_hip_yaw,0.051073,0.012768,0.022659,-0.935055
2130,R_hip_pitch,0.953931,0.368483,0.397515,-4.202384
2130,R_knee,1.409444,0.672361,0.665445,1.433362
2130,R_foot_pitch,-2.711856,-0.461186,-0.363827,-7.797710
2130,R_foot_roll,0.115562,0.011556,0.012380,-0.319132
2140,L_hip_roll,1.121488,0.168223,-0.021775,37.466239
2140,L_hip_yaw,0.191298,0.047825,0.017343,3.662140
2140,L_hip_pitch,-0.196381,-0.179095,-0.101612,-9.759488
2140,L_knee,0.673796,-0.151551,-0.241554,16.184957
2140,L_foot_pitch,-0.246620,0.165338,0.141944,1.435873
2140,L_foot_roll,1.212736,0.121274,0.025207,7.703596
2140,R_hip_roll,-0.012476,-0.001871,0.032667,-6.590768
2140,R_hip_yaw,0.048880,0.012220,0.020400,-0.781493
2140,R_hip_pitch,0.944080,0.366020,0.403436,-4.989369
2140,R_knee,1.361991,0.660498,0.662809,0.783794
2140,R_foot_pitch,-2.624724,-0.452472,-0.363604,-7.138137
2140,R_foot_roll,0.093604,0.009360,0.013949,-0.456789
2150,L_hip_roll,1.037823,0.155673,-0.019918,34.679663
2150,L_hip_yaw,0.193083,0.048271,0.017266,3.726779
2150,L_hip_pitch,-0.175982,-0.173996,-0.096804,-9.708856
2150,L_knee,0.657907,-0.155523,-0.241239,15.465925
2150,L_foot_pitch,-0.380071,0.151993,0.146729,0.072278
2150,L_foot_roll,1.082655,0.108266,0.024128,6.597694
2150,R_hip_roll,0.029470,0.004420,0.031293,-4.818190
2150,R_hip_yaw,0.048019,0.012005,0.018835,-0.692193
2150,R_hip_pitch,0.943523,0.365881,0.406860,-5.154632
2150,R_knee,1.305482,0.646371,0.656302,0.624791
2150,R_foot_pitch,-2.509098,-0.440910,-0.363189,-6.264438
2150,R_foot_roll,0.077535,0.007754,0.013616,-0.367588
2160,L_hip_roll,0.918434,0.137765,-0.018309,30.770799
2160,L_hip_yaw,0.191177,0.047794,0.017183,3.683345
2160,L_hip_pitch,-0.107462,-0.156865,-0.092144,-8.223946
2160,L_knee,0.626601,-0.163350,-0.241208,14.062392
2160,L_foot_pitch,-0.551311,0.134869,0.151215,-1.816004
2160,L_foot_roll,0.902723,0.090272,0.022862,5.540967
2160,R_hip_roll,0.060518,0.009078,0.029203,-3.307205
2160,R_hip_yaw,0.047824,0.011956,0.017750,-0.597578
2160,R_hip_pitch,0.949100,0.367275,0.407695,-4.842399
2160,R_knee,1.204666,0.621166,0.645831,-0.928264
2160,R_foot_pitch,-2.373010,-0.427301,-0.362577,-5.244342
2160,R_foot_roll,0.038447,0.003845,0.011726,-0.406909
2170,L_hip_roll,0.793949,0.119092,-0.016918,26.779915
2170,L_hip_yaw,0.185616,0.046404,0.017108,3.518409
2170,L_hip_pitch,-0.051525,-0.142881,-0.087178,-7.207227
2170,L_knee,0.590328,-0.172418,-0.240863,12.101358
2170,L_foot_pitch,-0.738369,0.116163,0.155864,-3.637937
2170,L_foot_roll,0.689321,0.068932,0.021173,4.147428
2170,R_hip_roll,0.122092,0.018314,0.026582,-0.814340
2170,R_hip_yaw,0.046366,0.011592,0.016784,-0.526323
2170,R_hip_pitch,0.944259,0.366065,0.405670,-4.444830
2170,R_knee,1.074084,0.588521,0.630850,-2.665777
2170,R_foot_pitch,-2.183436,-0.408344,-0.361747,-3.815984
2170,R_foot_roll,-0.022360,-0.002236,0.008484,-0.501540
2180,L_hip_roll,0.598213,0.089732,-0.015851,20.914367
2180,L_hip_yaw,0.170283,0.042571,0.017051,3.067407
2180,L_hip_pitch,0.024173,-0.123957,-0.081850,-5.568248
2180,L_knee,0.556494,-0.180877,-0.240195,10.553898
2180,L_foot_pitch,-0.965452,0.093455,0.160505,-5.761834
2180,L_foot_roll,0.447879,0.044788,0.019854,1.941406
2180,R_hip_roll,0.204848,0.030727,0.023653,2.355200
2180,R_hip_yaw,0.045156,0.011289,0.015340,-0.303306
2180,R_hip_pitch,0.924611,0.361153,0.400285,-4.041781
2180,R_knee,0.910134,0.547534,0.610102,-4.463311
2180,R_foot_pitch,-1.933152,-0.383315,-0.360641,-1.931694
2180,R_foot_roll,-0.118363,-0.011836,0.003511,-0.694096
2190,L_hip_roll,0.326913,0.049037,-0.015207,12.740407
2190,L_hip_yaw,0.150318,0.037580,0.016944,2.485870
2190,L_hip_pitch,0.146184,-0.093454,-0.076055,-2.675245
2190,L_knee,0.497848,-0.195538,-0.239203,7.562174
2190,L_foot_pitch,-1.251233,0.064877,0.165287,-8.524880
2190,L_foot_roll,0.165288,0.016529,0.018238,0.050374
2190,R_hip_roll,0.328462,0.049269,0.020644,6.653671
2190,R_hip_yaw,0.041140,0.010285,0.012703,0.031956
2190,R_hip_pitch,0.880401,0.350100,0.391025,-3.860705
2190,R_knee,0.680491,0.490123,0.582307,-7.607416
2190,R_foot_pitch,-1.622774,-0.352277,-0.359173,0.395650
2190,R_foot_roll,-0.274913,-0.027491,-0.003989,-1.076085
2200,L_hip_roll,-0.057070,-0.008561,-0.015158,1.464850
2200,L_hip_yaw,0.128324,0.032081,0.016781,1.851366
2200,L_hip_pitch,0.268969,-0.062758,-0.069287,0.093451
2200,L_knee,0.427606,-0.213099,-0.237401,3.842601
2200,L_foot_pitch,-1.554191,0.034581,0.169758,-11.197465
2200,L_foot_roll,-0.163573,-0.016357,0.016868,-2.658956
2200,R_hip_roll,0.508543,0.076281,0.017850,12.535862
2200,R_hip_yaw,0.029316,0.007329,0.008204,0.427648
2200,R_hip_pitch,0.813564,0.333391,0.376798,-3.617905
2200,R_knee,0.390581,0.417645,0.545086,-10.858628
2200,R_foot_pitch,-1.239561,-0.313956,-0.355147,2.818753
2200,R_foot_roll,-0.524524,-0.052452,-0.015571,-1.699365
2210,L_hip_roll,-0.548427,-0.082264,-0.015909,-12.858256
2210,L_hip_yaw,0.117641,0.029410,0.016502,1.575400
2210,L_hip_pitch,0.360293,-0.039927,-0.061364,1.763395
2210,L_knee,0.334915,-0.236271,-0.235014,-0.911768
2210,L_foot_pitch,-1.775255,0.012475,0.174321,-13.350651
2210,L_foot_roll,-0.490419,-0.049042,0.015355,-5.110114
2210,R_hip_roll,0.680852,0.102128,0.015628,17.933567
2210,R_hip_yaw,0.023826,0.005957,0.000816,1.475981
2210,R_hip_pitch,0.643995,0.290999,0.356329,-5.605702
2210,R_knee,0.035372,0.328843,0.495198,-13.847525
2210,R_foot_pitch,-0.818279,-0.271828,-0.340035,3.489648
2210,R_foot_roll,-0.911426,-0.091143,-0.033794,-2.613816
2220,L_hip_roll,-0.959844,-0.143977,-0.017817,-24.447543
2220,L_hip_yaw,0.090624,0.022656,0.015979,0.857486
2220,L_hip_pitch,0.389846,-0.032538,-0.052548,1.512144
2220,L_knee,0.261247,-0.254688,-0.233064,-4.279956
2220,L_foot_pitch,-1.814949,0.008505,0.179443,-14.266090
2220,L_foot_roll,-0.670153,-0.067015,0.013814,-6.295277
2220,R_hip_roll,0.792848,0.118927,0.014010,21.471010
2220,R_hip_yaw,0.053672,0.013418,-0.009222,3.772572
2220,R_hip_pitch,0.316203,0.209051,0.328099,-11.231402
2220,R_knee,-0.295185,0.246204,0.429395,-11.924942
2220,R_foot_pitch,-0.248623,-0.214862,-0.308740,4.010607
2220,R_foot_roll,-1.368819,-0.136882,-0.062006,-2.953028
2230,L_hip_roll,-0.819955,-0.122993,-0.018569,-20.704559
2230,L_hip_yaw,0.028295,0.007074,0.015638,-0.969710
2230,L_hip_pitch,0.054261,-0.116435,-0.043357,-9.725129
2230,L_knee,0.230170,-0.262458,-0.232480,-5.316653
2230,L_foot_pitch,-1.048646,0.085135,0.183627,-8.270553
2230,L_foot_roll,-0.319291,-0.031929,0.011110,-3.218613
2230,R_hip_roll,0.238859,0.035829,0.013252,4.541733
2230,R_hip_yaw,0.176728,0.044182,-0.010675,6.678776
2230,R_hip_pitch,0.135973,0.163993,0.301908,-13.634954
2230,R_knee,-0.437507,0.210623,0.381769,-15.656535
2230,R_foot_pitch,0.134221,-0.176578,-0.199239,-9.034783
2230,R_foot_roll,-1.903238,-0.190324,-0.065951,-8.879518
2240,L_hip_roll,-0.423544,-0.063532,-0.019065,-8.741150
2240,L_hip_yaw,-0.032050,-0.008013,0.014564,-2.581547
2240,L_hip_pitch,-0.236269,-0.189067,-0.037505,-18.505564
2240,L_knee,0.064674,-0.303831,-0.239044,-8.402763
2240,L_foot_pitch,0.108164,0.200816,0.187979,0.570871
2240,L_foot_roll,0.486555,0.048655,0.009548,3.285729
2240,R_hip_roll,-0.505020,-0.075753,0.014004,-18.278622
2240,R_hip_yaw,0.247801,0.061950,-0.011925,9.051732
2240,R_hip_pitch,0.194823,0.178706,0.271802,-8.232538
2240,R_knee,-0.385199,0.223700,0.330305,-4.502730
2240,R_foot_pitch,0.457262,-0.144274,-0.092286,-14.038786
2240,R_foot_roll,-1.902292,-0.190229,-0.085844,-5.938103
2250,L_hip_roll,-0.223088,-0.033463,-0.019481,-3.102062
2250,L_hip_yaw,-0.083470,-0.020867,0.010388,-3.069979
2250,L_hip_pitch,-0.258244,-0.194561,-0.043596,-16.892420
2250,L_knee,-0.071958,-0.337989,-0.263069,-4.207819
2250,L_foot_pitch,0.713460,0.261346,0.197150,4.318633
2250,L_foot_roll,0.813951,0.081395,0.019434,3.341393
2250,R_hip_roll,-0.711462,-0.106719,0.014206,-24.143920
2250,R_hip_yaw,0.087234,0.021808,-0.013386,4.195782
2250,R_hip_pitch,0.016303,0.134076,0.252159,-13.205688
2250,R_knee,-0.439130,0.210217,0.300407,-13.457403
2250,R_foot_pitch,0.795265,-0.110473,-0.039848,-5.559604
2250,R_foot_roll,-1.540793,-0.154079,-0.087278,-8.071750
2260,L_hip_roll,-0.151101,-0.022665,-0.018449,-1.200115
2260,L_hip_yaw,-0.064840,-0.016210,-0.001979,-0.165121
2260,L_hip_pitch,-0.202487,-0.180622,-0.060720,-12.452994
2260,L_knee,-0.192435,-0.368109,-0.302098,0.595338
2260,L_foot_pitch,1.026945,0.292695,0.217878,3.404095
2260,L_foot_roll,0.972701,0.097270,0.045771,1.135384
2260,R_hip_roll,-0.973809,-0.146071,0.014406,-32.279241
2260,R_hip_yaw,-0.006720,-0.001680,-0.013824,1.530391
2260,R_hip_pitch,-0.036912,0.120772,0.241935,-13.498053
2260,R_knee,-0.389266,0.222684,0.288765,-8.048710
2260,R_foot_pitch,1.087493,-0.081251,-0.039308,-3.481451
2260,R_foot_roll,-1.354015,-0.135402,-0.057707,-9.166216
2270,L_hip_roll,-0.034878,-0.005232,-0.017312,2.063622
2270,L_hip_yaw,-0.085029,-0.021257,-0.016293,0.664760
2270,L_hip_pitch,-0.157238,-0.169310,-0.081217,-8.558303
2270,L_knee,-0.290469,-0.392617,-0.344706,3.491745
2270,L_foot_pitch,1.125923,0.302592,0.250546,0.811127
2270,L_foot_roll,0.950137,0.095014,0.076651,-1.384032
2270,R_hip_roll,-1.171585,-0.175738,0.014898,-38.285882
2270,R_hip_yaw,-0.080758,-0.020190,-0.014886,-0.525291
2270,R_hip_pitch,-0.000273,0.129932,0.231425,-11.145519
2270,R_knee,-0.455006,0.206248,0.275665,-8.684724
2270,R_foot_pitch,1.246520,-0.065348,-0.037803,-2.338367
2270,R_foot_roll,-1.202192,-0.120219,-0.026878,-10.485442
2280,L_hip_roll,-0.164825,-0.024724,-0.014235,-3.150270
2280,L_hip_yaw,-0.111185,-0.027796,-0.026204,0.589556
2280,L_hip_pitch,-0.083136,-0.150784,-0.100630,-4.241017
2280,L_knee,-0.351877,-0.407969,-0.381199,4.683080
2280,L_foot_pitch,1.205024,0.310502,0.281250,-0.275090
2280,L_foot_roll,0.910895,0.091090,0.097122,-1.873744
2280,R_hip_roll,-1.188645,-0.178297,0.019070,-40.850870
2280,R_hip_yaw,-0.099097,-0.024774,-0.015419,-1.073552
2280,R_hip_pitch,0.148444,0.167111,0.224602,-6.239633
2280,R_knee,-0.599444,0.170139,0.268541,-15.795455
2280,R_foot_pitch,1.141141,-0.075886,-0.038993,-2.867927
2280,R_foot_roll,-1.172698,-0.117270,-0.026621,-7.097434
2290,L_hip_roll,-0.256065,-0.038410,-0.011122,-6.259580
2290,L_hip_yaw,-0.112954,-0.028238,-0.032931,1.109478
2290,L_hip_pitch,-0.114481,-0.158620,-0.115969,-3.809232
2290,L_knee,-0.397196,-0.419299,-0.406694,3.697498
2290,L_foot_pitch,1.293486,0.319349,0.301918,-0.146810
2290,L_foot_roll,0.887063,0.088706,0.103365,-1.283580
2290,R_hip_roll,-1.107837,-0.166176,0.023280,-39.037816
2290,R_hip_yaw,-0.087620,-0.021905,-0.015893,-0.681085
2290,R_hip_pitch,0.168689,0.172172,0.216621,-4.442988
2290,R_knee,-0.647804,0.158049,0.260266,-15.578150
2290,R_foot_pitch,1.076970,-0.082303,-0.039159,-3.470391
2290,R_foot_roll,-1.178535,-0.117853,-0.028081,-7.039421
2300,L_hip_roll,-0.188734,-0.028310,-0.009209,-4.177392
2300,L_hip_yaw,-0.122385,-0.030596,-0.036396,0.874419
2300,L_hip_pitch,-0.140398,-0.165099,-0.127343,-3.542702
2300,L_knee,-0.413543,-0.423386,-0.421914,3.097443
2300,L_foot_pitch,1.317434,0.321743,0.313569,-0.175677
2300,L_foot_roll,0.781113,0.078111,0.100450,-1.285851
2300,R_hip_roll,-1.053168,-0.157975,0.026589,-37.759432
2300,R_hip_yaw,-0.092176,-0.023044,-0.016213,-0.797519
2300,R_hip_pitch,0.089052,0.152263,0.206936,-5.551561
2300,R_knee,-0.646674,0.158332,0.249723,-13.127125
2300,R_foot_pitch,1.213840,-0.068616,-0.038545,-2.486306
2300,R_foot_roll,-1.075279,-0.107528,-0.029416,-6.127406
2310,L_hip_roll,-0.071127,-0.010669,-0.008570,-0.448537
2310,L_hip_yaw,-0.119605,-0.029901,-0.036845,0.773664
2310,L_hip_pitch,-0.206943,-0.181736,-0.135786,-4.781265
2310,L_knee,-0.440474,-0.430119,-0.429442,1.268589
2310,L_foot_pitch,1.382768,0.328277,0.318933,0.433545
2310,L_foot_roll,0.687721,0.068772,0.091821,-0.849341
2310,R_hip_roll,-1.108290,-0.166243,0.029027,-39.677216
2310,R_hip_yaw,-0.023730,-0.005933,-0.016432,1.279919
2310,R_hip_pitch,0.015604,0.133901,0.196108,-6.350115
2310,R_knee,-0.636906,0.160773,0.237738,-10.172148
2310,R_foot_pitch,1.408523,-0.049148,-0.037372,-1.066000
2310,R_foot_roll,-1.062964,-0.106296,-0.030410,-5.980896
2320,L_hip_roll,-0.033047,-0.004957,-0.008805,0.947466
2320,L_hip_yaw,-0.112354,-0.028089,-0.034934,0.547219
2320,L_hip_pitch,-0.253869,-0.193467,-0.142874,-5.384822
2320,L_knee,-0.487325,-0.441831,-0.432937,-0.862536
2320,L_foot_pitch,1.365822,0.326582,0.321921,0.109616
2320,L_foot_roll,0.564346,0.056435,0.079989,-0.703595
2320,R_hip_roll,-1.211477,-0.181722,0.030812,-42.957256
2320,R_hip_yaw,-0.043922,-0.010980,-0.016484,0.652726
2320,R_hip_pitch,0.010564,0.132641,0.184840,-5.152079
2320,R_knee,-0.697253,0.145687,0.225249,-10.646209
2320,R_foot_pitch,1.402474,-0.049753,-0.035971,-1.234294
2320,R_foot_roll,-1.122588,-0.112259,-0.031151,-6.422772
2330,L_hip_roll,0.042462,0.006369,-0.009750,3.597127
2330,L_hip_yaw,-0.098176,-0.024544,-0.031471,0.454315
2330,L_hip_pitch,-0.188624,-0.177156,-0.150690,-2.336162
2330,L_knee,-0.524941,-0.451235,-0.436386,-1.534085
2330,L_foot_pitch,1.404835,0.330483,0.323738,0.432468
2330,L_foot_roll,0.470630,0.047063,0.066881,-0.322551
2330,R_hip_roll,-1.340245,-0.201037,0.031937,-46.859425
2330,R_hip_yaw,-0.068706,-0.017177,-0.016357,-0.092657
2330,R_hip_pitch,0.045681,0.141420,0.173735,-2.812205
2330,R_knee,-0.737660,0.135585,0.212652,-10.224286
2330,R_foot_pitch,1.346608,-0.055339,-0.034885,-1.827527
2330,R_foot_roll,-1.253305,-0.125330,-0.031906,-7.457283
2340,L_hip_roll,0.087445,0.013117,-0.011321,5.461172
2340,L_hip_yaw,-0.088126,-0.022031,-0.027304,0.219761
2340,L_hip_pitch,-0.231360,-0.187840,-0.159424,-2.528673
2340,L_knee,-0.562499,-0.460625,-0.440607,-2.355453
2340,L_foot_pitch,1.515858,0.341586,0.325286,1.137915
2340,L_foot_roll,0.374747,0.037475,0.054204,-0.190146
2340,R_hip_roll,-1.339526,-0.200929,0.032420,-46.700924
2340,R_hip_yaw,-0.072896,-0.018224,-0.016318,-0.237074
2340,R_hip_pitch,-0.042299,0.119425,0.163489,-4.308606
2340,R_knee,-0.710459,0.142385,0.201064,-7.303948
2340,R_foot_pitch,1.445262,-0.045474,-0.033459,-1.069193
2340,R_foot_roll,-1.286559,-0.128656,-0.032137,-7.709621
2350,L_hip_roll,0.084318,0.012648,-0.013392,5.880259
2350,L_hip_yaw,-0.084424,-0.021106,-0.023298,-0.096369
2350,L_hip_pitch,-0.308850,-0.207213,-0.168765,-3.666041
2350,L_knee,-0.591301,-0.467825,-0.446054,-2.168593
2350,L_foot_pitch,1.511530,0.341153,0.329790,0.328845
2350,L_foot_roll,0.350091,0.035009,0.042864,0.387419
2350,R_hip_roll,-1.428653,-0.214298,0.032202,-49.146885
2350,R_hip_yaw,-0.064548,-0.016137,-0.016266,0.009749
2350,R_hip_pitch,-0.090768,0.107308,0.154250,-4.762557
2350,R_knee,-0.690368,0.147408,0.191253,-5.263083
2350,R_foot_pitch,1.465430,-0.043457,-0.032873,-0.855853
2350,R_foot_roll,-1.338820,-0.133882,-0.032143,-8.149793
2360,L_hip_roll,0.154434,0.023165,-0.015958,8.671624
2360,L_hip_yaw,-0.062871,-0.015718,-0.020467,0.367597
2360,L_hip_pitch,-0.339224,-0.214806,-0.178996,-3.248647
2360,L_knee,-0.645011,-0.481253,-0.453090,-2.880767
2360,L_foot_pitch,1.502405,0.340241,0.335400,-0.102395
2360,L_foot_roll,0.293626,0.029363,0.034743,0.182196
2360,R_hip_roll,-1.394342,-0.209151,0.031210,-47.655792
2360,R_hip_yaw,-0.088658,-0.022165,-0.016255,-0.709659
2360,R_hip_pitch,-0.029790,0.122552,0.146628,-2.211259
2360,R_knee,-0.762363,0.129409,0.184320,-8.255869
2360,R_foot_pitch,1.369111,-0.053089,-0.033587,-1.421914
2360,R_foot_roll,-1.352846,-0.135285,-0.031876,-8.313912
2370,L_hip_roll,0.112972,0.016946,-0.018575,7.843885
2370,L_hip_yaw,-0.041141,-0.010285,-0.018351,0.773257
2370,L_hip_pitch,-0.351221,-0.217805,-0.190528,-2.079921
2370,L_knee,-0.670779,-0.487695,-0.461989,-1.827168
2370,L_foot_pitch,1.605762,0.350576,0.338956,0.701826
2370,L_foot_roll,0.207206,0.020721,0.029348,-0.245381
2370,R_hip_roll,-1.385824,-0.207874,0.029706,-47.028966
2370,R_hip_yaw,-0.101406,-0.025351,-0.016356,-1.065215
2370,R_hip_pitch,-0.035459,0.121135,0.140384,-1.726203
2370,R_knee,-0.813933,0.116517,0.179515,-10.068849
2370,R_foot_pitch,1.246180,-0.065382,-0.035207,-2.229524
2370,R_foot_roll,-1.385149,-0.138515,-0.031400,-8.625128
2380,L_hip_roll,0.150629,0.022594,-0.020810,9.304643
2380,L_hip_yaw,-0.034278,-0.008569,-0.015706,0.567277
2380,L_hip_pitch,-0.399978,-0.229994,-0.202520,-2.127989
2380,L_knee,-0.710637,-0.497659,-0.471536,-1.999121
2380,L_foot_pitch,1.718258,0.361826,0.342503,1.151922
2380,L_foot_roll,0.075040,0.007504,0.024038,-0.789869
2380,R_hip_roll,-1.358785,-0.203818,0.028017,-45.833550
2380,R_hip_yaw,-0.085139,-0.021285,-0.016578,-0.539695
2380,R_hip_pitch,-0.033847,0.121538,0.134330,-0.916547
2380,R_knee,-0.805578,0.118606,0.174998,-8.772917
2380,R_foot_pitch,1.097913,-0.080209,-0.036967,-3.284244
2380,R_foot_roll,-1.398292,-0.139829,-0.030788,-8.792499
2390,L_hip_roll,0.188232,0.028235,-0.022478,10.556610
2390,L_hip_yaw,-0.044671,-0.011168,-0.012798,-0.071638
2390,L_hip_pitch,-0.428166,-0.237042,-0.214433,-1.541298
2390,L_knee,-0.740599,-0.505150,-0.481052,-1.595818
2390,L_foot_pitch,1.680149,0.358015,0.349081,-0.041234
2390,L_foot_roll,-0.048087,-0.004809,0.015850,-0.741932
2390,R_hip_roll,-1.371757,-0.205764,0.026225,-45.845834
2390,R_hip_yaw,-0.090269,-0.022567,-0.016819,-0.669203
2390,R_hip_pitch,-0.023808,0.124048,0.128622,-0.012259
2390,R_knee,-0.792643,0.121839,0.171195,-7.937824
2390,R_foot_pitch,1.078515,-0.082149,-0.039088,-3.204978
2390,R_foot_roll,-1.341076,-0.134108,-0.030084,-8.400186
2400,L_hip_roll,0.131679,0.019752,-0.023376,8.787486
2400,L_hip_yaw,-0.049176,-0.012294,-0.011549,-0.104392
2400,L_hip_pitch,-0.439514,-0.239879,-0.226163,-0.503845
2400,L_knee,-0.776959,-0.514240,-0.489865,-1.992295
2400,L_foot_pitch,1.692425,0.359243,0.354043,0.149557
2400,L_foot_roll,-0.110323,-0.011032,0.004278,-0.034782
2400,R_hip_roll,-1.422594,-0.213389,0.024314,-46.948121
2400,R_hip_yaw,-0.104467,-0.026117,-0.017014,-1.076631
2400,R_hip_pitch,-0.019673,0.125082,0.124047,0.528173
2400,R_knee,-0.807532,0.118117,0.169340,-8.952093
2400,R_foot_pitch,1.026496,-0.087350,-0.042028,-3.289889
2400,R_foot_roll,-1.365320,-0.136532,-0.029171,-8.686852
2410,L_hip_roll,0.097342,0.014601,-0.023681,7.697119
2410,L_hip_yaw,-0.045493,-0.011373,-0.012589,0.328058
2410,L_hip_pitch,-0.453085,-0.243271,-0.237343,0.358618
2410,L_knee,-0.807092,-0.521773,-0.497485,-2.310485
2410,L_foot_pitch,1.688880,0.358888,0.355135,0.284481
2410,L_foot_roll,-0.148384,-0.014838,-0.007129,0.380640
2410,R_hip_roll,-1.392772,-0.208916,0.022158,-45.523319
2410,R_hip_yaw,-0.123477,-0.030869,-0.017201,-1.622428
2410,R_hip_pitch,0.010577,0.132644,0.120442,1.800355
2410,R_knee,-0.832457,0.111886,0.169340,-10.529019
2410,R_foot_pitch,0.924735,-0.097527,-0.045810,-3.728582
2410,R_foot_roll,-1.356958,-0.135696,-0.028086,-8.726035
2420,L_hip_roll,0.088415,0.013262,-0.023647,7.335661
2420,L_hip_yaw,-0.045771,-0.011443,-0.014560,0.570614
2420,L_hip_pitch,-0.449658,-0.242415,-0.247718,1.622002
2420,L_knee,-0.818889,-0.524722,-0.504083,-1.925236
2420,L_foot_pitch,1.645760,0.354576,0.354731,0.058527
2420,L_foot_roll,-0.178360,-0.017836,-0.015178,0.396556
2420,R_hip_roll,-1.328980,-0.199347,0.019728,-43.054063
2420,R_hip_yaw,-0.142673,-0.035668,-0.017429,-2.164858
2420,R_hip_pitch,0.048101,0.142025,0.117226,3.295581
2420,R_knee,-0.825734,0.113567,0.170398,-10.625614
2420,R_foot_pitch,0.851911,-0.104809,-0.050143,-3.924282
2420,R_foot_roll,-1.310060,-0.131006,-0.026832,-8.467296
2430,L_hip_roll,0.042599,0.006390,-0.023320,5.802492
2430,L_hip_yaw,-0.044978,-0.011245,-0.016279,0.748667
2430,L_hip_pitch,-0.461073,-0.245268,-0.256899,2.242089
2430,L_knee,-0.817770,-0.524443,-0.509176,-1.504364
2430,L_foot_pitch,1.574680,0.347468,0.353775,-0.400154
2430,L_foot_roll,-0.192898,-0.019290,-0.019626,0.328682
2430,R_hip_roll,-1.293799,-0.194070,0.017102,-41.426245
2430,R_hip_yaw,-0.153480,-0.038370,-0.017669,-2.461543
2430,R_hip_pitch,0.069483,0.147371,0.114353,4.235788
2430,R_knee,-0.811706,0.117073,0.172495,-10.746878
2430,R_foot_pitch,0.793589,-0.110641,-0.055031,-3.934799
2430,R_foot_roll,-1.273142,-0.127314,-0.025415,-8.300665
2440,L_hip_roll,0.004905,0.000736,-0.022837,4.557910
2440,L_hip_yaw,-0.045136,-0.011284,-0.017127,0.740318
2440,L_hip_pitch,-0.479888,-0.249972,-0.264493,2.423668
2440,L_knee,-0.807349,-0.521837,-0.511951,-1.283182
2440,L_foot_pitch,1.505409,0.340541,0.351034,-0.484375
2440,L_foot_roll,-0.213283,-0.021328,-0.021434,0.102897
2440,R_hip_roll,-1.239926,-0.185989,0.014262,-39.168435
2440,R_hip_yaw,-0.155294,-0.038824,-0.017881,-2.493328
2440,R_hip_pitch,0.086742,0.151686,0.112066,4.961806
2440,R_knee,-0.794443,0.121389,0.176055,-11.083876
2440,R_foot_pitch,0.784179,-0.111582,-0.060661,-3.480477
2440,R_foot_roll,-1.216901,-0.121690,-0.023825,-7.995795
2450,L_hip_roll,-0.011186,-0.001678,-0.022311,3.957115
2450,L_hip_yaw,-0.046232,-0.011558,-0.016943,0.587141
2450,L_hip_pitch,-0.481300,-0.250325,-0.270445,2.938713
2450,L_knee,-0.787674,-0.516918,-0.512177,-1.088432
2450,L_foot_pitch,1.445868,0.334587,0.345748,-0.305388
2450,L_foot_roll,-0.241802,-0.024180,-0.022071,-0.128935
2450,R_hip_roll,-1.133073,-0.169961,0.011207,-35.298542
2450,R_hip_yaw,-0.151418,-0.037854,-0.018057,-2.359051
2450,R_hip_pitch,0.115313,0.158828,0.110441,5.949149
2450,R_knee,-0.780478,0.124881,0.181104,-11.780788
2450,R_foot_pitch,0.772688,-0.112731,-0.067020,-2.996121
2450,R_foot_roll,-1.136463,-0.113646,-0.022046,-7.512458
2460,L_hip_roll,-0.089066,-0.013360,-0.021564,1.363304
2460,L_hip_yaw,-0.042479,-0.010620,-0.016061,0.546858
2460,L_hip_pitch,-0.497229,-0.254307,-0.274762,2.818041
2460,L_knee,-0.764609,-0.511152,-0.509883,-1.193061
2460,L_foot_pitch,1.372452,0.327245,0.338962,-0.266841
2460,L_foot_roll,-0.264959,-0.026496,-0.023038,-0.155256
2460,R_hip_roll,-1.065060,-0.159759,0.008134,-32.677275
2460,R_hip_yaw,-0.149768,-0.037442,-0.018161,-2.306427
2460,R_hip_pitch,0.131240,0.162810,0.109344,6.514082
2460,R_knee,-0.763798,0.129050,0.187257,-12.401181
2460,R_foot_pitch,0.749277,-0.115072,-0.073915,-2.589511
2460,R_foot_roll,-1.073585,-0.107359,-0.020129,-7.173273
2470,L_hip_roll,-0.125871,-0.018881,-0.020614,0.043393
2470,L_hip_yaw,-0.038104,-0.009526,-0.014421,0.388984
2470,L_hip_pitch,-0.486443,-0.251611,-0.277658,3.366078
2470,L_knee,-0.723356,-0.500839,-0.505453,-0.679940
2470,L_foot_pitch,1.240256,0.314026,0.331569,-0.693002
2470,L_foot_roll,-0.270615,-0.027062,-0.024630,-0.027758
2470,R_hip_roll,-0.985777,-0.147867,0.005170,-29.740320
2470,R_hip_yaw,-0.156475,-0.039119,-0.018194,-2.508508
2470,R_hip_pitch,0.144397,0.166099,0.108683,6.944891
2470,R_knee,-0.723631,0.139092,0.194162,-12.031103
2470,R_foot_pitch,0.719673,-0.118033,-0.081166,-2.216584
2470,R_foot_roll,-0.975560,-0.097556,-0.018103,-6.562349
2480,L_hip_roll,-0.161564,-0.024235,-0.019640,-1.220445
2480,L_hip_yaw,-0.029555,-0.007389,-0.012022,0.297990
2480,L_hip_pitch,-0.508597,-0.257149,-0.279112,2.723647
2480,L_knee,-0.673072,-0.488268,-0.498694,-0.388586
2480,L_foot_pitch,1.126916,0.302692,0.322435,-0.629369
2480,L_foot_roll,-0.249214,-0.024921,-0.026101,0.216161
2480,R_hip_roll,-0.936200,-0.140430,0.002321,-27.721470
2480,R_hip_yaw,-0.155118,-0.038780,-0.018179,-2.473582
2480,R_hip_pitch,0.134573,0.163643,0.108586,6.597122
2480,R_knee,-0.660247,0.154938,0.201983,-10.910709
2480,R_foot_pitch,0.734510,-0.116549,-0.088843,-1.433241
2480,R_foot_roll,-0.867657,-0.086766,-0.015955,-5.882708
2490,L_hip_roll,-0.213398,-0.032010,-0.018782,-2.893549
2490,L_hip_yaw,-0.022555,-0.005639,-0.009000,0.086565
2490,L_hip_pitch,-0.508672,-0.257168,-0.279251,2.627309
2490,L_knee,-0.597376,-0.469344,-0.489623,0.771238
2490,L_foot_pitch,1.000279,0.290028,0.311289,-0.593161
2490,L_foot_roll,-0.214141,-0.021414,-0.026280,0.344662
2490,R_hip_roll,-0.830111,-0.124517,-0.000429,-24.016596
2490,R_hip_yaw,-0.146898,-0.036724,-0.018141,-2.231186
2490,R_hip_pitch,0.134247,0.163562,0.109442,6.369481
2490,R_knee,-0.613636,0.166591,0.211310,-11.021688
2490,R_foot_pitch,0.770592,-0.112941,-0.097188,-0.399690
2490,R_foot_roll,-0.731603,-0.073160,-0.013662,-4.992055
2500,L_hip_roll,-0.281850,-0.042278,-0.018092,-5.042712
2500,L_hip_yaw,-0.013428,-0.003357,-0.005544,-0.084601
2500,L_hip_pitch,-0.502530,-0.255633,-0.277937,2.493435
2500,L_knee,-0.497786,-0.444447,-0.477732,2.161135
2500,L_foot_pitch,0.829345,0.272935,0.298673,-0.829324
2500,L_foot_roll,-0.153671,-0.015367,-0.024413,0.472067
2500,R_hip_roll,-0.678412,-0.101762,-0.003013,-19.020228
2500,R_hip_yaw,-0.139956,-0.034989,-0.018088,-2.031451
2500,R_hip_pitch,0.125090,0.161272,0.111210,5.808826
2500,R_knee,-0.552694,0.181827,0.222023,-10.537494
2500,R_foot_pitch,0.825153,-0.107485,-0.106137,0.800990
2500,R_foot_roll,-0.543968,-0.054397,-0.011228,-3.697738
2510,L_hip_roll,-0.402928,-0.060439,-0.017576,-8.741245
2510,L_hip_yaw,-0.004446,-0.001112,-0.001746,-0.308628
2510,L_hip_pitch,-0.507592,-0.256898,-0.274651,1.736763
2510,L_knee,-0.361517,-0.410379,-0.461761,4.083099
2510,L_foot_pitch,0.643341,0.254334,0.284018,-0.914066
2510,L_foot_roll,-0.057218,-0.005722,-0.020102,0.656571
2510,R_hip_roll,-0.526928,-0.079039,-0.005297,-14.145479
2510,R_hip_yaw,-0.123709,-0.030927,-0.017979,-1.562057
2510,R_hip_pitch,0.101286,0.155322,0.113534,4.759621
2510,R_knee,-0.482074,0.199482,0.233579,-9.692887
2510,R_foot_pitch,0.905766,-0.099423,-0.115615,2.231299
2510,R_foot_roll,-0.334993,-0.033499,-0.008721,-2.240080
2520,L_hip_roll,-0.435586,-0.065338,-0.017408,-9.609591
2520,L_hip_yaw,0.006518,0.001629,0.002642,-0.577724
2520,L_hip_pitch,-0.495066,-0.253766,-0.268868,1.159612
2520,L_knee,-0.192599,-0.368150,-0.440242,6.026471
2520,L_foot_pitch,0.432245,0.233225,0.266680,-0.957040
2520,L_foot_roll,0.071246,0.007125,-0.012695,0.773977
2520,R_hip_roll,-0.296608,-0.044491,-0.007163,-6.980747
2520,R_hip_yaw,-0.105482,-0.026370,-0.017814,-1.042344
2520,R_hip_pitch,0.071505,0.147876,0.116308,3.486496
2520,R_knee,-0.395311,0.221172,0.245837,-8.209755
2520,R_foot_pitch,1.019670,-0.088033,-0.125376,3.941591
2520,R_foot_roll,-0.067556,-0.006756,-0.006302,-0.331525
2530,L_hip_roll,-0.544506,-0.081676,-0.017402,-12.910111
2530,L_hip_yaw,0.015943,0.003986,0.007406,-0.880180
2530,L_hip_pitch,-0.436383,-0.239096,-0.260104,1.565104
2530,L_knee,0.024648,-0.313838,-0.411747,8.503722
2530,L_foot_pitch,0.220446,0.212045,0.246585,-0.794314
2530,L_foot_roll,0.262015,0.026201,-0.002026,1.146676
2530,R_hip_roll,-0.025262,-0.003789,-0.008317,1.108711
2530,R_hip_yaw,-0.098162,-0.024541,-0.017509,-0.876987
2530,R_hip_pitch,0.033228,0.138307,0.119493,1.914334
2530,R_knee,-0.291008,0.247248,0.258705,-6.004271
2530,R_foot_pitch,1.198993,-0.070101,-0.135321,6.198976
2530,R_foot_roll,0.291738,0.029174,-0.003926,2.343005
2540,L_hip_roll,-0.523456,-0.078518,-0.017287,-12.299794
2540,L_hip_yaw,0.015701,0.003925,0.012353,-1.500643
2540,L_hip_pitch,-0.247426,-0.191856,-0.247379,5.276082
2540,L_knee,0.276744,-0.250814,-0.374220,10.214269
2540,L_foot_pitch,0.021362,0.192136,0.224345,-0.457789
2540,L_foot_roll,0.548961,0.054896,0.012863,1.796420
2540,R_hip_roll,0.372872,0.055931,-0.008370,12.673746
2540,R_hip_yaw,-0.123096,-0.030774,-0.016954,-1.714395
2540,R_hip_pitch,-0.010510,0.127372,0.122949,0.212640
2540,R_knee,-0.175606,0.276098,0.272209,-3.210019
2540,R_foot_pitch,1.330983,-0.056902,-0.145605,8.095957
2540,R_foot_roll,0.721518,0.072152,-0.001623,5.888044
2550,L_hip_roll,-0.405517,-0.060828,-0.016694,-9.051384
2550,L_hip_yaw,-0.023206,-0.005802,0.014666,-2.565951
2550,L_hip_pitch,-0.110612,-0.157653,-0.232220,7.457250
2550,L_knee,0.489839,-0.197540,-0.339559,17.267582
2550,L_foot_pitch,0.094593,0.199459,0.173059,9.019345
2550,L_foot_roll,0.829707,0.082971,0.021136,4.838629
2550,R_hip_roll,0.518077,0.077712,-0.007696,16.893613
2550,R_hip_yaw,-0.114957,-0.028739,-0.016246,-1.563587
2550,R_hip_pitch,0.284559,0.201140,0.125262,9.003557
2550,R_knee,-0.197826,0.270543,0.284967,-5.997837
2550,R_foot_pitch,0.950652,-0.094935,-0.155778,5.826454
2550,R_foot_roll,0.891707,0.089171,0.001041,6.899973
2560,L_hip_roll,0.399108,0.059866,-0.016013,14.968305
2560,L_hip_yaw,-0.125470,-0.031367,0.016176,-5.874392
2560,L_hip_pitch,-0.226951,-0.186738,-0.214945,1.601163
2560,L_knee,0.597229,-0.170693,-0.308426,15.424302
2560,L_foot_pitch,0.135220,0.203522,0.104372,14.328405
2560,L_foot_roll,0.852772,0.085277,0.021655,5.195849
2560,R_hip_roll,0.662436,0.099365,-0.007468,21.372557
2560,R_hip_yaw,-0.088454,-0.022113,-0.015263,-0.931937
2560,R_hip_pitch,0.348105,0.217026,0.126652,10.702535
2560,R_knee,0.044298,0.331075,0.297121,2.475203
2560,R_foot_pitch,0.076440,-0.182356,-0.165820,-0.322241
2560,R_foot_roll,0.711453,0.071145,0.006361,4.464684
2570,L_hip_roll,0.902337,0.135351,-0.016768,30.897968
2570,L_hip_yaw,-0.093074,-0.023268,0.015869,-4.266058
2570,L_hip_pitch,0.193519,-0.081620,-0.205758,14.357955
2570,L_knee,0.474033,-0.201492,-0.294984,15.082707
2570,L_foot_pitch,-0.147820,0.175218,0.086771,5.511425
2570,L_foot_roll,0.832612,0.083261,0.013149,6.238388
2570,R_hip_roll,0.559326,0.083899,-0.009525,19.561100
2570,R_hip_yaw,-0.069183,-0.017296,-0.016374,0.231446
2570,R_hip_pitch,0.432573,0.238143,0.132437,11.877330
2570,R_knee,0.311900,0.397975,0.313917,9.646545
2570,R_foot_pitch,-0.673571,-0.257357,-0.176125,-5.678895
2570,R_foot_roll,0.284827,0.028483,0.022102,-1.854336
2580,L_hip_roll,0.783911,0.117587,-0.020111,28.226219
2580,L_hip_yaw,-0.101927,-0.025482,0.015151,-4.873164
2580,L_hip_pitch,0.060000,-0.115000,-0.201515,9.800023
2580,L_knee,0.390188,-0.222453,-0.290236,10.148526
2580,L_foot_pitch,-0.406711,0.149329,0.087653,4.910458
2580,L_foot_roll,0.442357,0.044236,0.016315,2.659908
2580,R_hip_roll,0.089982,0.013497,-0.011566,5.142875
2580,R_hip_yaw,-0.009204,-0.002301,-0.020729,2.614845
2580,R_hip_pitch,0.388739,0.227185,0.145343,8.314570
2580,R_knee,0.290189,0.392547,0.343217,-1.437602
2580,R_foot_pitch,-1.175951,-0.307595,-0.202120,-5.030857
2580,R_foot_roll,-0.165395,-0.016540,0.035172,-4.676647
2590,L_hip_roll,0.841594,0.126239,-0.022976,30.511093
2590,L_hip_yaw,-0.008081,-0.002020,0.014743,-1.819418
2590,L_hip_pitch,0.112845,-0.101789,-0.196060,10.668141
2590,L_knee,0.403106,-0.219223,-0.284112,9.499194
2590,L_foot_pitch,-0.300612,0.159939,0.088112,5.105476
2590,L_foot_roll,0.414700,0.041470,0.018978,1.475135
2590,R_hip_roll,0.153553,0.023033,-0.011635,6.755862
2590,R_hip_yaw,0.010170,0.002543,-0.019593,2.152112
2590,R_hip_pitch,0.483641,0.250910,0.159820,9.616943
2590,R_knee,0.366650,0.411663,0.376373,-2.671841
2590,R_foot_pitch,-1.350201,-0.325020,-0.247567,-1.362501
2590,R_foot_roll,-0.131322,-0.013132,0.023168,-0.776228
2600,L_hip_roll,0.860922,0.129138,-0.025413,31.595628
2600,L_hip_yaw,-0.017756,-0.004439,0.014691,-2.306737
2600,L_hip_pitch,0.159287,-0.090178,-0.190285,11.431532
2600,L_knee,0.384435,-0.223891,-0.278348,8.180136
2600,L_foot_pitch,-0.228438,0.167156,0.088661,6.205245
2600,L_foot_roll,0.510989,0.051099,0.020779,2.084274
2600,R_hip_roll,0.099217,0.014883,-0.010633,4.661769
2600,R_hip_yaw,-0.011154,-0.002788,-0.010685,-0.163463
2600,R_hip_pitch,0.461145,0.245286,0.172489,7.565030
2600,R_knee,0.414991,0.423748,0.404057,-3.759473
2600,R_foot_pitch,-1.375717,-0.327572,-0.294025,1.425841
2600,R_foot_roll,-0.125268,-0.012527,0.000877,1.002527
2610,L_hip_roll,0.945719,0.141858,-0.027221,34.105396
2610,L_hip_yaw,-0.053178,-0.013295,0.014705,-3.237160
2610,L_hip_pitch,0.230904,-0.072274,-0.184052,12.679040
2610,L_knee,0.402010,-0.219497,-0.273290,7.873729
2610,L_foot_pitch,-0.411233,0.148877,0.090792,3.905513
2610,L_foot_roll,0.666671,0.066667,0.022666,3.224082
2610,R_hip_roll,0.051445,0.007717,-0.008627,2.458913
2610,R_hip_yaw,-0.011245,-0.002811,-0.000649,-1.127574
2610,R_hip_pitch,0.527447,0.261862,0.182677,8.632520
2610,R_knee,0.470315,0.437579,0.424369,-2.587113
2610,R_foot_pitch,-1.479219,-0.337922,-0.325093,1.185907
2610,R_foot_roll,-0.144960,-0.014496,-0.014686,1.114836
2620,L_hip_roll,1.063909,0.159586,-0.028572,37.919841
2620,L_hip_yaw,-0.049866,-0.012467,0.014857,-3.287418
2620,L_hip_pitch,0.127994,-0.098002,-0.176851,8.688587
2620,L_knee,0.453420,-0.206645,-0.268259,9.562336
2620,L_foot_pitch,-0.494531,0.140547,0.092301,3.624292
2620,L_foot_roll,0.652698,0.065270,0.023613,3.565887
2620,R_hip_roll,0.016138,0.002421,-0.005884,0.749053
2620,R_hip_yaw,0.002614,0.000654,0.005053,-0.860082
2620,R_hip_pitch,0.609695,0.282424,0.190638,10.301664
2620,R_knee,0.488625,0.442156,0.438750,-3.041677
2620,R_foot_pitch,-1.677183,-0.357718,-0.339894,-0.533503
2620,R_foot_roll,-0.182122,-0.018212,-0.020990,0.516595
2630,L_hip_roll,1.112530,0.166879,-0.029475,39.421830
2630,L_hip_yaw,-0.091042,-0.022760,0.014823,-4.509903
2630,L_hip_pitch,0.152745,-0.091814,-0.169265,8.574862
2630,L_knee,0.465259,-0.203685,-0.263112,9.329575
2630,L_foot_pitch,-0.347289,0.155271,0.094421,4.629866
2630,L_foot_roll,0.795245,0.079524,0.024768,4.638985
2630,R_hip_roll,-0.000166,-0.000025,-0.002469,-0.617807
2630,R_hip_yaw,0.013466,0.003366,0.006570,-0.399734
2630,R_hip_pitch,0.590160,0.277540,0.197995,8.812956
2630,R_knee,0.617095,0.474274,0.449660,1.627290
2630,R_foot_pitch,-1.853862,-0.375386,-0.348021,-1.504992
2630,R_foot_roll,-0.154900,-0.015490,-0.022069,0.509212
2640,L_hip_roll,1.178759,0.176814,-0.030033,41.315601
2640,L_hip_yaw,-0.093591,-0.023398,0.014646,-4.426191
2640,L_hip_pitch,0.266317,-0.063421,-0.162303,11.089660
2640,L_knee,0.426837,-0.213291,-0.258821,6.582421
2640,L_foot_pitch,-0.508077,0.139192,0.097028,2.514671
2640,L_foot_roll,0.869395,0.086939,0.026200,4.490669
2640,R_hip_roll,-0.005564,-0.000835,0.001420,-1.778003
2640,R_hip_yaw,0.014797,0.003699,0.005893,-0.164125
2640,R_hip_pitch,0.676518,0.299130,0.206684,10.161238
2640,R_knee,0.698932,0.494733,0.461204,2.359768
2640,R_foot_pitch,-2.083977,-0.398398,-0.354947,-3.049811
2640,R_foot_roll,-0.173846,-0.017385,-0.020204,-0.040749
2650,L_hip_roll,1.167412,0.175112,-0.030248,41.136489
2650,L_hip_yaw,-0.090681,-0.022670,0.014597,-4.466456
2650,L_hip_pitch,0.157053,-0.090737,-0.155905,7.193666
2650,L_knee,0.454492,-0.206377,-0.255571,7.999140
2650,L_foot_pitch,-0.424020,0.147598,0.099222,3.654522
2650,L_foot_roll,0.889016,0.088902,0.026561,4.739076
2650,R_hip_roll,-0.058602,-0.008790,0.005651,-4.194108
2650,R_hip_yaw,0.039964,0.009991,0.004488,0.798837
2650,R_hip_pitch,0.720885,0.310221,0.217711,9.926275
2650,R_knee,0.762061,0.510515,0.476234,1.350717
2650,R_foot_pitch,-2.227726,-0.412773,-0.357290,-4.322795
2650,R_foot_roll,-0.164853,-0.016485,-0.017913,-0.070212
2660,L_hip_roll,1.227616,0.184142,-0.030106,42.846504
2660,L_hip_yaw,-0.066825,-0.016706,0.014410,-3.718761
2660,L_hip_pitch,0.180476,-0.084881,-0.150322,7.371498
2660,L_knee,0.479010,-0.200248,-0.253527,9.266149
2660,L_foot_pitch,-0.238774,0.166123,0.102754,4.811697
2660,L_foot_roll,1.024735,0.102473,0.026870,5.824306
2660,R_hip_roll,-0.070071,-0.010511,0.009977,-5.345684
2660,R_hip_yaw,0.021293,0.005323,0.004950,-0.131571
2660,R_hip_pitch,0.814075,0.333519,0.231026,10.908867
2660,R_knee,0.884012,0.541003,0.494131,3.031924
2660,R_foot_pitch,-2.391538,-0.429154,-0.357844,-5.686958
2660,R_foot_roll,-0.097555,-0.009755,-0.016194,0.362663
2670,L_hip_roll,1.289028,0.193354,-0.030002,44.677443
2670,L_hip_yaw,-0.037036,-0.009259,0.014383,-2.838125
2670,L_hip_pitch,0.124494,-0.098877,-0.146059,5.256588
2670,L_knee,0.511297,-0.192176,-0.252976,10.810045
2670,L_foot_pitch,-0.195599,0.170440,0.106021,4.871424
2670,L_foot_roll,1.099567,0.109957,0.027410,6.325063
2670,R_hip_roll,-0.108543,-0.016281,0.013900,-7.167782
2670,R_hip_yaw,0.020513,0.005128,0.006656,-0.349390
2670,R_hip_pitch,0.828287,0.337072,0.247203,9.072102
2670,R_knee,0.983057,0.565764,0.515511,2.339290
2670,R_foot_pitch,-2.567202,-0.446720,-0.358009,-7.083272
2670,R_foot_roll,-0.113219,-0.011322,-0.013239,-0.200478
2680,L_hip_roll,1.390882,0.208632,-0.029846,47.588383
2680,L_hip_yaw,-0.046890,-0.011722,0.014450,-3.144616
2680,L_hip_pitch,0.128326,-0.097918,-0.142378,4.968310
2680,L_knee,0.514595,-0.191351,-0.252969,11.092176
2680,L_foot_pitch,-0.293809,0.160619,0.109852,3.650917
2680,L_foot_roll,1.254577,0.125458,0.027074,8.122795
2680,R_hip_roll,-0.065031,-0.009755,0.017345,-6.395313
2680,R_hip_yaw,0.041777,0.010444,0.008130,0.138788
2680,R_hip_pitch,0.833098,0.338275,0.265713,6.830580
2680,R_knee,1.098551,0.594638,0.539646,2.724443
2680,R_foot_pitch,-2.713474,-0.461347,-0.358346,-8.197589
2680,R_foot_roll,-0.111885,-0.011189,-0.010351,-0.289494
2690,L_hip_roll,1.351492,0.202724,-0.029472,46.335306
2690,L_hip_yaw,-0.023063,-0.005766,0.014351,-2.410360
2690,L_hip_pitch,0.085183,-0.108704,-0.138627,3.203220
2690,L_knee,0.565533,-0.178617,-0.252823,13.301752
2690,L_foot_pitch,-0.245776,0.165422,0.113899,3.831627
2690,L_foot_roll,1.314523,0.131452,0.027331,8.116435
2690,R_hip_roll,-0.038518,-0.005778,0.020467,-6.152476
2690,R_hip_yaw,0.060457,0.015114,0.010284,0.313235
2690,R_hip_pitch,0.935149,0.363787,0.285066,7.546016
2690,R_knee,1.163857,0.610964,0.564533,1.127375
2690,R_foot_pitch,-2.767986,-0.466799,-0.358991,-8.551332
2690,R_foot_roll,-0.047112,-0.004711,-0.008944,0.256536
2700,L_hip_roll,1.360763,0.204114,-0.028886,46.321433
2700,L_hip_yaw,0.022698,0.005674,0.014336,-1.033449
2700,L_hip_pitch,0.022886,-0.124278,-0.134498,0.775251
2700,L_knee,0.604580,-0.168855,-0.252109,14.599929
2700,L_foot_pitch,-0.024837,0.187516,0.117292,5.254797
2700,L_foot_roll,1.416416,0.141642,0.026688,9.546327
2700,R_hip_roll,-0.020488,-0.003073,0.023151,-6.001850
2700,R_hip_yaw,0.054328,0.013582,0.014139,-0.522226
2700,R_hip_pitch,0.930222,0.362555,0.304437,5.077052
2700,R_knee,1.249353,0.632338,0.588468,1.152993
2700,R_foot_pitch,-2.831120,-0.473112,-0.359787,-8.986719
2700,R_foot_roll,0.003312,0.000331,-0.006846,0.310778
2710,L_hip_roll,1.412618,0.211893,-0.028034,47.633185
2710,L_hip_yaw,0.064463,0.016116,0.014186,0.214460
2710,L_hip_pitch,-0.001568,-0.130392,-0.129785,-0.599221
2710,L_knee,0.593185,-0.171704,-0.250368,13.227253
2710,L_foot_pitch,-0.011600,0.188840,0.120637,5.642687
2710,L_foot_roll,1.479441,0.147944,0.026319,9.757286
2710,R_hip_roll,-0.109431,-0.016415,0.025480,-9.119728
2710,R_hip_yaw,0.064052,0.016013,0.018420,-0.685601
2710,R_hip_pitch,0.965278,0.371319,0.323225,3.963947
2710,R_knee,1.293242,0.643310,0.610099,-0.000780
2710,R_foot_pitch,-2.867063,-0.476706,-0.360612,-9.206854
2710,R_foot_roll,-0.008074,-0.000807,-0.003054,-0.227663
2720,L_hip_roll,1.430838,0.214626,-0.026979,47.924112
2720,L_hip_yaw,0.094686,0.023672,0.014178,1.142405
2720,L_hip_pitch,-0.077481,-0.149370,-0.125186,-3.360458
2720,L_knee,0.621188,-0.164703,-0.249021,14.849193
2720,L_foot_pitch,-0.010059,0.188994,0.123803,4.830149
2720,L_foot_roll,1.570536,0.157054,0.025832,10.690356
2720,R_hip_roll,-0.122748,-0.018412,0.027421,-9.699552
2720,R_hip_yaw,0.062231,0.015558,0.022365,-1.201160
2720,R_hip_pitch,0.957760,0.369440,0.340645,1.808047
2720,R_knee,1.374249,0.663562,0.628042,1.696532
2720,R_foot_pitch,-2.914304,-0.481430,-0.361393,-9.529506
2720,R_foot_roll,0.021798,0.002180,0.000385,-0.124051
2730,L_hip_roll,1.464417,0.219662,-0.025674,48.643160
2730,L_hip_yaw,0.128094,0.032023,0.014162,2.148907
2730,L_hip_pitch,-0.091740,-0.152935,-0.120895,-4.263528
2730,L_knee,0.644871,-0.158782,-0.248310,15.976498
2730,L_foot_pitch,0.034260,0.193426,0.127653,4.837490
2730,L_foot_roll,1.595292,0.159529,0.025186,10.827663
2730,R_hip_roll,-0.114509,-0.017176,0.028868,-9.579157
2730,R_hip_yaw,0.052368,0.013092,0.025607,-1.770210
2730,R_hip_pitch,0.960917,0.370229,0.356738,0.080904
2730,R_knee,1.403816,0.670954,0.642692,1.150569
2730,R_foot_pitch,-2.902338,-0.480234,-0.362125,-9.378764
2730,R_foot_roll,0.068373,0.006837,0.002898,0.099147
2740,L_hip_roll,1.386151,0.207923,-0.024042,45.889385
2740,L_hip_yaw,0.136640,0.034160,0.014173,2.395107
2740,L_hip_pitch,-0.147206,-0.166801,-0.116462,-6.495860
2740,L_knee,0.667990,-0.153003,-0.247593,16.801839
2740,L_foot_pitch,0.030574,0.193057,0.131613,4.561331
2740,L_foot_roll,1.562485,0.156249,0.024249,10.524637
2740,R_hip_roll,-0.120662,-0.018099,0.029975,-9.905647
2740,R_hip_yaw,0.055931,0.013983,0.027127,-1.638674
2740,R_hip_pitch,0.947271,0.366818,0.371085,-1.837450
2740,R_knee,1.414848,0.673712,0.653949,0.763452
2740,R_foot_pitch,-2.890069,-0.479007,-0.362742,-9.246647
2740,R_foot_roll,0.080571,0.008057,0.005653,-0.093702
2750,L_hip_roll,1.312012,0.196802,-0.022194,43.218299
2750,L_hip_yaw,0.155049,0.038762,0.014153,2.959407
2750,L_hip_pitch,-0.164729,-0.171182,-0.111661,-7.638909
2750,L_knee,0.673342,-0.151664,-0.246634,16.776353
2750,L_foot_pitch,-0.006342,0.189366,0.135612,3.888174
2750,L_foot_roll,1.480731,0.148073,0.023173,10.136622
2750,R_hip_roll,-0.066921,-0.010038,0.030649,-8.265845
2750,R_hip_yaw,0.053478,0.013369,0.027063,-1.589332
2750,R_hip_pitch,0.952737,0.368184,0.382932,-2.830439
2750,R_knee,1.426526,0.676631,0.660796,1.429682
2750,R_foot_pitch,-2.814940,-0.471494,-0.363195,-8.625428
2750,R_foot_roll,0.123947,0.012395,0.008439,0.068555
2760,L_hip_roll,1.253726,0.188059,-0.020243,41.078059
2760,L_hip_yaw,0.158228,0.039557,0.014096,3.063715
2760,L_hip_pitch,-0.169923,-0.172481,-0.106621,-8.405312
2760,L_knee,0.669972,-0.152507,-0.245524,16.462777
2760,L_foot_pitch,-0.083022,0.181698,0.139562,2.938777
2760,L_foot_roll,1.422730,0.142273,0.022057,9.724415
2760,R_hip_roll,-0.033672,-0.005051,0.030824,-7.155038
2760,R_hip_yaw,0.049287,0.012322,0.025795,-1.442268
2760,R_hip_pitch,0.959136,0.369784,0.392302,-3.536053
2760,R_knee,1.424242,0.676061,0.663562,1.892482
2760,R_foot_pitch,-2.730984,-0.463098,-0.363424,-7.960530
2760,R_foot_roll,0.138312,0.013831,0.011336,-0.088231
2770,L_hip_roll,1.211812,0.181772,-0.018280,39.435828
2770,L_hip_yaw,0.168390,0.042097,0.014013,3.381519
2770,L_hip_pitch,-0.178793,-0.174698,-0.101598,-9.260885
2770,L_knee,0.665000,-0.153750,-0.244598,16.173393
2770,L_foot_pitch,-0.191003,0.170900,0.143609,1.728767
2770,L_foot_roll,1.333845,0.133384,0.021123,9.069867
2770,R_hip_roll,-0.024456,-0.003668,0.030556,-6.692663
2770,R_hip_yaw,0.054566,0.013642,0.023431,-0.903546
2770,R_hip_pitch,0.963746,0.370937,0.399534,-4.067338
2770,R_knee,1.386946,0.666736,0.663163,1.115265
2770,R_foot_pitch,-2.668734,-0.456873,-0.363394,-7.490349
2770,R_foot_roll,0.120450,0.012045,0.013967,-0.378458
2780,L_hip_roll,1.128843,0.169326,-0.016213,36.447081
2780,L_hip_yaw,0.173069,0.043267,0.013929,3.527418
2780,L_hip_pitch,-0.149922,-0.167480,-0.096657,-8.992033
2780,L_knee,0.647509,-0.158123,-0.243860,15.216522
2780,L_foot_pitch,-0.304077,0.159592,0.147901,0.478458
2780,L_foot_roll,1.195314,0.119531,0.019367,8.315360
2780,R_hip_roll,-0.020335,-0.003050,0.029842,-6.302494
2780,R_hip_yaw,0.051077,0.012769,0.021019,-0.782954
2780,R_hip_pitch,0.960298,0.370074,0.404583,-4.555076
2780,R_knee,1.327667,0.651917,0.659450,0.165061
2780,R_foot_pitch,-2.577172,-0.447717,-0.363148,-6.795957
2780,R_foot_roll,0.095884,0.009588,0.015110,-0.478941
2790,L_hip_roll,1.036397,0.155459,-0.014238,33.390419
2790,L_hip_yaw,0.172113,0.043028,0.013848,3.512309
2790,L_hip_pitch,-0.130793,-0.162698,-0.091813,-8.979847
2790,L_knee,0.628497,-0.162876,-0.243348,14.406926
2790,L_foot_pitch,-0.436644,0.146336,0.152338,-0.965533
2790,L_foot_roll,1.070426,0.107043,0.017805,7.270679
2790,R_hip_roll,0.022833,0.003425,0.028491,-4.497086
2790,R_hip_yaw,0.049969,0.012492,0.019303,-0.678090
2790,R_hip_pitch,0.952806,0.368202,0.407048,-4.802153
2790,R_knee,1.271101,0.637775,0.651575,0.357048
2790,R_foot_pitch,-2.459255,-0.435926,-0.362710,-5.906191
2790,R_foot_roll,0.072973,0.007297,0.014213,-0.395288
2800,L_hip_roll,0.910686,0.136603,-0.012420,29.293564
2800,L_hip_yaw,0.171447,0.042862,0.013734,3.506986
2800,L_hip_pitch,-0.050303,-0.142576,-0.086983,-7.132677
2800,L_knee,0.593850,-0.171538,-0.242937,12.835506
2800,L_foot_pitch,-0.622209,0.127779,0.157150,-2.833554
2800,L_foot_roll,0.879645,0.087965,0.016268,5.981530
2800,R_hip_roll,0.052609,0.007891,0.026534,-3.046480
2800,R_hip_yaw,0.049783,0.012446,0.018047,-0.554515
2800,R_hip_pitch,0.963017,0.370754,0.406950,-4.247887
2800,R_knee,1.156428,0.609107,0.639697,-1.595451
2800,R_foot_pitch,-2.308895,-0.420889,-0.362076,-4.773546
2800,R_foot_roll,0.030443,0.003044,0.011694,-0.407931
2810,L_hip_roll,0.774655,0.116198,-0.010975,25.071674
2810,L_hip_yaw,0.160778,0.040194,0.013633,3.195980
2810,L_hip_pitch,0.004420,-0.128895,-0.082075,-6.114460
2810,L_knee,0.554576,-0.181356,-0.242599,10.945196
2810,L_foot_pitch,-0.810486,0.108951,0.161666,-4.719758
2810,L_foot_roll,0.665992,0.066599,0.014652,4.317739
2810,R_hip_roll,0.119756,0.017963,0.023950,-0.327724
2810,R_hip_yaw,0.048792,0.012198,0.016894,-0.446700
2810,R_hip_pitch,0.949990,0.367498,0.403970,-3.971060
2810,R_knee,1.014581,0.573645,0.623137,-3.446221
2810,R_foot_pitch,-2.108397,-0.400840,-0.361206,-3.263882
2810,R_foot_roll,-0.043952,-0.004395,0.007898,-0.581863
2820,L_hip_roll,0.565472,0.084821,-0.009904,18.707895
2820,L_hip_yaw,0.148622,0.037156,0.013519,2.849364
2820,L_hip_pitch,0.094064,-0.106484,-0.076792,-4.077039
2820,L_knee,0.513297,-0.191676,-0.242055,9.015025
2820,L_foot_pitch,-1.049962,0.085004,0.166454,-7.029327
2820,L_foot_roll,0.412438,0.041244,0.013167,2.399512
2820,R_hip_roll,0.219052,0.032858,0.021024,3.304176
2820,R_hip_yaw,0.046654,0.011664,0.015305,-0.242010
2820,R_hip_pitch,0.932591,0.363148,0.397482,-3.351268
2820,R_knee,0.831617,0.527904,0.600382,-5.603449
2820,R_foot_pitch,-1.830325,-0.373033,-0.360035,-1.164574
2820,R_foot_roll,-0.149914,-0.014991,0.002195,-0.759701
2830,L_hip_roll,0.249908,0.037486,-0.009267,9.259373
2830,L_hip_yaw,0.122543,0.030636,0.013373,2.084494
2830,L_hip_pitch,0.213437,-0.076641,-0.071014,-1.260605
2830,L_knee,0.446836,-0.208291,-0.241260,5.721706
2830,L_foot_pitch,-1.342781,0.055722,0.171374,-9.764894
2830,L_foot_roll,0.120556,0.012056,0.011220,0.269025
2830,R_hip_roll,0.354293,0.053144,0.018072,7.922784
2830,R_hip_yaw,0.039186,0.009797,0.012423,0.039815
2830,R_hip_pitch,0.869116,0.347279,0.386856,-3.554052
2830,R_knee,0.587866,0.466967,0.569891,-8.660921
2830,R_foot_pitch,-1.503262,-0.340326,-0.358460,1.282418
2830,R_foot_roll,-0.334619,-0.033462,-0.006337,-1.260058
2840,L_hip_roll,-0.186309,-0.027946,-0.009316,-3.593302
2840,L_hip_yaw,0.103050,0.025762,0.013146,1.537035
2840,L_hip_pitch,0.328190,-0.047952,-0.064280,1.260361
2840,L_knee,0.370644,-0.227339,-0.239898,1.866508
2840,L_foot_pitch,-1.634636,0.026536,0.176221,-12.492236
2840,L_foot_roll,-0.222968,-0.022297,0.009522,-2.319810
2840,R_hip_roll,0.559366,0.083905,0.015408,14.484213
2840,R_hip_yaw,0.028358,0.007090,0.007246,0.600507
2840,R_hip_pitch,0.783373,0.325843,0.370933,-3.644350
2840,R_knee,0.271320,0.387830,0.529040,-12.187103
2840,R_foot_pitch,-1.081258,-0.298126,-0.351373,3.324796
2840,R_foot_roll,-0.624238,-0.062424,-0.019619,-1.982061
2850,L_hip_roll,-0.712644,-0.106897,-0.010327,-18.848992
2850,L_hip_yaw,0.098889,0.024722,0.012741,1.479017
2850,L_hip_pitch,0.385517,-0.033621,-0.056479,1.938639
2850,L_knee,0.277347,-0.250663,-0.238317,-2.636706
2850,L_foot_pitch,-1.797846,0.010215,0.181202,-14.216962
2850,L_foot_roll,-0.529612,-0.052961,0.007959,-4.656061
2850,R_hip_roll,0.724724,0.108709,0.013366,19.636709
2850,R_hip_yaw,0.032645,0.008161,-0.001246,2.104430
2850,R_hip_pitch,0.564321,0.271080,0.348275,-6.795483
2850,R_knee,-0.094870,0.296283,0.474350,-14.426744
2850,R_foot_pitch,-0.630336,-0.253034,-0.330270,3.585085
2850,R_foot_roll,-1.039747,-0.103975,-0.040673,-2.779616
2860,L_hip_roll,-0.875351,-0.131303,-0.011886,-23.624579
2860,L_hip_yaw,0.031111,0.007778,0.012277,-0.521804
2860,L_hip_pitch,0.242661,-0.069335,-0.048014,-3.407384
2860,L_knee,0.318358,-0.240410,-0.237446,-0.705719
2860,L_foot_pitch,-1.490792,0.040921,0.186450,-12.118288
2860,L_foot_roll,-0.626270,-0.062627,0.006079,-5.278850
2860,R_hip_roll,0.689629,0.103444,0.011854,18.689420
2860,R_hip_yaw,0.079678,0.019919,-0.008370,3.594616
2860,R_hip_pitch,0.287826,0.201956,0.321622,-12.081984
2860,R_knee,-0.373888,0.226528,0.416285,-21.511743
2860,R_foot_pitch,-0.334785,-0.223479,-0.267536,-6.703448
2860,R_foot_roll,-1.650748,-0.165075,-0.057171,-8.815777
2870,L_hip_roll,-0.851319,-0.127698,-0.012097,-23.169667
2870,L_hip_yaw,0.010837,0.002709,0.011588,-0.967932
2870,L_hip_pitch,0.032192,-0.121952,-0.039097,-10.836979
2870,L_knee,0.210762,-0.267310,-0.237541,-5.118040
2870,L_foot_pitch,-0.648453,0.125155,0.190962,-5.689583
2870,L_foot_roll,-0.121443,-0.012144,0.003685,-1.030880
2870,R_hip_roll,-0.043509,-0.006526,0.012188,-4.125555
2870,R_hip_yaw,0.227950,0.056988,-0.009317,8.033973
2870,R_hip_pitch,0.272467,0.198117,0.294468,-8.689310
2870,R_knee,-0.446629,0.208343,0.368100,-14.108604
2870,R_foot_pitch,-0.002148,-0.190215,-0.160654,-12.570460
2870,R_foot_roll,-2.001253,-0.200125,-0.067948,-8.765883
2880,L_hip_roll,-0.294891,-0.044234,-0.012408,-6.124908
2880,L_hip_yaw,-0.073153,-0.018288,0.010515,-3.351793
2880,L_hip_pitch,-0.195841,-0.178960,-0.034887,-17.378384
2880,L_knee,0.021167,-0.314708,-0.245179,-8.856383
2880,L_foot_pitch,0.298592,0.219859,0.195498,1.487575
2880,L_foot_roll,0.540363,0.054036,0.002156,4.300004
2880,R_hip_roll,-0.450665,-0.067600,0.013442,-16.500055
2880,R_hip_yaw,0.219463,0.054866,-0.010653,8.053126
2880,R_hip_pitch,0.294284,0.203571,0.267933,-5.294408
2880,R_knee,-0.423254,0.214187,0.322922,-7.270478
2880,R_foot_pitch,0.342041,-0.155796,-0.065199,-14.450000
2880,R_foot_roll,-1.796512,-0.179651,-0.090945,-4.566679
2890,L_hip_roll,-0.358822,-0.053823,-0.011651,-8.921122
2890,L_hip_yaw,-0.102929,-0.025732,0.004768,-2.643604
2890,L_hip_pitch,-0.161263,-0.170316,-0.043551,-13.795183
2890,L_knee,-0.099977,-0.344994,-0.270703,-3.637186
2890,L_foot_pitch,0.767693,0.266769,0.206289,3.682757
2890,L_foot_roll,0.742675,0.074268,0.015740,2.506821
2890,R_hip_roll,-0.849962,-0.127494,0.013837,-28.513313
2890,R_hip_yaw,0.049443,0.012361,-0.011130,2.783396
2890,R_hip_pitch,0.079968,0.149992,0.255035,-11.853585
2890,R_knee,-0.476324,0.200919,0.305229,-16.311288
2890,R_foot_pitch,0.690248,-0.120975,-0.042066,-6.186730
2890,R_foot_roll,-1.519791,-0.151979,-0.079513,-8.124311
2900,L_hip_roll,-0.076618,-0.011493,-0.010865,-0.210661
2900,L_hip_yaw,-0.086278,-0.021569,-0.010444,0.428195
2900,L_hip_pitch,-0.142361,-0.165590,-0.061329,-10.597250
2900,L_knee,-0.208980,-0.372245,-0.309172,0.575759
2900,L_foot_pitch,1.045907,0.294591,0.227781,2.844400
2900,L_foot_roll,0.894371,0.089437,0.044629,0.552606
2900,R_hip_roll,-0.904050,-0.135607,0.014149,-29.978390
2900,R_hip_yaw,-0.028579,-0.007145,-0.011521,0.596589
2900,R_hip_pitch,0.001769,0.130442,0.246245,-12.947828
2900,R_knee,-0.414508,0.216373,0.293958,-10.089831
2900,R_foot_pitch,1.021157,-0.087884,-0.041604,-3.840027
2900,R_foot_roll,-1.245056,-0.124506,-0.051171,-8.888888
2910,L_hip_roll,-0.145346,-0.021802,-0.010049,-3.197139
2910,L_hip_yaw,-0.104069,-0.026017,-0.025438,1.082806
2910,L_hip_pitch,-0.083342,-0.150835,-0.081114,-6.415982
2910,L_knee,-0.293241,-0.393310,-0.349315,3.335168
2910,L_foot_pitch,1.177766,0.307777,0.257989,0.979283
2910,L_foot_roll,0.895623,0.089562,0.073792,-1.276674
2910,R_hip_roll,-1.137197,-0.170580,0.014771,-38.509651
2910,R_hip_yaw,-0.046147,-0.011537,-0.012517,0.151864
2910,R_hip_pitch,0.078166,0.149541,0.236339,-9.813211
2910,R_knee,-0.527021,0.188245,0.280468,-14.457581
2910,R_foot_pitch,1.018941,-0.088106,-0.039950,-3.663873
2910,R_foot_roll,-1.199090,-0.119909,-0.023001,-7.087472
2920,L_hip_roll,-0.181416,-0.027212,-0.007248,-4.802172
2920,L_hip_yaw,-0.122286,-0.030572,-0.034232,1.072062
2920,L_hip_pitch,-0.057996,-0.144499,-0.098955,-3.880467
2920,L_knee,-0.332820,-0.403205,-0.382515,4.749155
2920,L_foot_pitch,1.237437,0.313744,0.286248,-0.251194
2920,L_foot_roll,0.852956,0.085296,0.092388,-1.846792
2920,R_hip_roll,-0.991523,-0.148728,0.019488,-34.965410
2920,R_hip_yaw,-0.080691,-0.020173,-0.012812,-0.870943
2920,R_hip_pitch,0.115312,0.158828,0.229470,-7.730575
2920,R_knee,-0.611937,0.167016,0.272098,-16.275653
2920,R_foot_pitch,1.031963,-0.086804,-0.039874,-3.749081
2920,R_foot_roll,-1.096652,-0.109665,-0.027491,-6.413992
2930,L_hip_roll,-0.254271,-0.038141,-0.004772,-7.322729
2930,L_hip_yaw,-0.116944,-0.029236,-0.038637,1.401260
2930,L_hip_pitch,-0.096627,-0.154157,-0.112122,-3.960105
2930,L_knee,-0.386230,-0.416557,-0.404655,2.896946
2930,L_foot_pitch,1.275167,0.317517,0.305614,-0.494944
2930,L_foot_roll,0.820559,0.082056,0.097860,-1.324361
2930,R_hip_roll,-1.050303,-0.157545,0.023759,-37.482857
2930,R_hip_yaw,-0.078744,-0.019686,-0.012927,-0.805484
2930,R_hip_pitch,0.087535,0.151884,0.220030,-7.106157
2930,R_knee,-0.634063,0.161484,0.260746,-14.018168
2930,R_foot_pitch,1.096444,-0.080356,-0.038858,-3.467404
2930,R_foot_roll,-1.074350,-0.107435,-0.029046,-6.115207
2940,L_hip_roll,-0.157156,-0.023573,-0.003448,-4.184822
2940,L_hip_yaw,-0.125805,-0.031451,-0.039089,0.794606
2940,L_hip_pitch,-0.151935,-0.167984,-0.121457,-4.779279
2940,L_knee,-0.393649,-0.418412,-0.417671,2.793126
2940,L_foot_pitch,1.359702,0.325970,0.315500,0.220727
2940,L_foot_roll,0.743481,0.074348,0.094443,-1.058988
2940,R_hip_roll,-0.997638,-0.149646,0.027295,-36.297707
2940,R_hip_yaw,-0.038229,-0.009557,-0.013001,0.419648
2940,R_hip_pitch,-0.000420,0.129895,0.208348,-8.197683
2940,R_knee,-0.621807,0.164548,0.246781,-10.487894
2940,R_foot_pitch,1.285778,-0.061422,-0.036923,-2.165893
2940,R_foot_roll,-1.004485,-0.100448,-0.030418,-5.476143
2950,L_hip_roll,-0.101399,-0.015210,-0.003490,-2.162005
2950,L_hip_yaw,-0.116854,-0.029213,-0.036838,0.629275
2950,L_hip_pitch,-0.250876,-0.192719,-0.128405,-7.108740
2950,L_knee,-0.434080,-0.428520,-0.424635,0.706798
2950,L_foot_pitch,1.369391,0.326939,0.320263,0.184917
2950,L_foot_roll,0.624036,0.062404,0.086161,-0.985234
2950,R_hip_roll,-1.132239,-0.169836,0.029952,-40.645825
2950,R_hip_yaw,0.003467,0.000867,-0.013023,1.664381
2950,R_hip_pitch,-0.068985,0.112754,0.195648,-8.665571
2950,R_knee,-0.636748,0.160813,0.231913,-8.370085
2950,R_foot_pitch,1.505751,-0.039425,-0.034653,-0.600161
2950,R_foot_roll,-1.008171,-0.100817,-0.031500,-5.446156
2960,L_hip_roll,-0.046051,-0.006908,-0.004709,0.078100
2960,L_hip_yaw,-0.108965,-0.027241,-0.033179,0.310701
2960,L_hip_pitch,-0.205750,-0.181438,-0.135109,-4.852819
2960,L_knee,-0.463599,-0.435900,-0.429446,0.199512
2960,L_foot_pitch,1.436689,0.333669,0.322799,0.704668
2960,L_foot_roll,0.523869,0.052387,0.074670,-0.603415
2960,R_hip_roll,-1.120191,-0.168029,0.031718,-40.376033
2960,R_hip_yaw,-0.024639,-0.006160,-0.012883,0.798040
2960,R_hip_pitch,-0.049786,0.117554,0.182919,-6.623829
2960,R_knee,-0.713951,0.141512,0.217083,-9.364194
2960,R_foot_pitch,1.463220,-0.043678,-0.032622,-1.114818
2960,R_foot_roll,-1.091132,-0.109113,-0.032347,-6.084807
2970,L_hip_roll,0.058167,0.008725,-0.006750,3.808992
2970,L_hip_yaw,-0.098907,-0.024727,-0.029019,0.117623
2970,L_hip_pitch,-0.222021,-0.185505,-0.142354,-4.450341
2970,L_knee,-0.516285,-0.449071,-0.433843,-1.550415
2970,L_foot_pitch,1.468463,0.336846,0.325446,0.611642
2970,L_foot_roll,0.424522,0.042452,0.061951,-0.355625
2970,R_hip_roll,-1.299884,-0.194983,0.032884,-45.842098
2970,R_hip_yaw,-0.041886,-0.010471,-0.012811,0.271790
2970,R_hip_pitch,-0.058140,0.115465,0.170528,-5.381947
2970,R_knee,-0.713386,0.141653,0.202634,-6.708903
2970,R_foot_pitch,1.447763,-0.045224,-0.030233,-1.426327
2970,R_foot_roll,-1.183674,-0.118367,-0.032898,-6.791358
2980,L_hip_roll,0.019294,0.002894,-0.009477,3.390097
2980,L_hip_yaw,-0.085826,-0.021457,-0.025266,0.125948
2980,L_hip_pitch,-0.277134,-0.199283,-0.150561,-4.977447
2980,L_knee,-0.540668,-0.455167,-0.439086,-1.194160
2980,L_foot_pitch,1.611407,0.351141,0.329323,1.346306
2980,L_foot_roll,0.372854,0.037285,0.049637,0.140709
2980,R_hip_roll,-1.372362,-0.205854,0.033339,-47.858940
2980,R_hip_yaw,-0.039432,-0.009858,-0.012779,0.348479
2980,R_hip_pitch,-0.175071,0.086232,0.159175,-7.705214
2980,R_knee,-0.688685,0.147829,0.189762,-4.097061
2980,R_foot_pitch,1.584499,-0.031550,-0.028543,-0.351690
2980,R_foot_roll,-1.267550,-0.126755,-0.033242,-7.460433
2990,L_hip_roll,0.145956,0.021893,-0.013021,8.168801
2990,L_hip_yaw,-0.072461,-0.018115,-0.022120,0.204126
2990,L_hip_pitch,-0.337337,-0.214334,-0.159837,-5.595180
2990,L_knee,-0.586967,-0.466742,-0.445761,-1.736721
2990,L_foot_pitch,1.577079,0.347708,0.336313,0.094341
2990,L_foot_roll,0.328565,0.032857,0.039814,0.244318
2990,R_hip_roll,-1.342554,-0.201383,0.032877,-46.579985
2990,R_hip_yaw,-0.036813,-0.009203,-0.012826,0.441618
2990,R_hip_pitch,-0.167132,0.088217,0.149499,-6.457785
2990,R_knee,-0.693486,0.146629,0.179789,-3.398114
2990,R_foot_pitch,1.626904,-0.027310,-0.028109,0.084560
2990,R_foot_roll,-1.272823,-0.127282,-0.033267,-7.534593
3000,L_hip_roll,0.121150,0.018173,-0.016884,8.150325
3000,L_hip_yaw,-0.058076,-0.014519,-0.019352,0.330526
3000,L_hip_pitch,-0.346664,-0.216666,-0.170455,-4.430227
3000,L_knee,-0.619764,-0.474941,-0.454101,-1.126897
3000,L_foot_pitch,1.608187,0.350819,0.343285,0.054335
3000,L_foot_roll,0.288755,0.028875,0.032967,0.223599
3000,R_hip_roll,-1.398800,-0.209820,0.031771,-47.933156
3000,R_hip_yaw,-0.061844,-0.015461,-0.012947,-0.289285
3000,R_hip_pitch,-0.121732,0.099567,0.141619,-4.342583
3000,R_knee,-0.778951,0.125262,0.172849,-6.891735
3000,R_foot_pitch,1.468022,-0.043198,-0.028975,-0.994368
3000,R_foot_roll,-1.343664,-0.134366,-0.033040,-8.138457
3010,L_hip_roll,0.127154,0.019073,-0.020544,8.989983
3010,L_hip_yaw,-0.031743,-0.007936,-0.016807,0.832136
3010,L_hip_pitch,-0.370734,-0.222683,-0.182135,-3.691094
3010,L_knee,-0.660991,-0.485248,-0.463237,-1.336289
3010,L_foot_pitch,1.712518,0.361252,0.347531,0.797459
3010,L_foot_roll,0.173792,0.017379,0.028313,-0.503313
3010,R_hip_roll,-1.328241,-0.199236,0.030329,-45.435877
3010,R_hip_yaw,-0.065455,-0.016364,-0.013173,-0.356128
3010,R_hip_pitch,-0.105974,0.103506,0.134845,-3.106601
3010,R_knee,-0.833943,0.111514,0.167600,-8.637268
3010,R_foot_pitch,1.282023,-0.061798,-0.030554,-2.325657
3010,R_foot_roll,-1.357470,-0.135747,-0.032654,-8.295647
3020,L_hip_roll,0.137423,0.020613,-0.023639,9.682183
3020,L_hip_yaw,-0.032134,-0.008033,-0.013614,0.317780
3020,L_hip_pitch,-0.415953,-0.233988,-0.194231,-3.568325
3020,L_knee,-0.699405,-0.494851,-0.472425,-1.411627
3020,L_foot_pitch,1.793211,0.369321,0.351498,1.116951
3020,L_foot_roll,0.046345,0.004635,0.022654,-0.812316
3020,R_hip_roll,-1.348290,-0.202244,0.028819,-45.764761
3020,R_hip_yaw,-0.051638,-0.012910,-0.013509,0.107866
3020,R_hip_pitch,-0.115901,0.101025,0.128170,-2.584594
3020,R_knee,-0.788300,0.122925,0.162472,-5.566206
3020,R_foot_pitch,1.224054,-0.067595,-0.032199,-2.669637
3020,R_foot_roll,-1.355757,-0.135576,-0.032176,-8.325927
3030,L_hip_roll,0.164518,0.024678,-0.026042,10.781174
3030,L_hip_yaw,-0.047959,-0.011990,-0.010504,-0.434701
3030,L_hip_pitch,-0.411760,-0.232940,-0.206714,-1.900495
3030,L_knee,-0.734550,-0.503637,-0.481516,-1.374941
3030,L_foot_pitch,1.725509,0.362551,0.353228,0.656820
3030,L_foot_roll,-0.060513,-0.006051,0.013476,-0.559646
3030,R_hip_roll,-1.381537,-0.207231,0.027241,-46.396932
3030,R_hip_yaw,-0.076848,-0.019212,-0.013835,-0.618216
3030,R_hip_pitch,-0.062166,0.114459,0.122494,-0.471048
3030,R_knee,-0.804391,0.118902,0.158968,-6.540402
3030,R_foot_pitch,1.166755,-0.073325,-0.034526,-2.818208
3030,R_foot_roll,-1.334487,-0.133449,-0.031564,-8.220403
3040,L_hip_roll,0.116373,0.017456,-0.027689,9.412071
3040,L_hip_yaw,-0.040007,-0.010002,-0.009936,0.082526
3040,L_hip_pitch,-0.426579,-0.236645,-0.219217,-0.871580
3040,L_knee,-0.784554,-0.516138,-0.489918,-2.433440
3040,L_foot_pitch,1.748952,0.364895,0.353476,0.926341
3040,L_foot_roll,-0.110938,-0.011094,0.001673,0.148496
3040,R_hip_roll,-1.444171,-0.216626,0.025494,-47.878864
3040,R_hip_yaw,-0.098663,-0.024666,-0.014105,-1.243747
3040,R_hip_pitch,-0.055275,0.116181,0.118523,0.053714
3040,R_knee,-0.821694,0.114577,0.158293,-7.999636
3040,R_foot_pitch,1.107156,-0.079284,-0.038042,-2.899545
3040,R_foot_roll,-1.359321,-0.135932,-0.030756,-8.501941
3050,L_hip_roll,0.093376,0.014006,-0.028708,8.789489
3050,L_hip_yaw,-0.039439,-0.009860,-0.011516,0.397191
3050,L_hip_pitch,-0.424376,-0.236094,-0.231434,0.629009
3050,L_knee,-0.810741,-0.522685,-0.497757,-2.258042
3050,L_foot_pitch,1.724920,0.362492,0.353176,0.784377
3050,L_foot_roll,-0.159461,-0.015946,-0.008918,0.325485
3050,R_hip_roll,-1.363026,-0.204454,0.023522,-44.965540
3050,R_hip_yaw,-0.115355,-0.028839,-0.014398,-1.702547
3050,R_hip_pitch,0.002937,0.130734,0.115635,2.079044
3050,R_knee,-0.842577,0.109356,0.159627,-9.620577
3050,R_foot_pitch,0.997639,-0.090236,-0.042460,-3.351979
3050,R_foot_roll,-1.324036,-0.132404,-0.029774,-8.316872
3060,L_hip_roll,0.077364,0.011605,-0.029216,8.244216
3060,L_hip_yaw,-0.042744,-0.010686,-0.013543,0.538075
3060,L_hip_pitch,-0.439372,-0.239843,-0.242949,1.466361
3060,L_knee,-0.817755,-0.524439,-0.504817,-1.638135
3060,L_foot_pitch,1.670924,0.357092,0.352737,0.393564
3060,L_foot_roll,-0.176526,-0.017653,-0.016263,0.458278
3060,R_hip_roll,-1.345597,-0.201839,0.021377,-43.987227
3060,R_hip_yaw,-0.136230,-0.034057,-0.014710,-2.292427
3060,R_hip_pitch,0.028055,0.137014,0.113218,3.091433
3060,R_knee,-0.823956,0.114011,0.162114,-9.497101
3060,R_foot_pitch,0.920810,-0.097919,-0.047461,-3.519761
3060,R_foot_roll,-1.298120,-0.129812,-0.028650,-8.211818
3070,L_hip_roll,0.023661,0.003549,-0.029271,6.526704
3070,L_hip_yaw,-0.039631,-0.009908,-0.015383,0.823292
3070,L_hip_pitch,-0.442195,-0.240549,-0.253165,2.458522
3070,L_knee,-0.823523,-0.525881,-0.510055,-1.611005
3070,L_foot_pitch,1.601117,0.350112,0.352245,-0.120836
3070,L_foot_roll,-0.201403,-0.020140,-0.020209,0.256962
3070,R_hip_roll,-1.308800,-0.196320,0.019085,-42.370681
3070,R_hip_yaw,-0.148262,-0.037066,-0.015001,-2.620183
3070,R_hip_pitch,0.057197,0.144299,0.111322,4.127947
3070,R_knee,-0.809994,0.117502,0.165908,-10.020468
3070,R_foot_pitch,0.907149,-0.099285,-0.053124,-3.097467
3070,R_foot_roll,-1.266260,-0.126626,-0.027380,-8.073878
3080,L_hip_roll,0.015107,0.002266,-0.029076,6.185226
3080,L_hip_yaw,-0.039362,-0.009841,-0.016359,0.827367
3080,L_hip_pitch,-0.467466,-0.246867,-0.261708,2.552055
3080,L_knee,-0.808154,-0.522038,-0.512846,-1.155677
3080,L_foot_pitch,1.533266,0.343327,0.350901,-0.432331
3080,L_foot_roll,-0.216570,-0.021657,-0.021848,0.113802
3080,R_hip_roll,-1.236477,-0.185472,0.016578,-39.630824
3080,R_hip_yaw,-0.150193,-0.037548,-0.015250,-2.653117
3080,R_hip_pitch,0.071661,0.147915,0.110025,4.662751
3080,R_knee,-0.787984,0.123004,0.171200,-10.408301
3080,R_foot_pitch,0.866729,-0.103327,-0.059534,-2.836362
3080,R_foot_roll,-1.195843,-0.119584,-0.025932,-7.644317
3090,L_hip_roll,-0.046967,-0.007045,-0.028632,4.133852
3090,L_hip_yaw,-0.041742,-0.010435,-0.016261,0.650158
3090,L_hip_pitch,-0.479862,-0.249966,-0.268468,2.817797
3090,L_knee,-0.793585,-0.518396,-0.512941,-1.289503
3090,L_foot_pitch,1.489958,0.338996,0.347434,-0.254528
3090,L_foot_roll,-0.250993,-0.025099,-0.022611,-0.143292
3090,R_hip_roll,-1.167779,-0.175167,0.013936,-37.026392
3090,R_hip_yaw,-0.134067,-0.033517,-0.015448,-2.149742
3090,R_hip_pitch,0.099313,0.154828,0.109217,5.545097
3090,R_knee,-0.782345,0.124414,0.177754,-11.670456
3090,R_foot_pitch,0.835685,-0.106432,-0.066591,-2.462415
3090,R_foot_roll,-1.150701,-0.115070,-0.024323,-7.425706
3100,L_hip_roll,-0.085357,-0.012804,-0.027876,2.743100
3100,L_hip_yaw,-0.036531,-0.009133,-0.015359,0.630880
3100,L_hip_pitch,-0.483574,-0.250894,-0.273551,3.159649
3100,L_knee,-0.769978,-0.512495,-0.510553,-1.317646
3100,L_foot_pitch,1.386064,0.328606,0.342335,-0.582997
3100,L_foot_roll,-0.270836,-0.027084,-0.023774,-0.123623
3100,R_hip_roll,-1.084055,-0.162608,0.011293,-33.997948
3100,R_hip_yaw,-0.146976,-0.036744,-0.015562,-2.534242
3100,R_hip_pitch,0.126551,0.161638,0.108671,6.413142
3100,R_knee,-0.764717,0.128821,0.185020,-12.310037
3100,R_foot_pitch,0.791512,-0.110849,-0.074023,-2.198493
3100,R_foot_roll,-1.076951,-0.107695,-0.022594,-6.985289
3110,L_hip_roll,-0.153275,-0.022991,-0.026849,0.422480
3110,L_hip_yaw,-0.031931,-0.007983,-0.013675,0.484772
3110,L_hip_pitch,-0.491347,-0.252837,-0.277149,3.222026
3110,L_knee,-0.732089,-0.503022,-0.506023,-1.016583
3110,L_foot_pitch,1.269125,0.316912,0.335378,-0.736665
3110,L_foot_roll,-0.271611,-0.027161,-0.025537,0.050559
3110,R_hip_roll,-1.041300,-0.156195,0.008750,-32.252883
3110,R_hip_yaw,-0.148075,-0.037019,-0.015612,-2.563868
3110,R_hip_pitch,0.128443,0.162111,0.108272,6.501821
3110,R_knee,-0.708036,0.142991,0.192636,-11.220540
3110,R_foot_pitch,0.771080,-0.112892,-0.081651,-1.734733
3110,R_foot_roll,-0.988627,-0.098863,-0.020755,-6.435576
3120,L_hip_roll,-0.157093,-0.023564,-0.025835,0.165734
3120,L_hip_yaw,-0.025248,-0.006312,-0.011157,0.304717
3120,L_hip_pitch,-0.512504,-0.258126,-0.279367,2.719777
3120,L_knee,-0.679192,-0.489798,-0.499385,-0.453418
3120,L_foot_pitch,1.149440,0.304944,0.325849,-0.679478
3120,L_foot_roll,-0.253049,-0.025305,-0.026858,0.215713
3120,R_hip_roll,-0.966589,-0.144988,0.006227,-29.486411
3120,R_hip_yaw,-0.144506,-0.036127,-0.015630,-2.457090
3120,R_hip_pitch,0.131940,0.162985,0.108448,6.500247
3120,R_knee,-0.659124,0.155219,0.201258,-11.013967
3120,R_foot_pitch,0.778782,-0.112122,-0.089756,-0.956469
3120,R_foot_roll,-0.870789,-0.087079,-0.018767,-5.668837
3130,L_hip_roll,-0.213609,-0.032041,-0.024913,-1.717346
3130,L_hip_yaw,-0.016562,-0.004141,-0.008185,0.189924
3130,L_hip_pitch,-0.512336,-0.258084,-0.280317,2.722918
3130,L_knee,-0.611385,-0.472846,-0.490593,0.390179
3130,L_foot_pitch,1.030080,0.293008,0.314151,-0.524990
3130,L_foot_roll,-0.222016,-0.022202,-0.026880,0.323818
3130,R_hip_roll,-0.865844,-0.129877,0.003732,-25.999789
3130,R_hip_yaw,-0.138493,-0.034623,-0.015630,-2.277231
3130,R_hip_pitch,0.136316,0.164079,0.109510,6.414492
3130,R_knee,-0.612597,0.166851,0.211295,-11.128483
3130,R_foot_pitch,0.807831,-0.109217,-0.098490,0.032999
3130,R_foot_roll,-0.732466,-0.073247,-0.016618,-4.747824
3140,L_hip_roll,-0.294458,-0.044169,-0.024056,-4.302173
3140,L_hip_yaw,-0.011632,-0.002908,-0.004933,-0.088287
3140,L_hip_pitch,-0.510641,-0.257660,-0.279863,2.569673
3140,L_knee,-0.507466,-0.446866,-0.479212,2.177097
3140,L_foot_pitch,0.861023,0.276102,0.301268,-0.776117
3140,L_foot_roll,-0.158376,-0.015838,-0.025111,0.509295
3140,R_hip_roll,-0.723379,-0.108507,0.001368,-21.321036
3140,R_hip_yaw,-0.132197,-0.033049,-0.015578,-2.098487
3140,R_hip_pitch,0.127168,0.161792,0.111237,5.863550
3140,R_knee,-0.556691,0.180827,0.222302,-10.886912
3140,R_foot_pitch,0.845413,-0.105459,-0.107896,1.110826
3140,R_foot_roll,-0.568130,-0.056813,-0.014431,-3.630889
3150,L_hip_roll,-0.398593,-0.059789,-0.023300,-7.474705
3150,L_hip_yaw,0.001744,0.000436,-0.001434,-0.115997
3150,L_hip_pitch,-0.519333,-0.259833,-0.277372,1.785196
3150,L_knee,-0.376692,-0.414173,-0.463733,3.895923
3150,L_foot_pitch,0.670298,0.257030,0.286688,-0.933640
3150,L_foot_roll,-0.060721,-0.006072,-0.020887,0.690544
3150,R_hip_roll,-0.564639,-0.084696,-0.000678,-16.274168
3150,R_hip_yaw,-0.118487,-0.029622,-0.015512,-1.692575
3150,R_hip_pitch,0.102633,0.155658,0.113471,4.879886
3150,R_knee,-0.484011,0.198997,0.234060,-9.617804
3150,R_foot_pitch,0.906887,-0.099311,-0.117291,2.373496
3150,R_foot_roll,-0.347472,-0.034747,-0.012374,-1.626466
3160,L_hip_roll,-0.465078,-0.069762,-0.022889,-9.474081
3160,L_hip_yaw,0.008411,0.002103,0.002772,-0.534004
3160,L_hip_pitch,-0.507111,-0.256778,-0.272337,1.289503
3160,L_knee,-0.206376,-0.371594,-0.442696,6.006274
3160,L_foot_pitch,0.449733,0.234973,0.269468,-1.048125
3160,L_foot_roll,0.061526,0.006153,-0.013437,0.747763
3160,R_hip_roll,-0.321874,-0.048281,-0.002428,-8.725143
3160,R_hip_yaw,-0.102613,-0.025653,-0.015374,-1.245792
3160,R_hip_pitch,0.080767,0.150192,0.116057,3.818950
3160,R_knee,-0.404308,0.218923,0.246397,-8.708217
3160,R_foot_pitch,1.031256,-0.086874,-0.127126,4.191156
3160,R_foot_roll,-0.076726,-0.007673,-0.009654,-0.113757
3170,L_hip_roll,-0.533869,-0.080080,-0.022718,-11.560171
3170,L_hip_yaw,0.018153,0.004538,0.007578,-0.844233
3170,L_hip_pitch,-0.442576,-0.240644,-0.264282,1.946931
3170,L_knee,0.008254,-0.317937,-0.414616,8.377754
3170,L_foot_pitch,0.228203,0.212820,0.249131,-0.893965
3170,L_foot_roll,0.249026,0.024903,-0.002787,1.111418
3170,R_hip_roll,-0.038656,-0.005798,-0.003539,-0.264607
3170,R_hip_yaw,-0.094976,-0.023744,-0.015118,-1.062368
3170,R_hip_pitch,0.053140,0.143285,0.118916,2.622545
3170,R_knee,-0.298348,0.245413,0.259114,-6.335565
3170,R_foot_pitch,1.178115,-0.072189,-0.137111,6.223703
3170,R_foot_roll,0.278428,0.027843,-0.007357,2.611515
3180,L_hip_roll,-0.531495,-0.079724,-0.022425,-11.619611
3180,L_hip_yaw,0.018392,0.004598,0.012466,-1.421623
3180,L_hip_pitch,-0.262738,-0.195684,-0.252206,5.456561
3180,L_knee,0.263204,-0.254199,-0.377350,10.215522
3180,L_foot_pitch,0.038966,0.193897,0.226215,-0.385333
3180,L_foot_roll,0.539608,0.053961,0.011803,1.847225
3180,R_hip_roll,0.347052,0.052058,-0.003618,10.962808
3180,R_hip_yaw,-0.117877,-0.029469,-0.014611,-1.840213
3180,R_hip_pitch,0.010107,0.132527,0.122042,0.935321
3180,R_knee,-0.193082,0.271729,0.272416,-4.172267
3180,R_foot_pitch,1.304130,-0.059587,-0.147455,8.082491
3180,R_foot_roll,0.703614,0.070361,-0.005044,5.828877
3190,L_hip_roll,-0.415235,-0.062285,-0.021805,-8.251544
3190,L_hip_yaw,-0.013889,-0.003472,0.015049,-2.340696
3190,L_hip_pitch,-0.126943,-0.161736,-0.237310,7.685620
3190,L_knee,0.488643,-0.197839,-0.341180,17.924521
3190,L_foot_pitch,0.128116,0.202812,0.177437,9.254047
3190,L_foot_roll,0.823240,0.082324,0.023877,4.281580
3190,R_hip_roll,0.527096,0.079064,-0.002845,16.216114
3190,R_hip_yaw,-0.112755,-0.028189,-0.013925,-1.768124
3190,R_hip_pitch,0.289584,0.202396,0.124259,9.282135
3190,R_knee,-0.206744,0.268314,0.285240,-6.451820
3190,R_foot_pitch,0.938916,-0.096108,-0.157656,5.891940
3190,R_foot_roll,0.894926,0.089493,-0.002279,7.090926
3200,L_hip_roll,0.352044,0.052807,-0.021195,14.573589
3200,L_hip_yaw,-0.114133,-0.028533,0.016803,-5.640754
3200,L_hip_pitch,-0.245273,-0.191318,-0.220660,1.766227
3200,L_knee,0.596439,-0.170890,-0.310967,16.010063
3200,L_foot_pitch,0.172181,0.207218,0.106856,14.450000
3200,L_foot_roll,0.855907,0.085591,0.025788,4.865789
3200,R_hip_roll,0.660384,0.099058,-0.002628,20.337823
3200,R_hip_yaw,-0.086637,-0.021659,-0.012996,-1.146067
3200,R_hip_pitch,0.351353,0.217838,0.125433,10.972761
3200,R_knee,0.029479,0.327370,0.297224,1.852590
3200,R_foot_pitch,0.104176,-0.179582,-0.167705,0.050267
3200,R_foot_roll,0.733006,0.073301,0.003845,4.737890
3210,L_hip_roll,0.923841,0.138576,-0.021762,33.287634
3210,L_hip_yaw,-0.077518,-0.019379,0.017157,-4.250426
3210,L_hip_pitch,0.104928,-0.103768,-0.210933,12.645418
3210,L_knee,0.515550,-0.191113,-0.296096,18.612429
3210,L_foot_pitch,-0.011784,0.188822,0.081968,8.252489
3210,L_foot_roll,0.830148,0.083015,0.018698,4.653279
3210,R_hip_roll,0.631093,0.094664,-0.004549,21.085607
3210,R_hip_yaw,-0.068580,-0.017145,-0.014293,0.094298
3210,R_hip_pitch,0.411490,0.232873,0.130804,11.467720
3210,R_knee,0.335797,0.403949,0.313478,11.107089
3210,R_foot_pitch,-0.663030,-0.256303,-0.177829,-5.560747
3210,R_foot_roll,0.318013,0.031801,0.020780,-1.654932
3220,L_hip_roll,0.752372,0.112856,-0.025103,28.358256
3220,L_hip_yaw,-0.091452,-0.022863,0.016326,-4.712248
3220,L_hip_pitch,-0.021632,-0.135408,-0.207218,8.084182
3220,L_knee,0.425323,-0.213669,-0.292171,12.011837
3220,L_foot_pitch,-0.262608,0.163739,0.084034,6.836609
3220,L_foot_roll,0.432328,0.043233,0.022836,1.361232
3220,R_hip_roll,0.088910,0.013336,-0.006784,4.152012
3220,R_hip_yaw,-0.006657,-0.001664,-0.019573,2.659175
3220,R_hip_pitch,0.346816,0.216704,0.143989,7.151215
3220,R_knee,0.319919,0.399980,0.343069,-0.387816
3220,R_foot_pitch,-1.152213,-0.305221,-0.202838,-4.883868
3220,R_foot_roll,-0.164966,-0.016497,0.035873,-4.942052
3230,L_hip_roll,0.812017,0.121803,-0.027855,30.792139
3230,L_hip_yaw,0.011120,0.002780,0.016036,-1.545380
3230,L_hip_pitch,0.021066,-0.124734,-0.202086,8.741301
3230,L_knee,0.437498,-0.210626,-0.286214,11.779292
3230,L_foot_pitch,-0.141480,0.175852,0.084413,7.306320
3230,L_foot_roll,0.393592,0.039359,0.025149,0.713395
3230,R_hip_roll,0.151554,0.022733,-0.006961,5.893229
3230,R_hip_yaw,0.011557,0.002889,-0.019341,2.246213
3230,R_hip_pitch,0.441814,0.240453,0.159271,8.344937
3230,R_knee,0.404967,0.421242,0.377700,-1.675139
3230,R_foot_pitch,-1.359993,-0.325999,-0.247093,-1.606340
3230,R_foot_roll,-0.140298,-0.014030,0.024922,-1.024806
3240,L_hip_roll,0.842108,0.126316,-0.030188,31.702895
3240,L_hip_yaw,0.004616,0.001154,0.015719,-1.765445
3240,L_hip_pitch,0.093296,-0.106676,-0.196446,10.124089
3240,L_knee,0.409824,-0.217544,-0.280179,9.196393
3240,L_foot_pitch,-0.116974,0.178303,0.085967,7.328987
3240,L_foot_roll,0.497058,0.049706,0.026267,2.489666
3240,R_hip_roll,0.103990,0.015598,-0.006257,3.935242
3240,R_hip_yaw,-0.010736,-0.002684,-0.010911,-0.111290
3240,R_hip_pitch,0.428778,0.237195,0.172845,6.467258
3240,R_knee,0.454475,0.433619,0.407449,-3.269052
3240,R_foot_pitch,-1.385773,-0.328577,-0.293360,1.342235
3240,R_foot_roll,-0.130959,-0.013096,0.002130,0.956456
3250,L_hip_roll,0.906277,0.135942,-0.032128,34.148529
3250,L_hip_yaw,-0.028446,-0.007112,0.015811,-2.758898
3250,L_hip_pitch,0.161092,-0.089727,-0.190342,11.437727
3250,L_knee,0.432893,-0.211777,-0.274676,9.797974
3250,L_foot_pitch,-0.308538,0.159146,0.086768,5.688629
3250,L_foot_roll,0.625996,0.062600,0.028678,2.355224
3250,R_hip_roll,0.053705,0.008056,-0.004691,1.968484
3250,R_hip_yaw,-0.009192,-0.002298,-0.000954,-1.024663
3250,R_hip_pitch,0.499313,0.254828,0.183790,7.594257
3250,R_knee,0.505059,0.446265,0.429892,-2.585934
3250,R_foot_pitch,-1.505793,-0.340579,-0.325181,1.061664
3250,R_foot_roll,-0.160493,-0.016049,-0.014392,1.050902
3260,L_hip_roll,1.026055,0.153908,-0.033541,37.945021
3260,L_hip_yaw,-0.031808,-0.007952,0.015711,-2.839594
3260,L_hip_pitch,0.082965,-0.109259,-0.183074,8.087600
3260,L_knee,0.478344,-0.200414,-0.269011,10.618488
3260,L_foot_pitch,-0.409544,0.149046,0.088774,4.738802
3260,L_foot_roll,0.635555,0.063556,0.029654,2.409559
3260,R_hip_roll,0.048499,0.007275,-0.002517,1.260321
3260,R_hip_yaw,0.003882,0.000971,0.005087,-0.871027
3260,R_hip_pitch,0.586911,0.276728,0.192083,9.432355
3260,R_knee,0.528840,0.452210,0.445777,-2.831416
3260,R_foot_pitch,-1.685570,-0.358557,-0.341141,-0.377299
3260,R_foot_roll,-0.187882,-0.018788,-0.021648,0.610695
3270,L_hip_roll,1.077139,0.161571,-0.034674,39.549048
3270,L_hip_yaw,-0.071522,-0.017881,0.015685,-4.019757
3270,L_hip_pitch,0.122354,-0.099412,-0.175408,8.375243
3270,L_knee,0.479936,-0.200016,-0.263221,9.725789
3270,L_foot_pitch,-0.292110,0.160789,0.089919,5.555320
3270,L_foot_roll,0.770529,0.077053,0.031039,3.409489
3270,R_hip_roll,0.016523,0.002478,0.000240,-0.472421
3270,R_hip_yaw,0.013948,0.003487,0.007012,-0.473146
3270,R_hip_pitch,0.578900,0.274725,0.199372,8.331363
3270,R_knee,0.644280,0.481070,0.457558,1.217799
3270,R_foot_pitch,-1.867450,-0.376745,-0.349927,-1.435189
3270,R_foot_roll,-0.168866,-0.016887,-0.023229,0.512765
3280,L_hip_roll,1.137809,0.170671,-0.035251,41.371069
3280,L_hip_yaw,-0.074331,-0.018583,0.015426,-4.060112
3280,L_hip_pitch,0.208287,-0.077928,-0.168096,10.138970
3280,L_knee,0.453890,-0.206528,-0.257985,7.943229
3280,L_foot_pitch,-0.419551,0.148045,0.091994,4.342742
3280,L_foot_roll,0.842322,0.084232,0.032017,3.926116
3280,R_hip_roll,0.004922,0.000738,0.003621,-1.625082
3280,R_hip_yaw,0.016466,0.004116,0.006578,-0.187806
3280,R_hip_pitch,0.668164,0.297041,0.207580,9.868622
3280,R_knee,0.723786,0.500947,0.469157,2.161705
3280,R_foot_pitch,-2.096278,-0.399628,-0.355079,-3.279167
3280,R_foot_roll,-0.199303,-0.019930,-0.021582,-0.123609
3290,L_hip_roll,1.152283,0.172842,-0.035528,41.747905
3290,L_hip_yaw,-0.077170,-0.019292,0.015285,-4.135896
3290,L_hip_pitch,0.138696,-0.095326,-0.161549,7.316400
3290,L_knee,0.470184,-0.202454,-0.254090,8.270353
3290,L_foot_pitch,-0.354985,0.154501,0.094076,4.632251
3290,L_foot_roll,0.880676,0.088068,0.032503,4.202086
3290,R_hip_roll,-0.031430,-0.004714,0.007355,-3.577589
3290,R_hip_yaw,0.039464,0.009866,0.005208,0.699563
3290,R_hip_pitch,0.702999,0.305750,0.217920,9.431852
3290,R_knee,0.783209,0.515802,0.483701,1.138924
3290,R_foot_pitch,-2.247289,-0.414729,-0.356648,-4.568969
3290,R_foot_roll,-0.180134,-0.018013,-0.019730,0.007912
3300,L_hip_roll,1.183786,0.177568,-0.035398,42.573490
3300,L_hip_yaw,-0.060304,-0.015076,0.014993,-3.588170
3300,L_hip_pitch,0.171859,-0.087035,-0.155974,7.772547
3300,L_knee,0.491524,-0.197119,-0.251615,9.298432
3300,L_foot_pitch,-0.202974,0.169703,0.097210,5.565300
3300,L_foot_roll,1.000369,0.100037,0.033127,5.081572
3300,R_hip_roll,-0.054415,-0.008162,0.011283,-5.064041
3300,R_hip_yaw,0.023531,0.005883,0.005425,-0.085755
3300,R_hip_pitch,0.796635,0.329159,0.230326,10.574197
3300,R_knee,0.897220,0.544305,0.500652,2.776527
3300,R_foot_pitch,-2.392336,-0.429234,-0.357086,-5.749656
3300,R_foot_roll,-0.118515,-0.011851,-0.018282,0.371813
3310,L_hip_roll,1.255637,0.188346,-0.035164,44.650887
3310,L_hip_yaw,-0.034970,-0.008743,0.014894,-2.822850
3310,L_hip_pitch,0.138514,-0.095371,-0.151505,6.336456
3310,L_knee,0.518341,-0.190415,-0.250574,10.752644
3310,L_foot_pitch,-0.176799,0.172320,0.100570,5.301439
3310,L_foot_roll,1.084164,0.108416,0.033178,6.052897
3310,R_hip_roll,-0.087657,-0.013149,0.014949,-6.636549
3310,R_hip_yaw,0.020031,0.005008,0.006846,-0.359270
3310,R_hip_pitch,0.817888,0.334472,0.245254,9.128424
3310,R_knee,0.994087,0.568522,0.520660,2.365055
3310,R_foot_pitch,-2.575218,-0.447522,-0.357360,-7.185166
3310,R_foot_roll,-0.122100,-0.012210,-0.015393,-0.096579
3320,L_hip_roll,1.332089,0.199813,-0.034813,46.762513
3320,L_hip_yaw,-0.047094,-0.011773,0.014790,-3.214518
3320,L_hip_pitch,0.102698,-0.104325,-0.147331,4.716604
3320,L_knee,0.528944,-0.187764,-0.249685,10.592669
3320,L_foot_pitch,-0.263962,0.163604,0.104252,4.875505
3320,L_foot_roll,1.205554,0.120555,0.033110,7.014791
3320,R_hip_roll,-0.068368,-0.010255,0.018227,-6.679550
3320,R_hip_yaw,0.045670,0.011417,0.008029,0.297060
3320,R_hip_pitch,0.817560,0.334390,0.262392,6.897251
3320,R_knee,1.095320,0.593830,0.543439,2.238587
3320,R_foot_pitch,-2.711948,-0.461195,-0.357860,-8.207231
3320,R_foot_roll,-0.135109,-0.013511,-0.012219,-0.370254
3330,L_hip_roll,1.310964,0.196645,-0.034386,45.984637
3330,L_hip_yaw,-0.021372,-0.005343,0.014774,-2.397854
3330,L_hip_pitch,0.102313,-0.104422,-0.143422,4.284656
3330,L_knee,0.576317,-0.175921,-0.249295,13.141839
3330,L_foot_pitch,-0.220997,0.167900,0.107801,4.393954
3330,L_foot_roll,1.297032,0.129703,0.032970,7.992992
3330,R_hip_roll,-0.022050,-0.003307,0.021102,-5.709463
3330,R_hip_yaw,0.060686,0.015172,0.010082,0.332604
3330,R_hip_pitch,0.919491,0.359873,0.280381,7.769629
3330,R_knee,1.167491,0.611873,0.566871,1.328039
3330,R_foot_pitch,-2.774533,-0.467453,-0.358647,-8.618813
3330,R_foot_roll,-0.052266,-0.005227,-0.010625,0.350878
3340,L_hip_roll,1.300476,0.195071,-0.033697,45.506143
3340,L_hip_yaw,0.015180,0.003795,0.014589,-1.288384
3340,L_hip_pitch,0.031725,-0.122069,-0.139000,1.566378
3340,L_knee,0.613153,-0.166712,-0.248089,14.200689
3340,L_foot_pitch,-0.036348,0.186365,0.111648,5.633004
3340,L_foot_roll,1.365996,0.136600,0.032757,8.556808
3340,R_hip_roll,0.000070,0.000010,0.023556,-5.372712
3340,R_hip_yaw,0.053911,0.013478,0.013976,-0.507549
3340,R_hip_pitch,0.920473,0.360118,0.298545,5.602881
3340,R_knee,1.238352,0.629588,0.589618,0.731737
3340,R_foot_pitch,-2.832765,-0.473277,-0.359560,-9.007255
3340,R_foot_roll,-0.023826,-0.002383,-0.008235,0.159188
3350,L_hip_roll,1.387769,0.208165,-0.032857,47.950819
3350,L_hip_yaw,0.050815,0.012704,0.014578,-0.222309
3350,L_hip_pitch,0.034067,-0.121483,-0.134075,0.994487
3350,L_knee,0.601037,-0.169741,-0.246047,13.014909
3350,L_foot_pitch,-0.023344,0.187666,0.114403,5.641398
3350,L_foot_roll,1.464457,0.146446,0.032373,8.945173
3350,R_hip_roll,-0.063185,-0.009478,0.025687,-7.664078
3350,R_hip_yaw,0.062394,0.015598,0.018062,-0.655940
3350,R_hip_pitch,0.954292,0.368573,0.316246,4.576479
3350,R_knee,1.293960,0.643490,0.610246,0.328194
3350,R_foot_pitch,-2.866321,-0.476632,-0.360469,-9.205790
3350,R_foot_roll,-0.014696,-0.001470,-0.004624,-0.103684
3360,L_hip_roll,1.382163,0.207324,-0.031697,47.411892
3360,L_hip_yaw,0.079853,0.019963,0.014561,0.653914
3360,L_hip_pitch,-0.040198,-0.140050,-0.129119,-1.797667
3360,L_knee,0.617725,-0.165569,-0.244224,13.749509
3360,L_foot_pitch,-0.044921,0.185508,0.117538,5.042548
3360,L_foot_roll,1.530298,0.153030,0.031771,9.783048
3360,R_hip_roll,-0.107057,-0.016059,0.027613,-9.273039
3360,R_hip_yaw,0.062364,0.015591,0.021509,-1.027593
3360,R_hip_pitch,0.963741,0.370935,0.332789,3.006128
3360,R_knee,1.355199,0.658800,0.627624,0.992183
3360,R_foot_pitch,-2.925821,-0.482582,-0.361303,-9.624674
3360,R_foot_roll,-0.006278,-0.000628,-0.001353,-0.219168
3370,L_hip_roll,1.433887,0.215083,-0.030243,48.584001
3370,L_hip_yaw,0.109821,0.027455,0.014548,1.553307
3370,L_hip_pitch,-0.065178,-0.146295,-0.124489,-3.065154
3370,L_knee,0.643672,-0.159082,-0.243108,14.879934
3370,L_foot_pitch,-0.000600,0.189940,0.121296,5.076172
3370,L_foot_roll,1.566224,0.156622,0.031065,10.157745
3370,R_hip_roll,-0.098548,-0.014782,0.029177,-9.206034
3370,R_hip_yaw,0.055966,0.013992,0.024269,-1.468566
3370,R_hip_pitch,0.950796,0.367699,0.348180,0.867758
3370,R_knee,1.388012,0.667003,0.641898,0.715656
3370,R_foot_pitch,-2.912339,-0.481234,-0.362077,-9.458657
3370,R_foot_roll,0.037885,0.003788,0.000888,0.061806
3380,L_hip_roll,1.355061,0.203259,-0.028426,45.774101
3380,L_hip_yaw,0.127316,0.031829,0.014548,2.073810
3380,L_hip_pitch,-0.113948,-0.158487,-0.119907,-5.089315
3380,L_knee,0.668222,-0.152945,-0.242279,15.870829
3380,L_foot_pitch,-0.002127,0.189787,0.125230,4.807852
3380,L_foot_roll,1.538719,0.153872,0.030133,9.858644
3380,R_hip_roll,-0.108618,-0.016293,0.030430,-9.678841
3380,R_hip_yaw,0.055398,0.013849,0.025782,-1.516278
3380,R_hip_pitch,0.950818,0.367705,0.361932,-0.578128
3380,R_knee,1.402954,0.670738,0.652637,0.626444
3380,R_foot_pitch,-2.902272,-0.480227,-0.362729,-9.342041
3380,R_foot_roll,0.051938,0.005194,0.003105,-0.065269
3390,L_hip_roll,1.276973,0.191546,-0.026353,42.873360
3390,L_hip_yaw,0.137948,0.034487,0.014536,2.394737
3390,L_hip_pitch,-0.139778,-0.164945,-0.115075,-6.499091
3390,L_knee,0.676312,-0.150922,-0.241355,15.886472
3390,L_foot_pitch,-0.039974,0.186003,0.129277,4.127577
3390,L_foot_roll,1.450593,0.145059,0.028787,9.625516
3390,R_hip_roll,-0.058593,-0.008789,0.031256,-8.208921
3390,R_hip_yaw,0.054761,0.013690,0.025989,-1.454096
3390,R_hip_pitch,0.942287,0.365572,0.373503,-2.006080
3390,R_knee,1.413526,0.673382,0.659270,1.104948
3390,R_foot_pitch,-2.817205,-0.471721,-0.363214,-8.639045
3390,R_foot_roll,0.097658,0.009766,0.005495,0.122465
3400,L_hip_roll,1.224907,0.183736,-0.024242,40.949682
3400,L_hip_yaw,0.150877,0.037719,0.014488,2.796572
3400,L_hip_pitch,-0.144831,-0.166208,-0.110086,-7.237581
3400,L_knee,0.680222,-0.149944,-0.240384,16.006788
3400,L_foot_pitch,-0.103310,0.179669,0.133333,3.270096
3400,L_foot_roll,1.397955,0.139796,0.027671,9.129143
3400,R_hip_roll,-0.018101,-0.002715,0.031513,-6.851551
3400,R_hip_yaw,0.047960,0.011990,0.025076,-1.436725
3400,R_hip_pitch,0.953239,0.368310,0.382869,-2.586610
3400,R_knee,1.418703,0.674676,0.662057,1.900886
3400,R_foot_pitch,-2.742565,-0.464256,-0.363456,-8.050064
3400,R_foot_roll,0.120455,0.012045,0.008344,0.000151
3410,L_hip_roll,1.177041,0.176556,-0.022118,39.131778
3410,L_hip_yaw,0.153228,0.038307,0.014428,2.869282
3410,L_hip_pitch,-0.159399,-0.169850,-0.105006,-8.283804
3410,L_knee,0.673302,-0.151675,-0.239403,15.526497
3410,L_foot_pitch,-0.219120,0.168088,0.137445,2.064385
3410,L_foot_roll,1.308455,0.130845,0.026382,8.374388
3410,R_hip_roll,-0.011915,-0.001787,0.031314,-6.493822
3410,R_hip_yaw,0.055188,0.013797,0.022961,-0.841000
3410,R_hip_pitch,0.954855,0.368714,0.390351,-3.271358
3410,R_knee,1.382101,0.665525,0.661986,0.952863
3410,R_foot_pitch,-2.668951,-0.456895,-0.363438,-7.487102
3410,R_foot_roll,0.108232,0.010823,0.011328,-0.313145
3420,L_hip_roll,1.098974,0.164846,-0.020021,36.376531
3420,L_hip_yaw,0.164433,0.041108,0.014358,3.216566
3420,L_hip_pitch,-0.137597,-0.164399,-0.100038,-8.202899
3420,L_knee,0.662024,-0.154494,-0.238617,14.969831
3420,L_foot_pitch,-0.323213,0.157679,0.141695,0.872576
3420,L_foot_roll,1.172823,0.117282,0.025017,7.412550
3420,R_hip_roll,-0.005061,-0.000759,0.030621,-5.981412
3420,R_hip_yaw,0.052568,0.013142,0.020615,-0.689661
3420,R_hip_pitch,0.947284,0.366821,0.395891,-3.957246
3420,R_knee,1.333978,0.653494,0.658864,0.374765
3420,R_foot_pitch,-2.584631,-0.448463,-0.363192,-6.852924
3420,R_foot_roll,0.089693,0.008969,0.013069,-0.430467
3430,L_hip_roll,1.018290,0.152744,-0.017997,33.518745
3430,L_hip_yaw,0.166994,0.041749,0.014281,3.301940
3430,L_hip_pitch,-0.115603,-0.158901,-0.095100,-8.161344
3430,L_knee,0.641833,-0.159542,-0.237921,13.859000
3430,L_foot_pitch,-0.457622,0.144238,0.146081,-0.607673
3430,L_foot_roll,1.044172,0.104417,0.023326,6.803864
3430,R_hip_roll,0.032741,0.004911,0.029305,-4.406086
3430,R_hip_yaw,0.051386,0.012847,0.018941,-0.600434
3430,R_hip_pitch,0.948532,0.367133,0.399085,-4.058672
3430,R_knee,1.272245,0.638061,0.651912,0.013705
3430,R_foot_pitch,-2.469988,-0.436999,-0.362755,-5.988055
3430,R_foot_roll,0.071415,0.007142,0.012902,-0.372746
3440,L_hip_roll,0.893398,0.134010,-0.016162,29.457386
3440,L_hip_yaw,0.165661,0.041415,0.014174,3.276403
3440,L_hip_pitch,-0.046329,-0.141582,-0.090188,-6.656511
3440,L_knee,0.608960,-0.167760,-0.237310,12.352625
3440,L_foot_pitch,-0.639640,0.126036,0.150650,-2.440316
3440,L_foot_roll,0.858840,0.085884,0.021991,5.483230
3440,R_hip_roll,0.054828,0.008224,0.027386,-3.193003
3440,R_hip_yaw,0.052594,0.013149,0.017791,-0.458847
3440,R_hip_pitch,0.947011,0.366753,0.399841,-3.961976
3440,R_knee,1.169148,0.612287,0.641008,-1.526980
3440,R_foot_pitch,-2.336643,-0.423664,-0.362127,-4.990673
3440,R_foot_roll,0.024690,0.002469,0.011102,-0.469251
3450,L_hip_roll,0.772043,0.115806,-0.014594,25.716468
3450,L_hip_yaw,0.157610,0.039403,0.014090,3.042433
3450,L_hip_pitch,0.012734,-0.126816,-0.085102,-5.501464
3450,L_knee,0.575839,-0.176040,-0.236662,10.801083
3450,L_foot_pitch,-0.829032,0.107097,0.155380,-4.305561
3450,L_foot_roll,0.651058,0.065106,0.020086,3.680881
3450,R_hip_roll,0.134441,0.020166,0.024890,-0.080418
3450,R_hip_yaw,0.050062,0.012515,0.016944,-0.450923
3450,R_hip_pitch,0.944979,0.366245,0.397791,-3.474001
3450,R_knee,1.036723,0.579181,0.625426,-3.151446
3450,R_foot_pitch,-2.136759,-0.403676,-0.361290,-3.479540
3450,R_foot_roll,-0.027488,-0.002749,0.007675,-0.451073
3460,L_hip_roll,0.572103,0.085815,-0.013434,19.631725
3460,L_hip_yaw,0.144975,0.036244,0.014004,2.676678
3460,L_hip_pitch,0.081993,-0.109502,-0.079743,-4.087516
3460,L_knee,0.542926,-0.184268,-0.235923,9.176499
3460,L_foot_pitch,-1.055385,0.084462,0.159962,-6.438730
3460,L_foot_roll,0.405397,0.040540,0.018437,1.730075
3460,R_hip_roll,0.215264,0.032290,0.022029,2.972141
3460,R_hip_yaw,0.050498,0.012625,0.015648,-0.188284
3460,R_hip_pitch,0.917683,0.359421,0.392398,-3.305468
3460,R_knee,0.871606,0.537901,0.603942,-4.864970
3460,R_foot_pitch,-1.885330,-0.378533,-0.360171,-1.588625
3460,R_foot_roll,-0.125442,-0.012544,0.002570,-0.674283
3470,L_hip_roll,0.309189,0.046378,-0.012804,11.743784
3470,L_hip_yaw,0.127220,0.031805,0.013862,2.163636
3470,L_hip_pitch,0.205209,-0.078698,-0.073956,-1.165729
3470,L_knee,0.483902,-0.199024,-0.235023,6.153442
3470,L_foot_pitch,-1.337487,0.056251,0.164662,-9.106965
3470,L_foot_roll,0.119284,0.011928,0.016956,-0.316033
3470,R_hip_roll,0.358704,0.053806,0.019059,7.856604
3470,R_hip_yaw,0.044109,0.011027,0.013132,0.053708
3470,R_hip_pitch,0.871300,0.347825,0.383146,-3.191710
3470,R_knee,0.641016,0.480254,0.575344,-7.899352
3470,R_foot_pitch,-1.569444,-0.346944,-0.358682,0.780930
3470,R_foot_roll,-0.285205,-0.028521,-0.004907,-1.088716
3480,L_hip_roll,-0.085415,-0.012812,-0.012670,0.064979
3480,L_hip_yaw,0.107087,0.026772,0.013681,1.586671
3480,L_hip_pitch,0.313457,-0.051636,-0.067031,1.134094
3480,L_knee,0.417650,-0.215588,-0.233211,2.638081
3480,L_foot_pitch,-1.627624,0.027238,0.169302,-11.795608
3480,L_foot_roll,-0.209889,-0.020989,0.015178,-2.794827
3480,R_hip_roll,0.523912,0.078587,0.016479,13.171079
3480,R_hip_yaw,0.030689,0.007672,0.008567,0.446844
3480,R_hip_pitch,0.799998,0.330000,0.368956,-3.090855
3480,R_knee,0.353776,0.408444,0.537291,-10.873502
3480,R_foot_pitch,-1.190001,-0.309000,-0.353348,2.872489
3480,R_foot_roll,-0.544574,-0.054457,-0.016607,-1.757762
3490,L_hip_roll,-0.562202,-0.084330,-0.013378,-13.831395
3490,L_hip_yaw,0.103083,0.025771,0.013381,1.515498
3490,L_hip_pitch,0.399728,-0.030068,-0.059001,2.644344
3490,L_knee,0.324718,-0.238821,-0.230991,-2.039632
3490,L_foot_pitch,-1.853832,0.004617,0.174013,-14.053779
3490,L_foot_roll,-0.528741,-0.052874,0.013488,-5.077639
3490,R_hip_roll,0.693809,0.104071,0.014548,18.439377
3490,R_hip_yaw,0.028384,0.007096,0.000875,1.636941
3490,R_hip_pitch,0.624637,0.286159,0.348642,-5.288407
3490,R_knee,0.001768,0.320442,0.486785,-13.720229
3490,R_foot_pitch,-0.767771,-0.266777,-0.336225,3.405818
3490,R_foot_roll,-0.931096,-0.093110,-0.035242,-2.604020
3500,L_hip_roll,-0.764696,-0.114704,-0.015120,-19.591646
3500,L_hip_yaw,0.074016,0.018504,0.012905,0.673494
3500,L_hip_pitch,0.325186,-0.048703,-0.050125,-0.691614
3500,L_knee,0.349024,-0.232744,-0.229289,-1.017850
3500,L_foot_pitch,-1.687882,0.021212,0.179252,-13.093955
3500,L_foot_roll,-0.727040,-0.072704,0.011736,-6.551924
3500,R_hip_roll,0.776428,0.116464,0.013165,21.140271
3500,R_hip_yaw,0.056801,0.014200,-0.008306,2.862870
3500,R_hip_pitch,0.439643,0.239911,0.321717,-7.795676
3500,R_knee,-0.327729,0.238068,0.423985,-22.027679
3500,R_foot_pitch,-0.525104,-0.242510,-0.297423,-5.303633
3500,R_foot_roll,-1.546275,-0.154627,-0.060318,-8.044522
3510,L_hip_roll,-0.962640,-0.144396,-0.015364,-25.882672
3510,L_hip_yaw,0.032899,0.008225,0.012606,-0.485274
3510,L_hip_pitch,0.174560,-0.086360,-0.040680,-6.446225
3510,L_knee,0.248232,-0.257942,-0.228011,-5.676297
3510,L_foot_pitch,-1.042529,0.085747,0.184329,-8.385632
3510,L_foot_roll,-0.408848,-0.040885,0.008014,-3.531860
3510,R_hip_roll,0.090717,0.013608,0.013247,-0.268045
3510,R_hip_yaw,0.176997,0.044249,-0.008781,6.356358
3510,R_hip_pitch,0.319819,0.209955,0.296932,-7.804899
3510,R_knee,-0.508927,0.192768,0.379496,-19.967669
3510,R_foot_pitch,-0.226243,-0.212624,-0.194930,-11.305625
3510,R_foot_roll,-1.998978,-0.199898,-0.069445,-8.804401
3520,L_hip_roll,-0.429075,-0.064361,-0.015700,-9.456421
3520,L_hip_yaw,-0.042299,-0.010575,0.011959,-2.634313
3520,L_hip_pitch,-0.181990,-0.175497,-0.034356,-17.322454
3520,L_knee,0.026175,-0.313456,-0.232194,-12.307246
3520,L_foot_pitch,0.102151,0.200215,0.188178,0.685066
3520,L_foot_roll,0.358168,0.035817,0.006986,2.199251
3520,R_hip_roll,-0.458061,-0.068709,0.014468,-16.941638
3520,R_hip_yaw,0.255277,0.063819,-0.009231,8.877599
3520,R_hip_pitch,0.277694,0.199424,0.270227,-5.899797
3520,R_knee,-0.435822,0.211044,0.333563,-8.836996
3520,R_foot_pitch,0.192544,-0.170746,-0.097582,-14.450000
3520,R_foot_roll,-1.957864,-0.195786,-0.091811,-5.818155
3530,L_hip_roll,-0.352359,-0.052854,-0.016386,-7.522903
3530,L_hip_yaw,-0.092200,-0.023050,0.008087,-3.091370
3530,L_hip_pitch,-0.200242,-0.180061,-0.041153,-15.289817
3530,L_knee,-0.094722,-0.343681,-0.256239,-5.830553
3530,L_foot_pitch,0.743752,0.264375,0.198036,4.310880
3530,L_foot_roll,0.730910,0.073091,0.015182,3.425572
3530,R_hip_roll,-0.843463,-0.126519,0.014747,-28.259990
3530,R_hip_yaw,0.092458,0.023114,-0.010205,3.948160
3530,R_hip_pitch,0.030779,0.137695,0.253073,-13.052367
3530,R_knee,-0.453418,0.206645,0.306227,-15.379042
3530,R_foot_pitch,0.663397,-0.123660,-0.048268,-5.965975
3530,R_foot_roll,-1.614094,-0.161409,-0.095050,-7.723661
3540,L_hip_roll,-0.037258,-0.005589,-0.016360,2.272838
3540,L_hip_yaw,-0.071247,-0.017812,-0.004365,-0.034917
3540,L_hip_pitch,-0.193577,-0.178394,-0.059803,-12.159835
3540,L_knee,-0.208728,-0.372182,-0.297975,-0.007881
3540,L_foot_pitch,1.072204,0.297220,0.220565,3.393607
3540,L_foot_roll,0.940307,0.094031,0.038506,1.667709
3540,R_hip_roll,-0.867454,-0.130118,0.014379,-28.754377
3540,R_hip_yaw,0.001023,0.000256,-0.010496,1.353115
3540,R_hip_pitch,-0.081634,0.109592,0.244102,-15.187492
3540,R_knee,-0.378168,0.225458,0.294878,-8.628971
3540,R_foot_pitch,1.030569,-0.086943,-0.047383,-3.330750
3540,R_foot_roll,-1.286680,-0.128668,-0.065689,-8.161977
3550,L_hip_roll,0.019134,0.002870,-0.016171,3.590159
3550,L_hip_yaw,-0.086518,-0.021630,-0.018387,0.803166
3550,L_hip_pitch,-0.169384,-0.172346,-0.081463,-8.801781
3550,L_knee,-0.283305,-0.390826,-0.343765,4.596506
3550,L_foot_pitch,1.196681,0.309668,0.254778,0.905194
3550,L_foot_roll,0.963216,0.096322,0.069108,-0.760371
3550,R_hip_roll,-1.044443,-0.156666,0.014170,-34.216415
3550,R_hip_yaw,-0.042764,-0.010691,-0.011556,0.221032
3550,R_hip_pitch,-0.032367,0.121908,0.233476,-12.271216
3550,R_knee,-0.451232,0.207192,0.280452,-8.721000
3550,R_foot_pitch,1.074761,-0.082524,-0.045050,-3.242042
3550,R_foot_roll,-1.189909,-0.118991,-0.032240,-10.250575
3560,L_hip_roll,-0.233815,-0.035072,-0.013411,-5.490493
3560,L_hip_yaw,-0.107829,-0.026957,-0.027233,0.674633
3560,L_hip_pitch,-0.113016,-0.158254,-0.101145,-5.084929
3560,L_knee,-0.350404,-0.407601,-0.382416,5.362450
3560,L_foot_pitch,1.212007,0.311201,0.286821,-0.783272
3560,L_foot_roll,0.887661,0.088766,0.092432,-2.056169
3560,R_hip_roll,-1.117903,-0.167685,0.017848,-38.662481
3560,R_hip_yaw,-0.076794,-0.019199,-0.012195,-0.809146
3560,R_hip_pitch,0.061058,0.145265,0.225067,-8.833625
3560,R_knee,-0.588086,0.172979,0.270292,-15.072931
3560,R_foot_pitch,1.098900,-0.080110,-0.044676,-2.809074
3560,R_foot_roll,-1.155815,-0.115581,-0.025354,-6.975771
3570,L_hip_roll,-0.249790,-0.037469,-0.010059,-6.325486
3570,L_hip_yaw,-0.103342,-0.025835,-0.032653,1.249076
3570,L_hip_pitch,-0.129824,-0.162456,-0.116077,-4.318547
3570,L_knee,-0.400346,-0.420087,-0.408682,4.039832
3570,L_foot_pitch,1.288543,0.318854,0.306803,-0.399235
3570,L_foot_roll,0.871303,0.087130,0.101544,-1.472103
3570,R_hip_roll,-1.073224,-0.160984,0.022624,-38.030984
3570,R_hip_yaw,-0.074719,-0.018680,-0.012544,-0.704269
3570,R_hip_pitch,0.082743,0.150686,0.215887,-6.790158
3570,R_knee,-0.621568,0.164608,0.259953,-13.675664
3570,R_foot_pitch,1.096243,-0.080376,-0.044116,-2.996224
3570,R_foot_roll,-1.126369,-0.112637,-0.027465,-6.616225
3580,L_hip_roll,-0.171262,-0.025689,-0.008003,-3.935870
3580,L_hip_yaw,-0.118042,-0.029510,-0.034854,0.694471
3580,L_hip_pitch,-0.156512,-0.169128,-0.126656,-4.199541
3580,L_knee,-0.400002,-0.420000,-0.424146,4.155213
3580,L_foot_pitch,1.340199,0.324020,0.315995,0.077323
3580,L_foot_roll,0.788657,0.078866,0.099858,-1.237110
3580,R_hip_roll,-1.004267,-0.150640,0.026467,-36.424932
3580,R_hip_yaw,-0.044347,-0.011087,-0.012834,0.233443
3580,R_hip_pitch,0.011409,0.132852,0.204672,-7.452305
3580,R_knee,-0.624567,0.163858,0.247317,-11.119622
3580,R_foot_pitch,1.273827,-0.062617,-0.042819,-1.721861
3580,R_foot_roll,-1.017500,-0.101750,-0.029240,-5.639180
3590,L_hip_roll,-0.126698,-0.019005,-0.007211,-2.436538
3590,L_hip_yaw,-0.113660,-0.028415,-0.034490,0.625191
3590,L_hip_pitch,-0.273608,-0.198402,-0.133820,-7.166375
3590,L_knee,-0.444333,-0.431083,-0.431184,1.149858
3590,L_foot_pitch,1.348930,0.324893,0.319600,0.211660
3590,L_foot_roll,0.653661,0.065366,0.091891,-1.191371
3590,R_hip_roll,-1.152395,-0.172859,0.029440,-41.245370
3590,R_hip_yaw,0.012324,0.003081,-0.012976,1.932636
3590,R_hip_pitch,-0.080012,0.109997,0.192277,-8.607448
3590,R_knee,-0.623346,0.164163,0.233568,-8.340859
3590,R_foot_pitch,1.491206,-0.040879,-0.041151,-0.142360
3590,R_foot_roll,-1.025412,-0.102541,-0.030601,-5.629875
3600,L_hip_roll,-0.053770,-0.008066,-0.007576,0.186460
3600,L_hip_yaw,-0.108840,-0.027210,-0.032532,0.386469
3600,L_hip_pitch,-0.244206,-0.191051,-0.140099,-5.458668
3600,L_knee,-0.467241,-0.436810,-0.434718,0.556902
3600,L_foot_pitch,1.436998,0.333700,0.320908,0.955674
3600,L_foot_roll,0.555964,0.055596,0.079556,-0.621915
3600,R_hip_roll,-1.139690,-0.170953,0.031565,-40.998612
3600,R_hip_yaw,-0.014855,-0.003714,-0.012962,1.101076
3600,R_hip_pitch,-0.072042,0.111990,0.179750,-6.920015
3600,R_knee,-0.697180,0.145705,0.219784,-9.352746
3600,R_foot_pitch,1.442669,-0.045733,-0.039541,-0.656685
3600,R_foot_roll,-1.102787,-0.110279,-0.031861,-6.203599
3610,L_hip_roll,0.045385,0.006808,-0.008826,3.602269
3610,L_hip_yaw,-0.096325,-0.024081,-0.029583,0.353771
3610,L_hip_pitch,-0.226915,-0.186729,-0.146862,-4.098370
3610,L_knee,-0.518036,-0.449509,-0.437679,-1.349972
3610,L_foot_pitch,1.429570,0.332957,0.323402,0.424912
3610,L_foot_roll,0.447877,0.044788,0.065729,-0.375137
3610,R_hip_roll,-1.310240,-0.196536,0.032960,-46.235991
3610,R_hip_yaw,-0.047798,-0.011949,-0.012878,0.100598
3610,R_hip_pitch,-0.059659,0.115085,0.167428,-5.060290
3610,R_knee,-0.707765,0.143059,0.206120,-7.296768
3610,R_foot_pitch,1.436682,-0.046332,-0.037772,-0.855863
3610,R_foot_roll,-1.192303,-0.119230,-0.032555,-6.872870
3620,L_hip_roll,0.035676,0.005351,-0.010810,4.033823
3620,L_hip_yaw,-0.080643,-0.020161,-0.026246,0.415668
3620,L_hip_pitch,-0.279769,-0.199942,-0.154482,-4.651901
3620,L_knee,-0.547977,-0.456994,-0.441276,-1.618581
3620,L_foot_pitch,1.589608,0.348961,0.327026,1.410132
3620,L_foot_roll,0.385430,0.038543,0.052533,0.078853
3620,R_hip_roll,-1.386426,-0.207964,0.033577,-48.211390
3620,R_hip_yaw,-0.039666,-0.009916,-0.012725,0.232187
3620,R_hip_pitch,-0.179063,0.085234,0.155848,-7.308099
3620,R_knee,-0.681823,0.149544,0.193556,-4.133687
3620,R_foot_pitch,1.572159,-0.032784,-0.036942,0.682375
3620,R_foot_roll,-1.275921,-0.127592,-0.033305,-7.250612
3630,L_hip_roll,0.160804,0.024121,-0.013518,8.454177
3630,L_hip_yaw,-0.074023,-0.018506,-0.022542,0.117885
3630,L_hip_pitch,-0.340905,-0.215226,-0.163211,-5.342382
3630,L_knee,-0.580824,-0.465206,-0.446593,-1.619086
3630,L_foot_pitch,1.587571,0.348757,0.333773,0.379239
3630,L_foot_roll,0.348218,0.034822,0.041811,0.330536
3630,R_hip_roll,-1.359459,-0.203919,0.033372,-47.269417
3630,R_hip_yaw,-0.028109,-0.007027,-0.012757,0.692353
3630,R_hip_pitch,-0.175079,0.086230,0.145832,-6.212454
3630,R_knee,-0.682440,0.149390,0.183682,-3.584913
3630,R_foot_pitch,1.620175,-0.027982,-0.036529,0.706824
3630,R_foot_roll,-1.289178,-0.128918,-0.033357,-7.650485
3640,L_hip_roll,0.106940,0.016041,-0.016535,7.406026
3640,L_hip_yaw,-0.057517,-0.014379,-0.019147,0.283728
3640,L_hip_pitch,-0.362867,-0.220717,-0.173255,-4.643048
3640,L_knee,-0.624002,-0.476001,-0.453789,-1.724021
3640,L_foot_pitch,1.585061,0.348506,0.341666,-0.143376
3640,L_foot_roll,0.302990,0.030299,0.034436,0.245602
3640,R_hip_roll,-1.443975,-0.216596,0.032524,-49.510419
3640,R_hip_yaw,-0.050478,-0.012620,-0.012825,0.029735
3640,R_hip_pitch,-0.142066,0.094484,0.137453,-4.399729
3640,R_knee,-0.755035,0.131241,0.176616,-6.444623
3640,R_foot_pitch,1.508687,-0.039131,-0.037437,0.013320
3640,R_foot_roll,-1.370867,-0.137087,-0.033238,-8.327874
3650,L_hip_roll,0.094825,0.014224,-0.019538,7.662169
3650,L_hip_yaw,-0.031173,-0.007793,-0.016318,0.772039
3650,L_hip_pitch,-0.377064,-0.224266,-0.184607,-3.595225
3650,L_knee,-0.647582,-0.481895,-0.462319,-0.957665
3650,L_foot_pitch,1.674634,0.357463,0.346658,0.538782
3650,L_foot_roll,0.213463,0.021346,0.029691,-0.297821
3650,R_hip_roll,-1.344591,-0.201689,0.031197,-46.105463
3650,R_hip_yaw,-0.067466,-0.016866,-0.012972,-0.448835
3650,R_hip_pitch,-0.131614,0.097096,0.130328,-3.311591
3650,R_knee,-0.817726,0.115569,0.171439,-8.670298
3650,R_foot_pitch,1.288610,-0.061139,-0.039173,-1.559847
3650,R_foot_roll,-1.394811,-0.139481,-0.032951,-8.561967
3660,L_hip_roll,0.147326,0.022099,-0.022298,9.651806
3660,L_hip_yaw,-0.021632,-0.005408,-0.013071,0.571608
3660,L_hip_pitch,-0.405166,-0.231291,-0.196359,-3.038067
3660,L_knee,-0.695412,-0.493853,-0.470882,-1.754107
3660,L_foot_pitch,1.732618,0.363262,0.350396,0.688985
3660,L_foot_roll,0.084438,0.008444,0.024877,-0.810915
3660,R_hip_roll,-1.319434,-0.197915,0.029604,-45.008409
3660,R_hip_yaw,-0.058079,-0.014520,-0.013253,-0.119213
3660,R_hip_pitch,-0.104766,0.103809,0.123298,-1.621060
3660,R_knee,-0.793447,0.121638,0.166442,-6.529186
3660,R_foot_pitch,1.191551,-0.070845,-0.041055,-2.197944
3660,R_foot_roll,-1.358919,-0.135892,-0.032564,-8.312836
3670,L_hip_roll,0.169383,0.025407,-0.024451,10.523251
3670,L_hip_yaw,-0.037107,-0.009277,-0.009526,-0.300002
3670,L_hip_pitch,-0.429070,-0.237268,-0.208406,-2.255058
3670,L_knee,-0.730613,-0.502653,-0.479346,-1.727544
3670,L_foot_pitch,1.685831,0.358583,0.352369,0.390722
3670,L_foot_roll,-0.046531,-0.004653,0.016856,-0.816329
3670,R_hip_roll,-1.369659,-0.205449,0.027932,-46.164312
3670,R_hip_yaw,-0.067460,-0.016865,-0.013556,-0.371541
3670,R_hip_pitch,-0.077537,0.110616,0.117012,-0.203370
3670,R_knee,-0.786283,0.123429,0.162686,-6.258336
3670,R_foot_pitch,1.193732,-0.070627,-0.043485,-1.884087
3670,R_foot_roll,-1.325878,-0.132588,-0.032038,-8.103610
3680,L_hip_roll,0.135412,0.020312,-0.025819,9.528482
3680,L_hip_yaw,-0.034861,-0.008715,-0.008043,-0.089043
3680,L_hip_pitch,-0.440526,-0.240131,-0.220818,-1.086626
3680,L_knee,-0.774766,-0.513691,-0.487752,-2.289968
3680,L_foot_pitch,1.707730,0.360773,0.352762,0.641578
3680,L_foot_roll,-0.106202,-0.010620,0.005053,-0.024884
3680,R_hip_roll,-1.423709,-0.213556,0.026133,-47.376390
3680,R_hip_yaw,-0.089473,-0.022368,-0.013791,-1.010579
3680,R_hip_pitch,-0.061804,0.114549,0.112503,0.620593
3680,R_knee,-0.813903,0.116524,0.161713,-8.212321
3680,R_foot_pitch,1.135684,-0.076432,-0.047052,-1.941772
3680,R_foot_roll,-1.352126,-0.135213,-0.031310,-8.391607
3690,L_hip_roll,0.083170,0.012475,-0.026501,7.926771
3690,L_hip_yaw,-0.038785,-0.009696,-0.009096,0.109311
3690,L_hip_pitch,-0.435218,-0.238805,-0.233201,0.536522
3690,L_knee,-0.798011,-0.519503,-0.495847,-1.968129
3690,L_foot_pitch,1.688630,0.358863,0.352555,0.536285
3690,L_foot_roll,-0.150407,-0.015041,-0.006729,0.365510
3690,R_hip_roll,-1.375743,-0.206361,0.024139,-45.470768
3690,R_hip_yaw,-0.107793,-0.026948,-0.014024,-1.527607
3690,R_hip_pitch,-0.014368,0.126408,0.109225,2.365614
3690,R_knee,-0.833762,0.111560,0.162776,-9.692654
3690,R_foot_pitch,1.047825,-0.085217,-0.051497,-2.228653
3690,R_foot_roll,-1.338861,-0.133886,-0.030428,-8.372420
3700,L_hip_roll,0.045306,0.006796,-0.026723,6.722755
3700,L_hip_yaw,-0.039421,-0.009855,-0.011480,0.459901
3700,L_hip_pitch,-0.453478,-0.243370,-0.244828,1.274429
3700,L_knee,-0.816562,-0.524141,-0.502833,-2.016986
3700,L_foot_pitch,1.655288,0.355529,0.352178,0.308038
3700,L_foot_roll,-0.181960,-0.018196,-0.015178,0.407668
3700,R_hip_roll,-1.334928,-0.200239,0.021919,-43.735071
3700,R_hip_yaw,-0.128230,-0.032058,-0.014269,-2.112236
3700,R_hip_pitch,0.013449,0.133362,0.106418,3.508379
3700,R_knee,-0.832074,0.111981,0.164863,-10.227430
3700,R_foot_pitch,0.918876,-0.098112,-0.056450,-2.822417
3700,R_foot_roll,-1.315845,-0.131584,-0.029393,-8.286511
3710,L_hip_roll,0.035260,0.005289,-0.026675,6.352051
3710,L_hip_yaw,-0.033187,-0.008297,-0.013956,0.899856
3710,L_hip_pitch,-0.444979,-0.241245,-0.255283,2.665485
3710,L_knee,-0.822717,-0.525679,-0.508172,-1.814543
3710,L_foot_pitch,1.581655,0.348165,0.351758,-0.245790
3710,L_foot_roll,-0.202537,-0.020254,-0.019902,0.290988
3710,R_hip_roll,-1.268198,-0.190230,0.019467,-41.173392
3710,R_hip_yaw,-0.145263,-0.036316,-0.014518,-2.590759
3710,R_hip_pitch,0.045970,0.141492,0.104000,4.729430
3710,R_knee,-0.816752,0.115812,0.167932,-10.416920
3710,R_foot_pitch,0.880162,-0.101984,-0.061926,-2.636647
3710,R_foot_roll,-1.256677,-0.125668,-0.028206,-7.923852
3720,L_hip_roll,-0.002313,-0.000347,-0.026431,5.112230
3720,L_hip_yaw,-0.036768,-0.009192,-0.015264,0.789679
3720,L_hip_pitch,-0.471337,-0.247834,-0.264226,2.779434
3720,L_knee,-0.808431,-0.522108,-0.511383,-1.294489
3720,L_foot_pitch,1.504080,0.340408,0.350138,-0.556182
3720,L_foot_roll,-0.223503,-0.022350,-0.022011,0.100821
3720,R_hip_roll,-1.213455,-0.182018,0.016835,-38.966980
3720,R_hip_yaw,-0.150769,-0.037692,-0.014739,-2.734974
3720,R_hip_pitch,0.055295,0.143824,0.102056,5.194293
3720,R_knee,-0.785267,0.123683,0.172209,-10.149331
3720,R_foot_pitch,0.860425,-0.103958,-0.068016,-2.242567
3720,R_foot_roll,-1.188862,-0.118886,-0.026841,-7.506371
3730,L_hip_roll,-0.057497,-0.008625,-0.026024,3.333732
3730,L_hip_yaw,-0.038310,-0.009578,-0.015274,0.641273
3730,L_hip_pitch,-0.480850,-0.250212,-0.271410,3.182906
3730,L_knee,-0.791354,-0.517839,-0.511933,-1.240215
3730,L_foot_pitch,1.468206,0.336821,0.345851,-0.205541
3730,L_foot_roll,-0.253388,-0.025339,-0.023001,-0.114796
3730,R_hip_roll,-1.132840,-0.169926,0.014063,-35.953211
3730,R_hip_yaw,-0.134920,-0.033730,-0.014909,-2.242545
3730,R_hip_pitch,0.079628,0.149907,0.100742,6.009781
3730,R_knee,-0.785100,0.123725,0.177957,-11.650140
3730,R_foot_pitch,0.819108,-0.108089,-0.074838,-1.949735
3730,R_foot_roll,-1.137530,-0.113753,-0.025305,-7.235303
3740,L_hip_roll,-0.074188,-0.011128,-0.025443,2.655836
3740,L_hip_yaw,-0.033645,-0.008411,-0.014362,0.591322
3740,L_hip_pitch,-0.488158,-0.252039,-0.276781,3.428743
3740,L_knee,-0.767681,-0.511920,-0.509810,-1.306583
3740,L_foot_pitch,1.360156,0.326016,0.340031,-0.555711
3740,L_foot_roll,-0.277571,-0.027757,-0.024150,-0.159080
3740,R_hip_roll,-1.028394,-0.154259,0.011251,-32.269159
3740,R_hip_yaw,-0.143999,-0.036000,-0.015002,-2.513986
3740,R_hip_pitch,0.106301,0.156575,0.099802,6.909102
3740,R_knee,-0.764925,0.128769,0.184651,-12.093470
3740,R_foot_pitch,0.795180,-0.110482,-0.082153,-1.527680
3740,R_foot_roll,-1.046048,-0.104605,-0.023640,-6.647819
3750,L_hip_roll,-0.171160,-0.025674,-0.024555,-0.549284
3750,L_hip_yaw,-0.029075,-0.007269,-0.012682,0.456439
3750,L_hip_pitch,-0.490614,-0.252653,-0.280526,3.660813
3750,L_knee,-0.733102,-0.503276,-0.505360,-1.170422
3750,L_foot_pitch,1.246278,0.314628,0.332731,-0.686633
3750,L_foot_roll,-0.284033,-0.028403,-0.025944,-0.004917
3750,R_hip_roll,-0.989091,-0.148364,0.008607,-30.644380
3750,R_hip_yaw,-0.145779,-0.036445,-0.015020,-2.570178
3750,R_hip_pitch,0.105680,0.156420,0.099041,6.960008
3750,R_knee,-0.714616,0.141346,0.191775,-11.227091
3750,R_foot_pitch,0.760894,-0.113911,-0.089704,-1.177841
3750,R_foot_roll,-0.964019,-0.096402,-0.021875,-6.140225
3760,L_hip_roll,-0.183129,-0.027469,-0.023648,-1.013114
3760,L_hip_yaw,-0.019788,-0.004947,-0.010101,0.327724
3760,L_hip_pitch,-0.514083,-0.258521,-0.282790,3.082427
3760,L_knee,-0.683707,-0.490927,-0.498759,-0.758868
3760,L_foot_pitch,1.122466,0.302247,0.323215,-0.699692
3760,L_foot_roll,-0.267005,-0.026700,-0.027492,0.182337
3760,R_hip_roll,-0.913786,-0.137068,0.006065,-27.870008
3760,R_hip_yaw,-0.142488,-0.035622,-0.014997,-2.476558
3760,R_hip_pitch,0.106201,0.156550,0.098832,6.923287
3760,R_knee,-0.664036,0.153991,0.199909,-10.842354
3760,R_foot_pitch,0.775993,-0.112401,-0.097747,-0.345167
3760,R_foot_roll,-0.843244,-0.084324,-0.019985,-5.340735
3770,L_hip_roll,-0.233316,-0.034997,-0.022925,-2.631321
3770,L_hip_yaw,-0.012116,-0.003029,-0.006736,0.095239
3770,L_hip_pitch,-0.514192,-0.258548,-0.283753,3.081414
3770,L_knee,-0.612716,-0.473179,-0.490148,0.330877
3770,L_foot_pitch,0.991995,0.289199,0.311655,-0.641488
3770,L_foot_roll,-0.232001,-0.023200,-0.027785,0.341125
3770,R_hip_roll,-0.818540,-0.122781,0.003584,-24.558262
3770,R_hip_yaw,-0.138595,-0.034649,-0.014960,-2.363899
3770,R_hip_pitch,0.106948,0.156737,0.099493,6.774163
3770,R_knee,-0.609667,0.167583,0.209493,-10.549528
3770,R_foot_pitch,0.835727,-0.106427,-0.106450,0.892588
3770,R_foot_roll,-0.692996,-0.069300,-0.017937,-4.315971
3780,L_hip_roll,-0.318395,-0.047759,-0.022358,-5.260121
3780,L_hip_yaw,-0.005258,-0.001314,-0.002990,-0.171274
3780,L_hip_pitch,-0.517752,-0.259438,-0.283266,2.756937
3780,L_knee,-0.513242,-0.448310,-0.478946,1.907178
3780,L_foot_pitch,0.826368,0.272637,0.298528,-0.790422
3780,L_foot_roll,-0.170908,-0.017091,-0.026122,0.490623
3780,R_hip_roll,-0.682771,-0.102416,0.001246,-20.083889
3780,R_hip_yaw,-0.129086,-0.032272,-0.014887,-2.089875
3780,R_hip_pitch,0.091497,0.152874,0.100949,6.055223
3780,R_knee,-0.554540,0.181365,0.220300,-10.382472
3780,R_foot_pitch,0.887271,-0.101273,-0.115844,2.100019
3780,R_foot_roll,-0.523476,-0.052348,-0.015790,-3.149301
3790,L_hip_roll,-0.401112,-0.060167,-0.022004,-7.659240
3790,L_hip_yaw,0.009017,0.002254,0.000927,-0.218092
3790,L_hip_pitch,-0.523931,-0.260983,-0.280754,2.054263
3790,L_knee,-0.383039,-0.415760,-0.463767,3.738682
3790,L_foot_pitch,0.625227,0.252523,0.283560,-1.010863
3790,L_foot_roll,-0.071212,-0.007121,-0.021902,0.687231
3790,R_hip_roll,-0.518381,-0.077757,-0.000812,-14.759233
3790,R_hip_yaw,-0.117039,-0.029260,-0.014809,-1.737122
3790,R_hip_pitch,0.063811,0.145953,0.102889,5.025756
3790,R_knee,-0.484754,0.198811,0.231889,-9.198291
3790,R_foot_pitch,0.957698,-0.094230,-0.125606,3.637939
3790,R_foot_roll,-0.300827,-0.030083,-0.013786,-1.488406
3800,L_hip_roll,-0.490813,-0.073622,-0.021938,-10.276882
3800,L_hip_yaw,0.017492,0.004373,0.005383,-0.578522
3800,L_hip_pitch,-0.515165,-0.258791,-0.275699,1.449439
3800,L_knee,-0.216561,-0.374140,-0.443155,5.789964
3800,L_foot_pitch,0.408243,0.230824,0.265837,-1.038726
3800,L_foot_roll,0.059797,0.005980,-0.014470,0.814943
3800,R_hip_roll,-0.291111,-0.043667,-0.002463,-7.769951
3800,R_hip_yaw,-0.098987,-0.024747,-0.014686,-1.213422
3800,R_hip_pitch,0.030840,0.137710,0.105144,3.736571
3800,R_knee,-0.396828,0.220793,0.244011,-7.577958
3800,R_foot_pitch,1.092952,-0.080705,-0.135538,5.515022
3800,R_foot_roll,-0.027655,-0.002765,-0.011474,0.472141
3810,L_hip_roll,-0.576065,-0.086410,-0.022120,-12.827662
3810,L_hip_yaw,0.026628,0.006657,0.010429,-0.961724
3810,L_hip_pitch,-0.460488,-0.245122,-0.267614,1.805392
3810,L_knee,-0.007709,-0.321927,-0.415645,8.034080
3810,L_foot_pitch,0.177050,0.207705,0.245075,-0.948020
3810,L_foot_roll,0.254912,0.025491,-0.003520,1.171423
3810,R_hip_roll,-0.012784,-0.001918,-0.003462,0.465611
3810,R_hip_yaw,-0.089091,-0.022273,-0.014461,-0.960742
3810,R_hip_pitch,-0.003341,0.129165,0.107673,2.305744
3810,R_knee,-0.296824,0.245794,0.256593,-5.812103
3810,R_foot_pitch,1.260119,-0.063988,-0.145557,7.573813
3810,R_foot_roll,0.322670,0.032267,-0.009137,3.096276
3820,L_hip_roll,-0.552865,-0.082930,-0.022306,-12.111854
3820,L_hip_yaw,0.026079,0.006520,0.015683,-1.612945
3820,L_hip_pitch,-0.278895,-0.199724,-0.255619,5.395910
3820,L_knee,0.246940,-0.258265,-0.379303,10.159681
3820,L_foot_pitch,-0.032695,0.186730,0.221759,-0.558345
3820,L_foot_roll,0.558349,0.055835,0.011789,1.918292
3820,R_hip_roll,0.368273,0.055241,-0.003426,11.544195
3820,R_hip_yaw,-0.111203,-0.027801,-0.014027,-1.699285
3820,R_hip_pitch,-0.028403,0.122899,0.110413,1.226667
3820,R_knee,-0.189431,0.272642,0.269763,-3.429033
3820,R_foot_pitch,1.398601,-0.050140,-0.156143,9.539370
3820,R_foot_roll,0.750260,0.075026,-0.007012,6.358688
3830,L_hip_roll,-0.464620,-0.069693,-0.021767,-9.874460
3830,L_hip_yaw,-0.016017,-0.004004,0.018571,-2.815310
3830,L_hip_pitch,-0.086215,-0.151554,-0.240239,9.268488
3830,L_knee,0.464204,-0.203949,-0.341277,16.946575
3830,L_foot_pitch,0.041579,0.194158,0.177695,8.507969
3830,L_foot_roll,0.881910,0.088191,0.025508,4.661529
3830,R_hip_roll,0.544931,0.081740,-0.002357,16.544445
3830,R_hip_yaw,-0.118358,-0.029589,-0.013389,-1.996362
3830,R_hip_pitch,0.242348,0.190587,0.112382,9.289964
3830,R_knee,-0.205266,0.268683,0.282576,-5.986979
3830,R_foot_pitch,1.052086,-0.084791,-0.166533,7.537320
3830,R_foot_roll,0.951595,0.095160,-0.004258,7.648156
3840,L_hip_roll,0.341294,0.051194,-0.020879,14.136658
3840,L_hip_yaw,-0.119089,-0.029772,0.020094,-6.159290
3840,L_hip_pitch,-0.184494,-0.176124,-0.223482,3.903784
3840,L_knee,0.576020,-0.175995,-0.311037,15.037896
3840,L_foot_pitch,0.040372,0.194037,0.105890,13.756197
3840,L_foot_roll,0.940531,0.094053,0.028760,5.060155
3840,R_hip_roll,0.706313,0.105947,-0.001858,21.493138
3840,R_hip_yaw,-0.086536,-0.021634,-0.012550,-1.183872
3840,R_hip_pitch,0.368895,0.222224,0.113449,12.958501
3840,R_knee,0.018699,0.324675,0.294879,1.693164
3840,R_foot_pitch,0.166959,-0.173304,-0.176942,1.330641
3840,R_foot_roll,0.777672,0.077767,0.002998,5.012603
3850,L_hip_roll,0.955351,0.143303,-0.020071,33.720634
3850,L_hip_yaw,-0.083738,-0.020934,0.020428,-4.815566
3850,L_hip_pitch,0.212749,-0.076813,-0.212843,16.203306
3850,L_knee,0.462227,-0.204443,-0.295057,16.489178
3850,L_foot_pitch,-0.177630,0.172237,0.080027,7.078294
3850,L_foot_roll,0.890387,0.089039,0.012768,6.041999
3850,R_hip_roll,0.624896,0.093734,-0.003208,20.672607
3850,R_hip_yaw,-0.062052,-0.015513,-0.013586,0.183074
3850,R_hip_pitch,0.452602,0.243151,0.118962,14.058184
3850,R_knee,0.316302,0.399076,0.311860,10.282410
3850,R_foot_pitch,-0.698230,-0.259823,-0.186540,-5.489234
3850,R_foot_roll,0.298472,0.029847,0.021031,-1.980348
3860,L_hip_roll,0.793651,0.119048,-0.023160,29.198075
3860,L_hip_yaw,-0.098109,-0.024527,0.019838,-5.308152
3860,L_hip_pitch,0.077100,-0.110725,-0.209162,11.343953
3860,L_knee,0.376553,-0.225862,-0.291316,10.192352
3860,L_foot_pitch,-0.430694,0.146931,0.080614,5.284701
3860,L_foot_roll,0.485216,0.048522,0.018199,1.970012
3860,R_hip_roll,0.101207,0.015181,-0.005522,4.379052
3860,R_hip_yaw,0.003284,0.000821,-0.017864,2.635628
3860,R_hip_pitch,0.386651,0.226663,0.132980,9.567987
3860,R_knee,0.285193,0.391298,0.342586,-2.151967
3860,R_foot_pitch,-1.211329,-0.311133,-0.210212,-5.005943
3860,R_foot_roll,-0.187200,-0.018720,0.034573,-4.894316
3870,L_hip_roll,0.816890,0.122533,-0.025635,30.339756
3870,L_hip_yaw,0.004996,0.001249,0.019561,-2.153860
3870,L_hip_pitch,0.081263,-0.109684,-0.204216,10.808327
3870,L_knee,0.398637,-0.220341,-0.286057,10.190304
3870,L_foot_pitch,-0.259283,0.164072,0.081657,6.475242
3870,L_foot_roll,0.421550,0.042155,0.021611,1.352781
3870,R_hip_roll,0.122377,0.018357,-0.005808,4.790919
3870,R_hip_yaw,0.018267,0.004567,-0.016459,1.997377
3870,R_hip_pitch,0.464986,0.246246,0.149024,10.206492
3870,R_knee,0.370434,0.412609,0.377431,-3.088711
3870,R_foot_pitch,-1.407184,-0.330718,-0.252304,-1.748991
3870,R_foot_roll,-0.181289,-0.018129,0.022670,-1.102978
3880,L_hip_roll,0.860748,0.129112,-0.027767,31.948882
3880,L_hip_yaw,0.004077,0.001019,0.019433,-2.211335
3880,L_hip_pitch,0.138078,-0.095481,-0.198636,11.800781
3880,L_knee,0.385428,-0.223643,-0.280558,8.610180
3880,L_foot_pitch,-0.199819,0.170018,0.082960,6.823724
3880,L_foot_roll,0.518571,0.051857,0.024004,2.019418
3880,R_hip_roll,0.127452,0.019118,-0.005226,4.586962
3880,R_hip_yaw,-0.002466,-0.000616,-0.007489,-0.277082
3880,R_hip_pitch,0.444898,0.241225,0.163143,8.059656
3880,R_knee,0.432986,0.428246,0.406384,-3.699673
3880,R_foot_pitch,-1.407173,-0.330717,-0.297123,1.360507
3880,R_foot_roll,-0.141582,-0.014158,-0.000946,1.195630
3890,L_hip_roll,0.905504,0.135826,-0.029351,33.422781
3890,L_hip_yaw,-0.031602,-0.007901,0.019518,-3.298411
3890,L_hip_pitch,0.189569,-0.082608,-0.192479,12.540210
3890,L_knee,0.416298,-0.215925,-0.275431,9.281016
3890,L_foot_pitch,-0.342454,0.155755,0.084678,5.484223
3890,L_foot_roll,0.635974,0.063597,0.025858,2.857422
3890,R_hip_roll,0.029467,0.004420,-0.003833,1.113712
3890,R_hip_yaw,-0.003748,-0.000937,0.002318,-1.216958
3890,R_hip_pitch,0.489436,0.252359,0.174844,8.277318
3890,R_knee,0.481665,0.440416,0.427952,-3.079058
3890,R_foot_pitch,-1.502882,-0.340288,-0.327810,1.186956
3890,R_foot_roll,-0.171643,-0.017164,-0.017419,1.146276
3900,L_hip_roll,1.056007,0.158401,-0.030552,38.156974
3900,L_hip_yaw,-0.029081,-0.007270,0.019554,-3.214708
3900,L_hip_pitch,0.096930,-0.105767,-0.184999,8.704259
3900,L_knee,0.467587,-0.203103,-0.269845,10.289995
3900,L_foot_pitch,-0.449972,0.145003,0.086494,4.494894
3900,L_foot_roll,0.647541,0.064754,0.026849,2.880802
3900,R_hip_roll,0.057423,0.008613,-0.001964,1.541155
3900,R_hip_yaw,0.007347,0.001837,0.007666,-0.990223
3900,R_hip_pitch,0.579343,0.274836,0.184014,10.089295
3900,R_knee,0.516408,0.449102,0.442984,-2.610610
3900,R_foot_pitch,-1.689623,-0.358962,-0.342340,-0.465020
3900,R_foot_roll,-0.185329,-0.018533,-0.023777,0.701499
3910,L_hip_roll,1.081314,0.162197,-0.031454,38.938470
3910,L_hip_yaw,-0.064777,-0.016194,0.019469,-4.264815
3910,L_hip_pitch,0.121417,-0.099646,-0.177060,8.519647
3910,L_knee,0.479667,-0.200083,-0.264065,9.869420
3910,L_foot_pitch,-0.334328,0.156567,0.088235,5.287085
3910,L_foot_roll,0.756112,0.075611,0.027976,3.668081
3910,R_hip_roll,0.019950,0.002992,0.000390,-0.289287
3910,R_hip_yaw,0.018031,0.004508,0.008549,-0.424422
3910,R_hip_pitch,0.565347,0.271337,0.192399,8.635552
3910,R_knee,0.632133,0.478033,0.454309,1.300099
3910,R_foot_pitch,-1.861066,-0.376107,-0.350047,-1.447290
3910,R_foot_roll,-0.167433,-0.016743,-0.024166,0.480231
3920,L_hip_roll,1.130157,0.169524,-0.031923,40.389890
3920,L_hip_yaw,-0.063914,-0.015979,0.019280,-4.203574
3920,L_hip_pitch,0.194545,-0.081364,-0.169546,9.852964
3920,L_knee,0.459985,-0.205004,-0.258858,8.260018
3920,L_foot_pitch,-0.423243,0.147676,0.090176,4.392201
3920,L_foot_roll,0.819864,0.081986,0.028931,4.128949
3920,R_hip_roll,0.005464,0.000820,0.003327,-1.437484
3920,R_hip_yaw,0.020342,0.005085,0.007131,-0.060387
3920,R_hip_pitch,0.641495,0.290374,0.201980,9.598324
3920,R_knee,0.724132,0.501033,0.465899,2.720105
3920,R_foot_pitch,-2.095590,-0.399559,-0.353876,-3.437373
3920,R_foot_roll,-0.198374,-0.019837,-0.021564,-0.188002
3930,L_hip_roll,1.157060,0.173559,-0.032036,41.134633
3930,L_hip_yaw,-0.059168,-0.014792,0.019085,-4.043968
3930,L_hip_pitch,0.127996,-0.098001,-0.162506,7.064047
3930,L_knee,0.470243,-0.202439,-0.254494,8.230652
3930,L_foot_pitch,-0.351943,0.154806,0.092472,4.739951
3930,L_foot_roll,0.872144,0.087214,0.029368,4.521459
3930,R_hip_roll,-0.020517,-0.003078,0.006643,-2.971244
3930,R_hip_yaw,0.040163,0.010041,0.005222,0.751829
3930,R_hip_pitch,0.689066,0.302266,0.213863,9.342276
3930,R_knee,0.789532,0.517383,0.480975,1.698018
3930,R_foot_pitch,-2.244372,-0.414437,-0.355212,-4.658052
3930,R_foot_roll,-0.173674,-0.017367,-0.019301,0.006114
3940,L_hip_roll,1.183079,0.177462,-0.031790,41.639389
3940,L_hip_yaw,-0.036622,-0.009156,0.018889,-3.341895
3940,L_hip_pitch,0.140244,-0.094939,-0.156588,6.841268
3940,L_knee,0.492823,-0.196794,-0.251828,9.265628
3940,L_foot_pitch,-0.202596,0.169740,0.095512,5.591184
3940,L_foot_roll,0.980699,0.098070,0.029485,5.716562
3940,R_hip_roll,-0.060269,-0.009040,0.010168,-4.951856
3940,R_hip_yaw,0.026539,0.006635,0.005169,0.048627
3940,R_hip_pitch,0.782755,0.325689,0.228020,10.253580
3940,R_knee,0.902493,0.545623,0.499042,2.908369
3940,R_foot_pitch,-2.395734,-0.429573,-0.355823,-5.853037
3940,R_foot_roll,-0.117058,-0.011706,-0.017734,0.335981
3950,L_hip_roll,1.246185,0.186928,-0.031394,43.553236
3950,L_hip_yaw,-0.007765,-0.001941,0.018771,-2.477068
3950,L_hip_pitch,0.102340,-0.104415,-0.151967,5.286827
3950,L_knee,0.528655,-0.187836,-0.250812,11.203704
3950,L_foot_pitch,-0.153127,0.174687,0.099117,5.666701
3950,L_foot_roll,1.071390,0.107139,0.029699,6.133993
3950,R_hip_roll,-0.092703,-0.013905,0.013503,-6.425782
3950,R_hip_yaw,0.019281,0.004820,0.006667,-0.389977
3950,R_hip_pitch,0.809553,0.332388,0.244780,8.755827
3950,R_knee,1.007350,0.571838,0.520302,2.678922
3950,R_foot_pitch,-2.581908,-0.448191,-0.356379,-7.287924
3950,R_foot_roll,-0.118415,-0.011842,-0.014923,-0.087871
3960,L_hip_roll,1.359398,0.203910,-0.030999,46.798553
3960,L_hip_yaw,-0.020852,-0.005213,0.018792,-2.884638
3960,L_hip_pitch,0.088197,-0.107951,-0.147929,4.378474
3960,L_knee,0.526717,-0.188321,-0.250388,10.984125
3960,L_foot_pitch,-0.268434,0.163157,0.102946,4.411699
3960,L_foot_roll,1.212306,0.121231,0.029620,7.531469
3960,R_hip_roll,-0.058468,-0.008770,0.016392,-5.863237
3960,R_hip_yaw,0.044358,0.011089,0.008008,0.254352
3960,R_hip_pitch,0.814380,0.333595,0.263768,6.453548
3960,R_knee,1.114287,0.598572,0.544283,2.601622
3960,R_foot_pitch,-2.726660,-0.462666,-0.357159,-8.354932
3960,R_foot_roll,-0.124821,-0.012482,-0.011878,-0.305409
3970,L_hip_roll,1.305190,0.195779,-0.030423,45.028796
3970,L_hip_yaw,0.001756,0.000439,0.018782,-2.190548
3970,L_hip_pitch,0.064947,-0.113763,-0.144084,3.254579
3970,L_knee,0.581547,-0.174613,-0.250344,13.691486
3970,L_foot_pitch,-0.218954,0.168105,0.106899,4.495963
3970,L_foot_roll,1.291674,0.129167,0.029580,7.919665
3970,R_hip_roll,-0.026909,-0.004036,0.018987,-5.361807
3970,R_hip_yaw,0.062958,0.015739,0.010041,0.417959
3970,R_hip_pitch,0.913964,0.358491,0.283529,7.058602
3970,R_knee,1.185394,0.616349,0.568908,1.430938
3970,R_foot_pitch,-2.785079,-0.468508,-0.358189,-8.717726
3970,R_foot_roll,-0.048103,-0.004810,-0.010241,0.339350
3980,L_hip_roll,1.305218,0.195783,-0.029448,44.592965
3980,L_hip_yaw,0.041904,0.010476,0.018601,-0.975820
3980,L_hip_pitch,-0.010470,-0.132618,-0.139582,0.317646
3980,L_knee,0.622390,-0.164403,-0.249332,14.661049
3980,L_foot_pitch,-0.014612,0.188539,0.111185,5.880827
3980,L_foot_roll,1.374254,0.137425,0.028778,9.259671
3980,R_hip_roll,-0.003549,-0.000532,0.021294,-5.049403
3980,R_hip_yaw,0.055253,0.013813,0.013998,-0.495419
3980,R_hip_pitch,0.926296,0.361574,0.303218,5.077312
3980,R_knee,1.257886,0.634471,0.592567,0.847855
3980,R_foot_pitch,-2.837841,-0.473784,-0.359290,-9.053187
3980,R_foot_roll,-0.004369,-0.000437,-0.007791,0.280846
3990,L_hip_roll,1.384467,0.207670,-0.028496,46.925569
3990,L_hip_yaw,0.084165,0.021041,0.018556,0.305902
3990,L_hip_pitch,-0.015750,-0.133937,-0.134850,-0.380745
3990,L_knee,0.612177,-0.166956,-0.247864,14.061570
3990,L_foot_pitch,0.001422,0.190142,0.114279,5.769118
3990,L_foot_roll,1.472398,0.147240,0.028457,9.474490
3990,R_hip_roll,-0.065967,-0.009895,0.023154,-7.151908
3990,R_hip_yaw,0.065765,0.016441,0.018235,-0.591034
3990,R_hip_pitch,0.954938,0.368734,0.322250,3.748987
3990,R_knee,1.320904,0.650226,0.613742,0.786934
3990,R_foot_pitch,-2.877524,-0.477752,-0.360324,-9.296986
3990,R_foot_roll,0.009609,0.000961,-0.003759,-0.039135
4000,L_hip_roll,1.374683,0.206202,-0.027188,46.192500
4000,L_hip_yaw,0.107044,0.026761,0.018548,0.984860
4000,L_hip_pitch,-0.083216,-0.150804,-0.129923,-3.011519
4000,L_knee,0.630115,-0.162471,-0.246285,14.621405
4000,L_foot_pitch,-0.021183,0.187882,0.117623,5.247722
4000,L_foot_roll,1.542812,0.154281,0.027797,10.309390
4000,R_hip_roll,-0.103465,-0.015520,0.024865,-8.584503
4000,R_hip_yaw,0.063417,0.015854,0.021967,-1.088688
4000,R_hip_pitch,0.963713,0.370928,0.340050,2.011438
4000,R_knee,1.385706,0.666427,0.631634,1.477158
4000,R_foot_pitch,-2.935061,-0.483506,-0.361248,-9.694913
4000,R_foot_roll,0.021953,0.002195,0.000249,-0.194662
4010,L_hip_roll,1.418062,0.212709,-0.025586,47.217416
4010,L_hip_yaw,0.143660,0.035915,0.018563,2.084087
4010,L_hip_pitch,-0.127482,-0.161870,-0.125177,-4.852306
4010,L_knee,0.661259,-0.154685,-0.245145,16.045302
4010,L_foot_pitch,0.048849,0.194885,0.121214,5.608909
4010,L_foot_roll,1.571446,0.157145,0.027030,10.236900
4010,R_hip_roll,-0.092510,-0.013877,0.026277,-8.383740
4010,R_hip_yaw,0.057608,0.014402,0.024908,-1.497288
4010,R_hip_pitch,0.951615,0.367904,0.356566,-0.216265
4010,R_knee,1.423280,0.675820,0.646456,1.329244
4010,R_foot_pitch,-2.933907,-0.483391,-0.362088,-9.624749
4010,R_foot_roll,0.066061,0.006606,0.003177,0.044110
4020,L_hip_roll,1.342777,0.201417,-0.023709,44.395444
4020,L_hip_yaw,0.161016,0.040254,0.018549,2.607798
4020,L_hip_pitch,-0.164369,-0.171092,-0.120563,-6.534654
4020,L_knee,0.680327,-0.149918,-0.244452,16.823706
4020,L_foot_pitch,0.067372,0.196737,0.125306,5.279601
4020,L_foot_roll,1.549163,0.154916,0.026012,10.484934
4020,R_hip_roll,-0.108511,-0.016277,0.027391,-9.050662
4020,R_hip_yaw,0.056227,0.014057,0.026344,-1.546752
4020,R_hip_pitch,0.948541,0.367135,0.371333,-1.872873
4020,R_knee,1.435752,0.678938,0.657815,0.968381
4020,R_foot_pitch,-2.916004,-0.481600,-0.362802,-9.439762
4020,R_foot_roll,0.087930,0.008793,0.005796,-0.016575
4030,L_hip_roll,1.268911,0.190337,-0.021608,41.712748
4030,L_hip_yaw,0.173211,0.043303,0.018520,2.978210
4030,L_hip_pitch,-0.193524,-0.178381,-0.115709,-8.029588
4030,L_knee,0.685437,-0.148641,-0.243708,16.832936
4030,L_foot_pitch,0.028179,0.192818,0.129482,4.633582
4030,L_foot_roll,1.465921,0.146592,0.024667,9.992460
4030,R_hip_roll,-0.058014,-0.008702,0.028136,-7.532748
4030,R_hip_yaw,0.054501,0.013625,0.026367,-1.484393
4030,R_hip_pitch,0.945468,0.366367,0.383681,-3.191768
4030,R_knee,1.447757,0.681939,0.664940,1.526168
4030,R_foot_pitch,-2.849872,-0.474987,-0.363335,-8.886937
4030,R_foot_roll,0.122429,0.012243,0.008530,0.040368
4040,L_hip_roll,1.221474,0.183221,-0.019409,39.798693
4040,L_hip_yaw,0.183522,0.045881,0.018454,3.298234
4040,L_hip_pitch,-0.201445,-0.180361,-0.110671,-8.885945
4040,L_knee,0.687400,-0.148150,-0.242951,16.783616
4040,L_foot_pitch,-0.028655,0.187135,0.133756,3.828088
4040,L_foot_roll,1.411564,0.141156,0.022942,9.800423
4040,R_hip_roll,-0.031786,-0.004768,0.028424,-6.694142
4040,R_hip_yaw,0.048489,0.012122,0.025185,-1.407490
4040,R_hip_pitch,0.957836,0.369459,0.393540,-3.769700
4040,R_knee,1.449340,0.682335,0.668038,2.114517
4040,R_foot_pitch,-2.769186,-0.466919,-0.363630,-8.243260
4040,R_foot_roll,0.140294,0.014029,0.011357,-0.056432
4050,L_hip_roll,1.179803,0.176971,-0.017285,38.188859
4050,L_hip_yaw,0.188514,0.047129,0.018361,3.461070
4050,L_hip_pitch,-0.210495,-0.182624,-0.105709,-9.730662
4050,L_knee,0.676399,-0.150900,-0.242483,16.344256
4050,L_foot_pitch,-0.141104,0.175890,0.138195,2.545394
4050,L_foot_roll,1.330070,0.133007,0.021672,9.139411
4050,R_hip_roll,-0.023431,-0.003515,0.028261,-6.257277
4050,R_hip_yaw,0.054953,0.013738,0.022868,-0.829731
4050,R_hip_pitch,0.960145,0.370036,0.401255,-4.433005
4050,R_knee,1.413856,0.673464,0.668033,1.305171
4050,R_foot_pitch,-2.705111,-0.460511,-0.363661,-7.754131
4050,R_foot_roll,0.127330,0.012733,0.013914,-0.316419
4060,L_hip_roll,1.113529,0.167029,-0.015163,35.754771
4060,L_hip_yaw,0.197058,0.049265,0.018262,3.729450
4060,L_hip_pitch,-0.187922,-0.176981,-0.100893,-9.613836
4060,L_knee,0.661493,-0.154627,-0.242302,15.719091
4060,L_foot_pitch,-0.247344,0.165266,0.142861,1.305335
4060,L_foot_roll,1.203365,0.120336,0.020030,8.345010
4060,R_hip_roll,-0.013384,-0.002008,0.027614,-5.673432
4060,R_hip_yaw,0.050618,0.012655,0.020488,-0.738471
4060,R_hip_pitch,0.958223,0.369556,0.406789,-4.927987
4060,R_knee,1.361389,0.660347,0.664797,0.575038
4060,R_foot_pitch,-2.620442,-0.452044,-0.363464,-7.112479
4060,R_foot_roll,0.104913,0.010491,0.015197,-0.438380
4070,L_hip_roll,1.033559,0.155034,-0.013178,33.045565
4070,L_hip_yaw,0.196738,0.049184,0.018164,3.731606
4070,L_hip_pitch,-0.165910,-0.171478,-0.096239,-9.492992
4070,L_knee,0.639177,-0.160206,-0.242427,14.864491
4070,L_foot_pitch,-0.384942,0.151506,0.147561,-0.196446
4070,L_foot_roll,1.074392,0.107439,0.018819,7.306272
4070,R_hip_roll,0.012186,0.001828,0.026361,-4.447489
4070,R_hip_yaw,0.051831,0.012958,0.018751,-0.551973
4070,R_hip_pitch,0.955050,0.368762,0.409767,-5.114320
4070,R_knee,1.295109,0.643777,0.657572,0.132172
4070,R_foot_pitch,-2.508847,-0.440885,-0.363072,-6.269451
4070,R_foot_roll,0.077428,0.007743,0.014615,-0.423282
4080,L_hip_roll,0.915231,0.137285,-0.011300,29.140996
4080,L_hip_yaw,0.194035,0.048509,0.018059,3.661949
4080,L_hip_pitch,-0.095095,-0.153774,-0.091600,-7.929488
4080,L_knee,0.604385,-0.168904,-0.242696,13.335353
4080,L_foot_pitch,-0.557300,0.134270,0.152626,-1.980878
4080,L_foot_roll,0.899106,0.089911,0.016845,6.179609
4080,R_hip_roll,0.038646,0.005797,0.024521,-3.126100
4080,R_hip_yaw,0.052191,0.013048,0.017656,-0.471363
4080,R_hip_pitch,0.964662,0.371166,0.410050,-4.599357
4080,R_knee,1.187726,0.616931,0.646125,-1.418832
4080,R_foot_pitch,-2.370449,-0.427045,-0.362483,-5.228899
4080,R_foot_roll,0.034869,0.003487,0.012298,-0.429902
4090,L_hip_roll,0.782042,0.117306,-0.009701,25.027785
4090,L_hip_yaw,0.184249,0.046062,0.017969,3.379787
4090,L_hip_pitch,-0.037332,-0.139333,-0.086790,-6.772352
4090,L_knee,0.570758,-0.177311,-0.242807,11.918523
4090,L_foot_pitch,-0.736387,0.116361,0.157670,-3.811117
4090,L_foot_roll,0.689822,0.068982,0.014975,4.409019
4090,R_hip_roll,0.104292,0.015644,0.022100,-0.448989
4090,R_hip_yaw,0.048820,0.012205,0.016982,-0.509711
4090,R_hip_pitch,0.952708,0.368177,0.407384,-4.330359
4090,R_knee,1.051144,0.582786,0.629833,-3.080557
4090,R_foot_pitch,-2.175377,-0.407538,-0.361671,-3.756253
4090,R_foot_roll,-0.032828,-0.003283,0.008524,-0.541011
4100,L_hip_roll,0.583125,0.087469,-0.008577,18.967897
4100,L_hip_yaw,0.168574,0.042143,0.017840,2.928712
4100,L_hip_pitch,0.041658,-0.119585,-0.081728,-5.046815
4100,L_knee,0.530750,-0.187313,-0.242864,10.047428
4100,L_foot_pitch,-0.977055,0.092294,0.162867,-6.145937
4100,L_foot_roll,0.442467,0.044247,0.013272,2.573035
4100,R_hip_roll,0.200809,0.030121,0.019238,3.092828
4100,R_hip_yaw,0.048616,0.012154,0.015817,-0.277094
4100,R_hip_pitch,0.930846,0.362711,0.401247,-3.892441
4100,R_knee,0.877152,0.539288,0.607484,-4.984814
4100,R_foot_pitch,-1.909622,-0.380962,-0.360570,-1.749165
4100,R_foot_roll,-0.134887,-0.013489,0.002945,-0.719113
4110,L_hip_roll,0.294261,0.044139,-0.007989,10.370998
4110,L_hip_yaw,0.147485,0.036871,0.017658,2.321840
4110,L_hip_pitch,0.170291,-0.087427,-0.076118,-1.927062
4110,L_knee,0.465503,-0.203624,-0.242503,6.866003
4110,L_foot_pitch,-1.273772,0.062623,0.167989,-8.887168
4110,L_foot_roll,0.152085,0.015209,0.011676,0.340973
4110,R_hip_roll,0.346459,0.051969,0.016293,8.043958
4110,R_hip_yaw,0.043750,0.010937,0.013199,0.061948
4110,R_hip_pitch,0.882798,0.350699,0.391081,-3.700925
4110,R_knee,0.634363,0.478591,0.577781,-8.273791
4110,R_foot_pitch,-1.584097,-0.348410,-0.359077,0.693783
4110,R_foot_roll,-0.301535,-0.030153,-0.005256,-1.119385
4120,L_hip_roll,-0.125075,-0.018761,-0.007997,-2.004728
4120,L_hip_yaw,0.124566,0.031142,0.017407,1.671669
4120,L_hip_pitch,0.283282,-0.059179,-0.069414,0.534742
4120,L_knee,0.389502,-0.222624,-0.241271,2.978659
4120,L_foot_pitch,-1.563407,0.033659,0.173008,-11.607253
4120,L_foot_roll,-0.185750,-0.018575,0.009860,-2.178326
4120,R_hip_roll,0.533850,0.080077,0.013695,14.038483
4120,R_hip_yaw,0.033033,0.008258,0.008277,0.592615
4120,R_hip_pitch,0.803889,0.330972,0.375735,-3.663627
4120,R_knee,0.321852,0.400463,0.538167,-11.950312
4120,R_foot_pitch,-1.184669,-0.308467,-0.353986,3.006335
4120,R_foot_roll,-0.577431,-0.057743,-0.017724,-1.859643
4130,L_hip_roll,-0.658049,-0.098707,-0.008844,-17.528180
4130,L_hip_yaw,0.115913,0.028978,0.017016,1.475864
4130,L_hip_pitch,0.365695,-0.038576,-0.061563,1.961262
4130,L_knee,0.288481,-0.247880,-0.239568,-1.920649
4130,L_foot_pitch,-1.757796,0.014220,0.178063,-13.609225
4130,L_foot_roll,-0.499027,-0.049903,0.007747,-4.478252
4130,R_hip_roll,0.701119,0.105168,0.011789,19.212566
4130,R_hip_yaw,0.036588,0.009147,0.000151,2.014840
4130,R_hip_pitch,0.592297,0.278074,0.353763,-6.684699
4130,R_knee,-0.053853,0.306537,0.484969,-14.928522
4130,R_foot_pitch,-0.737495,-0.263750,-0.336675,3.632468
4130,R_foot_roll,-0.994118,-0.099412,-0.037423,-2.819257
4140,L_hip_roll,-0.850713,-0.127607,-0.010640,-23.125934
4140,L_hip_yaw,0.043698,0.010925,0.016463,-0.665348
4140,L_hip_pitch,0.240740,-0.069815,-0.052963,-2.870379
4140,L_knee,0.323776,-0.239056,-0.238533,-0.362421
4140,L_foot_pitch,-1.499943,0.040006,0.183567,-11.968263
4140,L_foot_roll,-0.651052,-0.065105,0.006111,-5.477758
4140,R_hip_roll,0.715124,0.107269,0.010326,19.850086
4140,R_hip_yaw,0.067351,0.016838,-0.008372,3.259737
4140,R_hip_pitch,0.329806,0.212451,0.325699,-11.477717
4140,R_knee,-0.357015,0.230746,0.421479,-22.211899
4140,R_foot_pitch,-0.463497,-0.236350,-0.288962,-6.264463
4140,R_foot_roll,-1.620409,-0.162041,-0.059993,-8.678380
4150,L_hip_roll,-0.889851,-0.133478,-0.010771,-24.637464
4150,L_hip_yaw,0.022152,0.005538,0.015912,-1.156825
4150,L_hip_pitch,0.087073,-0.108232,-0.043831,-8.658521
4150,L_knee,0.226886,-0.263279,-0.237976,-4.574431
4150,L_foot_pitch,-0.756338,0.114366,0.188302,-6.373221
4150,L_foot_roll,-0.202750,-0.020275,0.003501,-1.646250
4150,R_hip_roll,0.020749,0.003112,0.010466,-1.827588
4150,R_hip_yaw,0.217292,0.054323,-0.009257,7.676379
4150,R_hip_pitch,0.299075,0.204769,0.299787,-8.624212
4150,R_knee,-0.456649,0.205838,0.374437,-15.925276
4150,R_foot_pitch,-0.165089,-0.206509,-0.179631,-12.581187
4150,R_foot_roll,-2.003436,-0.200344,-0.067804,-9.043395
4160,L_hip_roll,-0.346107,-0.051916,-0.010878,-8.044074
4160,L_hip_yaw,-0.062223,-0.015556,0.014914,-3.558686
4160,L_hip_pitch,-0.185890,-0.176472,-0.038244,-16.878025
4160,L_knee,0.020317,-0.314921,-0.243492,-10.063364
4160,L_foot_pitch,0.209227,0.210923,0.192912,0.988357
4160,L_foot_roll,0.458410,0.045841,0.001755,3.696845
4160,R_hip_roll,-0.438798,-0.065820,0.011799,-15.877019
4160,R_hip_yaw,0.238835,0.059709,-0.010063,8.506366
4160,R_hip_pitch,0.318023,0.209506,0.273197,-5.151160
4160,R_knee,-0.438401,0.210400,0.328774,-8.650777
4160,R_foot_pitch,0.207857,-0.169214,-0.081184,-14.450000
4160,R_foot_roll,-1.856688,-0.185669,-0.089890,-5.131869
4170,L_hip_roll,-0.376340,-0.056451,-0.010810,-9.530133
4170,L_hip_yaw,-0.099396,-0.024849,0.008629,-2.943607
4170,L_hip_pitch,-0.173514,-0.173379,-0.045075,-14.099097
4170,L_knee,-0.100024,-0.345006,-0.267117,-4.631234
4170,L_foot_pitch,0.728877,0.262888,0.202730,3.860507
4170,L_foot_roll,0.710804,0.071080,0.013120,2.788563
4170,R_hip_roll,-0.840384,-0.126058,0.012275,-27.814286
4170,R_hip_yaw,0.066001,0.016500,-0.010905,3.244764
4170,R_hip_pitch,0.085245,0.151311,0.257935,-12.061286
4170,R_knee,-0.481421,0.199645,0.305578,-16.823882
4170,R_foot_pitch,0.600070,-0.129993,-0.040713,-7.005623
4170,R_foot_roll,-1.561423,-0.156142,-0.087594,-7.979157
4180,L_hip_roll,-0.062109,-0.009316,-0.010350,0.226424
4180,L_hip_yaw,-0.081819,-0.020455,-0.007662,0.361770
4180,L_hip_pitch,-0.167421,-0.171855,-0.062162,-11.285635
4180,L_knee,-0.208982,-0.372246,-0.305571,0.145375
4180,L_foot_pitch,1.033000,0.293300,0.223165,3.152430
4180,L_foot_roll,0.895962,0.089596,0.040091,1.020969
4180,R_hip_roll,-0.884254,-0.132638,0.012285,-28.931407
4180,R_hip_yaw,-0.017651,-0.004413,-0.011245,0.887401
4180,R_hip_pitch,-0.009328,0.127668,0.249314,-13.663807
4180,R_knee,-0.403871,0.219032,0.294961,-9.964807
4180,R_foot_pitch,0.963324,-0.093668,-0.040411,-4.378721
4180,R_foot_roll,-1.260545,-0.126055,-0.057627,-8.647943
4190,L_hip_roll,0.011968,0.001795,-0.009987,2.124375
4190,L_hip_yaw,-0.097385,-0.024346,-0.023943,1.284802
4190,L_hip_pitch,-0.129977,-0.162494,-0.081841,-7.762196
4190,L_knee,-0.285712,-0.391428,-0.347152,3.882330
4190,L_foot_pitch,1.172994,0.307299,0.254080,1.096291
4190,L_foot_roll,0.920476,0.092048,0.070067,-0.986886
4190,R_hip_roll,-1.075379,-0.161307,0.012299,-34.816314
4190,R_hip_yaw,-0.057209,-0.014302,-0.012315,-0.121737
4190,R_hip_pitch,0.044437,0.141109,0.239047,-10.684497
4190,R_knee,-0.478860,0.200285,0.281241,-10.348347
4190,R_foot_pitch,0.988220,-0.091178,-0.038570,-4.403887
4190,R_foot_roll,-1.183778,-0.118378,-0.024213,-10.810044
4200,L_hip_roll,-0.221951,-0.033293,-0.006906,-6.356526
4200,L_hip_yaw,-0.116626,-0.029157,-0.033080,1.087868
4200,L_hip_pitch,-0.082781,-0.150695,-0.099943,-4.469578
4200,L_knee,-0.347271,-0.406818,-0.382276,4.614320
4200,L_foot_pitch,1.209770,0.310977,0.283913,-0.445573
4200,L_foot_roll,0.858581,0.085858,0.090998,-1.939810
4200,R_hip_roll,-1.118975,-0.167846,0.016929,-38.484556
4200,R_hip_yaw,-0.083767,-0.020942,-0.012740,-0.955827
4200,R_hip_pitch,0.100453,0.155113,0.232153,-8.531341
4200,R_knee,-0.596873,0.170782,0.273287,-16.082380
4200,R_foot_pitch,1.033666,-0.086633,-0.039148,-3.755238
4200,R_foot_roll,-1.152337,-0.115234,-0.024397,-7.047105
4210,L_hip_roll,-0.234708,-0.035206,-0.003877,-6.997203
4210,L_hip_yaw,-0.110127,-0.027532,-0.037441,1.466297
4210,L_hip_pitch,-0.105794,-0.156449,-0.113590,-4.007979
4210,L_knee,-0.393855,-0.418464,-0.406353,3.423928
4210,L_foot_pitch,1.283017,0.318302,0.304021,-0.316727
4210,L_foot_roll,0.844524,0.084452,0.098512,-1.342883
4210,R_hip_roll,-1.059771,-0.158966,0.021619,-37.399789
4210,R_hip_yaw,-0.078519,-0.019630,-0.013045,-0.763055
4210,R_hip_pitch,0.109339,0.157335,0.223219,-6.892837
4210,R_knee,-0.628051,0.162987,0.263133,-14.577036
4210,R_foot_pitch,1.053440,-0.084656,-0.038724,-3.760345
4210,R_foot_roll,-1.105776,-0.110578,-0.026345,-6.554095
4220,L_hip_roll,-0.145133,-0.021770,-0.002211,-4.188867
4220,L_hip_yaw,-0.121784,-0.030446,-0.037804,0.744702
4220,L_hip_pitch,-0.146556,-0.166639,-0.123213,-4.396435
4220,L_knee,-0.395246,-0.418811,-0.420726,3.549356
4220,L_foot_pitch,1.343311,0.324331,0.314468,0.094130
4220,L_foot_roll,0.767287,0.076729,0.096436,-1.134940
4220,R_hip_roll,-1.017032,-0.152555,0.025407,-36.586991
4220,R_hip_yaw,-0.043593,-0.010898,-0.013295,0.308713
4220,R_hip_pitch,0.018855,0.134714,0.212071,-8.113256
4220,R_knee,-0.613184,0.166704,0.250410,-11.089826
4220,R_foot_pitch,1.284475,-0.061553,-0.037418,-2.076713
4220,R_foot_roll,-1.015630,-0.101563,-0.028006,-5.731897
4230,L_hip_roll,-0.117200,-0.017580,-0.001867,-3.076079
4230,L_hip_yaw,-0.116686,-0.029172,-0.035564,0.493633
4230,L_hip_pitch,-0.259448,-0.194862,-0.129826,-7.257668
4230,L_knee,-0.434895,-0.428724,-0.427716,1.060108
4230,L_foot_pitch,1.359178,0.325918,0.319403,0.190907
4230,L_foot_roll,0.640380,0.064038,0.088852,-1.110525
4230,R_hip_roll,-1.161133,-0.174170,0.028339,-41.271680
4230,R_hip_yaw,0.015834,0.003958,-0.013432,2.094272
4230,R_hip_pitch,-0.064372,0.113907,0.199659,-9.022967
4230,R_knee,-0.617680,0.165580,0.236441,-8.541865
4230,R_foot_pitch,1.500739,-0.039926,-0.035672,-0.511911
4230,R_foot_roll,-1.031309,-0.103131,-0.029292,-5.788847
4240,L_hip_roll,-0.016172,-0.002426,-0.002834,0.556498
4240,L_hip_yaw,-0.110638,-0.027660,-0.032339,0.219896
4240,L_hip_pitch,-0.215326,-0.183832,-0.135768,-5.143255
4240,L_knee,-0.455788,-0.433947,-0.431698,0.669134
4240,L_foot_pitch,1.432066,0.333207,0.321718,0.774144
4240,L_foot_roll,0.545619,0.054562,0.077343,-0.615777
4240,R_hip_roll,-1.110553,-0.166583,0.030292,-39.834128
4240,R_hip_yaw,-0.007109,-0.001777,-0.013342,1.388246
4240,R_hip_pitch,-0.035999,0.121000,0.187021,-6.709444
4240,R_knee,-0.706904,0.143274,0.222283,-10.172537
4240,R_foot_pitch,1.415398,-0.048460,-0.034237,-1.349277
4240,R_foot_roll,-1.106431,-0.110643,-0.030383,-6.369684
4250,L_hip_roll,0.042615,0.006392,-0.004593,2.801549
4250,L_hip_yaw,-0.102793,-0.025698,-0.028868,0.053109
4250,L_hip_pitch,-0.228660,-0.187165,-0.142102,-4.772649
4250,L_knee,-0.506923,-0.446731,-0.434889,-1.328059
4250,L_foot_pitch,1.458912,0.335891,0.324342,0.611986
4250,L_foot_roll,0.430375,0.043038,0.064279,-0.460832
4250,R_hip_roll,-1.299254,-0.194888,0.031672,-45.662729
4250,R_hip_yaw,-0.034299,-0.008575,-0.013237,0.543579
4250,R_hip_pitch,-0.053781,0.116555,0.174576,-5.718812
4250,R_knee,-0.707202,0.143200,0.208187,-7.458086
4250,R_foot_pitch,1.419347,-0.048065,-0.032114,-1.487162
4250,R_foot_roll,-1.198517,-0.119852,-0.031069,-7.041139
4260,L_hip_roll,0.023373,0.003506,-0.007017,2.946508
4260,L_hip_yaw,-0.085434,-0.021359,-0.025895,0.289378
4260,L_hip_pitch,-0.279354,-0.199838,-0.149377,-5.274642
4260,L_knee,-0.538170,-0.454543,-0.438801,-1.514075
4260,L_foot_pitch,1.602862,0.350286,0.328284,1.356575
4260,L_foot_roll,0.380189,0.038019,0.051350,0.133486
4260,R_hip_roll,-1.381423,-0.207214,0.032375,-48.005893
4260,R_hip_yaw,-0.037454,-0.009363,-0.013142,0.445433
4260,R_hip_pitch,-0.172918,0.086771,0.162860,-8.035098
4260,R_knee,-0.685981,0.148505,0.195093,-4.804338
4260,R_foot_pitch,1.549070,-0.035093,-0.030453,-0.488160
4260,R_foot_roll,-1.283841,-0.128384,-0.031544,-7.713906
4270,L_hip_roll,0.162280,0.024342,-0.010336,8.063309
4270,L_hip_yaw,-0.077466,-0.019367,-0.023091,0.172415
4270,L_hip_pitch,-0.342594,-0.215649,-0.157976,-6.026672
4270,L_knee,-0.577242,-0.464310,-0.444657,-1.638535
4270,L_foot_pitch,1.586261,0.348626,0.335399,0.225139
4270,L_foot_roll,0.339175,0.033918,0.040913,0.290564
4270,R_hip_roll,-1.367684,-0.205153,0.032139,-47.251966
4270,R_hip_yaw,-0.028876,-0.007219,-0.013158,0.718390
4270,R_hip_pitch,-0.173069,0.086733,0.152557,-6.931235
4270,R_knee,-0.675380,0.151155,0.184412,-3.150766
4270,R_foot_pitch,1.626354,-0.027365,-0.029849,0.195135
4270,R_foot_roll,-1.283659,-0.128366,-0.031699,-7.733825
4280,L_hip_roll,0.131308,0.019696,-0.014076,7.873865
4280,L_hip_yaw,-0.062019,-0.015505,-0.020374,0.341520
4280,L_hip_pitch,-0.358870,-0.219718,-0.168174,-5.104509
4280,L_knee,-0.613041,-0.473260,-0.452638,-1.168748
4280,L_foot_pitch,1.593567,0.349357,0.342905,-0.104675
4280,L_foot_roll,0.300312,0.030031,0.033797,0.260372
4280,R_hip_roll,-1.437152,-0.215573,0.031193,-49.002058
4280,R_hip_yaw,-0.053346,-0.013337,-0.013259,0.000575
4280,R_hip_pitch,-0.137907,0.095523,0.144063,-5.069091
4280,R_knee,-0.757228,0.130693,0.176738,-6.433086
4280,R_foot_pitch,1.523254,-0.037675,-0.030530,-0.441304
4280,R_foot_roll,-1.353173,-0.135317,-0.031577,-8.321805
4290,L_hip_roll,0.118752,0.017813,-0.017767,8.214602
4290,L_hip_yaw,-0.035478,-0.008869,-0.017827,0.837646
4290,L_hip_pitch,-0.379803,-0.224951,-0.179707,-4.254646
4290,L_knee,-0.643208,-0.480802,-0.461743,-0.764674
4290,L_foot_pitch,1.719930,0.361993,0.347288,0.899835
4290,L_foot_roll,0.199383,0.019938,0.029210,-0.386523
4290,R_hip_roll,-1.351713,-0.202757,0.029789,-46.026493
4290,R_hip_yaw,-0.058339,-0.014585,-0.013461,-0.110530
4290,R_hip_pitch,-0.137837,0.095541,0.136861,-4.269372
4290,R_knee,-0.815531,0.116117,0.170981,-8.290971
4290,R_foot_pitch,1.317927,-0.058207,-0.031996,-1.931069
4290,R_foot_roll,-1.385838,-0.138584,-0.031255,-8.629006
4300,L_hip_roll,0.168056,0.025208,-0.021083,10.182720
4300,L_hip_yaw,-0.031396,-0.007849,-0.014532,0.436862
4300,L_hip_pitch,-0.411369,-0.232842,-0.191635,-3.769302
4300,L_knee,-0.689378,-0.492345,-0.470742,-1.380570
4300,L_foot_pitch,1.775734,0.367573,0.351410,0.939152
4300,L_foot_roll,0.070923,0.007092,0.024176,-0.821088
4300,R_hip_roll,-1.320141,-0.198021,0.028199,-44.756528
4300,R_hip_yaw,-0.051692,-0.012923,-0.013776,0.136564
4300,R_hip_pitch,-0.115448,0.101138,0.129708,-2.699696
4300,R_knee,-0.785819,0.123545,0.165316,-5.785447
4300,R_foot_pitch,1.230352,-0.066965,-0.033538,-2.523879
4300,R_foot_roll,-1.349823,-0.134982,-0.030841,-8.380188
4310,L_hip_roll,0.170498,0.025575,-0.023687,10.525068
4310,L_hip_yaw,-0.046575,-0.011644,-0.011047,-0.379443
4310,L_hip_pitch,-0.425726,-0.236431,-0.203931,-2.664987
4310,L_knee,-0.720947,-0.500237,-0.479550,-1.174383
4310,L_foot_pitch,1.723184,0.362318,0.353376,0.615940
4310,L_foot_roll,-0.042134,-0.004213,0.015687,-0.642589
4310,R_hip_roll,-1.381039,-0.207156,0.026576,-46.255044
4310,R_hip_yaw,-0.065504,-0.016376,-0.014092,-0.247603
4310,R_hip_pitch,-0.090448,0.107388,0.123387,-1.358274
4310,R_knee,-0.785826,0.123543,0.161024,-5.809114
4310,R_foot_pitch,1.202265,-0.069773,-0.035663,-2.468278
4310,R_foot_roll,-1.330977,-0.133098,-0.030296,-8.285497
4320,L_hip_roll,0.148273,0.022241,-0.025491,9.985202
4320,L_hip_yaw,-0.041318,-0.010330,-0.009844,-0.035346
4320,L_hip_pitch,-0.433981,-0.238495,-0.216433,-1.419091
4320,L_knee,-0.765966,-0.511492,-0.487867,-1.970046
4320,L_foot_pitch,1.736632,0.363663,0.353660,0.813611
4320,L_foot_roll,-0.100385,-0.010039,0.004093,0.040339
4320,R_hip_roll,-1.425783,-0.213867,0.024830,-47.190334
4320,R_hip_yaw,-0.089244,-0.022311,-0.014344,-0.935307
4320,R_hip_pitch,-0.070000,0.112500,0.118834,-0.376211
4320,R_knee,-0.810335,0.117416,0.159612,-7.544389
4320,R_foot_pitch,1.151100,-0.074890,-0.038981,-2.487584
4320,R_foot_roll,-1.348407,-0.134841,-0.029554,-8.504345
4330,L_hip_roll,0.101233,0.015185,-0.026598,8.606589
4330,L_hip_yaw,-0.045773,-0.011443,-0.011050,0.137501
4330,L_hip_pitch,-0.424786,-0.236196,-0.228734,0.302732
4330,L_knee,-0.790619,-0.517655,-0.495520,-1.842919
4330,L_foot_pitch,1.707438,0.360744,0.353317,0.639327
4330,L_foot_roll,-0.148460,-0.014846,-0.006960,0.325438
4330,R_hip_roll,-1.386324,-0.207949,0.022895,-45.562577
4330,R_hip_yaw,-0.112671,-0.028168,-0.014589,-1.605430
4330,R_hip_pitch,-0.016790,0.125803,0.115502,1.542256
4330,R_knee,-0.829895,0.112526,0.160368,-9.022747
4330,R_foot_pitch,1.061223,-0.083878,-0.043249,-2.794219
4330,R_foot_roll,-1.330468,-0.133047,-0.028650,-8.449270
4340,L_hip_roll,0.053949,0.008092,-0.027163,7.158906
4340,L_hip_yaw,-0.045750,-0.011438,-0.013436,0.502958
4340,L_hip_pitch,-0.443581,-0.240895,-0.240268,1.016655
4340,L_knee,-0.806269,-0.521567,-0.502038,-1.825591
4340,L_foot_pitch,1.673450,0.357345,0.352803,0.416475
4340,L_foot_roll,-0.173829,-0.017383,-0.014934,0.426402
4340,R_hip_roll,-1.355286,-0.203293,0.020769,-44.148811
4340,R_hip_yaw,-0.130693,-0.032673,-0.014847,-2.114709
4340,R_hip_pitch,0.016611,0.134153,0.112743,2.834395
4340,R_knee,-0.827533,0.113117,0.162421,-9.610527
4340,R_foot_pitch,0.940926,-0.095907,-0.048153,-3.308777
4340,R_foot_roll,-1.313756,-0.131376,-0.027596,-8.415130
4350,L_hip_roll,0.046432,0.006965,-0.027406,6.917916
4350,L_hip_yaw,-0.038735,-0.009684,-0.015826,0.945102
4350,L_hip_pitch,-0.436725,-0.239181,-0.250654,2.352264
4350,L_knee,-0.815904,-0.523976,-0.506914,-1.874105
4350,L_foot_pitch,1.590822,0.349082,0.352263,-0.201792
4350,L_foot_roll,-0.199313,-0.019931,-0.019378,0.249125
4350,R_hip_roll,-1.290623,-0.193593,0.018414,-41.662981
4350,R_hip_yaw,-0.150464,-0.037616,-0.015106,-2.675749
4350,R_hip_pitch,0.050273,0.142568,0.110528,4.048242
4350,R_knee,-0.813637,0.116591,0.165774,-10.011487
4350,R_foot_pitch,0.917236,-0.098276,-0.053721,-2.981934
4350,R_foot_roll,-1.256783,-0.125678,-0.026391,-8.071777
4360,L_hip_roll,0.007097,0.001065,-0.027402,5.649912
4360,L_hip_yaw,-0.042394,-0.010598,-0.016967,0.806980
4360,L_hip_pitch,-0.460337,-0.245084,-0.259650,2.573062
4360,L_knee,-0.800433,-0.520108,-0.509857,-1.247694
4360,L_foot_pitch,1.524059,0.342406,0.350686,-0.453463
4360,L_foot_roll,-0.220167,-0.022017,-0.021437,0.087388
4360,R_hip_roll,-1.230009,-0.184501,0.015885,-39.307752
4360,R_hip_yaw,-0.152316,-0.038079,-0.015345,-2.705783
4360,R_hip_pitch,0.064033,0.146008,0.108873,4.609560
4360,R_knee,-0.781103,0.124724,0.170495,-9.788631
4360,R_foot_pitch,0.897037,-0.100296,-0.059965,-2.577878
4360,R_foot_roll,-1.189948,-0.118995,-0.025008,-7.663288
4370,L_hip_roll,-0.046147,-0.006922,-0.027156,3.937727
4370,L_hip_yaw,-0.042926,-0.010731,-0.016810,0.672825
4370,L_hip_pitch,-0.472749,-0.248187,-0.266988,2.912432
4370,L_knee,-0.785909,-0.516477,-0.510338,-1.292867
4370,L_foot_pitch,1.484309,0.338431,0.346837,-0.214749
4370,L_foot_roll,-0.250992,-0.025099,-0.022568,-0.112292
4370,R_hip_roll,-1.161756,-0.174263,0.013240,-36.697261
4370,R_hip_yaw,-0.139566,-0.034891,-0.015533,-2.305939
4370,R_hip_pitch,0.089459,0.152365,0.107865,5.419305
4370,R_knee,-0.782740,0.124315,0.176731,-11.472612
4370,R_foot_pitch,0.857298,-0.104270,-0.066960,-2.256877
4370,R_foot_roll,-1.147330,-0.114733,-0.023463,-7.461640
4380,L_hip_roll,-0.076582,-0.011487,-0.026662,2.845289
4380,L_hip_yaw,-0.038079,-0.009520,-0.015769,0.616694
4380,L_hip_pitch,-0.475878,-0.248969,-0.272607,3.325721
4380,L_knee,-0.762344,-0.510586,-0.508309,-1.285781
4380,L_foot_pitch,1.379145,0.327914,0.341524,-0.563704
4380,L_foot_roll,-0.271652,-0.027165,-0.023913,-0.111851
4380,R_hip_roll,-1.066634,-0.159995,0.010571,-33.324362
4380,R_hip_yaw,-0.148557,-0.037139,-0.015646,-2.570649
4380,R_hip_pitch,0.124677,0.161169,0.107203,6.547720
4380,R_knee,-0.764567,0.128858,0.183873,-12.056518
4380,R_foot_pitch,0.824251,-0.107575,-0.074426,-1.900485
4380,R_foot_roll,-1.063754,-0.106375,-0.021796,-6.937379
4390,L_hip_roll,-0.156500,-0.023475,-0.025869,0.189981
4390,L_hip_yaw,-0.035484,-0.008871,-0.013964,0.405448
4390,L_hip_pitch,-0.483991,-0.250998,-0.276648,3.423086
4390,L_knee,-0.723061,-0.500765,-0.504013,-0.921910
4390,L_foot_pitch,1.264831,0.316483,0.334545,-0.707347
4390,L_foot_roll,-0.274444,-0.027444,-0.025716,0.043825
4390,R_hip_roll,-1.021295,-0.153194,0.008034,-31.518661
4390,R_hip_yaw,-0.150901,-0.037725,-0.015689,-2.641265
4390,R_hip_pitch,0.122464,0.160616,0.106689,6.521942
4390,R_knee,-0.711676,0.142081,0.191402,-11.146218
4390,R_foot_pitch,0.790003,-0.111000,-0.082108,-1.540174
4390,R_foot_roll,-0.983357,-0.098336,-0.020021,-6.445070
4400,L_hip_roll,-0.170130,-0.025519,-0.025033,-0.337270
4400,L_hip_yaw,-0.025834,-0.006459,-0.011498,0.341809
4400,L_hip_pitch,-0.508144,-0.257036,-0.279169,2.849461
4400,L_knee,-0.675867,-0.488967,-0.497395,-0.686696
4400,L_foot_pitch,1.144095,0.304410,0.325131,-0.681026
4400,L_foot_roll,-0.256999,-0.025700,-0.027071,0.205094
4400,R_hip_roll,-0.956593,-0.143489,0.005563,-29.074375
4400,R_hip_yaw,-0.146733,-0.036683,-0.015691,-2.517877
4400,R_hip_pitch,0.127270,0.161817,0.106708,6.589135
4400,R_knee,-0.662188,0.154453,0.199908,-10.861598
4400,R_foot_pitch,0.799571,-0.110043,-0.090264,-0.745601
4400,R_foot_roll,-0.867986,-0.086799,-0.018117,-5.689815
4410,L_hip_roll,-0.210668,-0.031600,-0.024319,-1.675400
4410,L_hip_yaw,-0.018327,-0.004582,-0.008488,0.157823
4410,L_hip_pitch,-0.505446,-0.256362,-0.280395,2.969637
4410,L_knee,-0.605977,-0.471494,-0.488675,0.339402
4410,L_foot_pitch,1.016270,0.291627,0.313614,-0.609975
4410,L_foot_roll,-0.225433,-0.022543,-0.027119,0.317681
4410,R_hip_roll,-0.852073,-0.127811,0.003131,-25.484098
4410,R_hip_yaw,-0.145188,-0.036297,-0.015678,-2.473597
4410,R_hip_pitch,0.131270,0.162818,0.107592,6.509255
4410,R_knee,-0.608512,0.167872,0.209832,-10.657523
4410,R_foot_pitch,0.840341,-0.105966,-0.099056,0.345707
4410,R_foot_roll,-0.720245,-0.072024,-0.016049,-4.687647
4420,L_hip_roll,-0.301356,-0.045203,-0.023684,-4.521695
4420,L_hip_yaw,-0.011799,-0.002950,-0.005165,-0.065614
4420,L_hip_pitch,-0.508871,-0.257218,-0.280221,2.690820
4420,L_knee,-0.507564,-0.446891,-0.477420,1.877903
4420,L_foot_pitch,0.853748,0.275375,0.300640,-0.759113
4420,L_foot_roll,-0.165078,-0.016508,-0.025402,0.485441
4420,R_hip_roll,-0.722653,-0.108398,0.000836,-21.215784
4420,R_hip_yaw,-0.136352,-0.034088,-0.015620,-2.219143
4420,R_hip_pitch,0.120448,0.160112,0.109240,5.906252
4420,R_knee,-0.552952,0.181762,0.220912,-10.513512
4420,R_foot_pitch,0.880623,-0.101938,-0.108571,1.466769
4420,R_foot_roll,-0.557879,-0.055788,-0.013924,-3.578243
4430,L_hip_roll,-0.371032,-0.055655,-0.023169,-6.649372
4430,L_hip_yaw,0.001202,0.000300,-0.001570,-0.137094
4430,L_hip_pitch,-0.512886,-0.258222,-0.278064,2.096367
4430,L_knee,-0.376988,-0.414247,-0.462251,3.717444
4430,L_foot_pitch,0.658555,0.255856,0.285936,-0.957126
4430,L_foot_roll,-0.067521,-0.006752,-0.021299,0.686023
4430,R_hip_roll,-0.548733,-0.082310,-0.001149,-15.695461
4430,R_hip_yaw,-0.122980,-0.030745,-0.015551,-1.829563
4430,R_hip_pitch,0.104514,0.156129,0.111486,5.118394
4430,R_knee,-0.489113,0.197722,0.232921,-10.008429
4430,R_foot_pitch,0.932089,-0.096791,-0.118213,2.698747
4430,R_foot_roll,-0.342241,-0.034224,-0.011950,-2.011117
4440,L_hip_roll,-0.491838,-0.073776,-0.022882,-10.234541
4440,L_hip_yaw,0.009444,0.002361,0.002602,-0.462152
4440,L_hip_pitch,-0.502413,-0.255603,-0.273383,1.590263
4440,L_knee,-0.208755,-0.372189,-0.441671,5.869144
4440,L_foot_pitch,0.449630,0.234963,0.268632,-0.975520
4440,L_foot_roll,0.055253,0.005525,-0.014087,0.774559
4440,R_hip_roll,-0.331684,-0.049753,-0.002752,-9.045648
4440,R_hip_yaw,-0.104946,-0.026237,-0.015418,-1.305680
4440,R_hip_pitch,0.079870,0.149967,0.113982,4.097794
4440,R_knee,-0.405960,0.218510,0.245327,-8.363550
4440,R_foot_pitch,1.045269,-0.085473,-0.128191,4.382394
4440,R_foot_roll,-0.070780,-0.007078,-0.009686,0.319686
4450,L_hip_roll,-0.532162,-0.079824,-0.022864,-11.407418
4450,L_hip_yaw,0.016954,0.004238,0.007569,-0.916612
4450,L_hip_pitch,-0.451890,-0.242973,-0.265613,1.851289
4450,L_knee,0.005691,-0.318577,-0.414041,8.282892
4450,L_foot_pitch,0.228796,0.212880,0.248456,-0.865534
4450,L_foot_roll,0.240583,0.024058,-0.003495,1.094461
4450,R_hip_roll,-0.028521,-0.004278,-0.003770,0.088319
4450,R_hip_yaw,-0.098379,-0.024595,-0.015149,-1.162822
4450,R_hip_pitch,0.048147,0.142037,0.116755,2.726285
4450,R_knee,-0.303138,0.244215,0.258164,-6.459966
4450,R_foot_pitch,1.190730,-0.070927,-0.138414,6.374305
4450,R_foot_roll,0.278518,0.027852,-0.007049,2.455150
4460,L_hip_roll,-0.531510,-0.079726,-0.022765,-11.521272
4460,L_hip_yaw,0.017338,0.004334,0.012645,-1.479812
4460,L_hip_pitch,-0.265764,-0.196441,-0.253847,5.596793
4460,L_knee,0.266604,-0.253349,-0.377304,10.520100
4460,L_foot_pitch,0.034849,0.193485,0.225929,-0.432638
4460,L_foot_roll,0.535638,0.053564,0.011067,1.882713
4460,R_hip_roll,0.349343,0.052401,-0.003746,11.067317
4460,R_hip_yaw,-0.122034,-0.030509,-0.014646,-1.960067
4460,R_hip_pitch,0.013047,0.133262,0.119782,1.284721
4460,R_knee,-0.192203,0.271949,0.271518,-4.025664
4460,R_foot_pitch,1.322965,-0.057704,-0.148756,8.208989
4460,R_foot_roll,0.707731,0.070773,-0.004714,5.547255
4470,L_hip_roll,-0.425392,-0.063809,-0.022182,-8.491007
4470,L_hip_yaw,-0.014843,-0.003711,0.015157,-2.376556
4470,L_hip_pitch,-0.130364,-0.162591,-0.239193,7.825417
4470,L_knee,0.486616,-0.198346,-0.341511,17.992038
4470,L_foot_pitch,0.127604,0.202760,0.177064,9.325562
4470,L_foot_roll,0.822588,0.082259,0.023698,4.187905
4470,R_hip_roll,0.524337,0.078650,-0.002817,16.081497
4470,R_hip_yaw,-0.114639,-0.028660,-0.013964,-1.820237
4470,R_hip_pitch,0.279677,0.199919,0.121982,9.260701
4470,R_knee,-0.208424,0.267894,0.284490,-6.427458
4470,R_foot_pitch,0.939533,-0.096047,-0.159145,6.036236
4470,R_foot_roll,0.897738,0.089774,-0.002224,7.161744
4480,L_hip_roll,0.356520,0.053478,-0.021536,14.764509
4480,L_hip_yaw,-0.114771,-0.028693,0.016889,-5.669806
4480,L_hip_pitch,-0.248468,-0.192117,-0.222640,1.911885
4480,L_knee,0.597174,-0.170707,-0.311569,16.216763
4480,L_foot_pitch,0.170642,0.207064,0.106159,14.450000
4480,L_foot_roll,0.854007,0.085401,0.026360,4.753764
4480,R_hip_roll,0.663966,0.099595,-0.002477,20.385896
4480,R_hip_yaw,-0.086711,-0.021678,-0.013043,-1.141164
4480,R_hip_pitch,0.352367,0.218092,0.123103,11.290115
4480,R_knee,0.027455,0.326864,0.296581,1.846779
4480,R_foot_pitch,0.103712,-0.179629,-0.169392,0.200867
4480,R_foot_roll,0.735006,0.073501,0.003520,4.806977
4490,L_hip_roll,0.914292,0.137144,-0.021815,32.269458
4490,L_hip_yaw,-0.086600,-0.021650,0.016923,-4.167647
4490,L_hip_pitch,0.176188,-0.085953,-0.212602,14.726522
4490,L_knee,0.478067,-0.200483,-0.296237,15.884142
4490,L_foot_pitch,-0.097978,0.180202,0.081549,6.246592
4490,L_foot_roll,0.841275,0.084127,0.018989,5.769509
4490,R_hip_roll,0.601314,0.090197,-0.004215,19.875650
4490,R_hip_yaw,-0.074151,-0.018538,-0.013920,-0.207898
4490,R_hip_pitch,0.414200,0.233550,0.128523,11.814672
4490,R_knee,0.320587,0.400147,0.313151,10.329799
4490,R_foot_pitch,-0.639788,-0.253979,-0.179463,-5.290003
4490,R_foot_roll,0.325435,0.032543,0.019785,-1.455813
4500,L_hip_roll,0.792170,0.118825,-0.025142,29.673213
4500,L_hip_yaw,-0.096766,-0.024191,0.016286,-4.829247
4500,L_hip_pitch,0.044339,-0.118915,-0.208759,10.285190
4500,L_knee,0.398275,-0.220431,-0.292441,11.346534
4500,L_foot_pitch,-0.395799,0.150420,0.082539,5.387476
4500,L_foot_roll,0.447934,0.044793,0.022911,1.307557
4500,R_hip_roll,0.124423,0.018663,-0.006558,5.328394
4500,R_hip_yaw,-0.008081,-0.002020,-0.019150,2.607687
4500,R_hip_pitch,0.389089,0.227272,0.141453,8.772171
4500,R_knee,0.304354,0.396088,0.342486,-0.780231
4500,R_foot_pitch,-1.165291,-0.306529,-0.202976,-5.173455
4500,R_foot_roll,-0.150710,-0.015071,0.035200,-4.852108
4510,L_hip_roll,0.810135,0.121520,-0.027889,30.709495
4510,L_hip_yaw,0.002402,0.000600,0.015945,-1.790951
4510,L_hip_pitch,0.046652,-0.118337,-0.203458,9.678613
4510,L_knee,0.419215,-0.215196,-0.286837,11.296685
4510,L_foot_pitch,-0.226437,0.167356,0.083439,6.589525
4510,L_foot_roll,0.378207,0.037821,0.025117,0.771169
4510,R_hip_roll,0.125763,0.018864,-0.006889,5.139622
4510,R_hip_yaw,0.015086,0.003771,-0.019355,2.403708
4510,R_hip_pitch,0.465095,0.246274,0.156431,9.396597
4510,R_knee,0.368987,0.412247,0.376758,-3.065539
4510,R_foot_pitch,-1.358847,-0.325885,-0.246273,-1.694199
4510,R_foot_roll,-0.146239,-0.014624,0.025145,-1.181605
4520,L_hip_roll,0.857482,0.128622,-0.030159,32.406565
4520,L_hip_yaw,-0.009237,-0.002309,0.015688,-2.167743
4520,L_hip_pitch,0.108959,-0.102760,-0.197424,10.738375
4520,L_knee,0.397211,-0.220697,-0.280707,8.949461
4520,L_foot_pitch,-0.154702,0.174530,0.084945,7.136322
4520,L_foot_roll,0.511357,0.051136,0.026434,1.656781
4520,R_hip_roll,0.123467,0.018520,-0.006224,4.626088
4520,R_hip_yaw,-0.008576,-0.002144,-0.010932,-0.059991
4520,R_hip_pitch,0.439009,0.239752,0.169623,7.205388
4520,R_knee,0.434182,0.428545,0.405539,-3.391236
4520,R_foot_pitch,-1.376539,-0.327654,-0.292317,1.314644
4520,R_foot_roll,-0.119806,-0.011981,0.002686,0.998913
4530,L_hip_roll,0.901595,0.135239,-0.031879,33.741447
4530,L_hip_yaw,-0.036997,-0.009249,0.015798,-3.013284
4530,L_hip_pitch,0.175468,-0.086133,-0.190953,11.908248
4530,L_knee,0.423417,-0.214146,-0.275052,9.430649
4530,L_foot_pitch,-0.332805,0.156719,0.085967,5.438096
4530,L_foot_roll,0.641043,0.064104,0.028183,3.132082
4530,R_hip_roll,0.034589,0.005188,-0.004589,1.311976
4530,R_hip_yaw,-0.010417,-0.002604,-0.000633,-1.136257
4530,R_hip_pitch,0.508229,0.257057,0.180278,8.295211
4530,R_knee,0.485871,0.441468,0.426768,-2.584034
4530,R_foot_pitch,-1.483193,-0.338319,-0.324070,1.150979
4530,R_foot_roll,-0.158562,-0.015856,-0.013754,1.001788
4540,L_hip_roll,1.039374,0.155906,-0.033166,37.994324
4540,L_hip_yaw,-0.037374,-0.009343,0.015697,-3.018228
4540,L_hip_pitch,0.089683,-0.107579,-0.183565,8.272625
4540,L_knee,0.466086,-0.203479,-0.269470,9.902159
4540,L_foot_pitch,-0.448243,0.145176,0.088166,4.423504
4540,L_foot_roll,0.629948,0.062995,0.029221,3.236388
4540,R_hip_roll,0.028951,0.004343,-0.002406,0.580119
4540,R_hip_yaw,0.005276,0.001319,0.005469,-0.875353
4540,R_hip_pitch,0.587201,0.276800,0.188694,9.820654
4540,R_knee,0.504854,0.446214,0.441959,-3.106056
4540,R_foot_pitch,-1.677851,-0.357785,-0.339731,-0.467868
4540,R_foot_roll,-0.186763,-0.018676,-0.021012,0.584703
4550,L_hip_roll,1.098095,0.164714,-0.034186,39.913020
4550,L_hip_yaw,-0.075456,-0.018864,0.015666,-4.133092
4550,L_hip_pitch,0.140420,-0.094895,-0.175831,8.954027
4550,L_knee,0.470994,-0.202252,-0.263734,9.429274
4550,L_foot_pitch,-0.329914,0.157009,0.089396,5.190907
4550,L_foot_roll,0.784078,0.078408,0.030537,4.128665
4550,R_hip_roll,0.024294,0.003644,0.000281,-0.243438
4550,R_hip_yaw,0.014198,0.003550,0.007334,-0.505509
4550,R_hip_pitch,0.589306,0.277326,0.196321,8.972814
4550,R_knee,0.633727,0.478432,0.453270,1.655896
4550,R_foot_pitch,-1.861674,-0.376167,-0.348379,-1.505277
4550,R_foot_roll,-0.152935,-0.015294,-0.022753,0.621966
4560,L_hip_roll,1.143715,0.171557,-0.034767,41.169353
4560,L_hip_yaw,-0.080717,-0.020179,0.015357,-4.093769
4560,L_hip_pitch,0.246647,-0.068338,-0.168747,11.258807
4560,L_knee,0.429938,-0.212516,-0.258973,6.539560
4560,L_foot_pitch,-0.498398,0.140160,0.092009,3.071494
4560,L_foot_roll,0.838098,0.083810,0.031783,3.879326
4560,R_hip_roll,-0.000290,-0.000044,0.003470,-1.836512
4560,R_hip_yaw,0.017463,0.004366,0.006756,-0.182300
4560,R_hip_pitch,0.665863,0.296466,0.205221,9.993790
4560,R_knee,0.707971,0.496993,0.465021,2.006326
4560,R_foot_pitch,-2.088750,-0.398875,-0.354711,-3.160402
4560,R_foot_roll,-0.191922,-0.019192,-0.020905,-0.150001
4570,L_hip_roll,1.153534,0.173030,-0.034863,41.490011
4570,L_hip_yaw,-0.078769,-0.019692,0.015276,-4.184030
4570,L_hip_pitch,0.161726,-0.089569,-0.161947,8.022844
4570,L_knee,0.451422,-0.207144,-0.254857,7.549316
4570,L_foot_pitch,-0.426734,0.147327,0.093907,3.970796
4570,L_foot_roll,0.871505,0.087150,0.031993,4.708853
4570,R_hip_roll,-0.050722,-0.007608,0.007186,-4.124422
4570,R_hip_yaw,0.040509,0.010127,0.005306,0.722056
4570,R_hip_pitch,0.717329,0.309332,0.216299,9.995349
4570,R_knee,0.764925,0.511231,0.479976,0.903407
4570,R_foot_pitch,-2.235219,-0.413522,-0.356792,-4.432483
4570,R_foot_roll,-0.177320,-0.017732,-0.018821,-0.053511
4580,L_hip_roll,1.198642,0.179796,-0.034616,42.619383
4580,L_hip_yaw,-0.060456,-0.015114,0.015011,-3.607405
4580,L_hip_pitch,0.173284,-0.086679,-0.156185,7.782345
4580,L_knee,0.478627,-0.200343,-0.252454,8.743234
4580,L_foot_pitch,-0.232933,0.166707,0.097412,5.234392
4580,L_foot_roll,1.004478,0.100448,0.032133,5.988773
4580,R_hip_roll,-0.072720,-0.010908,0.010986,-5.564730
4580,R_hip_yaw,0.025475,0.006369,0.005542,-0.058987
4580,R_hip_pitch,0.807452,0.331863,0.229359,10.948270
4580,R_knee,0.877804,0.539451,0.497185,2.447446
4580,R_foot_pitch,-2.391727,-0.429173,-0.357353,-5.720615
4580,R_foot_roll,-0.111959,-0.011196,-0.017442,0.379321
4590,L_hip_roll,1.268062,0.190209,-0.034290,44.733151
4590,L_hip_yaw,-0.035680,-0.008920,0.014967,-2.861491
4590,L_hip_pitch,0.137622,-0.095594,-0.151595,6.297799
4590,L_knee,0.509124,-0.192719,-0.251452,10.445901
4590,L_foot_pitch,-0.207087,0.169291,0.100594,5.076911
4590,L_foot_roll,1.089609,0.108961,0.032426,6.391088
4590,R_hip_roll,-0.091847,-0.013777,0.014501,-6.658745
4590,R_hip_yaw,0.020726,0.005181,0.007168,-0.409064
4590,R_hip_pitch,0.828530,0.337132,0.244988,9.408552
4590,R_knee,0.980200,0.565050,0.517305,2.335421
4590,R_foot_pitch,-2.567029,-0.446703,-0.357608,-7.104055
4590,R_foot_roll,-0.118937,-0.011894,-0.014671,-0.120104
4600,L_hip_roll,1.346423,0.201963,-0.033867,47.100366
4600,L_hip_yaw,-0.050119,-0.012530,0.014894,-3.299344
4600,L_hip_pitch,0.117269,-0.100683,-0.147559,5.234733
4600,L_knee,0.521759,-0.189560,-0.250979,10.939813
4600,L_foot_pitch,-0.298797,0.160120,0.104606,4.172630
4600,L_foot_roll,1.222975,0.122297,0.032717,6.916322
4600,R_hip_roll,-0.061935,-0.009290,0.017611,-6.251731
4600,R_hip_yaw,0.045537,0.011384,0.008510,0.236089
4600,R_hip_pitch,0.825923,0.336481,0.262932,6.997695
4600,R_knee,1.091996,0.592999,0.540155,2.668357
4600,R_foot_pitch,-2.705967,-0.460597,-0.358045,-8.151951
4600,R_foot_roll,-0.127033,-0.012703,-0.011654,-0.334425
4610,L_hip_roll,1.317740,0.197661,-0.033318,46.034271
4610,L_hip_yaw,-0.025158,-0.006289,0.014907,-2.536143
4610,L_hip_pitch,0.087366,-0.108159,-0.143693,3.859457
4610,L_knee,0.571976,-0.177006,-0.250824,13.195694
4610,L_foot_pitch,-0.242865,0.165714,0.108189,4.291810
4610,L_foot_roll,1.298386,0.129839,0.032348,7.604222
4610,R_hip_roll,-0.025687,-0.003853,0.020346,-5.628119
4610,R_hip_yaw,0.065053,0.016263,0.010482,0.435207
4610,R_hip_pitch,0.922606,0.360652,0.281860,7.588662
4610,R_knee,1.163942,0.610985,0.564004,1.500625
4610,R_foot_pitch,-2.759837,-0.465984,-0.358767,-8.497601
4610,R_foot_roll,-0.044667,-0.004467,-0.010148,0.373730
4620,L_hip_roll,1.298348,0.194752,-0.032502,45.091849
4620,L_hip_yaw,0.021556,0.005389,0.014723,-1.121273
4620,L_hip_pitch,0.013872,-0.126532,-0.139251,1.038771
4620,L_knee,0.616588,-0.165853,-0.249789,14.610949
4620,L_foot_pitch,-0.022091,0.187791,0.112261,5.724431
4620,L_foot_roll,1.371575,0.137158,0.031890,8.878513
4620,R_hip_roll,-0.024378,-0.003657,0.022675,-5.927663
4620,R_hip_yaw,0.056838,0.014209,0.014390,-0.490161
4620,R_hip_pitch,0.919427,0.359857,0.301004,5.179668
4620,R_knee,1.239464,0.629866,0.587382,0.989752
4620,R_foot_pitch,-2.819109,-0.471911,-0.359617,-8.899778
4620,R_foot_roll,-0.008224,-0.000822,-0.007676,0.228422
4630,L_hip_roll,1.393595,0.209039,-0.031596,47.872951
4630,L_hip_yaw,0.064485,0.016121,0.014687,0.177459
4630,L_hip_pitch,0.007885,-0.128029,-0.134306,0.228237
4630,L_knee,0.603812,-0.169047,-0.247872,13.477650
4630,L_foot_pitch,-0.022155,0.187784,0.115045,5.599978
4630,L_foot_roll,1.455610,0.145561,0.031272,8.965934
4630,R_hip_roll,-0.057298,-0.008595,0.024557,-7.162510
4630,R_hip_yaw,0.062845,0.015711,0.018735,-0.755017
4630,R_hip_pitch,0.963696,0.370924,0.319645,4.361624
4630,R_knee,1.296340,0.644085,0.608661,0.527978
4630,R_foot_pitch,-2.854331,-0.475433,-0.360469,-9.114842
4630,R_foot_roll,0.004361,0.000436,-0.003654,-0.081805
4640,L_hip_roll,1.367147,0.205072,-0.030391,46.712585
4640,L_hip_yaw,0.090156,0.022539,0.014673,0.943778
4640,L_hip_pitch,-0.071185,-0.147796,-0.129289,-2.707185
4640,L_knee,0.627982,-0.163004,-0.246039,14.483589
4640,L_foot_pitch,-0.040076,0.185992,0.118054,5.207996
4640,L_foot_roll,1.517720,0.151772,0.030701,9.587593
4640,R_hip_roll,-0.113916,-0.017087,0.026245,-9.154494
4640,R_hip_yaw,0.065022,0.016256,0.022313,-1.042595
4640,R_hip_pitch,0.949399,0.367350,0.337134,1.957889
4640,R_knee,1.367350,0.661837,0.626737,1.489710
4640,R_foot_pitch,-2.903397,-0.480340,-0.361262,-9.452159
4640,R_foot_roll,0.011082,0.001108,0.000108,-0.239854
4650,L_hip_roll,1.412798,0.211920,-0.028730,47.575965
4650,L_hip_yaw,0.127211,0.031803,0.014556,2.050195
4650,L_hip_pitch,-0.112219,-0.158055,-0.124341,-4.553636
4650,L_knee,0.657016,-0.155746,-0.244448,15.271998
4650,L_foot_pitch,0.035942,0.193594,0.121874,5.834632
4650,L_foot_roll,1.562615,0.156262,0.029380,10.197173
4650,R_hip_roll,-0.096238,-0.014436,0.027689,-8.845020
4650,R_hip_yaw,0.055992,0.013998,0.025091,-1.573533
4650,R_hip_pitch,0.948231,0.367058,0.353379,0.090354
4650,R_knee,1.410836,0.672709,0.641744,1.535325
4650,R_foot_pitch,-2.898042,-0.479804,-0.361998,-9.354204
4650,R_foot_roll,0.064975,0.006498,0.002641,0.120539
4660,L_hip_roll,1.333165,0.199975,-0.026976,44.832160
4660,L_hip_yaw,0.145234,0.036308,0.014550,2.609083
4660,L_hip_pitch,-0.149586,-0.167397,-0.119799,-6.168289
4660,L_knee,0.680376,-0.149906,-0.243707,16.674065
4660,L_foot_pitch,0.043493,0.194349,0.125546,5.188888
4660,L_foot_roll,1.531550,0.153155,0.028526,9.979401
4660,R_hip_roll,-0.103751,-0.015563,0.028688,-9.121522
4660,R_hip_yaw,0.053343,0.013336,0.026410,-1.625168
4660,R_hip_pitch,0.937743,0.364436,0.368034,-1.801020
4660,R_knee,1.422953,0.675738,0.653546,0.973827
4660,R_foot_pitch,-2.888893,-0.478889,-0.362626,-9.244823
4660,R_foot_roll,0.074527,0.007453,0.005202,-0.090253
4670,L_hip_roll,1.281373,0.192206,-0.025076,42.869084
4670,L_hip_yaw,0.156956,0.039239,0.014535,2.968477
4670,L_hip_pitch,-0.174553,-0.173638,-0.115036,-7.527877
4670,L_knee,0.680060,-0.149985,-0.242997,16.506434
4670,L_foot_pitch,-0.011638,0.188836,0.129645,4.293047
4670,L_foot_roll,1.453934,0.145393,0.027812,9.510370
4670,R_hip_roll,-0.049857,-0.007479,0.029276,-7.458368
4670,R_hip_yaw,0.054635,0.013659,0.026128,-1.411381
4670,R_hip_pitch,0.940293,0.365073,0.380358,-2.943011
4670,R_knee,1.433238,0.678309,0.661272,1.367615
4670,R_foot_pitch,-2.814886,-0.471489,-0.363100,-8.630284
4670,R_foot_roll,0.119754,0.011975,0.007791,0.107003
4680,L_hip_roll,1.219936,0.182990,-0.022926,40.558677
4680,L_hip_yaw,0.163100,0.040775,0.014515,3.153153
4680,L_hip_pitch,-0.188879,-0.177220,-0.109947,-8.572575
4680,L_knee,0.685265,-0.148684,-0.242093,16.613778
4680,L_foot_pitch,-0.072210,0.182779,0.133901,3.505739
4680,L_foot_roll,1.398123,0.139812,0.026150,9.112810
4680,R_hip_roll,-0.035023,-0.005253,0.029519,-6.969151
4680,R_hip_yaw,0.050830,0.012707,0.024733,-1.267572
4680,R_hip_pitch,0.947713,0.366928,0.390149,-3.655863
4680,R_knee,1.432654,0.678164,0.664848,1.837642
4680,R_foot_pitch,-2.740727,-0.464073,-0.363352,-8.042251
4680,R_foot_roll,0.129337,0.012934,0.010590,-0.098813
4690,L_hip_roll,1.187153,0.178073,-0.020774,39.084442
4690,L_hip_yaw,0.171981,0.042995,0.014475,3.425715
4690,L_hip_pitch,-0.199281,-0.179820,-0.104924,-9.497018
4690,L_knee,0.679819,-0.150045,-0.241454,16.247222
4690,L_foot_pitch,-0.162715,0.173728,0.138247,2.380420
4690,L_foot_roll,1.317410,0.131741,0.024975,8.780940
4690,R_hip_roll,-0.022672,-0.003401,0.029336,-6.442067
4690,R_hip_yaw,0.055050,0.013762,0.022594,-0.830743
4690,R_hip_pitch,0.950111,0.367528,0.397700,-4.286255
4690,R_knee,1.400772,0.670193,0.665016,1.251456
4690,R_foot_pitch,-2.668059,-0.456806,-0.363353,-7.484570
4690,R_foot_roll,0.123266,0.012327,0.013177,-0.285385
4700,L_hip_roll,1.103202,0.165480,-0.018511,36.070824
4700,L_hip_yaw,0.174919,0.043730,0.014403,3.558949
4700,L_hip_pitch,-0.154698,-0.168674,-0.099908,-8.808866
4700,L_knee,0.656396,-0.155901,-0.240853,14.834650
4700,L_foot_pitch,-0.318700,0.158130,0.143252,0.215452
4700,L_foot_roll,1.178473,0.117847,0.023651,7.218442
4700,R_hip_roll,-0.006421,-0.000963,0.028719,-5.746587
4700,R_hip_yaw,0.051315,0.012829,0.020610,-0.776400
4700,R_hip_pitch,0.953916,0.368479,0.403046,-4.595048
4700,R_knee,1.343681,0.655920,0.661813,0.280305
4700,R_foot_pitch,-2.574785,-0.447479,-0.363131,-6.776247
4700,R_foot_roll,0.099604,0.009960,0.014524,-0.436997
4710,L_hip_roll,1.015141,0.152271,-0.016343,33.136071
4710,L_hip_yaw,0.175110,0.043777,0.014360,3.533395
4710,L_hip_pitch,-0.139834,-0.164959,-0.095077,-8.862081
4710,L_knee,0.639448,-0.160138,-0.240626,14.462211
4710,L_foot_pitch,-0.458141,0.144186,0.147700,-0.713956
4710,L_foot_roll,1.049278,0.104928,0.021598,6.723331
4710,R_hip_roll,0.013804,0.002071,0.027491,-4.616860
4710,R_hip_yaw,0.053645,0.013411,0.019148,-0.561745
4710,R_hip_pitch,0.952234,0.368059,0.405790,-4.694911
4710,R_knee,1.279262,0.639816,0.654485,0.029224
4710,R_foot_pitch,-2.469670,-0.436967,-0.362703,-5.989741
4710,R_foot_roll,0.074792,0.007479,0.014048,-0.407940
4720,L_hip_roll,0.895115,0.134267,-0.014399,29.121735
4720,L_hip_yaw,0.174101,0.043525,0.014297,3.512027
4720,L_hip_pitch,-0.073129,-0.148282,-0.090190,-7.473292
4720,L_knee,0.608452,-0.167887,-0.240412,12.919942
4720,L_foot_pitch,-0.632544,0.126746,0.152345,-2.531508
4720,L_foot_roll,0.860672,0.086067,0.019719,5.693353
4720,R_hip_roll,0.052764,0.007915,0.025620,-2.915539
4720,R_hip_yaw,0.054793,0.013698,0.018217,-0.475752
4720,R_hip_pitch,0.958720,0.369680,0.405869,-4.261431
4720,R_knee,1.169111,0.612278,0.642926,-1.665912
4720,R_foot_pitch,-2.327069,-0.422707,-0.362082,-4.916432
4720,R_foot_roll,0.034581,0.003458,0.011876,-0.414662
4730,L_hip_roll,0.765424,0.114814,-0.012787,25.100687
4730,L_hip_yaw,0.165658,0.041415,0.014226,3.269318
4730,L_hip_pitch,-0.002496,-0.130624,-0.085074,-5.969663
4730,L_knee,0.573633,-0.176592,-0.239945,11.326334
4730,L_foot_pitch,-0.805006,0.109499,0.157086,-4.311998
4730,L_foot_roll,0.652132,0.065213,0.018253,3.978764
4730,R_hip_roll,0.137316,0.020597,0.023158,0.325907
4730,R_hip_yaw,0.047547,0.011887,0.017609,-0.624709
4730,R_hip_pitch,0.950739,0.367685,0.403049,-3.855619
4730,R_knee,1.037131,0.579283,0.626486,-3.051983
4730,R_foot_pitch,-2.127856,-0.402786,-0.361244,-3.412710
4730,R_foot_roll,-0.026981,-0.002698,0.008282,-0.491395
4740,L_hip_roll,0.556738,0.083511,-0.011516,18.767275
4740,L_hip_yaw,0.146650,0.036663,0.014158,2.706194
4740,L_hip_pitch,0.069455,-0.112636,-0.079591,-4.495183
4740,L_knee,0.534076,-0.186481,-0.239205,9.358996
4740,L_foot_pitch,-1.056512,0.084349,0.161805,-6.598120
4740,L_foot_roll,0.400003,0.040000,0.016323,1.852315
4740,R_hip_roll,0.212995,0.031949,0.020453,3.161693
4740,R_hip_yaw,0.050611,0.012653,0.016089,-0.186742
4740,R_hip_pitch,0.923207,0.360802,0.396867,-3.597287
4740,R_knee,0.862005,0.535501,0.604121,-5.082195
4740,R_foot_pitch,-1.860771,-0.376077,-0.360117,-1.397329
4740,R_foot_roll,-0.136119,-0.013612,0.002937,-0.756404
4750,L_hip_roll,0.279176,0.041876,-0.010774,10.319014
4750,L_hip_yaw,0.127796,0.031949,0.014024,2.161019
4750,L_hip_pitch,0.203520,-0.079120,-0.073611,-1.290423
4750,L_knee,0.469932,-0.202517,-0.238169,5.979110
4750,L_foot_pitch,-1.341883,0.055812,0.166681,-9.337914
4750,L_foot_roll,0.118149,0.011815,0.014465,0.225148
4750,R_hip_roll,0.355864,0.053380,0.017714,7.945453
4750,R_hip_yaw,0.044774,0.011194,0.013032,0.135439
4750,R_hip_pitch,0.877886,0.349472,0.386749,-3.338625
4750,R_knee,0.622397,0.475599,0.574519,-8.272380
4750,R_foot_pitch,-1.540075,-0.344008,-0.358598,1.005252
4750,R_foot_roll,-0.296016,-0.029602,-0.005138,-1.085968
4760,L_hip_roll,-0.122099,-0.018315,-0.010681,-1.417225
4760,L_hip_yaw,0.109136,0.027284,0.013825,1.633017
4760,L_hip_pitch,0.305122,-0.053720,-0.066657,0.834063
4760,L_knee,0.399053,-0.220237,-0.236437,2.396305
4760,L_foot_pitch,-1.618831,0.028117,0.171306,-11.893232
4760,L_foot_roll,-0.215007,-0.021501,0.012868,-2.647518
4760,R_hip_roll,0.534941,0.080241,0.015238,13.731506
4760,R_hip_yaw,0.029872,0.007468,0.008022,0.521311
4760,R_hip_pitch,0.799733,0.329933,0.371555,-3.307886
4760,R_knee,0.328128,0.402032,0.535075,-11.182234
4760,R_foot_pitch,-1.156509,-0.305651,-0.352471,2.953931
4760,R_foot_roll,-0.569511,-0.056951,-0.017439,-1.841181
4770,L_hip_roll,-0.636196,-0.095429,-0.011442,-16.384720
4770,L_hip_yaw,0.101846,0.025462,0.013497,1.467660
4770,L_hip_pitch,0.393641,-0.031590,-0.058674,2.443864
4770,L_knee,0.303901,-0.244025,-0.234411,-2.248795
4770,L_foot_pitch,-1.826852,0.007315,0.176230,-13.979469
4770,L_foot_roll,-0.531925,-0.053192,0.011120,-5.022413
4770,R_hip_roll,0.689516,0.103427,0.013409,18.515460
4770,R_hip_yaw,0.029193,0.007298,-0.000068,1.816910
4770,R_hip_pitch,0.597124,0.279281,0.350148,-6.185003
4770,R_knee,-0.036373,0.310907,0.482862,-14.200779
4770,R_foot_pitch,-0.716788,-0.261679,-0.333995,3.501094
4770,R_foot_roll,-0.975947,-0.097595,-0.036850,-2.748985
4780,L_hip_roll,-0.851489,-0.127723,-0.013167,-22.586378
4780,L_hip_yaw,0.050688,0.012672,0.013006,-0.031504
4780,L_hip_pitch,0.282091,-0.059477,-0.049995,-2.001333
4780,L_knee,0.330941,-0.237265,-0.233111,-1.070309
4780,L_foot_pitch,-1.606967,0.029303,0.181423,-12.652284
4780,L_foot_roll,-0.686097,-0.068610,0.008988,-5.996236
4780,R_hip_roll,0.706234,0.105935,0.011972,19.258904
4780,R_hip_yaw,0.058486,0.014622,-0.008604,2.988826
4780,R_hip_pitch,0.364787,0.221197,0.322860,-10.053221
4780,R_knee,-0.349565,0.232609,0.421054,-21.935660
4780,R_foot_pitch,-0.442532,-0.234253,-0.287219,-5.699370
4780,R_foot_roll,-1.591949,-0.159195,-0.059415,-8.298620
4790,L_hip_roll,-0.887682,-0.133152,-0.013552,-23.921004
4790,L_hip_yaw,0.024980,0.006245,0.012487,-0.672630
4790,L_hip_pitch,0.119357,-0.100161,-0.040808,-8.051045
4790,L_knee,0.235009,-0.261248,-0.232439,-5.230037
4790,L_foot_pitch,-0.869470,0.103053,0.186201,-7.110317
4790,L_foot_roll,-0.266206,-0.026621,0.005937,-2.287865
4790,R_hip_roll,0.058782,0.008817,0.011944,-0.895686
4790,R_hip_yaw,0.198101,0.049525,-0.009353,7.104639
4790,R_hip_pitch,0.288016,0.202004,0.296994,-8.651524
4790,R_knee,-0.462126,0.204469,0.374679,-16.446925
4790,R_foot_pitch,-0.114517,-0.201452,-0.181794,-11.725880
4790,R_foot_roll,-1.991249,-0.199125,-0.068364,-8.854292
4800,L_hip_roll,-0.380199,-0.057030,-0.013962,-8.386317
4800,L_hip_yaw,-0.055977,-0.013994,0.011582,-2.979900
4800,L_hip_pitch,-0.191658,-0.177914,-0.035231,-17.412362
4800,L_knee,0.021379,-0.314655,-0.237957,-10.981635
4800,L_foot_pitch,0.174455,0.207446,0.190499,0.930023
4800,L_foot_roll,0.440501,0.044050,0.004532,3.315685
4800,R_hip_roll,-0.481714,-0.072257,0.013043,-17.355857
4800,R_hip_yaw,0.243138,0.060785,-0.010151,8.648356
4800,R_hip_pitch,0.292051,0.203013,0.270347,-5.564522
4800,R_knee,-0.438736,0.210316,0.329075,-8.658923
4800,R_foot_pitch,0.262147,-0.163785,-0.084587,-14.450000
4800,R_foot_roll,-1.903644,-0.190364,-0.090645,-5.462273
4810,L_hip_roll,-0.345914,-0.051887,-0.014132,-7.879674
4810,L_hip_yaw,-0.099680,-0.024920,0.005827,-2.768996
4810,L_hip_pitch,-0.186525,-0.176631,-0.042549,-14.714737
4810,L_knee,-0.094132,-0.343533,-0.262782,-4.592171
4810,L_foot_pitch,0.745343,0.264534,0.199256,4.348612
4810,L_foot_roll,0.734335,0.073433,0.014993,2.996456
4810,R_hip_roll,-0.817414,-0.122612,0.013306,-27.258111
4810,R_hip_yaw,0.065788,0.016447,-0.010967,3.241159
4810,R_hip_pitch,0.057275,0.144319,0.254887,-12.513759
4810,R_knee,-0.468744,0.202814,0.305579,-16.136150
4810,R_foot_pitch,0.654793,-0.124521,-0.044185,-6.323704
4810,R_foot_roll,-1.566258,-0.156626,-0.088700,-7.875838
4820,L_hip_roll,-0.069022,-0.010353,-0.013675,0.631276
4820,L_hip_yaw,-0.081562,-0.020390,-0.008552,0.276895
4820,L_hip_pitch,-0.181046,-0.175261,-0.060521,-11.802440
4820,L_knee,-0.207082,-0.371771,-0.303315,0.441316
4820,L_foot_pitch,1.056878,0.295688,0.220524,3.382389
4820,L_foot_roll,0.922351,0.092235,0.041054,1.190179
4820,R_hip_roll,-0.892902,-0.133935,0.013234,-29.391864
4820,R_hip_yaw,-0.014757,-0.003689,-0.011263,0.972231
4820,R_hip_pitch,-0.034135,0.121466,0.246096,-14.006281
4820,R_knee,-0.396162,0.220959,0.294610,-9.453997
4820,R_foot_pitch,1.023879,-0.087612,-0.043589,-3.666878
4820,R_foot_roll,-1.274121,-0.127412,-0.059302,-8.561733
4830,L_hip_roll,0.018395,0.002759,-0.013144,2.901017
4830,L_hip_yaw,-0.095921,-0.023980,-0.023179,1.109735
4830,L_hip_pitch,-0.140477,-0.165119,-0.081054,-8.093240
4830,L_knee,-0.281528,-0.390382,-0.346765,4.484011
4830,L_foot_pitch,1.183728,0.308373,0.253639,0.988401
4830,L_foot_roll,0.938248,0.093825,0.071280,-1.000040
4830,R_hip_roll,-1.058995,-0.158849,0.013258,-34.513036
4830,R_hip_yaw,-0.059621,-0.014905,-0.012295,-0.200104
4830,R_hip_pitch,0.014691,0.133673,0.235695,-11.162483
4830,R_knee,-0.467993,0.203002,0.280561,-9.640609
4830,R_foot_pitch,1.050446,-0.084955,-0.041491,-3.696640
4830,R_foot_roll,-1.177947,-0.117795,-0.026215,-10.589513
4840,L_hip_roll,-0.233115,-0.034967,-0.009886,-6.188006
4840,L_hip_yaw,-0.115141,-0.028785,-0.031539,0.904045
4840,L_hip_pitch,-0.088098,-0.152024,-0.099711,-4.614880
4840,L_knee,-0.350203,-0.407551,-0.382961,4.797700
4840,L_foot_pitch,1.211818,0.311182,0.285104,-0.630294
4840,L_foot_roll,0.870913,0.087091,0.092627,-1.996530
4840,R_hip_roll,-1.132318,-0.169848,0.017743,-39.061507
4840,R_hip_yaw,-0.083555,-0.020889,-0.012677,-0.955632
4840,R_hip_pitch,0.089789,0.152447,0.228437,-8.390171
4840,R_knee,-0.600476,0.169881,0.271938,-15.916583
4840,R_foot_pitch,1.077667,-0.082233,-0.041998,-3.215101
4840,R_foot_roll,-1.157092,-0.115709,-0.025836,-6.994004
4850,L_hip_roll,-0.247038,-0.037056,-0.006567,-6.911570
4850,L_hip_yaw,-0.109799,-0.027450,-0.035901,1.320951
4850,L_hip_pitch,-0.109381,-0.157345,-0.113755,-4.057982
4850,L_knee,-0.396565,-0.419141,-0.407476,3.590012
4850,L_foot_pitch,1.283192,0.318319,0.305539,-0.421142
4850,L_foot_roll,0.852530,0.085253,0.100149,-1.395459
4850,R_hip_roll,-1.058658,-0.158799,0.022458,-37.536376
4850,R_hip_yaw,-0.080314,-0.020079,-0.013004,-0.819076
4850,R_hip_pitch,0.103791,0.155948,0.219373,-6.587075
4850,R_knee,-0.631005,0.162249,0.261504,-14.336406
4850,R_foot_pitch,1.085069,-0.081493,-0.041238,-3.335253
4850,R_foot_roll,-1.113686,-0.111369,-0.027616,-6.527732
4860,L_hip_roll,-0.163388,-0.024508,-0.004633,-4.329935
4860,L_hip_yaw,-0.120669,-0.030167,-0.036848,0.737066
4860,L_hip_pitch,-0.147821,-0.166955,-0.123739,-4.336157
4860,L_knee,-0.397166,-0.419292,-0.421974,3.692289
4860,L_foot_pitch,1.341507,0.324151,0.315479,0.065204
4860,L_foot_roll,0.773472,0.077347,0.097740,-1.148885
4860,R_hip_roll,-1.010606,-0.151591,0.026241,-36.556327
4860,R_hip_yaw,-0.045224,-0.011306,-0.013287,0.262207
4860,R_hip_pitch,0.012799,0.133200,0.208191,-7.831543
4860,R_knee,-0.619776,0.165056,0.248595,-11.023555
4860,R_foot_pitch,1.297934,-0.060207,-0.039711,-1.803162
4860,R_foot_roll,-1.014799,-0.101480,-0.029208,-5.633592
4870,L_hip_roll,-0.120283,-0.018042,-0.004043,-2.803917
4870,L_hip_yaw,-0.116346,-0.029086,-0.035311,0.535743
4870,L_hip_pitch,-0.260597,-0.195149,-0.130646,-7.167662
4870,L_knee,-0.438497,-0.429624,-0.428827,1.029620
4870,L_foot_pitch,1.358068,0.325807,0.319694,0.226325
4870,L_foot_roll,0.641324,0.064132,0.089752,-1.139098
4870,R_hip_roll,-1.145887,-0.171883,0.029148,-40.966798
4870,R_hip_yaw,0.013689,0.003422,-0.013452,2.034442
4870,R_hip_pitch,-0.076491,0.110877,0.195817,-8.930984
4870,R_knee,-0.618826,0.165294,0.234523,-8.222508
4870,R_foot_pitch,1.515444,-0.038456,-0.037814,-0.236017
4870,R_foot_roll,-1.028943,-0.102894,-0.030464,-5.677751
4880,L_hip_roll,-0.041482,-0.006222,-0.004687,0.071705
4880,L_hip_yaw,-0.110698,-0.027675,-0.032544,0.276749
4880,L_hip_pitch,-0.228969,-0.187242,-0.136841,-5.400219
4880,L_knee,-0.462400,-0.435600,-0.432595,0.479099
4880,L_foot_pitch,1.432866,0.333287,0.321519,0.827386
4880,L_foot_roll,0.544698,0.054470,0.077796,-0.615925
4880,R_hip_roll,-1.136430,-0.170465,0.031168,-40.794911
4880,R_hip_yaw,-0.013575,-0.003394,-0.013477,1.204778
4880,R_hip_pitch,-0.062913,0.114272,0.183352,-7.081550
4880,R_knee,-0.699829,0.145043,0.220484,-9.521989
4880,R_foot_pitch,1.449394,-0.045061,-0.035910,-0.903382
4880,R_foot_roll,-1.106160,-0.110616,-0.031399,-6.255830
4890,L_hip_roll,0.049338,0.007401,-0.006278,3.301174
4890,L_hip_yaw,-0.099017,-0.024754,-0.029304,0.229293
4890,L_hip_pitch,-0.229018,-0.187254,-0.143531,-4.568716
4890,L_knee,-0.510391,-0.447598,-0.435860,-1.245908
4890,L_foot_pitch,1.453378,0.335338,0.324041,0.590129
4890,L_foot_roll,0.438663,0.043866,0.064389,-0.377099
4890,R_hip_roll,-1.301906,-0.195286,0.032418,-45.855696
4890,R_hip_yaw,-0.039801,-0.009950,-0.013327,0.397305
4890,R_hip_pitch,-0.065693,0.113577,0.170977,-5.669623
4890,R_knee,-0.704081,0.143980,0.206407,-7.094803
4890,R_foot_pitch,1.452094,-0.044791,-0.034221,-1.050719
4890,R_foot_roll,-1.196953,-0.119695,-0.032274,-6.936146
4900,L_hip_roll,0.037391,0.005609,-0.008537,3.613318
4900,L_hip_yaw,-0.082579,-0.020645,-0.026076,0.348316
4900,L_hip_pitch,-0.273177,-0.198294,-0.151133,-4.854132
4900,L_knee,-0.544460,-0.456115,-0.439827,-1.628814
4900,L_foot_pitch,1.589021,0.348902,0.327921,1.284866
4900,L_foot_roll,0.380608,0.038061,0.051505,0.102243
4900,R_hip_roll,-1.376311,-0.206447,0.033022,-47.956615
4900,R_hip_yaw,-0.042381,-0.010595,-0.013299,0.322313
4900,R_hip_pitch,-0.170388,0.087403,0.159503,-7.578511
4900,R_knee,-0.687175,0.148206,0.193668,-4.711048
4900,R_foot_pitch,1.573776,-0.032622,-0.032654,-0.103065
4900,R_foot_roll,-1.277020,-0.127702,-0.032738,-7.563881
4910,L_hip_roll,0.151326,0.022699,-0.011594,7.891075
4910,L_hip_yaw,-0.075816,-0.018954,-0.022720,0.121629
4910,L_hip_pitch,-0.336983,-0.214246,-0.159925,-5.609374
4910,L_knee,-0.580515,-0.465129,-0.445584,-1.656406
4910,L_foot_pitch,1.584211,0.348421,0.334757,0.296888
4910,L_foot_roll,0.339353,0.033935,0.041111,0.283265
4910,R_hip_roll,-1.367155,-0.205073,0.032740,-47.351722
4910,R_hip_yaw,-0.030287,-0.007572,-0.013358,0.703462
4910,R_hip_pitch,-0.173317,0.086671,0.149421,-6.583704
4910,R_knee,-0.680046,0.149989,0.183360,-3.282805
4910,R_foot_pitch,1.620654,-0.027935,-0.032176,0.348594
4910,R_foot_roll,-1.291791,-0.129179,-0.032909,-7.699426
4920,L_hip_roll,0.127433,0.019115,-0.015037,7.865593
4920,L_hip_yaw,-0.059865,-0.014966,-0.019613,0.290555
4920,L_hip_pitch,-0.351464,-0.217866,-0.170146,-4.652119
4920,L_knee,-0.620898,-0.475224,-0.453305,-1.503615
4920,L_foot_pitch,1.580770,0.348077,0.342164,-0.156438
4920,L_foot_roll,0.294565,0.029456,0.033909,0.214040
4920,R_hip_roll,-1.426685,-0.214003,0.031769,-48.793608
4920,R_hip_yaw,-0.054469,-0.013617,-0.013478,-0.005855
4920,R_hip_pitch,-0.128875,0.097781,0.141095,-4.454637
4920,R_knee,-0.762522,0.129369,0.176027,-6.636282
4920,R_foot_pitch,1.512157,-0.038784,-0.032991,-0.320457
4920,R_foot_roll,-1.356861,-0.135686,-0.032827,-8.247612
4930,L_hip_roll,0.104170,0.015626,-0.018431,7.816989
4930,L_hip_yaw,-0.034419,-0.008605,-0.016952,0.762872
4930,L_hip_pitch,-0.374080,-0.223520,-0.181643,-3.852652
4930,L_knee,-0.649148,-0.482287,-0.462211,-0.976001
4930,L_foot_pitch,1.701496,0.360150,0.346534,0.819679
4930,L_foot_roll,0.195051,0.019505,0.029072,-0.377962
4930,R_hip_roll,-1.340042,-0.201006,0.030346,-45.784818
4930,R_hip_yaw,-0.064140,-0.016035,-0.013678,-0.259807
4930,R_hip_pitch,-0.129295,0.097676,0.134037,-3.689344
4930,R_knee,-0.818718,0.115320,0.170597,-8.463809
4930,R_foot_pitch,1.306681,-0.059332,-0.034591,-1.800235
4930,R_foot_roll,-1.386685,-0.138668,-0.032546,-8.528257
4940,L_hip_roll,0.154883,0.023232,-0.021468,9.786646
4940,L_hip_yaw,-0.028374,-0.007094,-0.013794,0.462217
4940,L_hip_pitch,-0.403784,-0.230946,-0.193545,-3.316340
4940,L_knee,-0.695278,-0.493820,-0.471162,-1.564235
4940,L_foot_pitch,1.761870,0.366187,0.350639,0.826412
4940,L_foot_roll,0.064724,0.006472,0.023800,-0.824284
4940,R_hip_roll,-1.308924,-0.196339,0.028734,-44.518639
4940,R_hip_yaw,-0.054705,-0.013676,-0.013986,0.071004
4940,R_hip_pitch,-0.108543,0.102864,0.127061,-2.193821
4940,R_knee,-0.794080,0.121480,0.165302,-6.271748
4940,R_foot_pitch,1.210135,-0.068986,-0.036285,-2.449712
4940,R_foot_roll,-1.354246,-0.135425,-0.032168,-8.306110
4950,L_hip_roll,0.168699,0.025305,-0.023828,10.430935
4950,L_hip_yaw,-0.043541,-0.010885,-0.010475,-0.346854
4950,L_hip_pitch,-0.426929,-0.236732,-0.205742,-2.497966
4950,L_knee,-0.728294,-0.502074,-0.479967,-1.434096
4950,L_foot_pitch,1.713623,0.361362,0.353030,0.538664
4950,L_foot_roll,-0.052019,-0.005202,0.015185,-0.672616
4950,R_hip_roll,-1.365696,-0.204854,0.027087,-45.890034
4950,R_hip_yaw,-0.067890,-0.016973,-0.014294,-0.296084
4950,R_hip_pitch,-0.084139,0.108965,0.120828,-0.863015
4950,R_knee,-0.789584,0.122604,0.161254,-6.059046
4950,R_foot_pitch,1.186154,-0.071385,-0.038514,-2.363119
4950,R_foot_roll,-1.326995,-0.132700,-0.031659,-8.140909
4960,L_hip_roll,0.132231,0.019835,-0.025387,9.406750
4960,L_hip_yaw,-0.040070,-0.010017,-0.009311,-0.062890
4960,L_hip_pitch,-0.435063,-0.238766,-0.218187,-1.241378
4960,L_knee,-0.771075,-0.512769,-0.488440,-2.017711
4960,L_foot_pitch,1.728759,0.362876,0.353499,0.751368
4960,L_foot_roll,-0.110344,-0.011034,0.003414,0.036104
4960,R_hip_roll,-1.414782,-0.212217,0.025336,-46.964201
4960,R_hip_yaw,-0.090623,-0.022656,-0.014535,-0.954835
4960,R_hip_pitch,-0.065735,0.113566,0.116305,0.050953
4960,R_knee,-0.814888,0.116278,0.159962,-7.844484
4960,R_foot_pitch,1.137867,-0.076213,-0.041879,-2.357923
4960,R_foot_roll,-1.348624,-0.134862,-0.030955,-8.389975
4970,L_hip_roll,0.091759,0.013764,-0.026284,8.207836
4970,L_hip_yaw,-0.042808,-0.010702,-0.010538,0.168887
4970,L_hip_pitch,-0.430448,-0.237612,-0.230460,0.335032
4970,L_knee,-0.796558,-0.519140,-0.496309,-1.915859
4970,L_foot_pitch,1.704779,0.360478,0.353231,0.620395
4970,L_foot_roll,-0.155351,-0.015535,-0.007802,0.349304
4970,R_hip_roll,-1.370421,-0.205563,0.023392,-45.177951
4970,R_hip_yaw,-0.113430,-0.028357,-0.014769,-1.607638
4970,R_hip_pitch,-0.018563,0.125359,0.112998,1.788272
4970,R_knee,-0.832680,0.111830,0.160781,-9.231486
4970,R_foot_pitch,1.052655,-0.084734,-0.046163,-2.629593
4970,R_foot_roll,-1.330302,-0.133030,-0.030087,-8.329699
4980,L_hip_roll,0.049637,0.007446,-0.026699,6.897283
4980,L_hip_yaw,-0.043257,-0.010814,-0.012870,0.498094
4980,L_hip_pitch,-0.445270,-0.241317,-0.241965,1.167702
4980,L_knee,-0.811886,-0.522971,-0.503040,-1.828957
4980,L_foot_pitch,1.669404,0.356940,0.352749,0.386210
4980,L_foot_roll,-0.182569,-0.018257,-0.015761,0.413386
4980,R_hip_roll,-1.335097,-0.200265,0.021248,-43.634018
4980,R_hip_yaw,-0.130749,-0.032687,-0.015021,-2.095918
4980,R_hip_pitch,0.013387,0.133347,0.110221,3.044134
4980,R_knee,-0.829155,0.112711,0.162796,-9.725762
4980,R_foot_pitch,0.933858,-0.096614,-0.051037,-3.139708
4980,R_foot_roll,-1.308176,-0.130818,-0.029068,-8.249113
4990,L_hip_roll,0.038767,0.005815,-0.026813,6.531892
4990,L_hip_yaw,-0.036478,-0.009119,-0.015142,0.919772
4990,L_hip_pitch,-0.443217,-0.240804,-0.252285,2.342991
4990,L_knee,-0.820522,-0.525130,-0.508085,-1.834217
4990,L_foot_pitch,1.590992,0.349099,0.352222,-0.197992
4990,L_foot_roll,-0.205008,-0.020501,-0.020149,0.262453
4990,R_hip_roll,-1.275645,-0.191347,0.018888,-41.308763
4990,R_hip_yaw,-0.148337,-0.037084,-0.015273,-2.592983
4990,R_hip_pitch,0.043407,0.140852,0.107934,4.162692
4990,R_knee,-0.814664,0.116334,0.166022,-10.056455
4990,R_foot_pitch,0.905343,-0.099466,-0.056537,-2.859307
4990,R_foot_roll,-1.252079,-0.125208,-0.027899,-7.909601
5000,L_hip_roll,-0.005007,-0.000751,-0.026710,5.124791
5000,L_hip_yaw,-0.039961,-0.009990,-0.016196,0.780475
5000,L_hip_pitch,-0.462909,-0.245727,-0.261160,2.663912
5000,L_knee,-0.804657,-0.521164,-0.511110,-1.196904
5000,L_foot_pitch,1.519900,0.341990,0.350659,-0.486045
5000,L_foot_roll,-0.224904,-0.022490,-0.022111,0.091753
5000,R_hip_roll,-1.215167,-0.182275,0.016355,-38.953987
5000,R_hip_yaw,-0.152238,-0.038060,-0.015499,-2.686345
5000,R_hip_pitch,0.059924,0.144981,0.106185,4.817868
5000,R_knee,-0.785466,0.123634,0.170586,-9.955559
5000,R_foot_pitch,0.883548,-0.101645,-0.062707,-2.473823
5000,R_foot_roll,-1.186983,-0.118698,-0.026554,-7.512207
5010,L_hip_roll,-0.053265,-0.007990,-0.026424,3.574989
5010,L_hip_yaw,-0.040714,-0.010178,-0.015969,0.631757
5010,L_hip_pitch,-0.475884,-0.248971,-0.268321,2.957904
5010,L_knee,-0.789857,-0.517464,-0.511553,-1.278514
5010,L_foot_pitch,1.478784,0.337878,0.346711,-0.233195
5010,L_foot_roll,-0.256630,-0.025663,-0.023083,-0.133123
5010,R_hip_roll,-1.138138,-0.170721,0.013690,-36.070628
5010,R_hip_yaw,-0.138500,-0.034625,-0.015677,-2.257564
5010,R_hip_pitch,0.083298,0.150825,0.105060,5.584331
5010,R_knee,-0.783586,0.124104,0.176630,-11.428735
5010,R_foot_pitch,0.846421,-0.105358,-0.069614,-2.141083
5010,R_foot_roll,-1.135673,-0.113567,-0.025044,-7.238648
5020,L_hip_roll,-0.084727,-0.012709,-0.025929,2.455775
5020,L_hip_yaw,-0.036071,-0.009018,-0.014899,0.572019
5020,L_hip_pitch,-0.481046,-0.250262,-0.273732,3.285067
5020,L_knee,-0.766187,-0.511547,-0.509418,-1.291508
5020,L_foot_pitch,1.376065,0.327607,0.341202,-0.542145
5020,L_foot_roll,-0.278057,-0.027806,-0.024327,-0.134964
5020,R_hip_roll,-1.046713,-0.157007,0.011000,-32.807417
5020,R_hip_yaw,-0.146093,-0.036523,-0.015780,-2.481765
5020,R_hip_pitch,0.115778,0.158945,0.104295,6.637377
5020,R_knee,-0.766414,0.128397,0.183604,-12.052080
5020,R_foot_pitch,0.815597,-0.108440,-0.077004,-1.769457
5020,R_foot_roll,-1.052106,-0.105211,-0.023408,-6.711888
5030,L_hip_roll,-0.161217,-0.024183,-0.025151,-0.087877
5030,L_hip_yaw,-0.032700,-0.008175,-0.013116,0.390944
5030,L_hip_pitch,-0.486454,-0.251614,-0.277584,3.444213
5030,L_knee,-0.729077,-0.502269,-0.505044,-1.022901
5030,L_foot_pitch,1.263600,0.316360,0.334109,-0.677456
5030,L_foot_roll,-0.283035,-0.028304,-0.026141,0.013837
5030,R_hip_roll,-0.999552,-0.149933,0.008451,-30.947496
5030,R_hip_yaw,-0.148875,-0.037219,-0.015814,-2.566359
5030,R_hip_pitch,0.114954,0.158738,0.103708,6.661133
5030,R_knee,-0.715691,0.141077,0.191000,-11.215340
5030,R_foot_pitch,0.781273,-0.111873,-0.084624,-1.414860
5030,R_foot_roll,-0.969103,-0.096910,-0.021666,-6.196014
5040,L_hip_roll,-0.184734,-0.027710,-0.024334,-0.910682
5040,L_hip_yaw,-0.023304,-0.005826,-0.010659,0.315921
5040,L_hip_pitch,-0.509697,-0.257424,-0.279966,2.887206
5040,L_knee,-0.681356,-0.490339,-0.498464,-0.712080
5040,L_foot_pitch,1.144583,0.304458,0.324767,-0.661913
5040,L_foot_roll,-0.265139,-0.026514,-0.027625,0.200923
5040,R_hip_roll,-0.936537,-0.140481,0.005992,-28.566397
5040,R_hip_yaw,-0.144641,-0.036160,-0.015808,-2.441874
5040,R_hip_pitch,0.118412,0.159603,0.103643,6.700352
5040,R_knee,-0.666127,0.153468,0.199339,-10.880045
5040,R_foot_pitch,0.791090,-0.110891,-0.092701,-0.627194
5040,R_foot_roll,-0.855235,-0.085523,-0.019799,-5.448997
5050,L_hip_roll,-0.224253,-0.033638,-0.023673,-2.186671
5050,L_hip_yaw,-0.015283,-0.003821,-0.007589,0.132314
5050,L_hip_pitch,-0.508551,-0.257138,-0.281073,2.945273
5050,L_knee,-0.610364,-0.472591,-0.489844,0.381676
5050,L_foot_pitch,1.016645,0.291665,0.313442,-0.613924
5050,L_foot_roll,-0.231482,-0.023148,-0.027793,0.331417
5050,R_hip_roll,-0.831791,-0.124769,0.003581,-24.970694
5050,R_hip_yaw,-0.143150,-0.035788,-0.015787,-2.400133
5050,R_hip_pitch,0.118991,0.159748,0.104432,6.529473
5050,R_knee,-0.612567,0.166858,0.209074,-10.648450
5050,R_foot_pitch,0.834498,-0.106550,-0.101408,0.478925
5050,R_foot_roll,-0.707055,-0.070706,-0.017772,-4.440204
5060,L_hip_roll,-0.311509,-0.046726,-0.023150,-4.891048
5060,L_hip_yaw,-0.008740,-0.002185,-0.004140,-0.110656
5060,L_hip_pitch,-0.510531,-0.257633,-0.280756,2.689891
5060,L_knee,-0.512199,-0.448050,-0.478648,1.901229
5060,L_foot_pitch,0.851591,0.275159,0.300635,-0.789267
5060,L_foot_roll,-0.171035,-0.017103,-0.026065,0.484007
5060,R_hip_roll,-0.701829,-0.105274,0.001304,-20.689360
5060,R_hip_yaw,-0.133547,-0.033387,-0.015726,-2.121686
5060,R_hip_pitch,0.107314,0.156828,0.105980,5.916840
5060,R_knee,-0.556133,0.180967,0.219965,-10.416896
5060,R_foot_pitch,0.881056,-0.101894,-0.110807,1.641764
5060,R_foot_roll,-0.540166,-0.054017,-0.015667,-3.291121
5070,L_hip_roll,-0.395415,-0.059312,-0.022781,-7.412520
5070,L_hip_yaw,0.003818,0.000954,-0.000436,-0.202693
5070,L_hip_pitch,-0.517327,-0.259332,-0.278434,1.990351
5070,L_knee,-0.381399,-0.415350,-0.463486,3.738594
5070,L_foot_pitch,0.657284,0.255728,0.285953,-0.964104
5070,L_foot_roll,-0.072465,-0.007247,-0.021884,0.685498
5070,R_hip_roll,-0.539113,-0.080867,-0.000664,-15.500209
5070,R_hip_yaw,-0.122060,-0.030515,-0.015653,-1.788856
5070,R_hip_pitch,0.087984,0.151996,0.108104,5.040551
5070,R_knee,-0.491826,0.197044,0.231768,-9.851933
5070,R_foot_pitch,0.938944,-0.096106,-0.120375,2.906866
5070,R_foot_roll,-0.325693,-0.032569,-0.013658,-1.765909
5080,L_hip_roll,-0.486127,-0.072919,-0.022720,-10.056304
5080,L_hip_yaw,0.012514,0.003129,0.003814,-0.526578
5080,L_hip_pitch,-0.504851,-0.256213,-0.273596,1.525674
5080,L_knee,-0.215518,-0.373879,-0.442902,5.762787
5080,L_foot_pitch,0.444030,0.234403,0.268570,-1.001322
5080,L_foot_roll,0.053360,0.005336,-0.014548,0.784077
5080,R_hip_roll,-0.317270,-0.047591,-0.002273,-8.665617
5080,R_hip_yaw,-0.104156,-0.026039,-0.015529,-1.271886
5080,R_hip_pitch,0.065006,0.146251,0.110497,4.034840
5080,R_knee,-0.408283,0.217929,0.244015,-8.423150
5080,R_foot_pitch,1.053724,-0.084628,-0.130306,4.634699
5080,R_foot_roll,-0.058224,-0.005822,-0.011407,0.174602
5090,L_hip_roll,-0.555476,-0.083321,-0.022939,-12.040191
5090,L_hip_yaw,0.021401,0.005350,0.008672,-0.893741
5090,L_hip_pitch,-0.451861,-0.242965,-0.265740,1.862224
5090,L_knee,-0.004298,-0.321074,-0.415379,8.121292
5090,L_foot_pitch,0.220133,0.212013,0.248239,-0.897893
5090,L_foot_roll,0.241433,0.024143,-0.003830,1.117551
5090,R_hip_roll,-0.028949,-0.004342,-0.003276,-0.031481
5090,R_hip_yaw,-0.095258,-0.023814,-0.015293,-1.048661
5090,R_hip_pitch,0.032254,0.138063,0.113131,2.691894
5090,R_knee,-0.306431,0.243392,0.256613,-6.293096
5090,R_foot_pitch,1.207650,-0.069235,-0.140444,6.679251
5090,R_foot_roll,0.291207,0.029121,-0.009278,2.742875
5100,L_hip_roll,-0.545740,-0.081861,-0.023063,-11.777268
5100,L_hip_yaw,0.021375,0.005344,0.013733,-1.498460
5100,L_hip_pitch,-0.272639,-0.198160,-0.253958,5.404941
5100,L_knee,0.251026,-0.257244,-0.378899,10.215119
5100,L_foot_pitch,0.019151,0.191915,0.225449,-0.494147
5100,L_foot_roll,0.537716,0.053772,0.010964,1.878438
5100,R_hip_roll,0.350501,0.052575,-0.003242,10.963279
5100,R_hip_yaw,-0.116964,-0.029241,-0.014811,-1.783875
5100,R_hip_pitch,-0.005504,0.128624,0.116182,1.191174
5100,R_knee,-0.197525,0.270619,0.270025,-3.904709
5100,R_foot_pitch,1.346649,-0.055335,-0.150903,8.707312
5100,R_foot_roll,0.723068,0.072307,-0.006844,6.139069
5110,L_hip_roll,-0.463153,-0.069473,-0.022441,-9.712004
5110,L_hip_yaw,-0.013613,-0.003403,0.016607,-2.525066
5110,L_hip_pitch,-0.108142,-0.157035,-0.238765,8.456121
5110,L_knee,0.473190,-0.201702,-0.340816,17.323944
5110,L_foot_pitch,0.104824,0.200482,0.181817,8.691219
5110,L_foot_roll,0.849443,0.084944,0.023859,4.638882
5110,R_hip_roll,0.523210,0.078481,-0.002145,15.846828
5110,R_hip_yaw,-0.118411,-0.029603,-0.014123,-1.912963
5110,R_hip_pitch,0.256118,0.194029,0.118372,8.972493
5110,R_knee,-0.212965,0.266759,0.282959,-6.397006
5110,R_foot_pitch,1.005316,-0.089468,-0.161276,6.734064
5110,R_foot_roll,0.929150,0.092915,-0.004252,7.508952
5120,L_hip_roll,0.335175,0.050276,-0.021518,14.077430
5120,L_hip_yaw,-0.113778,-0.028444,0.018274,-5.792916
5120,L_hip_pitch,-0.216712,-0.184178,-0.222263,2.817846
5120,L_knee,0.588578,-0.172856,-0.310855,15.664172
5120,L_foot_pitch,0.114009,0.201401,0.110463,13.905619
5120,L_foot_roll,0.905003,0.090500,0.025988,5.107196
5120,R_hip_roll,0.696085,0.104413,-0.001640,21.144029
5120,R_hip_yaw,-0.089970,-0.022493,-0.013246,-1.207861
5120,R_hip_pitch,0.358310,0.219578,0.119518,11.906165
5120,R_knee,0.018086,0.324521,0.295129,1.679074
5120,R_foot_pitch,0.165729,-0.173427,-0.171541,0.871352
5120,R_foot_roll,0.780883,0.078088,0.002339,5.172485
5130,L_hip_roll,0.926412,0.138962,-0.021061,33.109126
5130,L_hip_yaw,-0.085881,-0.021470,0.018844,-4.704565
5130,L_hip_pitch,0.144939,-0.093765,-0.211365,13.915915
5130,L_knee,0.498322,-0.195419,-0.293734,17.493384
5130,L_foot_pitch,-0.070418,0.182958,0.080070,8.059933
5130,L_foot_roll,0.875544,0.087554,0.015837,5.149809
5130,R_hip_roll,0.617738,0.092661,-0.002857,20.275853
5130,R_hip_yaw,-0.069633,-0.017408,-0.014253,0.043472
5130,R_hip_pitch,0.421809,0.235452,0.124827,12.474113
5130,R_knee,0.328428,0.402107,0.311716,11.011049
5130,R_foot_pitch,-0.664789,-0.256479,-0.181620,-5.459478
5130,R_foot_roll,0.322146,0.032215,0.020144,-1.742942
5140,L_hip_roll,0.794121,0.119118,-0.024184,29.457927
5140,L_hip_yaw,-0.092961,-0.023240,0.018177,-4.938340
5140,L_hip_pitch,0.057649,-0.115588,-0.208165,10.694752
5140,L_knee,0.398335,-0.220416,-0.290736,11.326296
5140,L_foot_pitch,-0.366769,0.153323,0.081267,5.626213
5140,L_foot_roll,0.480815,0.048082,0.020519,1.820393
5140,R_hip_roll,0.121206,0.018181,-0.005246,4.985279
5140,R_hip_yaw,-0.002501,-0.000625,-0.019137,2.707885
5140,R_hip_pitch,0.382571,0.225643,0.138445,8.832508
5140,R_knee,0.305725,0.396431,0.341972,-1.012512
5140,R_foot_pitch,-1.179651,-0.307965,-0.206646,-4.910761
5140,R_foot_roll,-0.157740,-0.015774,0.034869,-4.833258
5150,L_hip_roll,0.813579,0.122037,-0.026743,30.482094
5150,L_hip_yaw,0.004272,0.001068,0.017846,-1.969582
5150,L_hip_pitch,0.058673,-0.115332,-0.203438,10.044937
5150,L_knee,0.412288,-0.216928,-0.285726,10.747775
5150,L_foot_pitch,-0.221760,0.167824,0.082535,6.708282
5150,L_foot_roll,0.403937,0.040394,0.023415,1.104747
5150,R_hip_roll,0.127233,0.019085,-0.005661,4.935098
5150,R_hip_yaw,0.014200,0.003550,-0.018483,2.175651
5150,R_hip_pitch,0.455403,0.243851,0.154288,9.294027
5150,R_knee,0.380589,0.415147,0.377196,-2.837242
5150,R_foot_pitch,-1.391259,-0.329126,-0.249815,-1.739222
5150,R_foot_roll,-0.165139,-0.016514,0.024486,-1.257517
5160,L_hip_roll,0.865129,0.129769,-0.028926,32.323132
5160,L_hip_yaw,0.003646,0.000911,0.017705,-2.014960
5160,L_hip_pitch,0.123669,-0.099083,-0.197882,11.276656
5160,L_knee,0.395891,-0.221027,-0.280203,9.003095
5160,L_foot_pitch,-0.175802,0.172420,0.083799,6.953141
5160,L_foot_roll,0.518687,0.051869,0.025528,1.919340
5160,R_hip_roll,0.139557,0.020934,-0.005145,4.945762
5160,R_hip_yaw,-0.006611,-0.001653,-0.009720,-0.140565
5160,R_hip_pitch,0.453997,0.243499,0.168162,7.768586
5160,R_knee,0.445608,0.431402,0.406798,-3.357772
5160,R_foot_pitch,-1.404599,-0.330460,-0.295389,1.307410
5160,R_foot_roll,-0.125680,-0.012568,0.001569,1.099410
5170,L_hip_roll,0.889143,0.133372,-0.030480,33.158371
5170,L_hip_yaw,-0.030400,-0.007600,0.017797,-3.057163
5170,L_hip_pitch,0.184152,-0.083962,-0.191713,12.293151
5170,L_knee,0.419149,-0.215213,-0.275000,9.338128
5170,L_foot_pitch,-0.328527,0.157147,0.085477,5.536383
5170,L_foot_roll,0.626620,0.062662,0.026953,2.687955
5170,R_hip_roll,0.025810,0.003872,-0.003706,0.956103
5170,R_hip_yaw,-0.006968,-0.001742,0.000374,-1.121591
5170,R_hip_pitch,0.497461,0.254365,0.179550,7.980577
5170,R_knee,0.487249,0.441812,0.429039,-3.246095
5170,R_foot_pitch,-1.509523,-0.340952,-0.326878,1.140058
5170,R_foot_roll,-0.172113,-0.017211,-0.015065,0.990977
5180,L_hip_roll,1.052940,0.157941,-0.031726,38.308232
5180,L_hip_yaw,-0.030694,-0.007674,0.017849,-3.060003
5180,L_hip_pitch,0.098226,-0.105444,-0.184309,8.660368
5180,L_knee,0.465120,-0.203720,-0.269467,10.092936
5180,L_foot_pitch,-0.433359,0.146664,0.087243,4.579729
5180,L_foot_roll,0.650425,0.065043,0.028289,2.777184
5180,R_hip_roll,0.065815,0.009872,-0.001776,1.732229
5180,R_hip_yaw,0.004452,0.001113,0.006286,-0.975748
5180,R_hip_pitch,0.589931,0.277483,0.188299,9.945576
5180,R_knee,0.522795,0.450699,0.444540,-2.687043
5180,R_foot_pitch,-1.692051,-0.359205,-0.342267,-0.407242
5180,R_foot_roll,-0.179843,-0.017984,-0.022266,0.730685
5190,L_hip_roll,1.077147,0.161572,-0.032599,39.022997
5190,L_hip_yaw,-0.066340,-0.016585,0.017801,-4.115900
5190,L_hip_pitch,0.126519,-0.098370,-0.176435,8.606743
5190,L_knee,0.475944,-0.201014,-0.263783,9.698654
5190,L_foot_pitch,-0.322023,0.157798,0.089011,5.316538
5190,L_foot_roll,0.767210,0.076721,0.029376,3.657535
5190,R_hip_roll,0.009798,0.001470,0.000703,-0.705528
5190,R_hip_yaw,0.015219,0.003805,0.007795,-0.475908
5190,R_hip_pitch,0.578302,0.274575,0.196087,8.645396
5190,R_knee,0.634468,0.478617,0.456003,1.084746
5190,R_foot_pitch,-1.867640,-0.376764,-0.350534,-1.425875
5190,R_foot_roll,-0.167679,-0.016768,-0.023525,0.494453
5200,L_hip_roll,1.135787,0.170368,-0.032986,40.767216
5200,L_hip_yaw,-0.070986,-0.017747,0.017664,-4.226763
5200,L_hip_pitch,0.197919,-0.080520,-0.168987,9.899758
5200,L_knee,0.455006,-0.206248,-0.258722,8.084867
5200,L_foot_pitch,-0.422289,0.147771,0.091054,4.319474
5200,L_foot_roll,0.831508,0.083151,0.029951,4.133091
5200,R_hip_roll,0.005563,0.000834,0.003781,-1.551119
5200,R_hip_yaw,0.019040,0.004760,0.006851,-0.100950
5200,R_hip_pitch,0.655786,0.293947,0.204958,9.743765
5200,R_knee,0.720942,0.500235,0.467473,2.358661
5200,R_foot_pitch,-2.095917,-0.399592,-0.354469,-3.392417
5200,R_foot_roll,-0.193463,-0.019346,-0.021456,-0.118231
5210,L_hip_roll,1.143776,0.171566,-0.033054,40.797455
5210,L_hip_yaw,-0.065264,-0.016316,0.017505,-4.043430
5210,L_hip_pitch,0.137037,-0.095741,-0.162100,7.267264
5210,L_knee,0.468710,-0.202822,-0.254628,8.107396
5210,L_foot_pitch,-0.353613,0.154639,0.093453,4.628252
5210,L_foot_roll,0.876592,0.087659,0.030401,4.816669
5210,R_hip_roll,-0.036616,-0.005492,0.007203,-3.654434
5210,R_hip_yaw,0.038746,0.009687,0.005227,0.680302
5210,R_hip_pitch,0.700692,0.305173,0.216026,9.516254
5210,R_knee,0.783563,0.515891,0.482095,1.387830
5210,R_foot_pitch,-2.249878,-0.414988,-0.355738,-4.670007
5210,R_foot_roll,-0.177533,-0.017753,-0.019297,-0.029782
5220,L_hip_roll,1.191650,0.178747,-0.032841,42.231655
5220,L_hip_yaw,-0.049862,-0.012466,0.017341,-3.554129
5220,L_hip_pitch,0.150294,-0.092426,-0.156297,7.141647
5220,L_knee,0.489475,-0.197631,-0.252149,9.318583
5220,L_foot_pitch,-0.202846,0.169715,0.096542,5.526035
5220,L_foot_roll,0.996982,0.099698,0.030824,5.422700
5220,R_hip_roll,-0.047026,-0.007054,0.010732,-4.603957
5220,R_hip_yaw,0.025035,0.006259,0.005276,-0.005508
5220,R_hip_pitch,0.791616,0.327904,0.229293,10.455762
5220,R_knee,0.901163,0.545291,0.499448,3.011834
5220,R_foot_pitch,-2.393246,-0.429325,-0.356239,-5.810831
5220,R_foot_roll,-0.110596,-0.011060,-0.017748,0.394089
5230,L_hip_roll,1.245290,0.186794,-0.032461,43.742407
5230,L_hip_yaw,-0.018929,-0.004732,0.017245,-2.628773
5230,L_hip_pitch,0.121174,-0.099706,-0.151695,5.822054
5230,L_knee,0.522013,-0.189497,-0.251137,10.958516
5230,L_foot_pitch,-0.157856,0.174214,0.100126,5.557486
5230,L_foot_roll,1.078334,0.107833,0.031063,6.062913
5230,R_hip_roll,-0.093661,-0.014049,0.014066,-6.578800
5230,R_hip_yaw,0.018680,0.004670,0.006664,-0.387266
5230,R_hip_pitch,0.817208,0.334302,0.245245,9.002229
5230,R_knee,1.001238,0.570310,0.520136,2.558011
5230,R_foot_pitch,-2.575818,-0.447582,-0.356687,-7.225074
5230,R_foot_roll,-0.115213,-0.011521,-0.014828,-0.091379
5240,L_hip_roll,1.355168,0.203275,-0.032058,46.969931
5240,L_hip_yaw,-0.034567,-0.008642,0.017286,-3.117518
5240,L_hip_pitch,0.095912,-0.106022,-0.147646,4.597876
5240,L_knee,0.526439,-0.188390,-0.250679,11.117912
5240,L_foot_pitch,-0.263436,0.163656,0.103936,4.398321
5240,L_foot_roll,1.219741,0.121974,0.030963,7.226242
5240,R_hip_roll,-0.055007,-0.008251,0.016980,-5.843944
5240,R_hip_yaw,0.044777,0.011194,0.007829,0.308442
5240,R_hip_pitch,0.817530,0.334382,0.263504,6.650985
5240,R_knee,1.106261,0.596565,0.543709,2.465635
5240,R_foot_pitch,-2.722434,-0.462243,-0.357366,-8.314038
5240,R_foot_roll,-0.121216,-0.012122,-0.011587,-0.318466
5250,L_hip_roll,1.307985,0.196198,-0.031454,45.239278
5250,L_hip_yaw,-0.010652,-0.002663,0.017286,-2.382768
5250,L_hip_pitch,0.079981,-0.110005,-0.143712,3.631790
5250,L_knee,0.576329,-0.175918,-0.250475,13.339216
5250,L_foot_pitch,-0.222559,0.167744,0.107857,4.368325
5250,L_foot_roll,1.299432,0.129943,0.030646,8.148401
5250,R_hip_roll,-0.027591,-0.004139,0.019594,-5.536259
5250,R_hip_yaw,0.061848,0.015462,0.009809,0.407438
5250,R_hip_pitch,0.919466,0.359867,0.282560,7.407913
5250,R_knee,1.178016,0.614504,0.567940,1.379742
5250,R_foot_pitch,-2.785345,-0.468535,-0.358315,-8.716677
5250,R_foot_roll,-0.050850,-0.005085,-0.009839,0.280311
5260,L_hip_roll,1.291196,0.193679,-0.030518,44.398067
5260,L_hip_yaw,0.026760,0.006690,0.017094,-1.256368
5260,L_hip_pitch,0.002545,-0.129364,-0.139193,0.657770
5260,L_knee,0.620254,-0.164936,-0.249361,14.546156
5260,L_foot_pitch,-0.014580,0.188542,0.112044,5.824002
5260,L_foot_roll,1.373943,0.137394,0.030225,9.115336
5260,R_hip_roll,-0.012158,-0.001824,0.021892,-5.430586
5260,R_hip_yaw,0.055328,0.013832,0.013745,-0.460479
5260,R_hip_pitch,0.924433,0.361108,0.301648,5.262952
5260,R_knee,1.251111,0.632778,0.591323,0.819332
5260,R_foot_pitch,-2.833724,-0.473372,-0.359363,-9.018473
5260,R_foot_roll,-0.010398,-0.001040,-0.007535,0.238420
5270,L_hip_roll,1.382325,0.207349,-0.029597,47.103085
5270,L_hip_yaw,0.069902,0.017476,0.017035,0.063877
5270,L_hip_pitch,0.003342,-0.129165,-0.134397,0.128918
5270,L_knee,0.609747,-0.167563,-0.247705,13.849844
5270,L_foot_pitch,-0.007236,0.189276,0.115051,5.656319
5270,L_foot_roll,1.471846,0.147185,0.029824,9.357133
5270,R_hip_roll,-0.050536,-0.007580,0.023695,-6.764641
5270,R_hip_yaw,0.063111,0.015778,0.018025,-0.654496
5270,R_hip_pitch,0.959407,0.369852,0.320183,4.177728
5270,R_knee,1.312470,0.648117,0.612389,0.665906
5270,R_foot_pitch,-2.869668,-0.476967,-0.360361,-9.234249
5270,R_foot_roll,0.008226,0.000823,-0.003850,-0.006262
5280,L_hip_roll,1.375250,0.206288,-0.028324,46.439593
5280,L_hip_yaw,0.096389,0.024097,0.016997,0.854374
5280,L_hip_pitch,-0.062648,-0.145662,-0.129367,-2.472029
5280,L_knee,0.622614,-0.164347,-0.245855,14.117553
5280,L_foot_pitch,-0.033065,0.186694,0.118254,5.120705
5280,L_foot_roll,1.538517,0.153852,0.029057,10.188126
5280,R_hip_roll,-0.105876,-0.015881,0.025356,-8.755010
5280,R_hip_yaw,0.063306,0.015826,0.021666,-1.034294
5280,R_hip_pitch,0.968954,0.372238,0.337565,2.504444
5280,R_knee,1.374112,0.663528,0.630272,1.193824
5280,R_foot_pitch,-2.928141,-0.482814,-0.361253,-9.642445
5280,R_foot_roll,0.016550,0.001655,-0.000101,-0.193112
5290,L_hip_roll,1.421746,0.213262,-0.026719,47.450681
5290,L_hip_yaw,0.130471,0.032618,0.016985,1.879614
5290,L_hip_pitch,-0.101669,-0.155417,-0.124582,-4.170911
5290,L_knee,0.650784,-0.157304,-0.244541,15.370120
5290,L_foot_pitch,0.017951,0.191795,0.121849,5.202980
5290,L_foot_roll,1.569073,0.156907,0.028034,10.510908
5290,R_hip_roll,-0.089666,-0.013450,0.026756,-8.420237
5290,R_hip_yaw,0.056938,0.014235,0.024505,-1.472745
5290,R_hip_pitch,0.959790,0.369948,0.353737,0.398930
5290,R_knee,1.410336,0.672584,0.645059,1.010088
5290,R_foot_pitch,-2.924304,-0.482430,-0.362063,-9.552561
5290,R_foot_roll,0.060112,0.006011,0.002703,0.045089
5300,L_hip_roll,1.344573,0.201686,-0.024828,44.710696
5300,L_hip_yaw,0.148729,0.037182,0.016968,2.427140
5300,L_hip_pitch,-0.140860,-0.165215,-0.120018,-5.876534
5300,L_knee,0.675034,-0.151241,-0.243762,16.474162
5300,L_foot_pitch,0.038992,0.193899,0.125755,5.087606
5300,L_foot_roll,1.544941,0.154494,0.027132,10.173367
5300,R_hip_roll,-0.109817,-0.016473,0.027873,-9.177829
5300,R_hip_yaw,0.055563,0.013891,0.025961,-1.522403
5300,R_hip_pitch,0.952748,0.368187,0.368240,-1.353099
5300,R_knee,1.424453,0.676113,0.656310,0.774087
5300,R_foot_pitch,-2.910594,-0.481059,-0.362750,-9.403313
5300,R_foot_roll,0.077565,0.007757,0.005242,-0.049346
5310,L_hip_roll,1.266979,0.190047,-0.022700,41.868701
5310,L_hip_yaw,0.158242,0.039561,0.016941,2.717944
5310,L_hip_pitch,-0.173426,-0.173356,-0.115228,-7.479042
5310,L_knee,0.680342,-0.149914,-0.242954,16.437589
5310,L_foot_pitch,-0.002121,0.189788,0.129883,4.372499
5310,L_foot_roll,1.460075,0.146008,0.025737,9.854532
5310,R_hip_roll,-0.057316,-0.008597,0.028613,-7.601857
5310,R_hip_yaw,0.055239,0.013810,0.026043,-1.430786
5310,R_hip_pitch,0.946649,0.366662,0.380409,-2.750064
5310,R_knee,1.434991,0.678748,0.663310,1.277507
5310,R_foot_pitch,-2.833778,-0.473378,-0.363265,-8.764970
5310,R_foot_roll,0.116156,0.011616,0.007815,0.067466
5320,L_hip_roll,1.221156,0.183173,-0.020523,40.033753
5320,L_hip_yaw,0.171280,0.042820,0.016874,3.122425
5320,L_hip_pitch,-0.173406,-0.173352,-0.110267,-8.080148
5320,L_knee,0.683648,-0.149088,-0.242130,16.470830
5320,L_foot_pitch,-0.059989,0.184001,0.134045,3.562411
5320,L_foot_roll,1.405174,0.140517,0.024363,9.566257
5320,R_hip_roll,-0.023867,-0.003580,0.028849,-6.514658
5320,R_hip_yaw,0.047885,0.011971,0.024997,-1.419217
5320,R_hip_pitch,0.958113,0.369528,0.390144,-3.343015
5320,R_knee,1.438161,0.679540,0.666240,1.997178
5320,R_foot_pitch,-2.757491,-0.465749,-0.363539,-8.159596
5320,R_foot_roll,0.135948,0.013595,0.010572,-0.029844
5330,L_hip_roll,1.174969,0.176245,-0.018369,38.310806
5330,L_hip_yaw,0.174510,0.043628,0.016791,3.226476
5330,L_hip_pitch,-0.192610,-0.178153,-0.105254,-9.246158
5330,L_knee,0.675008,-0.151248,-0.241410,16.037073
5330,L_foot_pitch,-0.166571,0.173343,0.138284,2.410165
5330,L_foot_roll,1.321301,0.132130,0.023113,8.734978
5330,R_hip_roll,-0.015388,-0.002308,0.028666,-6.077295
5330,R_hip_yaw,0.055080,0.013770,0.022777,-0.814777
5330,R_hip_pitch,0.958885,0.369721,0.397770,-4.044568
5330,R_knee,1.403735,0.670934,0.666076,1.247214
5330,R_foot_pitch,-2.687788,-0.458779,-0.363550,-7.626119
5330,R_foot_roll,0.124750,0.012475,0.013212,-0.294051
5340,L_hip_roll,1.104004,0.165601,-0.016235,35.710120
5340,L_hip_yaw,0.184003,0.046001,0.016699,3.526308
5340,L_hip_pitch,-0.162394,-0.170598,-0.100378,-8.904056
5340,L_knee,0.660532,-0.154867,-0.240981,15.421577
5340,L_foot_pitch,-0.286974,0.161303,0.142780,1.000844
5340,L_foot_roll,1.185652,0.118565,0.021631,7.985646
5340,R_hip_roll,-0.005445,-0.000817,0.028020,-5.505107
5340,R_hip_yaw,0.051057,0.012764,0.020375,-0.704474
5340,R_hip_pitch,0.956191,0.369048,0.403292,-4.572098
5340,R_knee,1.349096,0.657274,0.662773,0.397478
5340,R_foot_pitch,-2.602670,-0.450267,-0.363334,-6.982874
5340,R_foot_roll,0.102746,0.010275,0.014658,-0.430742
5350,L_hip_roll,1.027682,0.154152,-0.014192,33.056705
5350,L_hip_yaw,0.184846,0.046211,0.016607,3.560533
5350,L_hip_pitch,-0.146994,-0.166749,-0.095558,-9.029026
5350,L_knee,0.638494,-0.160376,-0.240714,14.385055
5350,L_foot_pitch,-0.416491,0.148351,0.147326,-0.404355
5350,L_foot_roll,1.056911,0.105691,0.020167,7.077082
5350,R_hip_roll,0.023263,0.003490,0.026803,-4.216047
5350,R_hip_yaw,0.052368,0.013092,0.018597,-0.513515
5350,R_hip_pitch,0.954599,0.368650,0.406292,-4.712358
5350,R_knee,1.285536,0.641384,0.655496,0.098296
5350,R_foot_pitch,-2.493129,-0.439313,-0.362921,-6.157814
5350,R_foot_roll,0.077360,0.007736,0.014252,-0.410790
5360,L_hip_roll,0.901472,0.135221,-0.012285,28.970423
5360,L_hip_yaw,0.181364,0.045341,0.016510,3.470224
5360,L_hip_pitch,-0.074589,-0.148647,-0.090785,-7.404775
5360,L_knee,0.606327,-0.168418,-0.240646,13.064616
5360,L_foot_pitch,-0.591020,0.130898,0.152227,-2.233437
5360,L_foot_roll,0.876458,0.087646,0.018254,5.735749
5360,R_hip_roll,0.048163,0.007224,0.025013,-2.932974
5360,R_hip_yaw,0.052197,0.013049,0.017455,-0.439052
5360,R_hip_pitch,0.956996,0.369249,0.406671,-4.438173
5360,R_knee,1.180304,0.615076,0.644062,-1.394144
5360,R_foot_pitch,-2.350367,-0.425037,-0.362317,-5.082782
5360,R_foot_roll,0.033170,0.003317,0.012108,-0.445921
5370,L_hip_roll,0.767804,0.115171,-0.010621,24.775820
5370,L_hip_yaw,0.173722,0.043431,0.016422,3.247388
5370,L_hip_pitch,-0.015852,-0.133963,-0.085764,-6.268150
5370,L_knee,0.571851,-0.177037,-0.240357,11.414988
5370,L_foot_pitch,-0.772226,0.112777,0.157315,-4.033541
5370,L_foot_roll,0.667318,0.066732,0.016131,4.131480
5370,R_hip_roll,0.113826,0.017074,0.022681,-0.301463
5370,R_hip_yaw,0.049161,0.012290,0.016737,-0.464038
5370,R_hip_pitch,0.951849,0.367962,0.404168,-3.986671
5370,R_knee,1.044643,0.581161,0.627909,-3.074161
5370,R_foot_pitch,-2.155079,-0.405508,-0.361492,-3.609553
5370,R_foot_roll,-0.029700,-0.002970,0.008410,-0.510310
5380,L_hip_roll,0.577068,0.086560,-0.009499,18.922183
5380,L_hip_yaw,0.158936,0.039734,0.016306,2.822673
5380,L_hip_pitch,0.063844,-0.114039,-0.080552,-4.541632
5380,L_knee,0.531046,-0.187238,-0.240055,9.441354
5380,L_foot_pitch,-1.022031,0.087797,0.162063,-6.445165
5380,L_foot_roll,0.414989,0.041499,0.014804,2.406808
5380,R_hip_roll,0.216785,0.032518,0.019887,3.411983
5380,R_hip_yaw,0.049563,0.012391,0.015553,-0.219961
5380,R_hip_pitch,0.927204,0.361801,0.398267,-3.672650
5380,R_knee,0.868271,0.537068,0.605826,-5.185809
5380,R_foot_pitch,-1.891975,-0.379197,-0.360377,-1.624659
5380,R_foot_roll,-0.133425,-0.013343,0.002964,-0.726253
5390,L_hip_roll,0.288276,0.043241,-0.008804,10.306942
5390,L_hip_yaw,0.140377,0.035094,0.016141,2.292104
5390,L_hip_pitch,0.194751,-0.081312,-0.074767,-1.362222
5390,L_knee,0.466321,-0.203420,-0.239367,6.335423
5390,L_foot_pitch,-1.314268,0.058573,0.167048,-9.207399
5390,L_foot_roll,0.132924,0.013292,0.012933,0.229763
5390,R_hip_roll,0.350757,0.052614,0.017081,7.975911
5390,R_hip_yaw,0.043817,0.010954,0.013001,0.079480
5390,R_hip_pitch,0.884731,0.351183,0.388343,-3.333742
5390,R_knee,0.629866,0.477466,0.576347,-8.249429
5390,R_foot_pitch,-1.569222,-0.346922,-0.358876,0.795863
5390,R_foot_roll,-0.299476,-0.029948,-0.005128,-1.119635
5400,L_hip_roll,-0.114057,-0.017109,-0.008752,-1.507878
5400,L_hip_yaw,0.116366,0.029091,0.015912,1.602906
5400,L_hip_pitch,0.302541,-0.054365,-0.068028,0.951568
5400,L_knee,0.394040,-0.221490,-0.238065,2.618706
5400,L_foot_pitch,-1.606706,0.029329,0.171876,-11.828530
5400,L_foot_roll,-0.206566,-0.020657,0.011092,-2.525688
5400,R_hip_roll,0.548648,0.082297,0.014585,14.293436
5400,R_hip_yaw,0.031399,0.007850,0.008223,0.533159
5400,R_hip_pitch,0.804768,0.331192,0.373274,-3.373813
5400,R_knee,0.323658,0.400914,0.536955,-11.733648
5400,R_foot_pitch,-1.175016,-0.307502,-0.353445,2.987387
5400,R_foot_roll,-0.573179,-0.057318,-0.017527,-1.848301
5410,L_hip_roll,-0.640523,-0.096078,-0.009566,-16.855210
5410,L_hip_yaw,0.111298,0.027824,0.015555,1.508061
5410,L_hip_pitch,0.374911,-0.036272,-0.060159,2.069957
5410,L_knee,0.296844,-0.245789,-0.236361,-2.134041
5410,L_foot_pitch,-1.791538,0.010846,0.176950,-13.730407
5410,L_foot_roll,-0.517851,-0.051785,0.009465,-4.865812
5410,R_hip_roll,0.696058,0.104409,0.012816,18.804368
5410,R_hip_yaw,0.036073,0.009018,0.000130,2.010298
5410,R_hip_pitch,0.600394,0.280099,0.351736,-6.247756
5410,R_knee,-0.047482,0.308130,0.484286,-14.717798
5410,R_foot_pitch,-0.738289,-0.263829,-0.335727,3.519712
5410,R_foot_roll,-0.983920,-0.098392,-0.037155,-2.766289
5420,L_hip_roll,-0.849787,-0.127468,-0.011296,-22.916070
5420,L_hip_yaw,0.049167,0.012292,0.015033,-0.322186
5420,L_hip_pitch,0.262549,-0.064363,-0.051601,-2.361457
5420,L_knee,0.327023,-0.238244,-0.235394,-0.670555
5420,L_foot_pitch,-1.548574,0.035143,0.182396,-12.248956
5420,L_foot_roll,-0.671547,-0.067155,0.007571,-5.756152
5420,R_hip_roll,0.715193,0.107279,0.011480,19.624007
5420,R_hip_yaw,0.064996,0.016249,-0.008271,3.141995
5420,R_hip_pitch,0.344722,0.216181,0.324134,-10.812584
5420,R_knee,-0.353634,0.231591,0.421516,-22.112088
5420,R_foot_pitch,-0.459644,-0.235964,-0.288805,-5.917927
5420,R_foot_roll,-1.609051,-0.160905,-0.059924,-8.397230
5430,L_hip_roll,-0.884667,-0.132700,-0.011620,-24.242495
5430,L_hip_yaw,0.024416,0.006104,0.014480,-0.922232
5430,L_hip_pitch,0.099165,-0.105209,-0.042629,-8.426127
5430,L_knee,0.229440,-0.262640,-0.235147,-4.895241
5430,L_foot_pitch,-0.804801,0.109520,0.186961,-6.629809
5430,L_foot_roll,-0.232836,-0.023284,0.004721,-1.971206
5430,R_hip_roll,0.038780,0.005817,0.011525,-1.448806
5430,R_hip_yaw,0.211752,0.052938,-0.008984,7.467878
5430,R_hip_pitch,0.294287,0.203572,0.298117,-8.569338
5430,R_knee,-0.461474,0.204632,0.374699,-16.266404
5430,R_foot_pitch,-0.150910,-0.205091,-0.181712,-12.152717
5430,R_foot_roll,-2.004769,-0.200477,-0.069018,-8.885011
5440,L_hip_roll,-0.359889,-0.053983,-0.011919,-8.203988
5440,L_hip_yaw,-0.059468,-0.014867,0.013529,-3.314895
5440,L_hip_pitch,-0.190077,-0.177519,-0.037197,-17.113784
5440,L_knee,0.019270,-0.315183,-0.240981,-10.453830
5440,L_foot_pitch,0.196766,0.209677,0.191299,1.043793
5440,L_foot_roll,0.450818,0.045082,0.002999,3.534642
5440,R_hip_roll,-0.454039,-0.068106,0.012711,-16.476973
5440,R_hip_yaw,0.241128,0.060282,-0.009749,8.535934
5440,R_hip_pitch,0.304192,0.206048,0.271391,-5.328447
5440,R_knee,-0.438760,0.210310,0.328952,-8.636483
5440,R_foot_pitch,0.224631,-0.167537,-0.083954,-14.450000
5440,R_foot_roll,-1.877755,-0.187775,-0.091499,-5.164148
5450,L_hip_roll,-0.355055,-0.053258,-0.012023,-8.590079
5450,L_hip_yaw,-0.098127,-0.024532,0.007628,-2.861210
5450,L_hip_pitch,-0.180849,-0.175212,-0.044382,-14.356458
5450,L_knee,-0.100181,-0.345045,-0.265399,-4.634939
5450,L_foot_pitch,0.739687,0.263969,0.201068,4.067710
5450,L_foot_roll,0.724223,0.072422,0.013850,2.917716
5450,R_hip_roll,-0.823863,-0.123580,0.013004,-27.402758
5450,R_hip_yaw,0.067538,0.016884,-0.010586,3.253994
5450,R_hip_pitch,0.071617,0.147904,0.255916,-12.198701
5450,R_knee,-0.475885,0.201029,0.305506,-16.424900
5450,R_foot_pitch,0.620374,-0.127963,-0.043592,-6.661111
5450,R_foot_roll,-1.562222,-0.156222,-0.089281,-7.832593
5460,L_hip_roll,-0.058714,-0.008807,-0.011624,0.570635
5460,L_hip_yaw,-0.080390,-0.020097,-0.007707,0.309890
5460,L_hip_pitch,-0.172453,-0.173113,-0.061979,-11.407797
5460,L_knee,-0.210468,-0.372617,-0.304996,0.309658
5460,L_foot_pitch,1.042137,0.294214,0.222276,3.187719
5460,L_foot_roll,0.907087,0.090709,0.040489,1.080151
5460,R_hip_roll,-0.874494,-0.131174,0.012890,-28.741207
5460,R_hip_yaw,-0.015996,-0.003999,-0.010935,0.900200
5460,R_hip_pitch,-0.020676,0.124831,0.247054,-13.712083
5460,R_knee,-0.402106,0.219474,0.294509,-9.705852
5460,R_foot_pitch,0.980649,-0.091935,-0.042912,-4.070770
5460,R_foot_roll,-1.262987,-0.126299,-0.059396,-8.521283
5470,L_hip_roll,0.005990,0.000898,-0.011185,2.154775
5470,L_hip_yaw,-0.096187,-0.024047,-0.023171,1.166335
5470,L_hip_pitch,-0.134209,-0.163552,-0.082104,-7.819357
5470,L_knee,-0.287842,-0.391961,-0.347517,4.081023
5470,L_foot_pitch,1.175461,0.307546,0.254248,1.008386
5470,L_foot_roll,0.926510,0.092651,0.070627,-1.008961
5470,R_hip_roll,-1.062943,-0.159442,0.012859,-34.545656
5470,R_hip_yaw,-0.057700,-0.014425,-0.012005,-0.174099
5470,R_hip_pitch,0.034698,0.138675,0.236590,-10.663159
5470,R_knee,-0.480157,0.199961,0.280487,-10.187603
5470,R_foot_pitch,1.002562,-0.089744,-0.040815,-4.131057
5470,R_foot_roll,-1.182697,-0.118270,-0.025899,-10.681704
5480,L_hip_roll,-0.229036,-0.034355,-0.008000,-6.381373
5480,L_hip_yaw,-0.115586,-0.028897,-0.032017,0.986512
5480,L_hip_pitch,-0.085710,-0.151428,-0.100498,-4.468316
5480,L_knee,-0.351254,-0.407814,-0.383174,4.705425
5480,L_foot_pitch,1.210662,0.311066,0.284619,-0.519205
5480,L_foot_roll,0.862017,0.086202,0.091700,-1.973916
5480,R_hip_roll,-1.113904,-0.167086,0.017339,-38.414965
5480,R_hip_yaw,-0.082015,-0.020504,-0.012486,-0.931620
5480,R_hip_pitch,0.099603,0.154901,0.229500,-8.210713
5480,R_knee,-0.602842,0.169290,0.272187,-16.054071
5480,R_foot_pitch,1.042671,-0.085733,-0.040724,-3.546671
5480,R_foot_roll,-1.151172,-0.115117,-0.024591,-7.003631
5490,L_hip_roll,-0.240832,-0.036125,-0.004864,-7.016314
5490,L_hip_yaw,-0.109669,-0.027417,-0.036544,1.401988
5490,L_hip_pitch,-0.108605,-0.157151,-0.114358,-3.979694
5490,L_knee,-0.397836,-0.419459,-0.407495,3.496789
5490,L_foot_pitch,1.282360,0.318236,0.304692,-0.355288
5490,L_foot_roll,0.844517,0.084452,0.099143,-1.378839
5490,R_hip_roll,-1.047948,-0.157192,0.022031,-37.127821
5490,R_hip_yaw,-0.078647,-0.019662,-0.012805,-0.794928
5490,R_hip_pitch,0.106920,0.156730,0.220367,-6.609027
5490,R_knee,-0.631438,0.162140,0.261777,-14.425134
5490,R_foot_pitch,1.063778,-0.083622,-0.040360,-3.543556
5490,R_foot_roll,-1.101109,-0.110111,-0.026677,-6.479456
5500,L_hip_roll,-0.160530,-0.024079,-0.003079,-4.514792
5500,L_hip_yaw,-0.120881,-0.030220,-0.037312,0.757357
5500,L_hip_pitch,-0.149808,-0.167452,-0.124176,-4.359598
5500,L_knee,-0.397952,-0.419488,-0.421939,3.650562
5500,L_foot_pitch,1.343132,0.324313,0.314820,0.100652
5500,L_foot_roll,0.768481,0.076848,0.096804,-1.124337
5500,R_hip_roll,-1.009410,-0.151411,0.025825,-36.445278
5500,R_hip_yaw,-0.044171,-0.011043,-0.013060,0.263429
5500,R_hip_pitch,0.012283,0.133071,0.209149,-7.957955
5500,R_knee,-0.617562,0.165609,0.248935,-11.004466
5500,R_foot_pitch,1.287352,-0.061265,-0.039082,-1.917919
5500,R_foot_roll,-1.011649,-0.101165,-0.028424,-5.659274
5510,L_hip_roll,-0.118094,-0.017714,-0.002637,-2.971640
5510,L_hip_yaw,-0.115853,-0.028963,-0.035467,0.539709
5510,L_hip_pitch,-0.262294,-0.195574,-0.130933,-7.198586
5510,L_knee,-0.438161,-0.429540,-0.428839,1.068887
5510,L_foot_pitch,1.360470,0.326047,0.319427,0.226853
5510,L_foot_roll,0.639970,0.063997,0.089011,-1.113412
5510,R_hip_roll,-1.147537,-0.172131,0.028755,-40.943522
5510,R_hip_yaw,0.014935,0.003734,-0.013198,2.038872
5510,R_hip_pitch,-0.072731,0.111817,0.196744,-8.926572
5510,R_knee,-0.619558,0.165110,0.234949,-8.361368
5510,R_foot_pitch,1.506841,-0.039316,-0.037361,-0.325195
5510,R_foot_roll,-1.024513,-0.102451,-0.029767,-5.691721
5520,L_hip_roll,-0.032233,-0.004835,-0.003484,0.158633
5520,L_hip_yaw,-0.110716,-0.027679,-0.032432,0.237335
5520,L_hip_pitch,-0.226901,-0.186725,-0.136983,-5.334911
5520,L_knee,-0.459039,-0.434760,-0.432656,0.645627
5520,L_foot_pitch,1.434754,0.333475,0.321606,0.808387
5520,L_foot_roll,0.543215,0.054321,0.077365,-0.624920
5520,R_hip_roll,-1.120899,-0.168135,0.030725,-40.246595
5520,R_hip_yaw,-0.011940,-0.002985,-0.013105,1.206979
5520,R_hip_pitch,-0.056882,0.115779,0.184186,-7.003585
5520,R_knee,-0.701228,0.144693,0.220870,-9.691339
5520,R_foot_pitch,1.434029,-0.046597,-0.035825,-1.041085
5520,R_foot_roll,-1.097853,-0.109785,-0.030829,-6.240531
5530,L_hip_roll,0.045269,0.006790,-0.005184,2.997253
5530,L_hip_yaw,-0.099637,-0.024909,-0.029037,0.173271
5530,L_hip_pitch,-0.230626,-0.187657,-0.143456,-4.652246
5530,L_knee,-0.509489,-0.447372,-0.435770,-1.291884
5530,L_foot_pitch,1.459123,0.335912,0.324298,0.604929
5530,L_foot_roll,0.434907,0.043491,0.064198,-0.409489
5530,R_hip_roll,-1.301636,-0.195245,0.032085,-45.799879
5530,R_hip_yaw,-0.035938,-0.008985,-0.013029,0.474894
5530,R_hip_pitch,-0.065870,0.113532,0.171828,-5.764384
5530,R_knee,-0.703102,0.144225,0.206936,-7.123566
5530,R_foot_pitch,1.442747,-0.045725,-0.033852,-1.143514
5530,R_foot_roll,-1.195094,-0.119509,-0.031575,-6.969361
5540,L_hip_roll,0.030816,0.004622,-0.007591,3.276998
5540,L_hip_yaw,-0.083218,-0.020805,-0.025872,0.318530
5540,L_hip_pitch,-0.275981,-0.198995,-0.150837,-4.992180
5540,L_knee,-0.541213,-0.455303,-0.439580,-1.555560
5540,L_foot_pitch,1.595766,0.349577,0.328327,1.290190
5540,L_foot_roll,0.380926,0.038093,0.051373,0.117013
5540,R_hip_roll,-1.376990,-0.206549,0.032737,-47.931375
5540,R_hip_yaw,-0.039052,-0.009763,-0.012979,0.381784
5540,R_hip_pitch,-0.174464,0.086384,0.160245,-7.780424
5540,R_knee,-0.685468,0.148633,0.194138,-4.704731
5540,R_foot_pitch,1.563775,-0.033623,-0.032376,-0.197848
5540,R_foot_roll,-1.276669,-0.127667,-0.032092,-7.609027
5550,L_hip_roll,0.153757,0.023064,-0.010848,7.881931
5550,L_hip_yaw,-0.076166,-0.019041,-0.022701,0.128991
5550,L_hip_pitch,-0.340643,-0.215161,-0.159444,-5.794679
5550,L_knee,-0.578613,-0.464653,-0.445225,-1.670152
5550,L_foot_pitch,1.586529,0.348653,0.335308,0.258787
5550,L_foot_roll,0.339024,0.033902,0.041039,0.276416
5550,R_hip_roll,-1.367647,-0.205147,0.032476,-47.316092
5550,R_hip_yaw,-0.027208,-0.006802,-0.013023,0.754579
5550,R_hip_pitch,-0.177245,0.085689,0.150065,-6.768841
5550,R_knee,-0.676357,0.150911,0.183781,-3.177264
5550,R_foot_pitch,1.627360,-0.027264,-0.031958,0.389996
5550,R_foot_roll,-1.286778,-0.128678,-0.032286,-7.707870
5560,L_hip_roll,0.126120,0.018918,-0.014511,7.785953
5560,L_hip_yaw,-0.060594,-0.015148,-0.019756,0.298045
5560,L_hip_pitch,-0.357616,-0.219404,-0.169550,-4.915231
5560,L_knee,-0.615716,-0.473929,-0.452912,-1.333506
5560,L_foot_pitch,1.588911,0.348891,0.342709,-0.125749
5560,L_foot_roll,0.296945,0.029695,0.033904,0.229354
5560,R_hip_roll,-1.428534,-0.214280,0.031515,-48.801533
5560,R_hip_yaw,-0.051514,-0.012878,-0.013137,0.041477
5560,R_hip_pitch,-0.136816,0.095796,0.141655,-4.752990
5560,R_knee,-0.759644,0.130089,0.176404,-6.563060
5560,R_foot_pitch,1.518533,-0.038147,-0.032813,-0.280282
5560,R_foot_roll,-1.353124,-0.135312,-0.032206,-8.267459
5570,L_hip_roll,0.113435,0.017015,-0.018127,8.101857
5570,L_hip_yaw,-0.034493,-0.008623,-0.017188,0.795484
5570,L_hip_pitch,-0.377967,-0.224492,-0.180973,-4.056620
5570,L_knee,-0.645354,-0.481339,-0.461791,-0.898709
5570,L_foot_pitch,1.711050,0.361105,0.347057,0.851942
5570,L_foot_roll,0.197064,0.019706,0.029165,-0.381499
5570,R_hip_roll,-1.342656,-0.201398,0.030101,-45.816745
5570,R_hip_yaw,-0.059545,-0.014886,-0.013339,-0.161825
5570,R_hip_pitch,-0.135866,0.096033,0.134500,-3.930621
5570,R_knee,-0.815841,0.116040,0.170888,-8.352300
5570,R_foot_pitch,1.313185,-0.058681,-0.034423,-1.762116
5570,R_foot_roll,-1.382100,-0.138210,-0.031922,-8.542062
5580,L_hip_roll,0.160660,0.024099,-0.021359,9.990449
5580,L_hip_yaw,-0.029645,-0.007411,-0.014027,0.447072
5580,L_hip_pitch,-0.410524,-0.232631,-0.192828,-3.607163
5580,L_knee,-0.691149,-0.492787,-0.470697,-1.478447
5580,L_foot_pitch,1.771066,0.367107,0.351174,0.891327
5580,L_foot_roll,0.068682,0.006868,0.023971,-0.810748
5580,R_hip_roll,-1.316733,-0.197510,0.028512,-44.719002
5580,R_hip_yaw,-0.050709,-0.012677,-0.013651,0.150772
5580,R_hip_pitch,-0.116495,0.100876,0.127402,-2.461029
5580,R_knee,-0.788211,0.122947,0.165458,-5.991332
5580,R_foot_pitch,1.220922,-0.067908,-0.036099,-2.381002
5580,R_foot_roll,-1.350399,-0.135040,-0.031542,-8.325423
5590,L_hip_roll,0.169070,0.025361,-0.023888,10.502730
5590,L_hip_yaw,-0.044425,-0.011106,-0.010693,-0.345780
5590,L_hip_pitch,-0.428269,-0.237067,-0.205050,-2.615092
5590,L_knee,-0.723938,-0.500985,-0.479487,-1.321408
5590,L_foot_pitch,1.718540,0.361854,0.353322,0.571850
5590,L_foot_roll,-0.045927,-0.004593,0.015428,-0.651223
5590,R_hip_roll,-1.372764,-0.205915,0.026895,-46.071994
5590,R_hip_yaw,-0.065332,-0.016333,-0.013961,-0.258998
5590,R_hip_pitch,-0.089740,0.107565,0.121102,-1.061372
5590,R_knee,-0.787670,0.123083,0.161335,-5.981322
5590,R_foot_pitch,1.194998,-0.070500,-0.038327,-2.305466
5590,R_foot_roll,-1.326902,-0.132690,-0.031030,-8.190882
5600,L_hip_roll,0.139964,0.020995,-0.025612,9.733054
5600,L_hip_yaw,-0.040145,-0.010036,-0.009541,-0.036454
5600,L_hip_pitch,-0.436025,-0.239006,-0.217533,-1.346287
5600,L_knee,-0.768163,-0.512041,-0.487913,-2.006858
5600,L_foot_pitch,1.731948,0.363195,0.353669,0.772161
5600,L_foot_roll,-0.104710,-0.010471,0.003799,0.033868
5600,R_hip_roll,-1.421582,-0.213237,0.025168,-47.140857
5600,R_hip_yaw,-0.089231,-0.022308,-0.014206,-0.952181
5600,R_hip_pitch,-0.071744,0.112064,0.116531,-0.150164
5600,R_knee,-0.810889,0.117278,0.159993,-7.649906
5600,R_foot_pitch,1.146314,-0.075369,-0.041699,-2.304759
5600,R_foot_roll,-1.348073,-0.134807,-0.030322,-8.436564
5610,L_hip_roll,0.093723,0.014058,-0.026650,8.376583
5610,L_hip_yaw,-0.043739,-0.010935,-0.010749,0.162431
5610,L_hip_pitch,-0.428938,-0.237235,-0.229852,0.313406
5610,L_knee,-0.792944,-0.518236,-0.495736,-1.862205
5610,L_foot_pitch,1.706721,0.360672,0.353337,0.632151
5610,L_foot_roll,-0.150480,-0.015048,-0.007299,0.340338
5610,R_hip_roll,-1.380387,-0.207058,0.023253,-45.459573
5610,R_hip_yaw,-0.111258,-0.027814,-0.014446,-1.580558
5610,R_hip_pitch,-0.021528,0.124618,0.113176,1.681845
5610,R_knee,-0.830155,0.112461,0.160775,-9.111877
5610,R_foot_pitch,1.057786,-0.084221,-0.045997,-2.599435
5610,R_foot_roll,-1.331433,-0.133143,-0.029454,-8.389440
5620,L_hip_roll,0.052971,0.007946,-0.027184,7.128843
5620,L_hip_yaw,-0.043612,-0.010903,-0.013076,0.514254
5620,L_hip_pitch,-0.445543,-0.241386,-0.241397,1.094153
5620,L_knee,-0.808695,-0.522174,-0.502409,-1.823890
5620,L_foot_pitch,1.669853,0.356985,0.352819,0.386956
5620,L_foot_roll,-0.176934,-0.017693,-0.015235,0.417662
5620,R_hip_roll,-1.343976,-0.201596,0.021135,-43.884406
5620,R_hip_yaw,-0.129419,-0.032355,-0.014701,-2.094453
5620,R_hip_pitch,0.010810,0.132703,0.110373,2.950547
5620,R_knee,-0.827215,0.113196,0.162804,-9.650088
5620,R_foot_pitch,0.936891,-0.096311,-0.050909,-3.120964
5620,R_foot_roll,-1.309367,-0.130937,-0.028432,-8.309868
5630,L_hip_roll,0.040859,0.006129,-0.027400,6.739329
5630,L_hip_yaw,-0.037019,-0.009255,-0.015361,0.930381
5630,L_hip_pitch,-0.442059,-0.240515,-0.251764,2.321285
5630,L_knee,-0.817837,-0.524459,-0.507398,-1.847953
5630,L_foot_pitch,1.590198,0.349020,0.352269,-0.206261
5630,L_foot_roll,-0.201289,-0.020129,-0.019637,0.252526
5630,R_hip_roll,-1.282732,-0.192410,0.018798,-41.510747
5630,R_hip_yaw,-0.147554,-0.036888,-0.014954,-2.607389
5630,R_hip_pitch,0.042677,0.140669,0.108074,4.124813
5630,R_knee,-0.812345,0.116914,0.166072,-9.975247
5630,R_foot_pitch,0.913721,-0.098628,-0.056460,-2.793311
5630,R_foot_roll,-1.253057,-0.125306,-0.027261,-7.968797
5640,L_hip_roll,-0.001058,-0.000159,-0.027375,5.396626
5640,L_hip_yaw,-0.040425,-0.010106,-0.016423,0.794917
5640,L_hip_pitch,-0.463405,-0.245851,-0.260715,2.604298
5640,L_knee,-0.802160,-0.520540,-0.510409,-1.210752
5640,L_foot_pitch,1.521095,0.342109,0.350664,-0.471596
5640,L_foot_roll,-0.221706,-0.022171,-0.021660,0.088607
5640,R_hip_roll,-1.222414,-0.183362,0.016291,-39.166216
5640,R_hip_yaw,-0.150888,-0.037722,-0.015184,-2.683440
5640,R_hip_pitch,0.057135,0.144284,0.106330,4.715414
5640,R_knee,-0.782315,0.124421,0.170700,-9.856216
5640,R_foot_pitch,0.891826,-0.100817,-0.062686,-2.403278
5640,R_foot_roll,-1.187552,-0.118755,-0.025912,-7.568459
5650,L_hip_roll,-0.049723,-0.007459,-0.027136,3.833299
5650,L_hip_yaw,-0.040666,-0.010166,-0.016212,0.664314
5650,L_hip_pitch,-0.476245,-0.249061,-0.267981,2.917589
5650,L_knee,-0.788000,-0.517000,-0.510888,-1.298175
5650,L_foot_pitch,1.480122,0.338012,0.346716,-0.225817
5650,L_foot_roll,-0.252848,-0.025285,-0.022730,-0.120769
5650,R_hip_roll,-1.149441,-0.172416,0.013657,-36.413570
5650,R_hip_yaw,-0.137430,-0.034358,-0.015364,-2.262724
5650,R_hip_pitch,0.081713,0.150428,0.105221,5.515967
5650,R_knee,-0.781640,0.124590,0.176820,-11.398037
5650,R_foot_pitch,0.854411,-0.104559,-0.069654,-2.067916
5650,R_foot_roll,-1.139514,-0.113951,-0.024400,-7.321019
5660,L_hip_roll,-0.081094,-0.012164,-0.026663,2.715726
5660,L_hip_yaw,-0.036384,-0.009096,-0.015133,0.587979
5660,L_hip_pitch,-0.480715,-0.250179,-0.273517,3.282215
5660,L_knee,-0.763818,-0.510954,-0.508833,-1.262666
5660,L_foot_pitch,1.375551,0.327555,0.341257,-0.556458
5660,L_foot_roll,-0.273561,-0.027356,-0.024040,-0.118198
5660,R_hip_roll,-1.056365,-0.158455,0.011001,-33.107786
5660,R_hip_yaw,-0.146198,-0.036549,-0.015470,-2.521834
5660,R_hip_pitch,0.114869,0.158717,0.104461,6.590584
5660,R_knee,-0.763555,0.129111,0.183852,-11.981165
5660,R_foot_pitch,0.823568,-0.107643,-0.077097,-1.693665
5660,R_foot_roll,-1.056223,-0.105622,-0.022764,-6.796397
5670,L_hip_roll,-0.161525,-0.024229,-0.025889,0.048855
5670,L_hip_yaw,-0.032871,-0.008218,-0.013336,0.412208
5670,L_hip_pitch,-0.486742,-0.251686,-0.277487,3.434503
5670,L_knee,-0.726682,-0.501670,-0.504519,-0.998956
5670,L_foot_pitch,1.261765,0.316177,0.334165,-0.693264
5670,L_foot_roll,-0.278303,-0.027830,-0.025848,0.025041
5670,R_hip_roll,-1.010310,-0.151546,0.008485,-31.285988
5670,R_hip_yaw,-0.148454,-0.037113,-0.015508,-2.590008
5670,R_hip_pitch,0.114642,0.158661,0.103872,6.632240
5670,R_knee,-0.712967,0.141758,0.191300,-11.163708
5670,R_foot_pitch,0.788560,-0.111144,-0.084767,-1.339713
5670,R_foot_roll,-0.974562,-0.097456,-0.021022,-6.291254
5680,L_hip_roll,-0.178153,-0.026723,-0.025072,-0.563985
5680,L_hip_yaw,-0.023411,-0.005853,-0.010864,0.334769
5680,L_hip_pitch,-0.510323,-0.257581,-0.279967,2.877537
5680,L_knee,-0.679227,-0.489807,-0.497949,-0.711215
5680,L_foot_pitch,1.141797,0.304180,0.324735,-0.670200
5680,L_foot_roll,-0.260676,-0.026068,-0.027271,0.201182
5680,R_hip_roll,-0.945687,-0.141853,0.006045,-28.854673
5680,R_hip_yaw,-0.144628,-0.036157,-0.015506,-2.477369
5680,R_hip_pitch,0.117849,0.159462,0.103812,6.662229
5680,R_knee,-0.662529,0.154368,0.199708,-10.807664
5680,R_foot_pitch,0.799268,-0.110073,-0.092904,-0.539257
5680,R_foot_roll,-0.859382,-0.085938,-0.019152,-5.534412
5690,L_hip_roll,-0.220787,-0.033118,-0.024393,-1.949964
5690,L_hip_yaw,-0.015669,-0.003917,-0.007794,0.147093
5690,L_hip_pitch,-0.508433,-0.257108,-0.281167,2.969593
5690,L_knee,-0.608571,-0.472143,-0.489325,0.368378
5690,L_foot_pitch,1.012998,0.291300,0.313280,-0.617241
5690,L_foot_roll,-0.227490,-0.022749,-0.027401,0.330469
5690,R_hip_roll,-0.842106,-0.126316,0.003649,-25.298830
5690,R_hip_yaw,-0.142919,-0.035730,-0.015488,-2.428596
5690,R_hip_pitch,0.119870,0.159967,0.104614,6.532714
5690,R_knee,-0.609126,0.167719,0.209526,-10.599951
5690,R_foot_pitch,0.840958,-0.105904,-0.101676,0.558556
5690,R_foot_roll,-0.711719,-0.071172,-0.017121,-4.529887
5700,L_hip_roll,-0.308305,-0.046246,-0.023825,-4.675455
5700,L_hip_yaw,-0.009071,-0.002268,-0.004376,-0.088680
5700,L_hip_pitch,-0.511445,-0.257861,-0.280943,2.693855
5700,L_knee,-0.510380,-0.447595,-0.478128,1.889180
5700,L_foot_pitch,0.848218,0.274822,0.300346,-0.781743
5700,L_foot_roll,-0.167071,-0.016707,-0.025679,0.486751
5700,R_hip_roll,-0.711175,-0.106676,0.001384,-20.988024
5700,R_hip_yaw,-0.133526,-0.033381,-0.015430,-2.156413
5700,R_hip_pitch,0.108667,0.157167,0.106184,5.930390
5700,R_knee,-0.553642,0.181590,0.220516,-10.436169
5700,R_foot_pitch,0.885018,-0.101498,-0.111147,1.708197
5700,R_foot_roll,-0.546557,-0.054656,-0.015013,-3.395150
5710,L_hip_roll,-0.389626,-0.058444,-0.023397,-7.135286
5710,L_hip_yaw,0.003408,0.000852,-0.000699,-0.181537
5710,L_hip_pitch,-0.517762,-0.259441,-0.278713,2.019976
5710,L_knee,-0.379204,-0.414801,-0.462974,3.748533
5710,L_foot_pitch,0.653879,0.255388,0.285585,-0.956708
5710,L_foot_roll,-0.068742,-0.006874,-0.021520,0.688184
5710,R_hip_roll,-0.545254,-0.081788,-0.000578,-15.703195
5710,R_hip_yaw,-0.122247,-0.030562,-0.015359,-1.829483
5710,R_hip_pitch,0.089757,0.152439,0.108328,5.065436
5710,R_knee,-0.488293,0.197927,0.232414,-9.834668
5710,R_foot_pitch,0.941586,-0.095841,-0.120784,2.967375
5710,R_foot_roll,-0.330773,-0.033077,-0.013003,-1.859662
5720,L_hip_roll,-0.483731,-0.072560,-0.023252,-9.906765
5720,L_hip_yaw,0.012000,0.003000,0.003528,-0.505380
5720,L_hip_pitch,-0.505644,-0.256411,-0.273957,1.552598
5720,L_knee,-0.212529,-0.373132,-0.442385,5.799540
5720,L_foot_pitch,0.440050,0.234005,0.268178,-1.001412
5720,L_foot_roll,0.057029,0.005703,-0.014213,0.789695
5720,R_hip_roll,-0.322043,-0.048306,-0.002177,-8.831249
5720,R_hip_yaw,-0.103991,-0.025998,-0.015236,-1.302235
5720,R_hip_pitch,0.066448,0.146612,0.110737,4.047665
5720,R_knee,-0.404381,0.218905,0.244748,-8.406378
5720,R_foot_pitch,1.055494,-0.084451,-0.130782,4.693744
5720,R_foot_roll,-0.062549,-0.006255,-0.010750,0.086868
5730,L_hip_roll,-0.548075,-0.082211,-0.023368,-11.760381
5730,L_hip_yaw,0.020713,0.005178,0.008387,-0.881628
5730,L_hip_pitch,-0.449179,-0.242295,-0.266153,1.996263
5730,L_knee,-0.000422,-0.320105,-0.414804,8.170924
5730,L_foot_pitch,0.214142,0.211414,0.247836,-0.913083
5730,L_foot_roll,0.245864,0.024586,-0.003513,1.128212
5730,R_hip_roll,-0.026784,-0.004018,-0.003173,-0.004716
5730,R_hip_yaw,-0.094122,-0.023531,-0.014995,-1.052059
5730,R_hip_pitch,0.036519,0.139130,0.113399,2.791506
5730,R_knee,-0.303188,0.244203,0.257460,-6.315215
5730,R_foot_pitch,1.205602,-0.069440,-0.141007,6.738047
5730,R_foot_roll,0.287985,0.028799,-0.008538,2.721173
5740,L_hip_roll,-0.545037,-0.081756,-0.023363,-11.742894
5740,L_hip_yaw,0.020125,0.005031,0.013444,-1.500157
5740,L_hip_pitch,-0.267843,-0.196961,-0.254359,5.592608
5740,L_knee,0.255226,-0.256193,-0.378164,10.209856
5740,L_foot_pitch,0.015470,0.191547,0.224988,-0.478733
5740,L_foot_roll,0.541577,0.054158,0.011291,1.881217
5740,R_hip_roll,0.355461,0.053319,-0.003113,11.076214
5740,R_hip_yaw,-0.118291,-0.029573,-0.014497,-1.863866
5740,R_hip_pitch,-0.001592,0.129602,0.116437,1.278615
5740,R_knee,-0.195308,0.271173,0.270931,-3.987274
5740,R_foot_pitch,1.341201,-0.055880,-0.151537,8.718565
5740,R_foot_roll,0.721580,0.072158,-0.006192,6.074481
5750,L_hip_roll,-0.448463,-0.067269,-0.022686,-9.202196
5750,L_hip_yaw,-0.017350,-0.004338,0.016092,-2.585280
5750,L_hip_pitch,-0.116099,-0.159025,-0.239465,8.233615
5750,L_knee,0.473993,-0.201502,-0.342223,17.456338
5750,L_foot_pitch,0.091928,0.199193,0.177369,8.755551
5750,L_foot_roll,0.839862,0.083986,0.022346,4.648196
5750,R_hip_roll,0.529736,0.079460,-0.002119,16.046025
5750,R_hip_yaw,-0.118709,-0.029677,-0.013790,-1.970669
5750,R_hip_pitch,0.260897,0.195224,0.118508,9.117756
5750,R_knee,-0.209467,0.267633,0.283798,-6.371763
5750,R_foot_pitch,0.994116,-0.090588,-0.161908,6.696875
5750,R_foot_roll,0.922206,0.092221,-0.003500,7.407205
5760,L_hip_roll,0.334829,0.050224,-0.021788,14.119869
5760,L_hip_yaw,-0.116567,-0.029142,0.017860,-5.835163
5760,L_hip_pitch,-0.220327,-0.185082,-0.222469,2.698083
5760,L_knee,0.588349,-0.172913,-0.311875,15.749444
5760,L_foot_pitch,0.113905,0.201391,0.107442,14.037740
5760,L_foot_roll,0.889393,0.088939,0.024409,5.138796
5760,R_hip_roll,0.682988,0.102448,-0.001629,20.749436
5760,R_hip_yaw,-0.088732,-0.022183,-0.012851,-1.222281
5760,R_hip_pitch,0.358344,0.219586,0.119523,11.915238
5760,R_knee,0.019566,0.324891,0.295911,1.618980
5760,R_foot_pitch,0.147324,-0.175268,-0.172185,0.776290
5760,R_foot_roll,0.762968,0.076297,0.002914,5.003815
5770,L_hip_roll,0.892571,0.133886,-0.022096,32.284448
5770,L_hip_yaw,-0.096468,-0.024117,0.017928,-4.935998
5770,L_hip_pitch,0.106650,-0.103338,-0.212118,12.778589
5770,L_knee,0.510956,-0.192261,-0.296040,18.153480
5770,L_foot_pitch,-0.053900,0.184610,0.081428,8.119916
5770,L_foot_roll,0.853072,0.085307,0.019586,4.771589
5770,R_hip_roll,0.593138,0.088971,-0.003261,19.602667
5770,R_hip_yaw,-0.070928,-0.017732,-0.013877,-0.063453
5770,R_hip_pitch,0.401431,0.230358,0.124789,11.884256
5770,R_knee,0.325090,0.401273,0.312329,10.788062
5770,R_foot_pitch,-0.658717,-0.255872,-0.182014,-5.388673
5770,R_foot_roll,0.308834,0.030883,0.020484,-1.823213
5780,L_hip_roll,0.787714,0.118157,-0.025263,29.410819
5780,L_hip_yaw,-0.088604,-0.022151,0.017218,-4.683105
5780,L_hip_pitch,0.052635,-0.116841,-0.208223,10.475404
5780,L_knee,0.404837,-0.218791,-0.291940,11.462698
5780,L_foot_pitch,-0.364280,0.153572,0.082462,5.551782
5780,L_foot_roll,0.468439,0.046844,0.022769,2.081779
5780,R_hip_roll,0.140465,0.021070,-0.005534,5.584190
5780,R_hip_yaw,-0.003329,-0.000832,-0.019032,2.704598
5780,R_hip_pitch,0.388397,0.227099,0.138058,9.095271
5780,R_knee,0.313088,0.398272,0.341936,-0.461694
5780,R_foot_pitch,-1.167650,-0.306765,-0.204608,-5.117665
5780,R_foot_roll,-0.149657,-0.014966,0.036188,-4.865983
5790,L_hip_roll,0.807693,0.121154,-0.027889,30.637670
5790,L_hip_yaw,0.002906,0.000727,0.016715,-1.872871
5790,L_hip_pitch,0.052220,-0.116945,-0.202899,9.770726
5790,L_knee,0.413531,-0.216617,-0.285687,10.582873
5790,L_foot_pitch,-0.235492,0.166451,0.083306,6.670579
5790,L_foot_roll,0.382201,0.038220,0.025217,0.617892
5790,R_hip_roll,0.139147,0.020872,-0.005788,5.285322
5790,R_hip_yaw,0.014609,0.003652,-0.018738,2.255116
5790,R_hip_pitch,0.445184,0.241296,0.153869,9.013839
5790,R_knee,0.383266,0.415817,0.377150,-2.830264
5790,R_foot_pitch,-1.380953,-0.328095,-0.247264,-1.858044
5790,R_foot_roll,-0.163886,-0.016389,0.025568,-1.305120
5800,L_hip_roll,0.864400,0.129660,-0.030208,32.646528
5800,L_hip_yaw,0.005439,0.001360,0.016536,-1.815976
5800,L_hip_pitch,0.129888,-0.097528,-0.197287,11.397649
5800,L_knee,0.397213,-0.220697,-0.279714,8.883829
5800,L_foot_pitch,-0.184094,0.171591,0.083901,6.966065
5800,L_foot_roll,0.503992,0.050399,0.026965,1.499829
5800,R_hip_roll,0.143167,0.021475,-0.005089,4.982001
5800,R_hip_yaw,-0.005386,-0.001347,-0.010137,-0.051549
5800,R_hip_pitch,0.453696,0.243424,0.167918,7.776613
5800,R_knee,0.448062,0.432015,0.407052,-3.356344
5800,R_foot_pitch,-1.403466,-0.330347,-0.293233,1.203320
5800,R_foot_roll,-0.124943,-0.012494,0.002201,1.103779
5810,L_hip_roll,0.869414,0.130412,-0.031815,32.611632
5810,L_hip_yaw,-0.029892,-0.007473,0.016447,-2.895852
5810,L_hip_pitch,0.183006,-0.084249,-0.191172,12.121472
5810,L_knee,0.416115,-0.215971,-0.274327,8.685394
5810,L_foot_pitch,-0.334185,0.156581,0.086020,5.505353
5810,L_foot_roll,0.601771,0.060177,0.027599,3.248115
5810,R_hip_roll,-0.003890,-0.000584,-0.003446,-0.153073
5810,R_hip_yaw,-0.006100,-0.001525,0.000147,-1.114668
5810,R_hip_pitch,0.489239,0.252310,0.179420,7.743438
5810,R_knee,0.477858,0.439464,0.429489,-3.824717
5810,R_foot_pitch,-1.513371,-0.341337,-0.325578,1.106982
5810,R_foot_roll,-0.185700,-0.018570,-0.014861,0.906468
5820,L_hip_roll,1.070534,0.160580,-0.033306,39.251909
5820,L_hip_yaw,-0.032853,-0.008213,0.016488,-2.960664
5820,L_hip_pitch,0.101286,-0.104679,-0.183836,8.698952
5820,L_knee,0.464400,-0.203900,-0.268624,9.847897
5820,L_foot_pitch,-0.444881,0.145512,0.087118,4.574865
5820,L_foot_roll,0.650754,0.065075,0.029771,2.490565
5820,R_hip_roll,0.093990,0.014098,-0.001400,2.485842
5820,R_hip_yaw,0.003873,0.000968,0.006454,-1.055822
5820,R_hip_pitch,0.589231,0.277308,0.188010,9.991669
5820,R_knee,0.528602,0.452151,0.444636,-2.237757
5820,R_foot_pitch,-1.685570,-0.358557,-0.341895,-0.299701
5820,R_foot_roll,-0.168697,-0.016870,-0.022595,0.906043
5830,L_hip_roll,1.078787,0.161818,-0.034353,39.485530
5830,L_hip_yaw,-0.067599,-0.016900,0.016393,-3.979626
5830,L_hip_pitch,0.148310,-0.092922,-0.176323,9.299527
5830,L_knee,0.469922,-0.202520,-0.263336,9.541345
5830,L_foot_pitch,-0.352108,0.154789,0.089036,5.045185
5830,L_foot_roll,0.759897,0.075990,0.030428,3.500839
5830,R_hip_roll,0.002664,0.000400,0.001166,-1.048309
5830,R_hip_yaw,0.015181,0.003795,0.008151,-0.520732
5830,R_hip_pitch,0.577956,0.274489,0.195689,8.679183
5830,R_knee,0.629994,0.477499,0.455783,0.937213
5830,R_foot_pitch,-1.865578,-0.376558,-0.350635,-1.382435
5830,R_foot_roll,-0.171911,-0.017191,-0.023838,0.446982
5840,L_hip_roll,1.152796,0.172919,-0.034802,41.705245
5840,L_hip_yaw,-0.077201,-0.019300,0.016134,-4.228928
5840,L_hip_pitch,0.217235,-0.075691,-0.169005,10.509271
5840,L_knee,0.444182,-0.208955,-0.258272,7.643600
5840,L_foot_pitch,-0.450003,0.145000,0.090975,4.079639
5840,L_foot_roll,0.825787,0.082579,0.031193,3.984657
5840,R_hip_roll,0.009773,0.001466,0.004452,-1.583430
5840,R_hip_yaw,0.021616,0.005404,0.007187,-0.052622
5840,R_hip_pitch,0.654387,0.293597,0.204480,9.774381
5840,R_knee,0.709752,0.497438,0.467100,2.001863
5840,R_foot_pitch,-2.094265,-0.399427,-0.354650,-3.362392
5840,R_foot_roll,-0.192231,-0.019223,-0.021573,-0.107779
5850,L_hip_roll,1.157811,0.173672,-0.034826,41.723836
5850,L_hip_yaw,-0.072366,-0.018092,0.015888,-4.065810
5850,L_hip_pitch,0.141223,-0.094694,-0.162021,7.418939
5850,L_knee,0.468225,-0.202944,-0.254001,8.129289
5850,L_foot_pitch,-0.366962,0.153304,0.093457,4.603805
5850,L_foot_roll,0.877319,0.087732,0.031901,4.188762
5850,R_hip_roll,-0.030921,-0.004638,0.008181,-3.722859
5850,R_hip_yaw,0.038882,0.009721,0.005633,0.630128
5850,R_hip_pitch,0.703095,0.305774,0.215226,9.725646
5850,R_knee,0.777090,0.514272,0.481198,1.479757
5850,R_foot_pitch,-2.248180,-0.414818,-0.355908,-4.646050
5850,R_foot_roll,-0.179397,-0.017940,-0.019303,-0.061062
5860,L_hip_roll,1.198793,0.179819,-0.034600,42.825416
5860,L_hip_yaw,-0.058803,-0.014701,0.015739,-3.628700
5860,L_hip_pitch,0.161084,-0.089729,-0.156413,7.517751
5860,L_knee,0.485424,-0.198644,-0.251879,9.286193
5860,L_foot_pitch,-0.222066,0.167793,0.096563,5.335325
5860,L_foot_roll,0.987984,0.098798,0.031929,5.257004
5860,R_hip_roll,-0.055026,-0.008254,0.011986,-5.153546
5860,R_hip_yaw,0.025990,0.006497,0.005668,-0.011021
5860,R_hip_pitch,0.789456,0.327364,0.228189,10.544356
5860,R_knee,0.890006,0.542501,0.498002,2.898499
5860,R_foot_pitch,-2.386707,-0.428671,-0.356371,-5.752178
5860,R_foot_roll,-0.116646,-0.011665,-0.017725,0.346849
5870,L_hip_roll,1.257439,0.188616,-0.034093,44.444153
5870,L_hip_yaw,-0.029305,-0.007326,0.015543,-2.740446
5870,L_hip_pitch,0.135040,-0.096240,-0.151756,6.248031
5870,L_knee,0.516522,-0.190870,-0.250725,10.646154
5870,L_foot_pitch,-0.181937,0.171806,0.100115,5.411841
5870,L_foot_roll,1.070674,0.107067,0.032241,5.793641
5870,R_hip_roll,-0.097624,-0.014644,0.015660,-7.096062
5870,R_hip_yaw,0.021447,0.005362,0.007018,-0.342522
5870,R_hip_pitch,0.810364,0.332591,0.243903,8.982672
5870,R_knee,0.989537,0.567384,0.518271,2.498429
5870,R_foot_pitch,-2.572689,-0.447269,-0.356773,-7.197790
5870,R_foot_roll,-0.122526,-0.012253,-0.014968,-0.118552
5880,L_hip_roll,1.349292,0.202394,-0.033604,47.001386
5880,L_hip_yaw,-0.040537,-0.010134,0.015446,-3.098329
5880,L_hip_pitch,0.086100,-0.108475,-0.147689,4.261067
5880,L_knee,0.530064,-0.187484,-0.250272,10.830532
5880,L_foot_pitch,-0.259853,0.164015,0.104129,4.896081
5880,L_foot_roll,1.209770,0.120977,0.031922,7.157863
5880,R_hip_roll,-0.078269,-0.011740,0.018793,-7.036016
5880,R_hip_yaw,0.047992,0.011998,0.008261,0.327553
5880,R_hip_pitch,0.809991,0.332498,0.261860,6.654610
5880,R_knee,1.096640,0.594160,0.541362,2.571887
5880,R_foot_pitch,-2.713983,-0.461398,-0.357413,-8.245680
5880,R_foot_roll,-0.132517,-0.013252,-0.011962,-0.352322
5890,L_hip_roll,1.303902,0.195585,-0.033075,45.483385
5890,L_hip_yaw,-0.014522,-0.003630,0.015452,-2.275617
5890,L_hip_pitch,0.087471,-0.108132,-0.143813,3.891197
5890,L_knee,0.576540,-0.175865,-0.250187,13.407613
5890,L_foot_pitch,-0.225685,0.167432,0.107906,4.324890
5890,L_foot_roll,1.286754,0.128675,0.031675,8.023025
5890,R_hip_roll,-0.027400,-0.004110,0.021448,-5.863931
5890,R_hip_yaw,0.060612,0.015153,0.010508,0.254842
5890,R_hip_pitch,0.911568,0.357892,0.280714,7.403253
5890,R_knee,1.172084,0.613021,0.565295,1.645665
5890,R_foot_pitch,-2.774401,-0.467440,-0.358330,-8.631123
5890,R_foot_roll,-0.056043,-0.005604,-0.010436,0.305373
5900,L_hip_roll,1.319335,0.197900,-0.032281,45.714336
5900,L_hip_yaw,0.026159,0.006540,0.015297,-1.045704
5900,L_hip_pitch,0.022685,-0.124329,-0.139354,1.320271
5900,L_knee,0.611393,-0.167152,-0.249112,14.299769
5900,L_foot_pitch,-0.039520,0.186048,0.111580,5.593593
5900,L_foot_roll,1.365214,0.136521,0.031061,8.864194
5900,R_hip_roll,0.010218,0.001533,0.023643,-5.017483
5900,R_hip_yaw,0.054337,0.013584,0.014503,-0.559300
5900,R_hip_pitch,0.924600,0.361150,0.299777,5.491135
5900,R_knee,1.246099,0.631525,0.588740,1.015907
5900,R_foot_pitch,-2.831330,-0.473133,-0.359347,-9.003733
5900,R_foot_roll,-0.011175,-0.001117,-0.008207,0.283134
5910,L_hip_roll,1.381454,0.207218,-0.031331,47.462627
5910,L_hip_yaw,0.062602,0.015650,0.015160,0.060263
5910,L_hip_pitch,-0.001477,-0.130369,-0.134345,-0.026384
5910,L_knee,0.603873,-0.169032,-0.247183,13.458553
5910,L_foot_pitch,-0.015626,0.188437,0.115174,5.675494
5910,L_foot_roll,1.455085,0.145509,0.031036,8.914922
5910,R_hip_roll,-0.075284,-0.011293,0.025543,-7.918441
5910,R_hip_yaw,0.066572,0.016643,0.018493,-0.563167
5910,R_hip_pitch,0.944112,0.366028,0.318410,3.917909
5910,R_knee,1.296216,0.644054,0.610223,0.176027
5910,R_foot_pitch,-2.864244,-0.476424,-0.360329,-9.194560
5910,R_foot_roll,-0.014719,-0.001472,-0.004416,-0.163421
5920,L_hip_roll,1.403744,0.210562,-0.030109,47.745087
5920,L_hip_yaw,0.092129,0.023032,0.015167,0.940038
5920,L_hip_pitch,-0.060386,-0.145096,-0.129476,-2.374931
5920,L_knee,0.619767,-0.165058,-0.245698,14.030835
5920,L_foot_pitch,-0.012650,0.188735,0.118385,5.367854
5920,L_foot_roll,1.543269,0.154327,0.030238,9.766797
5920,R_hip_roll,-0.106444,-0.015967,0.027187,-9.109196
5920,R_hip_yaw,0.061893,0.015473,0.021995,-1.126201
5920,R_hip_pitch,0.963521,0.370880,0.335716,2.583938
5920,R_knee,1.367923,0.661981,0.628110,1.387620
5920,R_foot_pitch,-2.918737,-0.481874,-0.361208,-9.571820
5920,R_foot_roll,0.008204,0.000820,-0.000936,-0.141269
5930,L_hip_roll,1.426576,0.213986,-0.028555,48.063202
5930,L_hip_yaw,0.124467,0.031117,0.015190,1.908441
5930,L_hip_pitch,-0.111168,-0.157792,-0.124928,-4.370554
5930,L_knee,0.652602,-0.156850,-0.244871,15.689724
5930,L_foot_pitch,0.041085,0.194108,0.121982,5.527884
5930,L_foot_roll,1.572633,0.157263,0.029348,10.080350
5930,R_hip_roll,-0.107068,-0.016060,0.028505,-9.247749
5930,R_hip_yaw,0.056900,0.014225,0.024833,-1.501668
5930,R_hip_pitch,0.938665,0.364666,0.351765,0.008389
5930,R_knee,1.407031,0.671758,0.642780,1.274173
5930,R_foot_pitch,-2.914948,-0.481495,-0.362006,-9.483558
5930,R_foot_roll,0.043534,0.004353,0.001596,0.008976
5940,L_hip_roll,1.367180,0.205077,-0.026733,45.803458
5940,L_hip_yaw,0.139885,0.034971,0.015193,2.376911
5940,L_hip_pitch,-0.131731,-0.162933,-0.120576,-5.515234
5940,L_knee,0.670858,-0.152285,-0.244604,16.621710
5940,L_foot_pitch,0.023008,0.192301,0.126215,4.813472
5940,L_foot_roll,1.549371,0.154937,0.028411,10.158860
5940,R_hip_roll,-0.111909,-0.016786,0.029454,-9.475759
5940,R_hip_yaw,0.055476,0.013869,0.026252,-1.558440
5940,R_hip_pitch,0.941697,0.365424,0.366189,-1.428314
5940,R_knee,1.416766,0.674191,0.654121,0.783247
5940,R_foot_pitch,-2.899786,-0.479979,-0.362684,-9.323002
5940,R_foot_roll,0.066013,0.006601,0.003999,-0.027579
5950,L_hip_roll,1.288912,0.193337,-0.024631,42.936578
5950,L_hip_yaw,0.152260,0.038065,0.015194,2.746155
5950,L_hip_pitch,-0.175955,-0.173989,-0.115723,-7.505094
5950,L_knee,0.677451,-0.150637,-0.243938,16.523774
5950,L_foot_pitch,-0.011356,0.188864,0.130577,4.221218
5950,L_foot_roll,1.462864,0.146286,0.026839,9.747612
5950,R_hip_roll,-0.059164,-0.008875,0.030003,-7.871585
5950,R_hip_yaw,0.055595,0.013899,0.026330,-1.451104
5950,R_hip_pitch,0.943270,0.365818,0.378186,-2.561345
5950,R_knee,1.428367,0.677092,0.661223,1.341466
5950,R_foot_pitch,-2.831256,-0.473126,-0.363188,-8.752154
5950,R_foot_roll,0.106740,0.010674,0.006529,0.091583
5960,L_hip_roll,1.234938,0.185241,-0.022454,40.817894
5960,L_hip_yaw,0.161881,0.040470,0.015162,3.041647
5960,L_hip_pitch,-0.176406,-0.174101,-0.110652,-8.133834
5960,L_knee,0.683472,-0.149132,-0.243151,16.652888
5960,L_foot_pitch,-0.061187,0.183881,0.134824,3.474870
5960,L_foot_roll,1.407262,0.140726,0.025625,9.489459
5960,R_hip_roll,-0.030494,-0.004574,0.030073,-6.916169
5960,R_hip_yaw,0.049098,0.012275,0.025275,-1.416829
5960,R_hip_pitch,0.948616,0.367154,0.387782,-3.337145
5960,R_knee,1.430231,0.677558,0.664301,1.927027
5960,R_foot_pitch,-2.744598,-0.464460,-0.363460,-8.062344
5960,R_foot_roll,0.131450,0.013145,0.009417,0.009144
5970,L_hip_roll,1.183101,0.177465,-0.020216,38.950314
5970,L_hip_yaw,0.165894,0.041474,0.015121,3.165617
5970,L_hip_pitch,-0.192108,-0.178027,-0.105491,-9.206176
5970,L_knee,0.672856,-0.151786,-0.242324,16.095212
5970,L_foot_pitch,-0.179114,0.172089,0.139023,2.316333
5970,L_foot_roll,1.321891,0.132189,0.024267,8.483535
5970,R_hip_roll,-0.020256,-0.003038,0.029745,-6.374715
5970,R_hip_yaw,0.055946,0.013986,0.023140,-0.842548
5970,R_hip_pitch,0.953403,0.368351,0.395320,-3.904829
5970,R_knee,1.397144,0.669286,0.664283,1.250777
5970,R_foot_pitch,-2.681635,-0.458163,-0.363465,-7.584832
5970,R_foot_roll,0.115256,0.011526,0.012388,-0.344131
5980,L_hip_roll,1.106939,0.166041,-0.017978,36.069109
5980,L_hip_yaw,0.176230,0.044057,0.015058,3.484809
5980,L_hip_pitch,-0.165648,-0.171412,-0.100474,-9.017836
5980,L_knee,0.659120,-0.155220,-0.241757,15.375145
5980,L_foot_pitch,-0.285391,0.161461,0.143546,0.967424
5980,L_foot_roll,1.188304,0.118830,0.022589,8.049480
5980,R_hip_roll,-0.014927,-0.002239,0.028934,-5.944894
5980,R_hip_yaw,0.052811,0.013203,0.020845,-0.720074
5980,R_hip_pitch,0.950398,0.367599,0.400789,-4.445011
5980,R_knee,1.345430,0.656357,0.661106,0.479071
5980,R_foot_pitch,-2.590478,-0.449048,-0.363244,-6.892575
5980,R_foot_roll,0.098273,0.009827,0.014032,-0.421562
5990,L_hip_roll,1.025138,0.153771,-0.015836,33.289441
5990,L_hip_yaw,0.178319,0.044580,0.014981,3.558292
5990,L_hip_pitch,-0.140564,-0.165141,-0.095575,-8.837723
5990,L_knee,0.638028,-0.160493,-0.241391,14.454966
5990,L_foot_pitch,-0.422648,0.147735,0.148259,-0.524799
5990,L_foot_roll,1.054739,0.105474,0.020891,6.994015
5990,R_hip_roll,0.019119,0.002868,0.027509,-4.410628
5990,R_hip_yaw,0.052101,0.013025,0.019192,-0.607313
5990,R_hip_pitch,0.948681,0.367170,0.403864,-4.612563
5990,R_knee,1.280197,0.640049,0.654086,0.015123
5990,R_foot_pitch,-2.484763,-0.438476,-0.362825,-6.099357
5990,R_foot_roll,0.070088,0.007009,0.013745,-0.442435
6000,L_hip_roll,0.902534,0.135380,-0.013844,29.328996
6000,L_hip_yaw,0.171839,0.042960,0.014896,3.374378
6000,L_hip_pitch,-0.071917,-0.147979,-0.090653,-7.343802
6000,L_knee,0.607078,-0.168231,-0.241012,13.108640
6000,L_foot_pitch,-0.596433,0.130357,0.153160,-2.270450
6000,L_foot_roll,0.881538,0.088154,0.019271,5.572055
6000,R_hip_roll,0.049036,0.007355,0.025508,-2.924742
6000,R_hip_yaw,0.051921,0.012980,0.018063,-0.508572
6000,R_hip_pitch,0.951577,0.367894,0.404367,-4.333747
6000,R_knee,1.179411,0.614853,0.642934,-1.294007
6000,R_foot_pitch,-2.347521,-0.424752,-0.362216,-5.068452
6000,R_foot_roll,0.029630,0.002963,0.011616,-0.430001
6010,L_hip_roll,0.774559,0.116184,-0.012207,25.215047
6010,L_hip_yaw,0.165517,0.041379,0.014810,3.195069
6010,L_hip_pitch,-0.003714,-0.130928,-0.085652,-5.949375
6010,L_knee,0.567990,-0.178003,-0.240682,11.128152
6010,L_foot_pitch,-0.796640,0.110336,0.157832,-4.284902
6010,L_foot_roll,0.663961,0.066396,0.017425,4.210110
6010,R_hip_roll,0.124460,0.018669,0.022899,0.007346
6010,R_hip_yaw,0.050573,0.012643,0.017092,-0.437319
6010,R_hip_pitch,0.947356,0.366839,0.401999,-3.879903
6010,R_knee,1.040739,0.580185,0.627062,-3.215394
6010,R_foot_pitch,-2.144454,-0.404445,-0.361397,-3.530964
6010,R_foot_roll,-0.028254,-0.002825,0.007922,-0.460180
6020,L_hip_roll,0.573639,0.086046,-0.010931,19.097017
6020,L_hip_yaw,0.151263,0.037816,0.014708,2.784571
6020,L_hip_pitch,0.073118,-0.111720,-0.080241,-4.309499
6020,L_knee,0.529355,-0.187661,-0.240053,9.338472
6020,L_foot_pitch,-1.026131,0.087387,0.162601,-6.541339
6020,L_foot_roll,0.419800,0.041980,0.015742,2.265259
6020,R_hip_roll,0.212576,0.031886,0.019991,3.303969
6020,R_hip_yaw,0.049885,0.012471,0.015622,-0.189795
6020,R_hip_pitch,0.924980,0.361245,0.396217,-3.499519
6020,R_knee,0.867777,0.536944,0.605230,-5.141911
6020,R_foot_pitch,-1.884905,-0.378491,-0.360284,-1.575952
6020,R_foot_roll,-0.128526,-0.012853,0.002641,-0.685638
6030,L_hip_roll,0.290013,0.043502,-0.010114,10.561972
6030,L_hip_yaw,0.131836,0.032959,0.014563,2.221292
6030,L_hip_pitch,0.195230,-0.081193,-0.074318,-1.427547
6030,L_knee,0.465162,-0.203709,-0.239162,6.120263
6030,L_foot_pitch,-1.314994,0.058501,0.167591,-9.245250
6030,L_foot_roll,0.131515,0.013151,0.013872,0.162031
6030,R_hip_roll,0.341384,0.051208,0.017056,7.726045
6030,R_hip_yaw,0.044868,0.011217,0.012896,0.130704
6030,R_hip_pitch,0.880338,0.350085,0.386404,-3.248434
6030,R_knee,0.626984,0.476746,0.575972,-8.399720
6030,R_foot_pitch,-1.566463,-0.346646,-0.358782,0.810623
6030,R_foot_roll,-0.301405,-0.030141,-0.005074,-1.180826
6040,L_hip_roll,-0.119438,-0.017916,-0.009884,-1.529908
6040,L_hip_yaw,0.108978,0.027244,0.014359,1.564901
6040,L_hip_pitch,0.307434,-0.053141,-0.067433,1.013887
6040,L_knee,0.395868,-0.221033,-0.237610,2.556152
6040,L_foot_pitch,-1.605652,0.029435,0.172510,-11.897161
6040,L_foot_roll,-0.204418,-0.020442,0.012102,-2.493575
6040,R_hip_roll,0.528543,0.079281,0.014443,13.747673
6040,R_hip_yaw,0.032127,0.008032,0.008217,0.532592
6040,R_hip_pitch,0.796015,0.329004,0.371482,-3.435924
6040,R_knee,0.326052,0.401513,0.536765,-11.626165
6040,R_foot_pitch,-1.173284,-0.307328,-0.353281,2.977722
6040,R_foot_roll,-0.567924,-0.056792,-0.017288,-1.826945
6050,L_hip_roll,-0.629879,-0.094482,-0.010543,-16.430174
6050,L_hip_yaw,0.104583,0.026146,0.014007,1.492586
6050,L_hip_pitch,0.385772,-0.033557,-0.059517,2.300558
6050,L_knee,0.299633,-0.245092,-0.235769,-2.173428
6050,L_foot_pitch,-1.809471,0.009053,0.177386,-13.999988
6050,L_foot_roll,-0.515491,-0.051549,0.010228,-4.711087
6050,R_hip_roll,0.701088,0.105163,0.012434,19.106592
6050,R_hip_yaw,0.032997,0.008249,0.000487,1.829146
6050,R_hip_pitch,0.602244,0.280561,0.350087,-6.009096
6050,R_knee,-0.033943,0.311514,0.484265,-14.172858
6050,R_foot_pitch,-0.731888,-0.263189,-0.335520,3.555302
6050,R_foot_roll,-0.970826,-0.097083,-0.036774,-2.709779
6060,L_hip_roll,-0.854534,-0.128180,-0.012150,-22.913803
6060,L_hip_yaw,0.051514,0.012879,0.013490,-0.061967
6060,L_hip_pitch,0.286090,-0.058477,-0.050823,-1.763565
6060,L_knee,0.326869,-0.238283,-0.234553,-0.883936
6060,L_foot_pitch,-1.589553,0.031045,0.182788,-12.617411
6060,L_foot_roll,-0.685427,-0.068543,0.008487,-5.936859
6060,R_hip_roll,0.711489,0.106723,0.010946,19.609599
6060,R_hip_yaw,0.059948,0.014987,-0.007874,2.954570
6060,R_hip_pitch,0.354663,0.218666,0.322760,-10.345946
6060,R_knee,-0.342223,0.234444,0.422091,-21.799931
6060,R_foot_pitch,-0.448802,-0.234880,-0.288931,-5.641502
6060,R_foot_roll,-1.588110,-0.158811,-0.059150,-8.362673
6070,L_hip_roll,-0.890174,-0.133526,-0.012432,-24.247575
6070,L_hip_yaw,0.026401,0.006600,0.012931,-0.678913
6070,L_hip_pitch,0.112724,-0.101819,-0.041621,-8.168189
6070,L_knee,0.234009,-0.261498,-0.234017,-4.998509
6070,L_foot_pitch,-0.869961,0.103004,0.187439,-7.197335
6070,L_foot_roll,-0.269312,-0.026931,0.005437,-2.288531
6070,R_hip_roll,0.063012,0.009452,0.010982,-0.600779
6070,R_hip_yaw,0.204001,0.051000,-0.008645,7.195305
6070,R_hip_pitch,0.289575,0.202394,0.296784,-8.560562
6070,R_knee,-0.462828,0.204293,0.375685,-16.641271
6070,R_foot_pitch,-0.133749,-0.203375,-0.183270,-11.781902
6070,R_foot_roll,-1.995459,-0.199546,-0.067623,-8.973114
6080,L_hip_roll,-0.384223,-0.057633,-0.012719,-8.784213
6080,L_hip_yaw,-0.054613,-0.013653,0.011984,-2.983110
6080,L_hip_pitch,-0.192633,-0.178158,-0.035841,-17.391071
6080,L_knee,0.021901,-0.314525,-0.239423,-10.749130
6080,L_foot_pitch,0.169578,0.206958,0.191661,0.814946
6080,L_foot_roll,0.430892,0.043089,0.003719,3.316648
6080,R_hip_roll,-0.469947,-0.070492,0.012182,-16.863695
6080,R_hip_yaw,0.248482,0.062121,-0.009401,8.714329
6080,R_hip_pitch,0.296634,0.204158,0.269937,-5.356865
6080,R_knee,-0.438304,0.210424,0.329980,-8.759453
6080,R_foot_pitch,0.240179,-0.165982,-0.085844,-14.450000
6080,R_foot_roll,-1.899598,-0.189960,-0.089994,-5.447457
6090,L_hip_roll,-0.339224,-0.050884,-0.012803,-7.961704
6090,L_hip_yaw,-0.096001,-0.024000,0.007663,-3.125740
6090,L_hip_pitch,-0.186528,-0.176632,-0.042895,-14.698855
6090,L_knee,-0.093766,-0.343442,-0.263772,-4.609384
6090,L_foot_pitch,0.748045,0.264805,0.201637,3.969157
6090,L_foot_roll,0.735918,0.073592,0.013530,3.217401
6090,R_hip_roll,-0.812866,-0.121930,0.012518,-26.974030
6090,R_hip_yaw,0.081438,0.020359,-0.010239,3.632961
6090,R_hip_pitch,0.049086,0.142272,0.254292,-12.670902
6090,R_knee,-0.457820,0.205545,0.306443,-15.804627
6090,R_foot_pitch,0.671272,-0.122873,-0.045634,-6.026962
6090,R_foot_roll,-1.569551,-0.156955,-0.088309,-7.911703
6100,L_hip_roll,-0.066386,-0.009958,-0.012362,0.468352
6100,L_hip_yaw,-0.076999,-0.019250,-0.005254,-0.047145
6100,L_hip_pitch,-0.173165,-0.173291,-0.060609,-11.578415
6100,L_knee,-0.205715,-0.371429,-0.303515,0.305397
6100,L_foot_pitch,1.050496,0.295050,0.223633,3.100481
6100,L_foot_roll,0.921656,0.092166,0.039561,1.254785
6100,R_hip_roll,-0.887371,-0.133106,0.012484,-29.088019
6100,R_hip_yaw,0.001587,0.000397,-0.010621,1.393740
6100,R_hip_pitch,-0.039070,0.120233,0.245367,-14.056438
6100,R_knee,-0.390774,0.222306,0.295534,-9.406004
6100,R_foot_pitch,1.026295,-0.087371,-0.045433,-3.466140
6100,R_foot_roll,-1.277007,-0.127701,-0.059381,-8.517549
6110,L_hip_roll,0.006349,0.000952,-0.011943,2.340734
6110,L_hip_yaw,-0.094090,-0.023522,-0.019979,0.840496
6110,L_hip_pitch,-0.143409,-0.165852,-0.080882,-8.227981
6110,L_knee,-0.281240,-0.390310,-0.346184,4.178745
6110,L_foot_pitch,1.187526,0.308753,0.255732,0.995259
6110,L_foot_roll,0.940562,0.094056,0.070456,-0.985917
6110,R_hip_roll,-1.064011,-0.159602,0.012539,-34.526431
6110,R_hip_yaw,-0.042911,-0.010728,-0.011713,0.235493
6110,R_hip_pitch,0.011634,0.132909,0.234821,-11.131926
6110,R_knee,-0.468414,0.202897,0.281527,-9.835798
6110,R_foot_pitch,1.045610,-0.085439,-0.043600,-3.545602
6110,R_foot_roll,-1.189503,-0.118950,-0.026882,-10.573366
6120,L_hip_roll,-0.229073,-0.034361,-0.009056,-6.154487
6120,L_hip_yaw,-0.113306,-0.028327,-0.029459,0.840939
6120,L_hip_pitch,-0.094110,-0.153527,-0.099412,-4.828399
6120,L_knee,-0.344767,-0.406192,-0.382039,4.845245
6120,L_foot_pitch,1.219577,0.311958,0.285977,-0.536130
6120,L_foot_roll,0.872564,0.087256,0.092498,-2.033091
6120,R_hip_roll,-1.120829,-0.168124,0.016697,-38.493217
6120,R_hip_yaw,-0.072917,-0.018229,-0.012260,-0.685066
6120,R_hip_pitch,0.076450,0.149113,0.227079,-8.617880
6120,R_knee,-0.593357,0.171661,0.272445,-15.705421
6120,R_foot_pitch,1.082319,-0.081768,-0.043829,-2.993853
6120,R_foot_roll,-1.155013,-0.115501,-0.023949,-7.074246
6130,L_hip_roll,-0.239156,-0.035873,-0.005957,-6.741402
6130,L_hip_yaw,-0.107716,-0.026929,-0.035125,1.409861
6130,L_hip_pitch,-0.116013,-0.159003,-0.113505,-4.280523
6130,L_knee,-0.392148,-0.418037,-0.406519,3.619963
6130,L_foot_pitch,1.287772,0.318777,0.305784,-0.371008
6130,L_foot_roll,0.853124,0.085312,0.100411,-1.435611
6130,R_hip_roll,-1.052132,-0.157820,0.021379,-37.119724
6130,R_hip_yaw,-0.072388,-0.018097,-0.012593,-0.631156
6130,R_hip_pitch,0.088405,0.152101,0.217897,-6.858048
6130,R_knee,-0.622515,0.164371,0.262020,-14.039239
6130,R_foot_pitch,1.087940,-0.081206,-0.043343,-3.123217
6130,R_foot_roll,-1.105081,-0.110508,-0.026120,-6.549042
6140,L_hip_roll,-0.159599,-0.023940,-0.004163,-4.279670
6140,L_hip_yaw,-0.119756,-0.029939,-0.036962,0.838947
6140,L_hip_pitch,-0.155588,-0.168897,-0.123585,-4.576336
6140,L_knee,-0.394447,-0.418612,-0.421104,3.697080
6140,L_foot_pitch,1.346007,0.324601,0.315586,0.093635
6140,L_foot_roll,0.774109,0.077411,0.098071,-1.166624
6140,R_hip_roll,-1.015622,-0.152343,0.025164,-36.496975
6140,R_hip_yaw,-0.040403,-0.010101,-0.012860,0.353073
6140,R_hip_pitch,-0.006101,0.128475,0.206573,-8.190079
6140,R_knee,-0.612455,0.166886,0.249075,-10.769032
6140,R_foot_pitch,1.304192,-0.059581,-0.041978,-1.558447
6140,R_foot_roll,-1.014302,-0.101430,-0.027927,-5.715166
6150,L_hip_roll,-0.117726,-0.017659,-0.003660,-2.780949
6150,L_hip_yaw,-0.115043,-0.028761,-0.035769,0.643130
6150,L_hip_pitch,-0.266276,-0.196569,-0.130639,-7.322719
6150,L_knee,-0.436354,-0.429088,-0.428166,1.080736
6150,L_foot_pitch,1.361111,0.326111,0.319877,0.225258
6150,L_foot_roll,0.642261,0.064226,0.089995,-1.140122
6150,R_hip_roll,-1.149272,-0.172391,0.028094,-40.865195
6150,R_hip_yaw,0.018840,0.004710,-0.013005,2.133579
6150,R_hip_pitch,-0.086364,0.108409,0.194029,-8.993466
6150,R_knee,-0.614978,0.166256,0.234936,-8.098792
6150,R_foot_pitch,1.521874,-0.037813,-0.040184,0.013584
6150,R_foot_roll,-1.023838,-0.102384,-0.029313,-5.718608
6160,L_hip_roll,-0.037070,-0.005561,-0.004405,0.161653
6160,L_hip_yaw,-0.109824,-0.027456,-0.032912,0.319970
6160,L_hip_pitch,-0.232140,-0.188035,-0.137015,-5.454840
6160,L_knee,-0.458556,-0.434639,-0.432189,0.647395
6160,L_foot_pitch,1.435194,0.333519,0.321795,0.818297
6160,L_foot_roll,0.543567,0.054357,0.077950,-0.628911
6160,R_hip_roll,-1.122631,-0.168395,0.030078,-40.175032
6160,R_hip_yaw,-0.009389,-0.002347,-0.012914,1.259422
6160,R_hip_pitch,-0.073194,0.111701,0.181309,-7.134677
6160,R_knee,-0.695861,0.146035,0.220688,-9.377286
6160,R_foot_pitch,1.456096,-0.044390,-0.038618,-0.646968
6160,R_foot_roll,-1.096528,-0.109653,-0.030428,-6.259173
6170,L_hip_roll,0.040852,0.006128,-0.005988,2.991740
6170,L_hip_yaw,-0.099307,-0.024827,-0.029330,0.189313
6170,L_hip_pitch,-0.232623,-0.188156,-0.143836,-4.631615
6170,L_knee,-0.508208,-0.447052,-0.435548,-1.199895
6170,L_foot_pitch,1.456290,0.335629,0.324319,0.593378
6170,L_foot_roll,0.437884,0.043788,0.064417,-0.372084
6170,R_hip_roll,-1.303997,-0.195600,0.031455,-45.749235
6170,R_hip_yaw,-0.034617,-0.008654,-0.012824,0.488372
6170,R_hip_pitch,-0.075900,0.111025,0.168830,-5.694345
6170,R_knee,-0.701750,0.144562,0.206647,-6.986134
6170,R_foot_pitch,1.459159,-0.044084,-0.036607,-0.793705
6170,R_foot_roll,-1.196585,-0.119659,-0.031200,-7.008672
6180,L_hip_roll,0.035913,0.005387,-0.008291,3.541015
6180,L_hip_yaw,-0.082302,-0.020576,-0.025869,0.317856
6180,L_hip_pitch,-0.275756,-0.198939,-0.151517,-4.877908
6180,L_knee,-0.541575,-0.455394,-0.439500,-1.568220
6180,L_foot_pitch,1.590911,0.349091,0.328176,1.281662
6180,L_foot_roll,0.380161,0.038016,0.051446,0.108403
6180,R_hip_roll,-1.375643,-0.206347,0.032119,-47.769971
6180,R_hip_yaw,-0.038306,-0.009576,-0.012754,0.374999
6180,R_hip_pitch,-0.180408,0.084898,0.157130,-7.573267
6180,R_knee,-0.685736,0.148566,0.193768,-4.627509
6180,R_foot_pitch,1.576373,-0.032363,-0.035120,0.122237
6180,R_foot_roll,-1.274422,-0.127442,-0.031746,-7.616002
6190,L_hip_roll,0.149494,0.022424,-0.011422,7.823776
6190,L_hip_yaw,-0.075251,-0.018813,-0.022449,0.105420
6190,L_hip_pitch,-0.341381,-0.215345,-0.160364,-5.684229
6190,L_knee,-0.577687,-0.464422,-0.445177,-1.634192
6190,L_foot_pitch,1.586066,0.348607,0.334973,0.298835
6190,L_foot_roll,0.339685,0.033969,0.041030,0.292848
6190,R_hip_roll,-1.367525,-0.205129,0.031885,-47.206256
6190,R_hip_yaw,-0.025532,-0.006383,-0.012773,0.771909
6190,R_hip_pitch,-0.185970,0.083508,0.146832,-6.630947
6190,R_knee,-0.675769,0.151058,0.183333,-3.047578
6190,R_foot_pitch,1.638762,-0.026124,-0.034703,0.701078
6190,R_foot_roll,-1.287408,-0.128741,-0.031971,-7.734558
6200,L_hip_roll,0.123256,0.018488,-0.014943,7.745834
6200,L_hip_yaw,-0.059017,-0.014754,-0.019371,0.292245
6200,L_hip_pitch,-0.357811,-0.219453,-0.170643,-4.775880
6200,L_knee,-0.618082,-0.474520,-0.452805,-1.491230
6200,L_foot_pitch,1.581439,0.348144,0.342343,-0.162481
6200,L_foot_roll,0.296525,0.029652,0.033860,0.228462
6200,R_hip_roll,-1.426816,-0.214022,0.030960,-48.649239
6200,R_hip_yaw,-0.053106,-0.013276,-0.012851,-0.044680
6200,R_hip_pitch,-0.142557,0.094361,0.138315,-4.514580
6200,R_knee,-0.759293,0.130177,0.175909,-6.451347
6200,R_foot_pitch,1.530103,-0.036990,-0.035577,0.036722
6200,R_foot_roll,-1.354630,-0.135463,-0.031927,-8.298371
6210,L_hip_roll,0.105249,0.015787,-0.018424,7.875357
6210,L_hip_yaw,-0.032698,-0.008175,-0.016762,0.796711
6210,L_hip_pitch,-0.377502,-0.224375,-0.182242,-3.870667
6210,L_knee,-0.646295,-0.481574,-0.461666,-0.951475
6210,L_foot_pitch,1.698218,0.359822,0.346661,0.789411
6210,L_foot_roll,0.198593,0.019859,0.029130,-0.367066
6210,R_hip_roll,-1.340526,-0.201079,0.029583,-45.660187
6210,R_hip_yaw,-0.062392,-0.015598,-0.013021,-0.288155
6210,R_hip_pitch,-0.140804,0.094799,0.131092,-3.665105
6210,R_knee,-0.815090,0.116228,0.170416,-8.249920
6210,R_foot_pitch,1.322226,-0.057777,-0.037242,-1.457329
6210,R_foot_roll,-1.381819,-0.138182,-0.031678,-8.555716
6220,L_hip_roll,0.152159,0.022824,-0.021548,9.745624
6220,L_hip_yaw,-0.027326,-0.006831,-0.013598,0.465781
6220,L_hip_pitch,-0.407434,-0.231859,-0.194272,-3.325622
6220,L_knee,-0.692655,-0.493164,-0.470586,-1.561290
6220,L_foot_pitch,1.758908,0.365891,0.350614,0.822279
6220,L_foot_roll,0.068945,0.006895,0.024010,-0.822467
6220,R_hip_roll,-1.313913,-0.197087,0.028019,-44.541205
6220,R_hip_yaw,-0.052509,-0.013127,-0.013312,0.054530
6220,R_hip_pitch,-0.117003,0.100749,0.123975,-2.064822
6220,R_knee,-0.791073,0.122232,0.165095,-6.098644
6220,R_foot_pitch,1.223780,-0.067622,-0.039014,-2.113222
6220,R_foot_roll,-1.351125,-0.135112,-0.031329,-8.345306
6230,L_hip_roll,0.168426,0.025264,-0.024001,10.487211
6230,L_hip_yaw,-0.041388,-0.010347,-0.010248,-0.311182
6230,L_hip_pitch,-0.429194,-0.237298,-0.206614,-2.445778
6230,L_knee,-0.726549,-0.501637,-0.479360,-1.473310
6230,L_foot_pitch,1.705527,0.360553,0.352909,0.488501
6230,L_foot_roll,-0.049209,-0.004921,0.015541,-0.691211
6230,R_hip_roll,-1.363580,-0.204537,0.026416,-45.703974
6230,R_hip_yaw,-0.067654,-0.016914,-0.013604,-0.373374
6230,R_hip_pitch,-0.091218,0.107195,0.117664,-0.691269
6230,R_knee,-0.787816,0.123046,0.161105,-5.982807
6230,R_foot_pitch,1.202224,-0.069778,-0.041356,-1.994466
6230,R_foot_roll,-1.322598,-0.132260,-0.030847,-8.168302
6240,L_hip_roll,0.128037,0.019206,-0.025642,9.352099
6240,L_hip_yaw,-0.037699,-0.009425,-0.009025,-0.034217
6240,L_hip_pitch,-0.435777,-0.238944,-0.219229,-1.119977
6240,L_knee,-0.771157,-0.512789,-0.487830,-2.128008
6240,L_foot_pitch,1.721682,0.362168,0.353355,0.707027
6240,L_foot_roll,-0.110483,-0.011048,0.003814,0.003945
6240,R_hip_roll,-1.419370,-0.212905,0.024717,-46.996632
6240,R_hip_yaw,-0.089755,-0.022439,-0.013833,-1.013900
6240,R_hip_pitch,-0.074136,0.111466,0.113099,0.187850
6240,R_knee,-0.811328,0.117168,0.159904,-7.697861
6240,R_foot_pitch,1.155746,-0.074425,-0.044842,-1.966316
6240,R_foot_roll,-1.348372,-0.134837,-0.030170,-8.447827
6250,L_hip_roll,0.089481,0.013422,-0.026613,8.229605
6250,L_hip_yaw,-0.040610,-0.010153,-0.010142,0.174927
6250,L_hip_pitch,-0.431532,-0.237883,-0.231688,0.468408
6250,L_knee,-0.796068,-0.519017,-0.495758,-1.967875
6250,L_foot_pitch,1.698670,0.359867,0.353091,0.581695
6250,L_foot_roll,-0.153793,-0.015379,-0.007519,0.356180
6250,R_hip_roll,-1.376027,-0.206404,0.022830,-45.248944
6250,R_hip_yaw,-0.111525,-0.027881,-0.014060,-1.636271
6250,R_hip_pitch,-0.026437,0.123391,0.109765,1.942212
6250,R_knee,-0.829894,0.112527,0.160832,-9.152898
6250,R_foot_pitch,1.065069,-0.083493,-0.049256,-2.269024
6250,R_foot_roll,-1.329946,-0.132995,-0.029330,-8.384736
6260,L_hip_roll,0.046858,0.007029,-0.027111,6.921518
6260,L_hip_yaw,-0.040927,-0.010232,-0.012371,0.500356
6260,L_hip_pitch,-0.448486,-0.242122,-0.243356,1.252397
6260,L_knee,-0.811315,-0.522829,-0.502561,-1.872072
6260,L_foot_pitch,1.663838,0.356384,0.352623,0.350173
6260,L_foot_roll,-0.179808,-0.017981,-0.015610,0.433233
6260,R_hip_roll,-1.340733,-0.201110,0.020732,-43.713308
6260,R_hip_yaw,-0.128341,-0.032085,-0.014304,-2.110501
6260,R_hip_pitch,0.005662,0.131415,0.106961,3.207158
6260,R_knee,-0.827063,0.113234,0.162973,-9.699388
6260,R_foot_pitch,0.943636,-0.095636,-0.054271,-2.788623
6260,R_foot_roll,-1.308157,-0.130816,-0.028337,-8.304984
6270,L_hip_roll,0.037916,0.005687,-0.027310,6.631100
6270,L_hip_yaw,-0.034561,-0.008640,-0.014588,0.907241
6270,L_hip_pitch,-0.444953,-0.241238,-0.253810,2.486261
6270,L_knee,-0.820586,-0.525147,-0.507663,-1.897520
6270,L_foot_pitch,1.584520,0.348452,0.352112,-0.242550
6270,L_foot_roll,-0.203965,-0.020396,-0.020021,0.257947
6270,R_hip_roll,-1.276947,-0.191542,0.018414,-41.265215
6270,R_hip_yaw,-0.146616,-0.036654,-0.014548,-2.628912
6270,R_hip_pitch,0.037139,0.139285,0.104627,4.377205
6270,R_knee,-0.811919,0.117020,0.166298,-10.007379
6270,R_foot_pitch,0.914216,-0.098578,-0.059905,-2.506251
6270,R_foot_roll,-1.250628,-0.125063,-0.027192,-7.952252
6280,L_hip_roll,-0.006516,-0.000977,-0.027278,5.211428
6280,L_hip_yaw,-0.037979,-0.009495,-0.015660,0.781428
6280,L_hip_pitch,-0.467464,-0.246866,-0.262800,2.734634
6280,L_knee,-0.804964,-0.521241,-0.510736,-1.264845
6280,L_foot_pitch,1.514676,0.341468,0.350436,-0.491687
6280,L_foot_roll,-0.222832,-0.022283,-0.021986,0.099899
6280,R_hip_roll,-1.221364,-0.183205,0.015926,-39.068516
6280,R_hip_yaw,-0.150048,-0.037512,-0.014768,-2.709068
6280,R_hip_pitch,0.051511,0.142878,0.102823,4.974408
6280,R_knee,-0.781732,0.124567,0.170947,-9.877584
6280,R_foot_pitch,0.889881,-0.101012,-0.066203,-2.130635
6280,R_foot_roll,-1.186383,-0.118638,-0.025871,-7.559486
6290,L_hip_roll,-0.050270,-0.007540,-0.027051,3.807555
6290,L_hip_yaw,-0.038297,-0.009574,-0.015511,0.658082
6290,L_hip_pitch,-0.480224,-0.250056,-0.270075,3.049615
6290,L_knee,-0.790634,-0.517658,-0.511252,-1.341676
6290,L_foot_pitch,1.471964,0.337196,0.346315,-0.240607
6290,L_foot_roll,-0.253887,-0.025389,-0.022950,-0.123857
6290,R_hip_roll,-1.144317,-0.171648,0.013306,-36.191649
6290,R_hip_yaw,-0.136632,-0.034158,-0.014940,-2.290416
6290,R_hip_pitch,0.074772,0.148693,0.101653,5.741290
6290,R_knee,-0.779708,0.125073,0.177089,-11.368094
6290,R_foot_pitch,0.852742,-0.104726,-0.073245,-1.786152
6290,R_foot_roll,-1.134480,-0.113448,-0.024385,-7.279555
6300,L_hip_roll,-0.085658,-0.012849,-0.026598,2.570451
6300,L_hip_yaw,-0.033633,-0.008408,-0.014515,0.605291
6300,L_hip_pitch,-0.485514,-0.251379,-0.275599,3.385702
6300,L_knee,-0.767118,-0.511779,-0.509222,-1.335137
6300,L_foot_pitch,1.367247,0.326725,0.340654,-0.555195
6300,L_foot_roll,-0.274574,-0.027457,-0.024160,-0.124514
6300,R_hip_roll,-1.053347,-0.158002,0.010662,-32.954178
6300,R_hip_yaw,-0.144570,-0.036143,-0.015039,-2.525468
6300,R_hip_pitch,0.107544,0.156886,0.100845,6.809311
6300,R_knee,-0.762258,0.129435,0.184162,-11.992829
6300,R_foot_pitch,0.821484,-0.107852,-0.080773,-1.407383
6300,R_foot_roll,-1.051429,-0.105143,-0.022773,-6.754814
6310,L_hip_roll,-0.163339,-0.024501,-0.025852,-0.001569
6310,L_hip_yaw,-0.030064,-0.007516,-0.012753,0.425737
6310,L_hip_pitch,-0.490710,-0.252678,-0.279547,3.560357
6310,L_knee,-0.730085,-0.502521,-0.504954,-1.055235
6310,L_foot_pitch,1.253004,0.315300,0.333403,-0.689973
6310,L_foot_roll,-0.279595,-0.027960,-0.025906,0.014851
6310,R_hip_roll,-1.004616,-0.150692,0.008161,-31.054461
6310,R_hip_yaw,-0.147198,-0.036800,-0.015069,-2.605807
6310,R_hip_pitch,0.106992,0.156748,0.100210,6.846889
6310,R_knee,-0.711681,0.142080,0.191654,-11.181869
6310,R_foot_pitch,0.786023,-0.111398,-0.088531,-1.050247
6310,R_foot_roll,-0.968541,-0.096854,-0.021055,-6.238101
6320,L_hip_roll,-0.182238,-0.027336,-0.025070,-0.677363
6320,L_hip_yaw,-0.020369,-0.005092,-0.010240,0.345120
6320,L_hip_pitch,-0.513971,-0.258493,-0.281993,3.006943
6320,L_knee,-0.682783,-0.490696,-0.498452,-0.759696
6320,L_foot_pitch,1.130587,0.303059,0.323885,-0.686059
6320,L_foot_roll,-0.261524,-0.026152,-0.027321,0.199806
6320,R_hip_roll,-0.940289,-0.141043,0.005742,-28.640645
6320,R_hip_yaw,-0.143271,-0.035818,-0.015059,-2.490980
6320,R_hip_pitch,0.109527,0.157382,0.100090,6.866127
6320,R_knee,-0.660581,0.154855,0.200085,-10.790278
6320,R_foot_pitch,0.797184,-0.110282,-0.096748,-0.240820
6320,R_foot_roll,-0.852181,-0.085218,-0.019211,-5.469341
6330,L_hip_roll,-0.228445,-0.034267,-0.024431,-2.158620
6330,L_hip_yaw,-0.012309,-0.003077,-0.007074,0.149982
6330,L_hip_pitch,-0.513834,-0.258458,-0.283136,3.036964
6330,L_knee,-0.611691,-0.472923,-0.489892,0.347324
6330,L_foot_pitch,1.000552,0.290055,0.312339,-0.631199
6330,L_foot_roll,-0.227083,-0.022708,-0.027459,0.338895
6330,R_hip_roll,-0.836255,-0.125438,0.003375,-25.077818
6330,R_hip_yaw,-0.140875,-0.035219,-0.015035,-2.422397
6330,R_hip_pitch,0.109648,0.157412,0.100821,6.688595
6330,R_knee,-0.607004,0.168249,0.209911,-10.576690
6330,R_foot_pitch,0.842640,-0.105736,-0.105598,0.893745
6330,R_foot_roll,-0.703894,-0.070389,-0.017207,-4.457711
6340,L_hip_roll,-0.312793,-0.046919,-0.023921,-4.768307
6340,L_hip_yaw,-0.005638,-0.001409,-0.003500,-0.107673
6340,L_hip_pitch,-0.515617,-0.258904,-0.282835,2.787230
6340,L_knee,-0.513273,-0.448318,-0.478741,1.881921
6340,L_foot_pitch,0.831890,0.273189,0.299271,-0.812450
6340,L_foot_roll,-0.166265,-0.016626,-0.025697,0.488056
6340,R_hip_roll,-0.702022,-0.105303,0.001142,-20.673018
6340,R_hip_yaw,-0.131507,-0.032877,-0.014973,-2.151035
6340,R_hip_pitch,0.098577,0.154644,0.102322,6.100671
6340,R_knee,-0.551224,0.182194,0.220916,-10.392148
6340,R_foot_pitch,0.889351,-0.101065,-0.115119,2.069509
6340,R_foot_roll,-0.535041,-0.053504,-0.015110,-3.291795
6350,L_hip_roll,-0.398500,-0.059775,-0.023576,-7.263740
6350,L_hip_yaw,0.008011,0.002003,0.000318,-0.168095
6350,L_hip_pitch,-0.524525,-0.261131,-0.280507,2.025202
6350,L_knee,-0.381661,-0.415415,-0.463607,3.787213
6350,L_foot_pitch,0.635107,0.253511,0.284296,-0.985964
6350,L_foot_roll,-0.066426,-0.006643,-0.021468,0.692550
6350,R_hip_roll,-0.535321,-0.080298,-0.000811,-15.298688
6350,R_hip_yaw,-0.118905,-0.029726,-0.014901,-1.781320
6350,R_hip_pitch,0.070558,0.147640,0.104314,5.055472
6350,R_knee,-0.480687,0.199828,0.232715,-9.205227
6350,R_foot_pitch,0.956824,-0.094318,-0.125045,3.594565
6350,R_foot_roll,-0.314648,-0.031465,-0.013008,-1.645077
6360,L_hip_roll,-0.473577,-0.071036,-0.023508,-9.520336
6360,L_hip_yaw,0.015662,0.003915,0.004724,-0.559101
6360,L_hip_pitch,-0.510783,-0.257696,-0.275631,1.587054
6360,L_knee,-0.217549,-0.374387,-0.443014,5.687826
6360,L_foot_pitch,0.414119,0.231412,0.266596,-1.052965
6360,L_foot_roll,0.060216,0.006022,-0.014060,0.791734
6360,R_hip_roll,-0.303684,-0.045553,-0.002369,-8.251677
6360,R_hip_yaw,-0.100046,-0.025011,-0.014778,-1.238574
6360,R_hip_pitch,0.050311,0.142578,0.106625,4.069632
6360,R_knee,-0.401392,0.219652,0.245028,-8.311537
6360,R_foot_pitch,1.077294,-0.082271,-0.135056,5.201521
6360,R_foot_roll,-0.048256,-0.004826,-0.010764,0.205485
6370,L_hip_roll,-0.578688,-0.086803,-0.023560,-12.660698
6370,L_hip_yaw,0.024760,0.006190,0.009643,-0.902960
6370,L_hip_pitch,-0.454069,-0.243517,-0.267727,2.030793
6370,L_knee,-0.003669,-0.320917,-0.415503,8.198709
6370,L_foot_pitch,0.190551,0.209055,0.245847,-0.900669
6370,L_foot_roll,0.254794,0.025479,-0.003297,1.177667
6370,R_hip_roll,-0.025608,-0.003841,-0.003210,0.002720
6370,R_hip_yaw,-0.091239,-0.022810,-0.014532,-1.018703
6370,R_hip_pitch,0.017405,0.134351,0.109233,2.748463
6370,R_knee,-0.300298,0.244925,0.257802,-6.136505
6370,R_foot_pitch,1.231091,-0.066891,-0.145241,7.266343
6370,R_foot_roll,0.303710,0.030371,-0.008623,2.851027
6380,L_hip_roll,-0.547130,-0.082069,-0.023636,-11.723180
6380,L_hip_yaw,0.023165,0.005791,0.014781,-1.590354
6380,L_hip_pitch,-0.276488,-0.199122,-0.255828,5.495700
6380,L_knee,0.249272,-0.257682,-0.378976,10.100249
6380,L_foot_pitch,-0.016349,0.188365,0.222639,-0.514329
6380,L_foot_roll,0.551460,0.055146,0.011803,1.879544
6380,R_hip_roll,0.366619,0.054993,-0.003098,11.398860
6380,R_hip_yaw,-0.116126,-0.029032,-0.014059,-1.850439
6380,R_hip_pitch,-0.017353,0.125662,0.111924,1.356159
6380,R_knee,-0.191357,0.272161,0.270854,-3.806782
6380,R_foot_pitch,1.368027,-0.053197,-0.155600,9.260995
6380,R_foot_roll,0.735902,0.073590,-0.006317,6.149385
6390,L_hip_roll,-0.466046,-0.069907,-0.022990,-9.684924
6390,L_hip_yaw,-0.016836,-0.004209,0.017416,-2.719523
6390,L_hip_pitch,-0.100446,-0.155111,-0.240857,8.866446
6390,L_knee,0.467333,-0.203167,-0.343089,17.321778
6390,L_foot_pitch,0.059997,0.196000,0.174909,8.688357
6390,L_foot_roll,0.863357,0.086336,0.023554,4.639182
6390,R_hip_roll,0.532875,0.079931,-0.002019,16.085890
6390,R_hip_yaw,-0.119228,-0.029807,-0.013367,-2.035311
6390,R_hip_pitch,0.251132,0.192783,0.113868,9.389725
6390,R_knee,-0.205413,0.268647,0.283663,-6.157312
6390,R_foot_pitch,1.021360,-0.087864,-0.166059,7.256326
6390,R_foot_roll,0.934363,0.093436,-0.003552,7.491351
6400,L_hip_roll,0.339544,0.050932,-0.022075,14.320880
6400,L_hip_yaw,-0.120908,-0.030227,0.019131,-6.115478
6400,L_hip_pitch,-0.200568,-0.180142,-0.223743,3.426283
6400,L_knee,0.579445,-0.175139,-0.312631,15.426334
6400,L_foot_pitch,0.062739,0.196274,0.104726,13.888353
6400,L_foot_roll,0.911657,0.091166,0.026616,5.046637
6400,R_hip_roll,0.702039,0.105306,-0.001467,21.280679
6400,R_hip_yaw,-0.088476,-0.022119,-0.012444,-1.262191
6400,R_hip_pitch,0.358567,0.219642,0.114825,12.490543
6400,R_knee,0.020568,0.325142,0.295839,1.641963
6400,R_foot_pitch,0.158361,-0.174164,-0.176465,1.222135
6400,R_foot_roll,0.770298,0.077030,0.003215,4.992670
6410,L_hip_roll,0.921406,0.138211,-0.022220,33.184399
6410,L_hip_yaw,-0.092415,-0.023104,0.019413,-4.972002
6410,L_hip_pitch,0.162237,-0.089441,-0.213552,14.595682
6410,L_knee,0.482063,-0.199484,-0.297575,17.015287
6410,L_foot_pitch,-0.140866,0.175913,0.080806,7.450944
6410,L_foot_roll,0.865078,0.086508,0.017911,4.950162
6410,R_hip_roll,0.615888,0.092383,-0.003179,20.270969
6410,R_hip_yaw,-0.064968,-0.016242,-0.013665,0.100445
6410,R_hip_pitch,0.432469,0.238117,0.120184,13.350389
6410,R_knee,0.319212,0.399803,0.312480,10.389517
6410,R_foot_pitch,-0.679758,-0.257976,-0.185858,-5.358841
6410,R_foot_roll,0.301609,0.030161,0.020955,-1.896760
6420,L_hip_roll,0.788151,0.118223,-0.025356,29.507478
6420,L_hip_yaw,-0.093592,-0.023398,0.018746,-5.027213
6420,L_hip_pitch,0.077323,-0.110669,-0.209556,11.372994
6420,L_knee,0.385751,-0.223562,-0.293411,10.851892
6420,L_foot_pitch,-0.419162,0.148084,0.082143,5.182734
6420,L_foot_roll,0.473502,0.047350,0.022175,1.662837
6420,R_hip_roll,0.125139,0.018771,-0.005571,5.156906
6420,R_hip_yaw,0.001473,0.000368,-0.018181,2.655971
6420,R_hip_pitch,0.388484,0.227121,0.133837,9.556920
6420,R_knee,0.295724,0.393931,0.342720,-1.542545
6420,R_foot_pitch,-1.192469,-0.309247,-0.209491,-4.940369
6420,R_foot_roll,-0.168409,-0.016841,0.034318,-4.731564
6430,L_hip_roll,0.817623,0.122643,-0.027814,30.563261
6430,L_hip_yaw,-0.001816,-0.000454,0.018267,-2.044631
6430,L_hip_pitch,0.110437,-0.102391,-0.204000,11.469842
6430,L_knee,0.388149,-0.222963,-0.286996,8.888884
6430,L_foot_pitch,-0.312496,0.158750,0.083520,5.406427
6430,L_foot_roll,0.405703,0.040570,0.024874,0.980344
6430,R_hip_roll,0.134562,0.020184,-0.005878,5.045833
6430,R_hip_yaw,0.015934,0.003984,-0.017051,2.003019
6430,R_hip_pitch,0.463443,0.245861,0.149745,10.073431
6430,R_knee,0.367342,0.411835,0.377592,-3.399502
6430,R_foot_pitch,-1.396102,-0.329610,-0.251239,-1.777295
6430,R_foot_roll,-0.174032,-0.017403,0.022992,-1.147213
6440,L_hip_roll,0.858018,0.128703,-0.029926,32.300155
6440,L_hip_yaw,0.002668,0.000667,0.018145,-2.096445
6440,L_hip_pitch,0.158912,-0.090272,-0.197895,12.286545
6440,L_knee,0.379855,-0.225036,-0.280545,8.115581
6440,L_foot_pitch,-0.253438,0.164656,0.084141,6.355080
6440,L_foot_roll,0.498935,0.049894,0.026500,1.678527
6440,R_hip_roll,0.123681,0.018552,-0.005224,4.440466
6440,R_hip_yaw,-0.002856,-0.000714,-0.008250,-0.185525
6440,R_hip_pitch,0.461364,0.245341,0.163653,8.530385
6440,R_knee,0.427388,0.426847,0.406569,-3.925306
6440,R_foot_pitch,-1.413867,-0.331387,-0.295746,1.175666
6440,R_foot_roll,-0.141012,-0.014101,-0.000078,1.098776
6450,L_hip_roll,0.893205,0.133981,-0.031451,33.473539
6450,L_hip_yaw,-0.035192,-0.008798,0.018244,-3.255976
6450,L_hip_pitch,0.205464,-0.078634,-0.191215,12.825462
6450,L_knee,0.407789,-0.218053,-0.274578,8.544245
6450,L_foot_pitch,-0.396210,0.150379,0.085395,5.036319
6450,L_foot_roll,0.611179,0.061118,0.027856,2.490835
6450,R_hip_roll,0.029637,0.004445,-0.003679,1.047610
6450,R_hip_yaw,-0.003114,-0.000779,0.001651,-1.139543
6450,R_hip_pitch,0.497667,0.254417,0.175025,8.529369
6450,R_knee,0.469712,0.437428,0.427960,-3.569106
6450,R_foot_pitch,-1.503390,-0.340339,-0.326784,1.167165
6450,R_foot_roll,-0.173220,-0.017322,-0.016594,1.092065
6460,L_hip_roll,1.047455,0.157118,-0.032642,38.302177
6460,L_hip_yaw,-0.033642,-0.008411,0.018304,-3.202412
6460,L_hip_pitch,0.122635,-0.099341,-0.183447,9.264923
6460,L_knee,0.457264,-0.205684,-0.268504,9.454905
6460,L_foot_pitch,-0.479241,0.142076,0.086897,4.257725
6460,L_foot_roll,0.635633,0.063563,0.029157,2.589843
6460,R_hip_roll,0.063678,0.009552,-0.001648,1.605602
6460,R_hip_yaw,0.006275,0.001569,0.007369,-1.031615
6460,R_hip_pitch,0.585945,0.276486,0.183836,10.348250
6460,R_knee,0.509475,0.447369,0.442517,-2.644772
6460,R_foot_pitch,-1.679461,-0.357946,-0.341904,-0.367100
6460,R_foot_roll,-0.180052,-0.018005,-0.023347,0.754754
6470,L_hip_roll,1.075790,0.161369,-0.033432,39.127950
6470,L_hip_yaw,-0.070902,-0.017725,0.018260,-4.308527
6470,L_hip_pitch,0.144503,-0.093874,-0.175353,8.998778
6470,L_knee,0.469726,-0.202569,-0.262491,9.110461
6470,L_foot_pitch,-0.373495,0.152651,0.088525,4.954002
6470,L_foot_roll,0.753430,0.075343,0.030206,3.476869
6470,R_hip_roll,0.012964,0.001945,0.000943,-0.687335
6470,R_hip_yaw,0.017174,0.004294,0.008588,-0.477668
6470,R_hip_pitch,0.571027,0.272757,0.191884,8.895564
6470,R_knee,0.623932,0.475983,0.453285,1.254136
6470,R_foot_pitch,-1.852336,-0.375234,-0.349771,-1.406911
6470,R_foot_roll,-0.168856,-0.016886,-0.023970,0.460827
6480,L_hip_roll,1.129863,0.169479,-0.033775,40.715009
6480,L_hip_yaw,-0.071594,-0.017898,0.018117,-4.298797
6480,L_hip_pitch,0.213866,-0.076534,-0.167819,10.228192
6480,L_knee,0.452476,-0.206881,-0.257314,7.679589
6480,L_foot_pitch,-0.468891,0.143111,0.090493,3.994545
6480,L_foot_roll,0.813664,0.081366,0.031086,3.913014
6480,R_hip_roll,0.003506,0.000526,0.004115,-1.718926
6480,R_hip_yaw,0.021188,0.005297,0.007282,-0.055627
6480,R_hip_pitch,0.648115,0.292029,0.201232,9.905453
6480,R_knee,0.710431,0.497608,0.464544,2.432404
6480,R_foot_pitch,-2.083163,-0.398316,-0.354433,-3.249984
6480,R_foot_roll,-0.193421,-0.019342,-0.021480,-0.142678
6490,L_hip_roll,1.144259,0.171639,-0.033757,41.055432
6490,L_hip_yaw,-0.067068,-0.016767,0.017957,-4.148621
6490,L_hip_pitch,0.144138,-0.093966,-0.160848,7.359269
6490,L_knee,0.469477,-0.202631,-0.253126,8.013724
6490,L_foot_pitch,-0.390525,0.150948,0.092891,4.386783
6490,L_foot_roll,0.860956,0.086096,0.031453,4.269856
6490,R_hip_roll,-0.017572,-0.002636,0.007638,-3.140274
6490,R_hip_yaw,0.040177,0.010044,0.005429,0.720532
6490,R_hip_pitch,0.690628,0.302657,0.212913,9.522657
6490,R_knee,0.780472,0.515118,0.479213,1.747272
6490,R_foot_pitch,-2.234614,-0.413461,-0.355928,-4.522909
6490,R_foot_roll,-0.171666,-0.017167,-0.019145,-0.008571
6500,L_hip_roll,1.173369,0.176005,-0.033445,41.764637
6500,L_hip_yaw,-0.047940,-0.011985,0.017784,-3.548338
6500,L_hip_pitch,0.160898,-0.089775,-0.155010,7.304207
6500,L_knee,0.490395,-0.197401,-0.250624,9.091400
6500,L_foot_pitch,-0.252716,0.164728,0.095993,5.166781
6500,L_foot_roll,0.973632,0.097363,0.031817,5.170182
6500,R_hip_roll,-0.048763,-0.007314,0.011304,-4.824726
6500,R_hip_yaw,0.026842,0.006710,0.005363,0.046907
6500,R_hip_pitch,0.781886,0.325471,0.226942,10.364146
6500,R_knee,0.897405,0.544351,0.496943,3.137257
6500,R_foot_pitch,-2.380872,-0.428087,-0.356446,-5.698598
6500,R_foot_roll,-0.112984,-0.011298,-0.017451,0.335530
6510,L_hip_roll,1.232512,0.184877,-0.032951,43.341611
6510,L_hip_yaw,-0.014017,-0.003504,0.017677,-2.533807
6510,L_hip_pitch,0.123525,-0.099119,-0.150303,5.683162
6510,L_knee,0.522617,-0.189346,-0.249511,10.533019
6510,L_foot_pitch,-0.207384,0.169262,0.099605,5.179684
6510,L_foot_roll,1.048678,0.104868,0.031679,6.079514
6510,R_hip_roll,-0.089673,-0.013451,0.014770,-6.663603
6510,R_hip_yaw,0.021105,0.005276,0.006759,-0.339098
6510,R_hip_pitch,0.813861,0.333465,0.243699,9.010691
6510,R_knee,0.996010,0.569002,0.518202,2.492590
6510,R_foot_pitch,-2.563294,-0.446329,-0.356838,-7.119344
6510,R_foot_roll,-0.116108,-0.011611,-0.014571,-0.101311
6520,L_hip_roll,1.352624,0.202894,-0.032545,46.989333
6520,L_hip_yaw,-0.026073,-0.006518,0.017699,-2.908242
6520,L_hip_pitch,0.105242,-0.103690,-0.146197,4.698578
6520,L_knee,0.526451,-0.188387,-0.249029,10.807974
6520,L_foot_pitch,-0.300933,0.159907,0.103394,4.147168
6520,L_foot_roll,1.202794,0.120279,0.031798,7.009506
6520,R_hip_roll,-0.040811,-0.006122,0.017723,-5.577519
6520,R_hip_yaw,0.044557,0.011139,0.008083,0.248824
6520,R_hip_pitch,0.820201,0.335050,0.262723,6.750323
6520,R_knee,1.107831,0.596958,0.542265,2.671322
6520,R_foot_pitch,-2.714870,-0.461487,-0.357447,-8.253961
6520,R_foot_roll,-0.115014,-0.011501,-0.011499,-0.259435
6530,L_hip_roll,1.280527,0.192079,-0.031745,44.550952
6530,L_hip_yaw,-0.007307,-0.001827,0.017571,-2.319646
6530,L_hip_pitch,0.071768,-0.112058,-0.142070,3.228549
6530,L_knee,0.583134,-0.174216,-0.248554,13.489136
6530,L_foot_pitch,-0.251315,0.164868,0.107809,4.187685
6530,L_foot_roll,1.271895,0.127189,0.031001,7.649056
6530,R_hip_roll,-0.036162,-0.005424,0.020482,-5.950220
6530,R_hip_yaw,0.064136,0.016034,0.010185,0.440462
6530,R_hip_pitch,0.909828,0.357457,0.282616,7.024643
6530,R_knee,1.175439,0.613860,0.567103,1.234497
6530,R_foot_pitch,-2.773101,-0.467310,-0.358341,-8.621585
6530,R_foot_roll,-0.057183,-0.005718,-0.009731,0.204072
6540,L_hip_roll,1.299600,0.194940,-0.031033,44.977369
6540,L_hip_yaw,0.036333,0.009083,0.017506,-1.001221
6540,L_hip_pitch,0.005345,-0.128664,-0.137844,0.637873
6540,L_knee,0.624504,-0.163874,-0.247938,14.761643
6540,L_foot_pitch,-0.047793,0.185221,0.111210,5.601303
6540,L_foot_roll,1.360896,0.136090,0.031167,8.356354
6540,R_hip_roll,0.030344,0.004552,0.022656,-4.189360
6540,R_hip_yaw,0.054815,0.013704,0.014131,-0.521371
6540,R_hip_pitch,0.925932,0.361483,0.302427,5.154905
6540,R_knee,1.260647,0.635162,0.590828,1.312739
6540,R_foot_pitch,-2.822519,-0.472252,-0.359344,-8.934686
6540,R_foot_roll,0.006481,0.000648,-0.007497,0.388158
6550,L_hip_roll,1.357377,0.203607,-0.030048,46.418599
6550,L_hip_yaw,0.077196,0.019299,0.017446,0.231015
6550,L_hip_pitch,-0.009221,-0.132305,-0.132932,-0.428454
6550,L_knee,0.615520,-0.166120,-0.246219,13.860623
6550,L_foot_pitch,-0.016463,0.188354,0.114483,5.603271
6550,L_foot_roll,1.447798,0.144780,0.030413,9.124654
6550,R_hip_roll,-0.065391,-0.009809,0.024557,-7.440465
6550,R_hip_yaw,0.065565,0.016391,0.018321,-0.589886
6550,R_hip_pitch,0.948448,0.367112,0.321668,3.595390
6550,R_knee,1.313867,0.648467,0.612362,0.550853
6550,R_foot_pitch,-2.854342,-0.475434,-0.360310,-9.118416
6550,R_foot_roll,0.008825,0.000883,-0.003587,-0.071588
6560,L_hip_roll,1.378564,0.206785,-0.028759,46.723232
6560,L_hip_yaw,0.105104,0.026276,0.017405,1.069496
6560,L_hip_pitch,-0.075132,-0.148783,-0.127860,-3.011214
6560,L_knee,0.631784,-0.162054,-0.244435,14.367203
6560,L_foot_pitch,-0.039124,0.186088,0.117769,5.175127
6560,L_foot_roll,1.529378,0.152938,0.029799,9.742330
6560,R_hip_roll,-0.091740,-0.013761,0.026303,-8.489426
6560,R_hip_yaw,0.063791,0.015948,0.021918,-1.057389
6560,R_hip_pitch,0.962989,0.370747,0.339634,2.032347
6560,R_knee,1.385063,0.666266,0.630574,1.603879
6560,R_foot_pitch,-2.918063,-0.481806,-0.361174,-9.570813
6560,R_foot_roll,0.029302,0.002930,0.000449,-0.150623
6570,L_hip_roll,1.408398,0.211260,-0.027165,47.165180
6570,L_hip_yaw,0.141744,0.035436,0.017370,2.175493
6570,L_hip_pitch,-0.110980,-0.157745,-0.123069,-4.622936
6570,L_knee,0.659765,-0.155059,-0.243290,15.645904
6570,L_foot_pitch,0.009641,0.190964,0.121605,5.129296
6570,L_foot_roll,1.551129,0.155113,0.028810,10.235801
6570,R_hip_roll,-0.089338,-0.013401,0.027724,-8.606607
6570,R_hip_yaw,0.056269,0.014067,0.024815,-1.529488
6570,R_hip_pitch,0.957114,0.369278,0.356276,-0.032355
6570,R_knee,1.418286,0.674571,0.645617,1.171952
6570,R_foot_pitch,-2.916035,-0.481604,-0.361969,-9.494846
6570,R_foot_roll,0.068896,0.006890,0.003509,0.019996
6580,L_hip_roll,1.333865,0.200080,-0.025261,44.402464
6580,L_hip_yaw,0.156880,0.039220,0.017342,2.627650
6580,L_hip_pitch,-0.157718,-0.169430,-0.118427,-6.603650
6580,L_knee,0.680348,-0.149913,-0.242573,16.431990
6580,L_foot_pitch,0.024183,0.192418,0.125680,4.912108
6580,L_foot_roll,1.527081,0.152708,0.027607,10.274331
6580,R_hip_roll,-0.103417,-0.015513,0.028873,-9.214907
6580,R_hip_yaw,0.057730,0.014432,0.026253,-1.492503
6580,R_hip_pitch,0.944361,0.366090,0.371196,-1.996889
6580,R_knee,1.435661,0.678915,0.657183,1.027675
6580,R_foot_pitch,-2.900008,-0.480001,-0.362653,-9.326225
6580,R_foot_roll,0.091965,0.009197,0.006245,-0.024425
6590,L_hip_roll,1.260664,0.189100,-0.023183,41.778492
6590,L_hip_yaw,0.171389,0.042847,0.017298,3.072305
6590,L_hip_pitch,-0.181934,-0.175484,-0.113617,-7.928507
6590,L_knee,0.685747,-0.148563,-0.241923,16.551632
6590,L_foot_pitch,-0.011694,0.188831,0.129898,4.278774
6590,L_foot_roll,1.448455,0.144846,0.026383,9.727626
6590,R_hip_roll,-0.049671,-0.007451,0.029595,-7.566583
6590,R_hip_yaw,0.053694,0.013423,0.026378,-1.528515
6590,R_hip_pitch,0.951007,0.367752,0.383686,-3.040052
6590,R_knee,1.447917,0.681979,0.664458,1.574307
6590,R_foot_pitch,-2.832184,-0.473218,-0.363169,-8.759807
6590,R_foot_roll,0.129981,0.012998,0.009016,0.059741
6600,L_hip_roll,1.215418,0.182313,-0.021060,40.061565
6600,L_hip_yaw,0.180294,0.045074,0.017223,3.349795
6600,L_hip_pitch,-0.196644,-0.179161,-0.108690,-8.944885
6600,L_knee,0.688399,-0.147900,-0.241341,16.682924
6600,L_foot_pitch,-0.059379,0.184062,0.134183,3.591398
6600,L_foot_roll,1.390610,0.139061,0.025194,9.116191
6600,R_hip_roll,-0.021117,-0.003168,0.029823,-6.601036
6600,R_hip_yaw,0.050319,0.012580,0.025298,-1.365246
6600,R_hip_pitch,0.953434,0.368358,0.393737,-3.946723
6600,R_knee,1.448685,0.682171,0.667771,2.069456
6600,R_foot_pitch,-2.751724,-0.465172,-0.363454,-8.118641
6600,R_foot_roll,0.147669,0.014767,0.011930,-0.056467
6610,L_hip_roll,1.168146,0.175222,-0.018912,38.186467
6610,L_hip_yaw,0.185926,0.046481,0.017129,3.533230
6610,L_hip_pitch,-0.202173,-0.180543,-0.103787,-9.695004
6610,L_knee,0.678440,-0.150390,-0.240975,16.252481
6610,L_foot_pitch,-0.170014,0.172999,0.138722,2.255199
6610,L_foot_roll,1.312307,0.131231,0.023697,8.774360
6610,R_hip_roll,-0.014607,-0.002191,0.029649,-6.255543
6610,R_hip_yaw,0.054970,0.013743,0.023095,-0.869027
6610,R_hip_pitch,0.963147,0.370787,0.401614,-4.396220
6610,R_knee,1.413070,0.673267,0.667911,1.281568
6610,R_foot_pitch,-2.686764,-0.458676,-0.363478,-7.622652
6610,R_foot_roll,0.133854,0.013385,0.014593,-0.328568
6620,L_hip_roll,1.106071,0.165911,-0.016778,35.852925
6620,L_hip_yaw,0.193527,0.048382,0.017032,3.770533
6620,L_hip_pitch,-0.179500,-0.174875,-0.099032,-9.579968
6620,L_knee,0.662631,-0.154342,-0.240894,15.538931
6620,L_foot_pitch,-0.276829,0.162317,0.143431,1.018893
6620,L_foot_roll,1.184599,0.118460,0.022014,8.040217
6620,R_hip_roll,-0.005844,-0.000877,0.028998,-5.722478
6620,R_hip_yaw,0.051115,0.012779,0.020790,-0.761901
6620,R_hip_pitch,0.957692,0.369423,0.407259,-5.011395
6620,R_knee,1.361016,0.660254,0.664714,0.565197
6620,R_foot_pitch,-2.606077,-0.450608,-0.363275,-7.013286
6620,R_foot_roll,0.108541,0.010854,0.015917,-0.467229
6630,L_hip_roll,1.023614,0.153542,-0.014775,33.089248
6630,L_hip_yaw,0.193195,0.048299,0.016942,3.773179
6630,L_hip_pitch,-0.160717,-0.170179,-0.094393,-9.550643
6630,L_knee,0.641981,-0.159505,-0.241059,14.797342
6630,L_foot_pitch,-0.414010,0.148599,0.148184,-0.495950
6630,L_foot_roll,1.053316,0.105332,0.020683,6.929284
6630,R_hip_roll,0.025033,0.003755,0.027751,-4.329599
6630,R_hip_yaw,0.051976,0.012994,0.019049,-0.579454
6630,R_hip_pitch,0.953883,0.368471,0.410317,-5.220482
6630,R_knee,1.297239,0.644310,0.657480,0.259843
6630,R_foot_pitch,-2.486365,-0.438637,-0.362883,-6.104421
6630,R_foot_roll,0.084845,0.008485,0.015236,-0.399372
6640,L_hip_roll,0.900183,0.135027,-0.012834,29.139038
6640,L_hip_yaw,0.189420,0.047355,0.016855,3.669802
6640,L_hip_pitch,-0.087215,-0.151804,-0.089668,-7.882846
6640,L_knee,0.610070,-0.167483,-0.241186,13.480844
6640,L_foot_pitch,-0.583875,0.131612,0.153422,-2.143966
6640,L_foot_roll,0.877720,0.087772,0.018753,5.409950
6640,R_hip_roll,0.051582,0.007737,0.025970,-2.979567
6640,R_hip_yaw,0.051509,0.012877,0.017878,-0.496633
6640,R_hip_pitch,0.960334,0.370084,0.410682,-4.810850
6640,R_knee,1.191144,0.617786,0.646075,-1.252715
6640,R_foot_pitch,-2.349915,-0.424992,-0.362290,-5.081117
6640,R_foot_roll,0.041897,0.004190,0.012855,-0.422536
6650,L_hip_roll,0.783748,0.117562,-0.011336,25.393240
6650,L_hip_yaw,0.181930,0.045482,0.016747,3.457971
6650,L_hip_pitch,-0.035200,-0.138800,-0.084917,-6.952627
6650,L_knee,0.571038,-0.177241,-0.241468,11.632579
6650,L_foot_pitch,-0.771995,0.112800,0.158379,-4.188465
6650,L_foot_roll,0.666312,0.066631,0.017092,4.148771
6650,R_hip_roll,0.128607,0.019291,0.023504,-0.009470
6650,R_hip_yaw,0.050205,0.012551,0.016971,-0.442522
6650,R_hip_pitch,0.954186,0.368547,0.408048,-4.367358
6650,R_knee,1.053726,0.583431,0.629850,-3.004339
6650,R_foot_pitch,-2.152182,-0.405218,-0.361470,-3.587382
6650,R_foot_roll,-0.022217,-0.002222,0.009119,-0.507527
6660,L_hip_roll,0.568495,0.085274,-0.010161,18.727811
6660,L_hip_yaw,0.166837,0.041709,0.016631,3.016896
6660,L_hip_pitch,0.059578,-0.115105,-0.079755,-4.813654
6660,L_knee,0.528961,-0.187760,-0.241439,9.425851
6660,L_foot_pitch,-1.012622,0.088738,0.163726,-6.661127
6660,L_foot_roll,0.417674,0.041767,0.015291,2.262649
6660,R_hip_roll,0.207613,0.031142,0.020748,2.862918
6660,R_hip_yaw,0.048199,0.012050,0.015605,-0.259085
6660,R_hip_pitch,0.932410,0.363103,0.401966,-3.946329
6660,R_knee,0.873798,0.538450,0.607658,-5.258462
6660,R_foot_pitch,-1.887253,-0.378725,-0.360359,-1.587940
6660,R_foot_roll,-0.132004,-0.013200,0.003657,-0.764540
6670,L_hip_roll,0.287773,0.043166,-0.009459,10.353251
6670,L_hip_yaw,0.142586,0.035646,0.016489,2.308314
6670,L_hip_pitch,0.182319,-0.084420,-0.074034,-1.888407
6670,L_knee,0.462328,-0.204418,-0.240984,6.188840
6670,L_foot_pitch,-1.318620,0.058138,0.168828,-9.475701
6670,L_foot_roll,0.130983,0.013098,0.013444,0.150144
6670,R_hip_roll,0.352136,0.052820,0.017955,7.772523
6670,R_hip_yaw,0.042403,0.010601,0.012942,0.040709
6670,R_hip_pitch,0.891381,0.352845,0.391765,-3.519705
6670,R_knee,0.631129,0.477782,0.577927,-8.430257
6670,R_foot_pitch,-1.563335,-0.346334,-0.358855,0.841181
6670,R_foot_roll,-0.303812,-0.030381,-0.004560,-1.178049
6680,L_hip_roll,-0.140254,-0.021038,-0.009394,-2.251481
6680,L_hip_yaw,0.121920,0.030480,0.016284,1.722374
6680,L_hip_pitch,0.312061,-0.051985,-0.067299,1.113622
6680,L_knee,0.384676,-0.223831,-0.239773,2.396894
6680,L_foot_pitch,-1.616199,0.028380,0.173692,-12.218091
6680,L_foot_roll,-0.209806,-0.020981,0.011624,-2.439813
6680,R_hip_roll,0.535921,0.080388,0.015458,13.681333
6680,R_hip_yaw,0.032345,0.008086,0.008061,0.588254
6680,R_hip_pitch,0.807256,0.331814,0.376341,-3.634249
6680,R_knee,0.315004,0.398751,0.538098,-12.198300
6680,R_foot_pitch,-1.160983,-0.306098,-0.353231,3.060889
6680,R_foot_roll,-0.582730,-0.058273,-0.017334,-1.891657
6690,L_hip_roll,-0.673342,-0.101001,-0.010192,-17.712458
6690,L_hip_yaw,0.110770,0.027692,0.015952,1.442119
6690,L_hip_pitch,0.372076,-0.036981,-0.059268,1.859676
6690,L_knee,0.287296,-0.248176,-0.237937,-2.290819
6690,L_foot_pitch,-1.793211,0.010679,0.178874,-13.933006
6690,L_foot_roll,-0.513888,-0.051389,0.009874,-4.794668
6690,R_hip_roll,0.697375,0.104606,0.013622,18.737155
6690,R_hip_yaw,0.032691,0.008173,0.000075,1.890149
6690,R_hip_pitch,0.601679,0.280420,0.354216,-6.433397
6690,R_knee,-0.053303,0.306674,0.484519,-14.675142
6690,R_foot_pitch,-0.713346,-0.261335,-0.335026,3.604010
6690,R_foot_roll,-0.993410,-0.099341,-0.037479,-2.766106
6700,L_hip_roll,-0.860489,-0.129073,-0.012051,-23.080485
6700,L_hip_yaw,0.045935,0.011484,0.015427,-0.469726
6700,L_hip_pitch,0.258426,-0.065394,-0.050718,-2.597255
6700,L_knee,0.321271,-0.239682,-0.237102,-0.635780
6700,L_foot_pitch,-1.538490,0.036151,0.184225,-12.332586
6700,L_foot_roll,-0.660851,-0.066085,0.007859,-5.692365
6700,R_hip_roll,0.717491,0.107624,0.012053,19.614950
6700,R_hip_yaw,0.065925,0.016481,-0.008433,3.223815
6700,R_hip_pitch,0.327168,0.211792,0.326010,-11.554969
6700,R_knee,-0.356326,0.230919,0.420746,-21.933487
6700,R_foot_pitch,-0.428262,-0.232826,-0.286945,-6.060456
6700,R_foot_roll,-1.623826,-0.162383,-0.060351,-8.614321
6710,L_hip_roll,-0.883680,-0.132552,-0.012416,-24.044022
6710,L_hip_yaw,0.022370,0.005593,0.014878,-1.029331
6710,L_hip_pitch,0.081232,-0.109692,-0.041683,-9.084025
6710,L_knee,0.224052,-0.263987,-0.236865,-4.810951
6710,L_foot_pitch,-0.774599,0.112540,0.188905,-6.552403
6710,L_foot_roll,-0.207712,-0.020771,0.005257,-1.831592
6710,R_hip_roll,0.029583,0.004437,0.012006,-1.801497
6710,R_hip_yaw,0.214530,0.053633,-0.009371,7.613958
6710,R_hip_pitch,0.290502,0.202626,0.299768,-8.850721
6710,R_knee,-0.459046,0.205238,0.373351,-15.745824
6710,R_foot_pitch,-0.115617,-0.201562,-0.177904,-12.328026
6710,R_foot_roll,-2.010969,-0.201097,-0.068595,-9.014173
6720,L_hip_roll,-0.340191,-0.051029,-0.012752,-7.431069
6720,L_hip_yaw,-0.061486,-0.015372,0.013897,-3.415977
6720,L_hip_pitch,-0.198978,-0.179744,-0.036384,-17.451890
6720,L_knee,0.017958,-0.315511,-0.242987,-10.023745
6720,L_foot_pitch,0.224455,0.212446,0.193377,1.085792
6720,L_foot_roll,0.479031,0.047903,0.003573,3.711616
6720,R_hip_roll,-0.449426,-0.067414,0.013139,-16.410465
6720,R_hip_yaw,0.237173,0.059293,-0.010272,8.492782
6720,R_hip_pitch,0.303843,0.205961,0.272924,-5.523478
6720,R_knee,-0.432397,0.211901,0.327325,-8.022791
6720,R_foot_pitch,0.256445,-0.164356,-0.079117,-14.450000
6720,R_foot_roll,-1.866688,-0.186669,-0.090932,-5.110725
6730,L_hip_roll,-0.358478,-0.053772,-0.012818,-8.573372
6730,L_hip_yaw,-0.099911,-0.024978,0.007872,-2.919120
6730,L_hip_pitch,-0.179716,-0.174929,-0.043789,-14.373874
6730,L_knee,-0.101180,-0.345295,-0.267569,-4.301896
6730,L_foot_pitch,0.745220,0.264522,0.203290,3.919203
6730,L_foot_roll,0.730530,0.073053,0.015001,2.790764
6730,R_hip_roll,-0.828787,-0.124318,0.013440,-27.651768
6730,R_hip_yaw,0.061129,0.015282,-0.011144,3.123371
6730,R_hip_pitch,0.074183,0.148546,0.257681,-12.376674
6730,R_knee,-0.477384,0.200654,0.304170,-16.456472
6730,R_foot_pitch,0.648570,-0.125143,-0.038865,-6.717701
6730,R_foot_roll,-1.560824,-0.156082,-0.088406,-7.955072
6740,L_hip_roll,-0.072724,-0.010909,-0.012294,0.247636
6740,L_hip_yaw,-0.081882,-0.020470,-0.007862,0.330127
6740,L_hip_pitch,-0.167373,-0.171843,-0.061439,-11.322721
6740,L_knee,-0.211911,-0.372978,-0.306780,0.394183
6740,L_foot_pitch,1.046987,0.294699,0.224084,3.152263
6740,L_foot_roll,0.909595,0.090959,0.041947,0.988121
6740,R_hip_roll,-0.887941,-0.133191,0.013382,-29.262029
6740,R_hip_yaw,-0.021024,-0.005256,-0.011455,0.809288
6740,R_hip_pitch,-0.014845,0.126289,0.249152,-13.815295
6740,R_knee,-0.404735,0.218816,0.293691,-9.796790
6740,R_foot_pitch,1.003628,-0.089637,-0.038892,-4.154830
6740,R_foot_roll,-1.268666,-0.126867,-0.058158,-8.685375
6750,L_hip_roll,0.002068,0.000310,-0.011776,2.141666
6750,L_hip_yaw,-0.098711,-0.024678,-0.023745,1.194196
6750,L_hip_pitch,-0.127146,-0.161787,-0.081484,-7.691803
6750,L_knee,-0.286942,-0.391735,-0.348638,4.119648
6750,L_foot_pitch,1.181802,0.308180,0.255287,1.048919
6750,L_foot_roll,0.928192,0.092819,0.071744,-1.036600
6750,R_hip_roll,-1.072543,-0.160881,0.013385,-34.941657
6750,R_hip_yaw,-0.061375,-0.015344,-0.012504,-0.225914
6750,R_hip_pitch,0.045962,0.141491,0.238911,-10.622977
6750,R_knee,-0.485102,0.198725,0.280006,-10.410070
6750,R_foot_pitch,1.016239,-0.088376,-0.037209,-4.277519
6750,R_foot_roll,-1.188647,-0.118865,-0.024600,-10.832183
6760,L_hip_roll,-0.225208,-0.033781,-0.008599,-6.158788
6760,L_hip_yaw,-0.118544,-0.029636,-0.032857,1.014604
6760,L_hip_pitch,-0.079142,-0.149785,-0.099750,-4.371606
6760,L_knee,-0.350195,-0.407549,-0.383591,4.615723
6760,L_foot_pitch,1.214315,0.311431,0.285127,-0.492779
6760,L_foot_roll,0.861675,0.086168,0.092289,-1.973054
6760,R_hip_roll,-1.114615,-0.167192,0.018052,-38.563919
6760,R_hip_yaw,-0.087979,-0.021995,-0.012955,-1.057338
6760,R_hip_pitch,0.107343,0.156836,0.231849,-8.293358
6760,R_knee,-0.604860,0.168785,0.271738,-16.159741
6760,R_foot_pitch,1.057474,-0.084253,-0.037441,-3.752625
6760,R_foot_roll,-1.151995,-0.115199,-0.026288,-6.929557
6770,L_hip_roll,-0.248111,-0.037217,-0.005347,-7.174834
6770,L_hip_yaw,-0.112065,-0.028016,-0.037457,1.442211
6770,L_hip_pitch,-0.101594,-0.155399,-0.113533,-3.874429
6770,L_knee,-0.396364,-0.419091,-0.407290,3.368898
6770,L_foot_pitch,1.284201,0.318420,0.304962,-0.350471
6770,L_foot_roll,0.844420,0.084442,0.099260,-1.349445
6770,R_hip_roll,-1.054855,-0.158228,0.022764,-37.489907
6770,R_hip_yaw,-0.084684,-0.021171,-0.013217,-0.930403
6770,R_hip_pitch,0.114054,0.158513,0.223056,-6.739376
6770,R_knee,-0.634535,0.161366,0.261775,-14.641322
6770,R_foot_pitch,1.071774,-0.082823,-0.037253,-3.718097
6770,R_foot_roll,-1.104984,-0.110498,-0.027996,-6.431561
6780,L_hip_roll,-0.157759,-0.023664,-0.003477,-4.368384
6780,L_hip_yaw,-0.123189,-0.030797,-0.038184,0.784205
6780,L_hip_pitch,-0.143567,-0.165892,-0.123302,-4.280449
6780,L_knee,-0.397499,-0.419375,-0.421307,3.454746
6780,L_foot_pitch,1.346497,0.324650,0.315022,0.114469
6780,L_foot_roll,0.768175,0.076818,0.096686,-1.105768
6780,R_hip_roll,-1.013006,-0.151951,0.026563,-36.696740
6780,R_hip_yaw,-0.049118,-0.012280,-0.013451,0.161067
6780,R_hip_pitch,0.022075,0.135519,0.211948,-8.003685
6780,R_knee,-0.620240,0.164940,0.249040,-11.145561
6780,R_foot_pitch,1.298043,-0.060196,-0.036016,-2.077685
6780,R_foot_roll,-1.016114,-0.101611,-0.029550,-5.619752
6790,L_hip_roll,-0.120810,-0.018121,-0.002978,-3.002267
6790,L_hip_yaw,-0.118494,-0.029623,-0.036201,0.532306
6790,L_hip_pitch,-0.254266,-0.193566,-0.130086,-7.052524
6790,L_knee,-0.437110,-0.429278,-0.428033,0.954078
6790,L_foot_pitch,1.360493,0.326049,0.319681,0.197044
6790,L_foot_roll,0.636584,0.063658,0.088846,-1.127168
6790,R_hip_roll,-1.148728,-0.172309,0.029480,-41.119629
6790,R_hip_yaw,0.010997,0.002749,-0.013591,1.968955
6790,R_hip_pitch,-0.061433,0.114642,0.199533,-8.918235
6790,R_knee,-0.620488,0.164878,0.234983,-8.372871
6790,R_foot_pitch,1.521746,-0.037825,-0.034261,-0.459629
6790,R_foot_roll,-1.025064,-0.102506,-0.030788,-5.622247
6800,L_hip_roll,-0.038497,-0.005775,-0.003793,0.026042
6800,L_hip_yaw,-0.113673,-0.028418,-0.033039,0.211571
6800,L_hip_pitch,-0.218994,-0.184748,-0.136211,-5.182441
6800,L_knee,-0.458045,-0.434511,-0.431843,0.551147
6800,L_foot_pitch,1.434611,0.333461,0.321884,0.786943
6800,L_foot_roll,0.540835,0.054084,0.077153,-0.619689
6800,R_hip_roll,-1.118446,-0.167767,0.031414,-40.297185
6800,R_hip_yaw,-0.015689,-0.003922,-0.013505,1.143027
6800,R_hip_pitch,-0.042534,0.119367,0.186928,-6.900324
6800,R_knee,-0.706970,0.143258,0.220786,-9.910364
6800,R_foot_pitch,1.440466,-0.045953,-0.032710,-1.245880
6800,R_foot_roll,-1.104350,-0.110435,-0.031803,-6.220915
6810,L_hip_roll,0.048832,0.007325,-0.005488,3.167246
6810,L_hip_yaw,-0.102631,-0.025658,-0.029605,0.152268
6810,L_hip_pitch,-0.223737,-0.185934,-0.142763,-4.520948
6810,L_knee,-0.509482,-0.447370,-0.435004,-1.411367
6810,L_foot_pitch,1.456937,0.335694,0.324505,0.580754
6810,L_foot_roll,0.432869,0.043287,0.063946,-0.403850
6810,R_hip_roll,-1.296046,-0.194407,0.032722,-45.741988
6810,R_hip_yaw,-0.040959,-0.010240,-0.013431,0.372571
6810,R_hip_pitch,-0.049565,0.117609,0.174529,-5.593912
6810,R_knee,-0.707653,0.143087,0.206728,-7.245930
6810,R_foot_pitch,1.440842,-0.045916,-0.030654,-1.423781
6810,R_foot_roll,-1.195886,-0.119589,-0.032506,-6.904878
6820,L_hip_roll,0.027100,0.004065,-0.007887,3.218828
6820,L_hip_yaw,-0.085700,-0.021425,-0.026483,0.324064
6820,L_hip_pitch,-0.271912,-0.197978,-0.150255,-4.927079
6820,L_knee,-0.541181,-0.455295,-0.438941,-1.620334
6820,L_foot_pitch,1.593495,0.349350,0.328392,1.282908
6820,L_foot_roll,0.379214,0.037921,0.051110,0.124747
6820,R_hip_roll,-1.374228,-0.206134,0.033323,-47.952162
6820,R_hip_yaw,-0.043677,-0.010919,-0.013382,0.291602
6820,R_hip_pitch,-0.163073,0.089232,0.162920,-7.759480
6820,R_knee,-0.688561,0.147860,0.193810,-4.756437
6820,R_foot_pitch,1.566645,-0.033335,-0.029099,-0.443836
6820,R_foot_roll,-1.277543,-0.127754,-0.032996,-7.545785
6830,L_hip_roll,0.160551,0.024083,-0.011135,8.142589
6830,L_hip_yaw,-0.077811,-0.019453,-0.023360,0.162056
6830,L_hip_pitch,-0.335684,-0.213921,-0.159003,-5.684571
6830,L_knee,-0.579761,-0.464940,-0.444778,-1.742289
6830,L_foot_pitch,1.577683,0.347768,0.335212,0.210715
6830,L_foot_roll,0.338670,0.033867,0.040806,0.287521
6830,R_hip_roll,-1.360314,-0.204047,0.033010,-47.185927
6830,R_hip_yaw,-0.034482,-0.008621,-0.013429,0.585126
6830,R_hip_pitch,-0.163436,0.089141,0.152758,-6.681032
6830,R_knee,-0.679179,0.150205,0.183388,-3.221179
6830,R_foot_pitch,1.632729,-0.026727,-0.028625,0.161568
6830,R_foot_roll,-1.282086,-0.128209,-0.033169,-7.601499
6840,L_hip_roll,0.128343,0.019251,-0.014767,7.887901
6840,L_hip_yaw,-0.062666,-0.015667,-0.020382,0.303396
6840,L_hip_pitch,-0.351137,-0.217784,-0.169266,-4.738912
6840,L_knee,-0.617383,-0.474346,-0.452690,-1.379701
6840,L_foot_pitch,1.581560,0.348156,0.342341,-0.122115
6840,L_foot_roll,0.295506,0.029551,0.033737,0.224097
6840,R_hip_roll,-1.424205,-0.213631,0.032009,-48.762844
6840,R_hip_yaw,-0.058249,-0.014562,-0.013549,-0.110094
6840,R_hip_pitch,-0.119290,0.100177,0.144399,-4.562768
6840,R_knee,-0.764429,0.128893,0.175993,-6.704318
6840,R_foot_pitch,1.523374,-0.037663,-0.029441,-0.514303
6840,R_foot_roll,-1.348854,-0.134885,-0.033076,-8.164391
6850,L_hip_roll,0.113201,0.016980,-0.018320,8.112313
6850,L_hip_yaw,-0.036659,-0.009165,-0.017740,0.790023
6850,L_hip_pitch,-0.373772,-0.223443,-0.180836,-3.934138
6850,L_knee,-0.647243,-0.481811,-0.461777,-0.931884
6850,L_foot_pitch,1.712819,0.361282,0.346409,0.940120
6850,L_foot_roll,0.193234,0.019323,0.029037,-0.403256
6850,R_hip_roll,-1.338332,-0.200750,0.030575,-45.776696
6850,R_hip_yaw,-0.064118,-0.016030,-0.013760,-0.247801
6850,R_hip_pitch,-0.122468,0.099383,0.137322,-3.876188
6850,R_knee,-0.820736,0.114816,0.170492,-8.508490
6850,R_foot_pitch,1.316775,-0.058322,-0.031024,-2.007688
6850,R_foot_roll,-1.379842,-0.137984,-0.032787,-8.454987
6860,L_hip_roll,0.159114,0.023867,-0.021473,9.941114
6860,L_hip_yaw,-0.032317,-0.008079,-0.014530,0.423978
6860,L_hip_pitch,-0.407127,-0.231782,-0.192798,-3.500689
6860,L_knee,-0.692422,-0.493106,-0.470862,-1.452517
6860,L_foot_pitch,1.776323,0.367632,0.350702,0.901522
6860,L_foot_roll,0.064294,0.006429,0.023775,-0.819185
6860,R_hip_roll,-1.309181,-0.196377,0.028976,-44.583717
6860,R_hip_yaw,-0.055089,-0.013772,-0.014076,0.070459
6860,R_hip_pitch,-0.105500,0.103625,0.130294,-2.483705
6860,R_knee,-0.792274,0.121932,0.165057,-6.094807
6860,R_foot_pitch,1.221523,-0.067848,-0.032664,-2.655418
6860,R_foot_roll,-1.348964,-0.134896,-0.032409,-8.244128
6870,L_hip_roll,0.164796,0.024719,-0.023915,10.353745
6870,L_hip_yaw,-0.048033,-0.012008,-0.011212,-0.387113
6870,L_hip_pitch,-0.423022,-0.235755,-0.205058,-2.456043
6870,L_knee,-0.725357,-0.501339,-0.479749,-1.325692
6870,L_foot_pitch,1.721413,0.362141,0.353296,0.568716
6870,L_foot_roll,-0.051529,-0.005153,0.015104,-0.657663
6870,R_hip_roll,-1.363513,-0.204527,0.027356,-45.886210
6870,R_hip_yaw,-0.069680,-0.017420,-0.014389,-0.337738
6870,R_hip_pitch,-0.077161,0.110710,0.124027,-1.036934
6870,R_knee,-0.792165,0.121959,0.160891,-6.087349
6870,R_foot_pitch,1.190941,-0.070906,-0.034843,-2.621831
6870,R_foot_roll,-1.324077,-0.132408,-0.031905,-8.097427
6880,L_hip_roll,0.136679,0.020502,-0.025558,9.601479
6880,L_hip_yaw,-0.043084,-0.010771,-0.010174,-0.033542
6880,L_hip_pitch,-0.432611,-0.238153,-0.217506,-1.253417
6880,L_knee,-0.770254,-0.512564,-0.488156,-2.073306
6880,L_foot_pitch,1.735856,0.363586,0.353804,0.783924
6880,L_foot_roll,-0.109490,-0.010949,0.003347,0.043381
6880,R_hip_roll,-1.414424,-0.212164,0.025625,-47.015672
6880,R_hip_yaw,-0.093605,-0.023401,-0.014637,-1.031137
6880,R_hip_pitch,-0.059730,0.115067,0.119470,-0.143520
6880,R_knee,-0.816051,0.115987,0.159504,-7.783058
6880,R_foot_pitch,1.139123,-0.076088,-0.038170,-2.648595
6880,R_foot_roll,-1.344576,-0.134458,-0.031205,-8.337234
6890,L_hip_roll,0.093720,0.014058,-0.026530,8.334980
6890,L_hip_yaw,-0.046678,-0.011669,-0.011500,0.172939
6890,L_hip_pitch,-0.425208,-0.236302,-0.229766,0.409439
6890,L_knee,-0.794508,-0.518627,-0.495953,-1.895240
6890,L_foot_pitch,1.710964,0.361096,0.353510,0.651367
6890,L_foot_roll,-0.155348,-0.015535,-0.007810,0.344000
6890,R_hip_roll,-1.371024,-0.205654,0.023704,-45.267005
6890,R_hip_yaw,-0.115969,-0.028992,-0.014885,-1.668391
6890,R_hip_pitch,-0.009052,0.127737,0.116122,1.702008
6890,R_knee,-0.835030,0.111242,0.160248,-9.225307
6890,R_foot_pitch,1.050951,-0.084905,-0.042428,-2.943613
6890,R_foot_roll,-1.325020,-0.132502,-0.030343,-8.266355
6900,L_hip_roll,0.049937,0.007491,-0.027003,6.983114
6900,L_hip_yaw,-0.047085,-0.011771,-0.013878,0.508398
6900,L_hip_pitch,-0.441150,-0.240287,-0.241250,1.201845
6900,L_knee,-0.809929,-0.522482,-0.502622,-1.841091
6900,L_foot_pitch,1.673746,0.357375,0.352984,0.406808
6900,L_foot_roll,-0.181443,-0.018144,-0.015743,0.420775
6900,R_hip_roll,-1.336908,-0.200536,0.021586,-43.764084
6900,R_hip_yaw,-0.133893,-0.033473,-0.015149,-2.173880
6900,R_hip_pitch,0.024633,0.136158,0.113326,3.009836
6900,R_knee,-0.831883,0.112029,0.162246,-9.752539
6900,R_foot_pitch,0.928696,-0.097130,-0.047302,-3.478537
6900,R_foot_roll,-1.304650,-0.130465,-0.029329,-8.199587
6910,L_hip_roll,0.037952,0.005693,-0.027172,6.595418
6910,L_hip_yaw,-0.040222,-0.010056,-0.016176,0.932758
6910,L_hip_pitch,-0.438433,-0.239608,-0.251541,2.394915
6910,L_knee,-0.819684,-0.524921,-0.507593,-1.904360
6910,L_foot_pitch,1.595876,0.349588,0.352410,-0.169561
6910,L_foot_roll,-0.205606,-0.020561,-0.020109,0.251081
6910,R_hip_roll,-1.276846,-0.191527,0.019249,-41.423075
6910,R_hip_yaw,-0.151688,-0.037922,-0.015411,-2.675730
6910,R_hip_pitch,0.056246,0.144061,0.111059,4.169001
6910,R_knee,-0.817851,0.115537,0.165528,-10.136633
6910,R_foot_pitch,0.906539,-0.099346,-0.052834,-3.141697
6910,R_foot_roll,-1.250184,-0.125018,-0.028165,-7.872674
6920,L_hip_roll,-0.000079,-0.000012,-0.027120,5.369514
6920,L_hip_yaw,-0.043560,-0.010890,-0.017222,0.793329
6920,L_hip_pitch,-0.459168,-0.244792,-0.260416,2.688469
6920,L_knee,-0.803697,-0.520924,-0.510608,-1.236560
6920,L_foot_pitch,1.526635,0.342664,0.350907,-0.463973
6920,L_foot_roll,-0.226104,-0.022610,-0.022082,0.082854
6920,R_hip_roll,-1.214479,-0.182172,0.016736,-39.015614
6920,R_hip_yaw,-0.154852,-0.038713,-0.015651,-2.745226
6920,R_hip_pitch,0.070121,0.147530,0.109363,4.736394
6920,R_knee,-0.786521,0.123370,0.170191,-9.963843
6920,R_foot_pitch,0.886947,-0.101305,-0.059049,-2.734673
6920,R_foot_roll,-1.181952,-0.118195,-0.026824,-7.449884
6930,L_hip_roll,-0.053225,-0.007984,-0.026859,3.665238
6930,L_hip_yaw,-0.043891,-0.010973,-0.016976,0.655663
6930,L_hip_pitch,-0.472307,-0.248077,-0.267605,2.982649
6930,L_knee,-0.789744,-0.517436,-0.511111,-1.329800
6930,L_foot_pitch,1.487916,0.338792,0.347148,-0.216290
6930,L_foot_roll,-0.257908,-0.025791,-0.023131,-0.129630
6930,R_hip_roll,-1.143849,-0.171577,0.014102,-36.335972
6930,R_hip_yaw,-0.140466,-0.035117,-0.015841,-2.295603
6930,R_hip_pitch,0.094224,0.153556,0.108304,5.515972
6930,R_knee,-0.786501,0.123375,0.176352,-11.545758
6930,R_foot_pitch,0.849230,-0.105077,-0.066005,-2.402369
6930,R_foot_roll,-1.136561,-0.113656,-0.025320,-7.222848
6940,L_hip_roll,-0.083140,-0.012471,-0.026374,2.595654
6940,L_hip_yaw,-0.039614,-0.009904,-0.015854,0.573074
6940,L_hip_pitch,-0.476083,-0.249021,-0.273056,3.356976
6940,L_knee,-0.765167,-0.511292,-0.509082,-1.270465
6940,L_foot_pitch,1.383740,0.328374,0.341890,-0.561122
6940,L_foot_roll,-0.277931,-0.027793,-0.024455,-0.117630
6940,R_hip_roll,-1.051029,-0.157654,0.011447,-33.036028
6940,R_hip_yaw,-0.149341,-0.037335,-0.015956,-2.557037
6940,R_hip_pitch,0.129109,0.162277,0.107591,6.638105
6940,R_knee,-0.769940,0.127515,0.183419,-12.198299
6940,R_foot_pitch,0.816392,-0.108361,-0.073432,-2.046221
6940,R_foot_roll,-1.054445,-0.105445,-0.023693,-6.706924
6950,L_hip_roll,-0.162040,-0.024306,-0.025603,-0.021455
6950,L_hip_yaw,-0.036299,-0.009075,-0.014024,0.389532
6950,L_hip_pitch,-0.482482,-0.250620,-0.276925,3.484056
6950,L_knee,-0.727556,-0.501889,-0.504774,-0.994809
6950,L_foot_pitch,1.271471,0.317147,0.334963,-0.692531
6950,L_foot_roll,-0.282969,-0.028297,-0.026273,0.021950
6950,R_hip_roll,-1.004626,-0.150694,0.008928,-31.203096
6950,R_hip_yaw,-0.151352,-0.037838,-0.016000,-2.617197
6950,R_hip_pitch,0.127633,0.161908,0.107027,6.641839
6950,R_knee,-0.718267,0.140433,0.190863,-11.316419
6950,R_foot_pitch,0.781556,-0.111844,-0.081069,-1.695990
6950,R_foot_roll,-0.972489,-0.097249,-0.021961,-6.198574
6960,L_hip_roll,-0.179723,-0.026958,-0.024794,-0.664636
6960,L_hip_yaw,-0.026942,-0.006735,-0.011563,0.316148
6960,L_hip_pitch,-0.507229,-0.256807,-0.279288,2.876782
6960,L_knee,-0.680068,-0.490017,-0.498178,-0.718523
6960,L_foot_pitch,1.154588,0.305459,0.325654,-0.652063
6960,L_foot_roll,-0.265517,-0.026552,-0.027706,0.198513
6960,R_hip_roll,-0.941275,-0.141191,0.006486,-28.810011
6960,R_hip_yaw,-0.146576,-0.036644,-0.016004,-2.475714
6960,R_hip_pitch,0.130342,0.162585,0.106981,6.655347
6960,R_knee,-0.668581,0.152855,0.199243,-10.987108
6960,R_foot_pitch,0.790910,-0.110909,-0.089159,-0.910681
6960,R_foot_roll,-0.858874,-0.085887,-0.020102,-5.453408
6970,L_hip_roll,-0.221103,-0.033165,-0.024125,-2.009048
6970,L_hip_yaw,-0.019004,-0.004751,-0.008543,0.142661
6970,L_hip_pitch,-0.504933,-0.256233,-0.280374,2.968834
6970,L_knee,-0.609980,-0.472495,-0.489530,0.337090
6970,L_foot_pitch,1.028606,0.292861,0.314354,-0.595342
6970,L_foot_roll,-0.233415,-0.023342,-0.027850,0.320254
6970,R_hip_roll,-0.837330,-0.125599,0.004088,-25.243066
6970,R_hip_yaw,-0.145080,-0.036270,-0.015989,-2.433218
6970,R_hip_pitch,0.132262,0.163066,0.107793,6.521981
6970,R_knee,-0.615687,0.166078,0.209016,-10.787376
6970,R_foot_pitch,0.830032,-0.106997,-0.097873,0.160498
6970,R_foot_roll,-0.711867,-0.071187,-0.018081,-4.453239
6980,L_hip_roll,-0.309016,-0.046352,-0.023570,-4.744464
6980,L_hip_yaw,-0.012734,-0.003184,-0.005177,-0.097954
6980,L_hip_pitch,-0.507890,-0.256972,-0.280059,2.686476
6980,L_knee,-0.511402,-0.447851,-0.478351,1.894110
6980,L_foot_pitch,0.866673,0.276667,0.301650,-0.762891
6980,L_foot_roll,-0.173250,-0.017325,-0.026170,0.482338
6980,R_hip_roll,-0.708871,-0.106331,0.001824,-21.008960
6980,R_hip_yaw,-0.135385,-0.033846,-0.015929,-2.152361
6980,R_hip_pitch,0.120542,0.160136,0.109360,5.904606
6980,R_knee,-0.559488,0.180128,0.219927,-10.571790
6980,R_foot_pitch,0.874368,-0.102563,-0.107289,1.305335
6980,R_foot_roll,-0.548266,-0.054827,-0.015993,-3.329893
6990,L_hip_roll,-0.387531,-0.058130,-0.023160,-7.112971
6990,L_hip_yaw,-0.000055,-0.000014,-0.001555,-0.177037
6990,L_hip_pitch,-0.515118,-0.258779,-0.277751,1.976260
6990,L_knee,-0.380477,-0.415119,-0.463232,3.746979
6990,L_foot_pitch,0.675238,0.257524,0.287170,-0.940404
6990,L_foot_roll,-0.075540,-0.007554,-0.022073,0.683862
6990,R_hip_roll,-0.545118,-0.081768,-0.000134,-15.787754
6990,R_hip_yaw,-0.124035,-0.031009,-0.015858,-1.824012
6990,R_hip_pitch,0.100455,0.155114,0.111517,5.000888
6990,R_knee,-0.494178,0.196456,0.231758,-9.967782
6990,R_foot_pitch,0.929872,-0.097013,-0.116843,2.550858
6990,R_foot_roll,-0.333644,-0.033364,-0.014013,-1.801534
7000,L_hip_roll,-0.481295,-0.072194,-0.023039,-9.869845
7000,L_hip_yaw,0.008593,0.002148,0.002611,-0.491863
7000,L_hip_pitch,-0.504145,-0.256036,-0.272929,1.468508
7000,L_knee,-0.214743,-0.373686,-0.442691,5.771343
7000,L_foot_pitch,0.463780,0.236378,0.270068,-0.991940
7000,L_foot_roll,0.047757,0.004776,-0.014834,0.772054
7000,R_hip_roll,-0.325254,-0.048788,-0.001737,-9.015086
7000,R_hip_yaw,-0.105260,-0.026315,-0.015730,-1.281752
7000,R_hip_pitch,0.077096,0.149274,0.113950,3.977861
7000,R_knee,-0.411618,0.217096,0.244038,-8.592939
7000,R_foot_pitch,1.043715,-0.085628,-0.126772,4.270658
7000,R_foot_roll,-0.067256,-0.006726,-0.011758,0.130033
7010,L_hip_roll,-0.546111,-0.081917,-0.023175,-11.733339
7010,L_hip_yaw,0.017627,0.004407,0.007420,-0.854121
7010,L_hip_pitch,-0.450423,-0.242606,-0.265095,1.830898
7010,L_knee,-0.003052,-0.320763,-0.415212,8.164309
7010,L_foot_pitch,0.241869,0.214187,0.250025,-0.893659
7010,L_foot_roll,0.232698,0.023270,-0.004259,1.097221
7010,R_hip_roll,-0.036373,-0.005456,-0.002734,-0.378732
7010,R_hip_yaw,-0.094848,-0.023712,-0.015484,-1.015627
7010,R_hip_pitch,0.047335,0.141834,0.116637,2.725118
7010,R_knee,-0.311778,0.242056,0.256692,-6.539330
7010,R_foot_pitch,1.191830,-0.070817,-0.136949,6.290976
7010,R_foot_roll,0.279723,0.027972,-0.009542,2.736560
7020,L_hip_roll,-0.536201,-0.080430,-0.023245,-11.490590
7020,L_hip_yaw,0.017062,0.004266,0.012453,-1.474175
7020,L_hip_pitch,-0.275648,-0.198912,-0.253338,5.242130
7020,L_knee,0.253777,-0.256556,-0.378766,10.310529
7020,L_foot_pitch,0.044258,0.194426,0.227489,-0.476637
7020,L_foot_roll,0.524359,0.052436,0.010308,1.850258
7020,R_hip_roll,0.343746,0.051562,-0.002721,10.670231
7020,R_hip_yaw,-0.117761,-0.029440,-0.014994,-1.789330
7020,R_hip_pitch,0.008026,0.132006,0.119611,1.171750
7020,R_knee,-0.204384,0.268904,0.269914,-4.219124
7020,R_foot_pitch,1.328911,-0.057109,-0.147306,8.221043
7020,R_foot_roll,0.710193,0.071019,-0.007271,5.966879
7030,L_hip_roll,-0.461469,-0.069220,-0.022565,-9.586644
7030,L_hip_yaw,-0.012854,-0.003214,0.015282,-2.328546
7030,L_hip_pitch,-0.121442,-0.160361,-0.238231,8.015697
7030,L_knee,0.482092,-0.199477,-0.340765,17.765296
7030,L_foot_pitch,0.138748,0.203875,0.183654,8.891666
7030,L_foot_roll,0.833209,0.083321,0.024039,4.307198
7030,R_hip_roll,0.516035,0.077405,-0.001656,15.545883
7030,R_hip_yaw,-0.118368,-0.029592,-0.014276,-1.893016
7030,R_hip_pitch,0.263619,0.195905,0.122005,8.758261
7030,R_knee,-0.216734,0.265817,0.283086,-6.578680
7030,R_foot_pitch,0.985444,-0.091456,-0.157571,6.280175
7030,R_foot_roll,0.920456,0.092046,-0.003493,7.346867
7040,L_hip_roll,0.332106,0.049816,-0.021737,14.042186
7040,L_hip_yaw,-0.111941,-0.027985,0.016920,-5.578438
7040,L_hip_pitch,-0.236797,-0.189199,-0.221863,2.173516
7040,L_knee,0.596819,-0.170795,-0.310913,16.060707
7040,L_foot_pitch,0.152119,0.205212,0.112140,14.052854
7040,L_foot_roll,0.885364,0.088536,0.027069,4.845313
7040,R_hip_roll,0.688023,0.103203,-0.001175,20.813604
7040,R_hip_yaw,-0.091292,-0.022823,-0.013389,-1.232335
7040,R_hip_pitch,0.354656,0.218664,0.123120,11.370934
7040,R_knee,0.018806,0.324702,0.295102,1.783576
7040,R_foot_pitch,0.166830,-0.173317,-0.167782,0.569550
7040,R_foot_roll,0.780489,0.078049,0.003170,5.113219
7050,L_hip_roll,0.893433,0.134015,-0.021355,31.612363
7050,L_hip_yaw,-0.083199,-0.020800,0.017592,-4.477636
7050,L_hip_pitch,0.145086,-0.093728,-0.210686,13.715636
7050,L_knee,0.497491,-0.195627,-0.292937,16.987638
7050,L_foot_pitch,-0.038058,0.186194,0.079026,7.881956
7050,L_foot_roll,0.863170,0.086317,0.019591,6.539621
7050,R_hip_roll,0.565997,0.084900,-0.002301,18.467111
7050,R_hip_yaw,-0.072264,-0.018066,-0.014032,-0.125644
7050,R_hip_pitch,0.419158,0.234789,0.128313,11.998865
7050,R_knee,0.318858,0.399714,0.311603,10.604018
7050,R_foot_pitch,-0.642720,-0.254272,-0.178402,-5.386608
7050,R_foot_roll,0.323657,0.032366,0.020045,-1.579264
7060,L_hip_roll,0.825998,0.123900,-0.024170,30.466320
7060,L_hip_yaw,-0.094727,-0.023682,0.016748,-4.824627
7060,L_hip_pitch,0.035969,-0.121008,-0.207036,9.878553
7060,L_knee,0.406673,-0.218332,-0.289398,11.322908
7060,L_foot_pitch,-0.362485,0.153752,0.081311,5.775724
7060,L_foot_roll,0.486808,0.048681,0.022199,1.636652
7060,R_hip_roll,0.160766,0.024115,-0.004626,6.101123
7060,R_hip_yaw,-0.008036,-0.002009,-0.019112,2.584521
7060,R_hip_pitch,0.391540,0.227885,0.141449,8.804822
7060,R_knee,0.312946,0.398237,0.341191,-0.302164
7060,R_foot_pitch,-1.161757,-0.306176,-0.202449,-5.119588
7060,R_foot_roll,-0.128268,-0.012827,0.035921,-4.750033
7070,L_hip_roll,0.790904,0.118636,-0.026617,29.636286
7070,L_hip_yaw,0.003156,0.000789,0.016440,-1.835963
7070,L_hip_pitch,0.052592,-0.116852,-0.202370,9.758924
7070,L_knee,0.418478,-0.215381,-0.284459,10.905532
7070,L_foot_pitch,-0.211899,0.168810,0.082236,6.762710
7070,L_foot_roll,0.396068,0.039607,0.023751,1.485992
7070,R_hip_roll,0.091826,0.013774,-0.005036,3.692930
7070,R_hip_yaw,0.012679,0.003170,-0.019198,2.301085
7070,R_hip_pitch,0.456974,0.244243,0.157057,9.005740
7070,R_knee,0.376836,0.414209,0.376318,-2.954044
7070,R_foot_pitch,-1.374770,-0.327477,-0.246255,-1.787463
7070,R_foot_roll,-0.162737,-0.016274,0.026328,-1.463350
7080,L_hip_roll,0.862891,0.129434,-0.028727,32.020873
7080,L_hip_yaw,-0.002247,-0.000562,0.016156,-2.021127
7080,L_hip_pitch,0.116580,-0.100855,-0.197009,10.918769
7080,L_knee,0.392903,-0.221774,-0.279147,8.487933
7080,L_foot_pitch,-0.157849,0.174215,0.084027,7.114447
7080,L_foot_roll,0.517444,0.051744,0.025123,2.721068
7080,R_hip_roll,0.122632,0.018395,-0.004573,4.308842
7080,R_hip_yaw,-0.007861,-0.001965,-0.010963,-0.014087
7080,R_hip_pitch,0.445956,0.241489,0.170841,7.227074
7080,R_knee,0.440017,0.430004,0.406075,-3.495694
7080,R_foot_pitch,-1.400610,-0.330061,-0.292943,1.254389
7080,R_foot_roll,-0.123208,-0.012321,0.003494,1.004441
7090,L_hip_roll,0.912467,0.136870,-0.030535,33.963854
7090,L_hip_yaw,-0.033057,-0.008264,0.016232,-2.947223
7090,L_hip_pitch,0.174490,-0.086378,-0.191217,11.979424
7090,L_knee,0.422930,-0.214267,-0.274465,9.569527
7090,L_foot_pitch,-0.327969,0.157203,0.085296,5.603403
7090,L_foot_roll,0.652019,0.065202,0.027443,2.673971
7090,R_hip_roll,0.060030,0.009004,-0.003436,2.022986
7090,R_hip_yaw,-0.010499,-0.002625,-0.000848,-1.104473
7090,R_hip_pitch,0.513987,0.258497,0.181856,8.250455
7090,R_knee,0.494125,0.443531,0.428027,-2.617838
7090,R_foot_pitch,-1.493485,-0.339349,-0.325579,1.277314
7090,R_foot_roll,-0.151760,-0.015176,-0.013743,1.119146
7100,L_hip_roll,1.039423,0.155913,-0.031794,37.980884
7100,L_hip_yaw,-0.036015,-0.009004,0.016181,-3.022837
7100,L_hip_pitch,0.094466,-0.106384,-0.184200,8.601987
7100,L_knee,0.467322,-0.203169,-0.269440,10.414772
7100,L_foot_pitch,-0.433886,0.146611,0.087529,4.620276
7100,L_foot_roll,0.642854,0.064285,0.028716,2.486533
7100,R_hip_roll,0.050081,0.007512,-0.001634,1.259829
7100,R_hip_yaw,0.004822,0.001206,0.005285,-0.859299
7100,R_hip_pitch,0.585598,0.276400,0.190482,9.539283
7100,R_knee,0.517508,0.449377,0.443699,-2.940213
7100,R_foot_pitch,-1.684499,-0.358450,-0.341631,-0.370002
7100,R_foot_roll,-0.183633,-0.018363,-0.021217,0.612099
7110,L_hip_roll,1.086345,0.162952,-0.032761,39.273167
7110,L_hip_yaw,-0.071168,-0.017792,0.016149,-4.062312
7110,L_hip_pitch,0.134240,-0.096440,-0.176806,8.900549
7110,L_knee,0.474462,-0.201384,-0.264370,9.820955
7110,L_foot_pitch,-0.310723,0.158928,0.089213,5.346515
7110,L_foot_roll,0.775840,0.077584,0.029389,4.153003
7110,R_hip_roll,0.016811,0.002522,0.000678,-0.443520
7110,R_hip_yaw,0.015011,0.003753,0.007165,-0.460523
7110,R_hip_pitch,0.586118,0.276530,0.198157,8.661559
7110,R_knee,0.629946,0.477486,0.455310,1.037821
7110,R_foot_pitch,-1.869873,-0.376987,-0.350005,-1.484795
7110,R_foot_roll,-0.163583,-0.016358,-0.022810,0.524597
7120,L_hip_roll,1.144922,0.171738,-0.033247,41.162886
7120,L_hip_yaw,-0.075550,-0.018888,0.015904,-4.157542
7120,L_hip_pitch,0.185079,-0.083730,-0.169524,9.599963
7120,L_knee,0.455196,-0.206201,-0.259501,8.311113
7120,L_foot_pitch,-0.410782,0.148922,0.091532,4.431264
7120,L_foot_roll,0.838182,0.083818,0.030251,4.031839
7120,R_hip_roll,0.012971,0.001946,0.003576,-1.227665
7120,R_hip_yaw,0.018950,0.004738,0.006721,-0.132057
7120,R_hip_pitch,0.657498,0.294375,0.206685,9.625421
7120,R_knee,0.720610,0.500153,0.466630,2.549227
7120,R_foot_pitch,-2.090088,-0.399009,-0.354050,-3.367291
7120,R_foot_roll,-0.190147,-0.019015,-0.021139,-0.089271
7130,L_hip_roll,1.158602,0.173790,-0.033415,41.276147
7130,L_hip_yaw,-0.076633,-0.019158,0.015631,-4.017723
7130,L_hip_pitch,0.166340,-0.088415,-0.162863,8.214784
7130,L_knee,0.455756,-0.206061,-0.255708,7.564910
7130,L_foot_pitch,-0.394686,0.150531,0.094403,3.657743
7130,L_foot_roll,0.882586,0.088259,0.031156,4.278293
7130,R_hip_roll,-0.017281,-0.002592,0.006859,-3.009764
7130,R_hip_yaw,0.036393,0.009098,0.005436,0.555029
7130,R_hip_pitch,0.712172,0.308043,0.217451,9.712636
7130,R_knee,0.779762,0.514941,0.481203,1.351027
7130,R_foot_pitch,-2.238575,-0.413858,-0.355425,-4.595162
7130,R_foot_roll,-0.166918,-0.016692,-0.019162,0.055372
7140,L_hip_roll,1.191976,0.178796,-0.033206,42.335653
7140,L_hip_yaw,-0.057368,-0.014342,0.015520,-3.566923
7140,L_hip_pitch,0.166488,-0.088378,-0.157156,7.727937
7140,L_knee,0.480453,-0.199887,-0.253356,9.128759
7140,L_foot_pitch,-0.225584,0.167442,0.097035,5.364093
7140,L_foot_roll,0.983611,0.098361,0.031202,5.164174
7140,R_hip_roll,-0.070690,-0.010603,0.010389,-5.264193
7140,R_hip_yaw,0.026748,0.006687,0.005448,0.048471
7140,R_hip_pitch,0.798974,0.329744,0.230400,10.580421
7140,R_knee,0.883441,0.540860,0.498604,2.350320
7140,R_foot_pitch,-2.402568,-0.430257,-0.355998,-5.899143
7140,R_foot_roll,-0.119755,-0.011976,-0.017469,0.271256
7150,L_hip_roll,1.259759,0.188964,-0.032852,44.182832
7150,L_hip_yaw,-0.029455,-0.007364,0.015459,-2.733235
7150,L_hip_pitch,0.119602,-0.100100,-0.152426,5.827201
7150,L_knee,0.512843,-0.191789,-0.252319,10.682129
7150,L_foot_pitch,-0.168567,0.173143,0.100517,5.402493
7150,L_foot_roll,1.082277,0.108228,0.031172,6.442456
7150,R_hip_roll,-0.098373,-0.014756,0.013709,-6.649793
7150,R_hip_yaw,0.021532,0.005383,0.006788,-0.328430
7150,R_hip_pitch,0.825122,0.336280,0.245732,9.258564
7150,R_knee,0.985916,0.566479,0.518834,2.327078
7150,R_foot_pitch,-2.569544,-0.446954,-0.356510,-7.182098
7150,R_foot_roll,-0.113842,-0.011384,-0.014679,-0.054674
7160,L_hip_roll,1.340591,0.201089,-0.032433,46.422947
7160,L_hip_yaw,-0.046107,-0.011527,0.015365,-3.247070
7160,L_hip_pitch,0.105696,-0.103576,-0.148255,4.912506
7160,L_knee,0.520364,-0.189909,-0.251845,10.855947
7160,L_foot_pitch,-0.259181,0.164082,0.104965,4.378474
7160,L_foot_roll,1.214876,0.121488,0.030997,7.752225
7160,R_hip_roll,-0.079956,-0.011993,0.016575,-6.584495
7160,R_hip_yaw,0.041276,0.010319,0.008178,0.120278
7160,R_hip_pitch,0.824004,0.336001,0.263270,6.938744
7160,R_knee,1.093041,0.593260,0.541604,2.463129
7160,R_foot_pitch,-2.713140,-0.461314,-0.357238,-8.246245
7160,R_foot_roll,-0.129288,-0.012929,-0.011636,-0.367075
7170,L_hip_roll,1.333366,0.200005,-0.031908,46.212429
7170,L_hip_yaw,-0.023363,-0.005841,0.015405,-2.533570
7170,L_hip_pitch,0.088225,-0.107944,-0.144309,3.983442
7170,L_knee,0.566191,-0.178452,-0.251626,13.281438
7170,L_foot_pitch,-0.245530,0.165447,0.108217,4.118584
7170,L_foot_roll,1.304268,0.130427,0.031025,7.995308
7170,R_hip_roll,-0.018525,-0.002779,0.019101,-5.062119
7170,R_hip_yaw,0.062616,0.015654,0.010148,0.419921
7170,R_hip_pitch,0.925590,0.361398,0.281782,7.730901
7170,R_knee,1.170124,0.612531,0.565255,1.652797
7170,R_foot_pitch,-2.770924,-0.467092,-0.358210,-8.608450
7170,R_foot_roll,-0.043809,-0.004381,-0.010083,0.378202
7180,L_hip_roll,1.310708,0.196606,-0.031003,45.217326
7180,L_hip_yaw,0.017509,0.004377,0.015236,-1.296125
7180,L_hip_pitch,0.023864,-0.124034,-0.139855,1.448038
7180,L_knee,0.608569,-0.167858,-0.250591,14.590840
7180,L_foot_pitch,-0.049637,0.185036,0.112054,5.454204
7180,L_foot_roll,1.376148,0.137615,0.030451,8.830271
7180,R_hip_roll,-0.018847,-0.002827,0.021334,-5.434677
7180,R_hip_yaw,0.057318,0.014329,0.013851,-0.378656
7180,R_hip_pitch,0.929315,0.362329,0.300604,5.550253
7180,R_knee,1.235287,0.628822,0.588530,0.608227
7180,R_foot_pitch,-2.829615,-0.472961,-0.359260,-8.994622
7180,R_foot_roll,-0.013292,-0.001329,-0.007679,0.193262
7190,L_hip_roll,1.403574,0.210536,-0.030022,47.759367
7190,L_hip_yaw,0.058968,0.014742,0.015226,-0.048524
7190,L_hip_pitch,0.003892,-0.129027,-0.134985,0.209800
7190,L_knee,0.596215,-0.170946,-0.248877,13.486230
7190,L_foot_pitch,-0.002841,0.189716,0.115093,5.605292
7190,L_foot_roll,1.473508,0.147351,0.030155,9.584577
7190,R_hip_roll,-0.056679,-0.008502,0.023200,-6.866869
7190,R_hip_yaw,0.064661,0.016165,0.018081,-0.620685
7190,R_hip_pitch,0.966643,0.371661,0.318925,4.572017
7190,R_knee,1.298144,0.644536,0.609591,0.558542
7190,R_foot_pitch,-2.863998,-0.476400,-0.360260,-9.196551
7190,R_foot_roll,0.003361,0.000336,-0.003868,-0.046059
7200,L_hip_roll,1.377283,0.206593,-0.028517,46.575551
7200,L_hip_yaw,0.086218,0.021554,0.015111,0.767898
7200,L_hip_pitch,-0.059174,-0.144794,-0.130007,-2.249116
7200,L_knee,0.620425,-0.164894,-0.247064,14.384377
7200,L_foot_pitch,-0.028937,0.187106,0.118552,5.212221
7200,L_foot_roll,1.538383,0.153838,0.029299,9.809246
7200,R_hip_roll,-0.120611,-0.018092,0.025014,-9.154892
7200,R_hip_yaw,0.063454,0.015863,0.021867,-1.067845
7200,R_hip_pitch,0.959738,0.369935,0.336173,2.399751
7200,R_knee,1.365120,0.661280,0.627443,1.302373
7200,R_foot_pitch,-2.914359,-0.481436,-0.361157,-9.539384
7200,R_foot_roll,0.007879,0.000788,-0.000232,-0.235880
7210,L_hip_roll,1.424152,0.213623,-0.026864,47.641997
7210,L_hip_yaw,0.118603,0.029651,0.015131,1.741108
7210,L_hip_pitch,-0.104983,-0.156246,-0.125509,-4.125762
7210,L_knee,0.648757,-0.157811,-0.246188,15.669903
7210,L_foot_pitch,0.006539,0.190654,0.122095,5.263443
7210,L_foot_roll,1.570447,0.157045,0.028456,10.122355
7210,R_hip_roll,-0.100050,-0.015008,0.026427,-8.630187
7210,R_hip_yaw,0.059061,0.014765,0.024809,-1.448976
7210,R_hip_pitch,0.956348,0.369087,0.352261,0.484092
7210,R_knee,1.401039,0.670260,0.642251,1.084567
7210,R_foot_pitch,-2.903341,-0.480334,-0.361964,-9.393527
7210,R_foot_roll,0.055955,0.005595,0.002306,0.072325
7220,L_hip_roll,1.341690,0.201254,-0.024799,44.520646
7220,L_hip_yaw,0.140823,0.035206,0.015026,2.399763
7220,L_hip_pitch,-0.146835,-0.166709,-0.120828,-5.997967
7220,L_knee,0.677064,-0.150734,-0.245158,16.441838
7220,L_foot_pitch,0.056980,0.195698,0.126256,5.609966
7220,L_foot_roll,1.548505,0.154851,0.027017,10.284939
7220,R_hip_roll,-0.116873,-0.017531,0.027553,-9.371637
7220,R_hip_yaw,0.054890,0.013723,0.026421,-1.621427
7220,R_hip_pitch,0.944616,0.366154,0.366715,-1.415623
7220,R_knee,1.422168,0.675542,0.653675,1.054922
7220,R_foot_pitch,-2.897189,-0.479719,-0.362633,-9.307710
7220,R_foot_roll,0.073381,0.007338,0.004687,-0.031692
7230,L_hip_roll,1.283140,0.192471,-0.022752,42.416182
7230,L_hip_yaw,0.153934,0.038484,0.015001,2.822823
7230,L_hip_pitch,-0.171020,-0.172755,-0.116128,-7.287054
7230,L_knee,0.680828,-0.149793,-0.244410,16.760697
7230,L_foot_pitch,0.010168,0.191017,0.130237,4.434405
7230,L_foot_roll,1.465519,0.146552,0.025839,9.835242
7230,R_hip_roll,-0.043826,-0.006574,0.028135,-7.035139
7230,R_hip_yaw,0.053379,0.013345,0.026458,-1.518412
7230,R_hip_pitch,0.941390,0.365347,0.378954,-2.744411
7230,R_knee,1.433704,0.678426,0.661076,1.467702
7230,R_foot_pitch,-2.818703,-0.471870,-0.363132,-8.656051
7230,R_foot_roll,0.121406,0.012141,0.007284,0.146671
7240,L_hip_roll,1.210356,0.181553,-0.020622,39.735428
7240,L_hip_yaw,0.162970,0.040743,0.014956,3.099169
7240,L_hip_pitch,-0.177309,-0.174327,-0.111093,-8.111704
7240,L_knee,0.681920,-0.149520,-0.243428,16.558164
7240,L_foot_pitch,-0.066019,0.183398,0.134339,3.496668
7240,L_foot_roll,1.401122,0.140112,0.024532,9.500800
7240,R_hip_roll,-0.033407,-0.005011,0.028302,-6.695090
7240,R_hip_yaw,0.048924,0.012231,0.025041,-1.343041
7240,R_hip_pitch,0.947781,0.366945,0.388815,-3.505186
7240,R_knee,1.432976,0.678244,0.664623,1.861206
7240,R_foot_pitch,-2.746417,-0.464642,-0.363397,-8.083266
7240,R_foot_roll,0.131742,0.013174,0.010296,-0.077630
7250,L_hip_roll,1.187800,0.178170,-0.018444,38.676465
7250,L_hip_yaw,0.166067,0.041517,0.014913,3.197917
7250,L_hip_pitch,-0.190357,-0.177589,-0.105852,-9.135034
7250,L_knee,0.670902,-0.152274,-0.242330,15.904532
7250,L_foot_pitch,-0.178607,0.172139,0.138467,2.246952
7250,L_foot_roll,1.316947,0.131695,0.023081,8.862699
7250,R_hip_roll,-0.013774,-0.002066,0.028123,-5.917551
7250,R_hip_yaw,0.056680,0.014170,0.022506,-0.718365
7250,R_hip_pitch,0.960223,0.370056,0.396478,-3.846680
7250,R_knee,1.396083,0.669021,0.664950,0.998328
7250,R_foot_pitch,-2.672221,-0.457222,-0.363405,-7.513182
7250,R_foot_roll,0.127170,0.012717,0.013123,-0.273923
7260,L_hip_roll,1.099345,0.164902,-0.016238,35.505408
7260,L_hip_yaw,0.177562,0.044390,0.014861,3.548343
7260,L_hip_pitch,-0.170835,-0.172709,-0.100772,-9.135671
7260,L_knee,0.660420,-0.154895,-0.241537,15.372692
7260,L_foot_pitch,-0.265752,0.163425,0.142812,1.188248
7260,L_foot_roll,1.184455,0.118446,0.021448,8.083941
7260,R_hip_roll,-0.025787,-0.003868,0.027502,-6.045237
7260,R_hip_yaw,0.052698,0.013175,0.020097,-0.634592
7260,R_hip_pitch,0.945424,0.366356,0.401950,-4.728667
7260,R_knee,1.344944,0.656236,0.661851,0.342626
7260,R_foot_pitch,-2.594267,-0.449427,-0.363183,-6.928512
7260,R_foot_roll,0.095560,0.009556,0.014687,-0.502760
7270,L_hip_roll,1.018304,0.152746,-0.014126,32.702997
7270,L_hip_yaw,0.178464,0.044616,0.014803,3.581146
7270,L_hip_pitch,-0.141028,-0.165257,-0.095875,-8.829011
7270,L_knee,0.635350,-0.161163,-0.241072,14.193524
7270,L_foot_pitch,-0.408794,0.149121,0.147271,-0.320631
7270,L_foot_roll,1.054960,0.105496,0.020013,7.173443
7270,R_hip_roll,0.012576,0.001886,0.026263,-4.427788
7270,R_hip_yaw,0.051443,0.012861,0.018620,-0.589957
7270,R_hip_pitch,0.952067,0.368017,0.404873,-4.610971
7270,R_knee,1.279957,0.639989,0.654605,0.000945
7270,R_foot_pitch,-2.475865,-0.437586,-0.362772,-6.030708
7270,R_foot_roll,0.073456,0.007346,0.014199,-0.415932
7280,L_hip_roll,0.897145,0.134572,-0.012153,28.797254
7280,L_hip_yaw,0.175430,0.043857,0.014717,3.505096
7280,L_hip_pitch,-0.074720,-0.148680,-0.091021,-7.380336
7280,L_knee,0.604307,-0.168923,-0.240762,12.957774
7280,L_foot_pitch,-0.604119,0.129588,0.152240,-2.314283
7280,L_foot_roll,0.868882,0.086888,0.018262,5.734632
7280,R_hip_roll,0.049398,0.007410,0.024408,-2.744237
7280,R_hip_yaw,0.053469,0.013367,0.017799,-0.462816
7280,R_hip_pitch,0.947807,0.366952,0.405183,-4.528163
7280,R_knee,1.173123,0.613281,0.643162,-1.545780
7280,R_foot_pitch,-2.339700,-0.423970,-0.362168,-5.010027
7280,R_foot_roll,0.029977,0.002998,0.011852,-0.432953
7290,L_hip_roll,0.768162,0.115224,-0.010549,24.718010
7290,L_hip_yaw,0.166849,0.041712,0.014636,3.255999
7290,L_hip_pitch,-0.007818,-0.131955,-0.086139,-5.996292
7290,L_knee,0.567560,-0.178110,-0.240595,11.203663
7290,L_foot_pitch,-0.790657,0.110934,0.156922,-4.217710
7290,L_foot_roll,0.660970,0.066097,0.016434,4.206662
7290,R_hip_roll,0.117049,0.017557,0.021942,-0.058769
7290,R_hip_yaw,0.050779,0.012695,0.017174,-0.474821
7290,R_hip_pitch,0.949351,0.367338,0.402529,-3.847323
7290,R_knee,1.036281,0.579070,0.626813,-3.184374
7290,R_foot_pitch,-2.139879,-0.403988,-0.361341,-3.499673
7290,R_foot_roll,-0.029561,-0.002956,0.008022,-0.465825
7300,L_hip_roll,0.567064,0.085060,-0.009351,18.664243
7300,L_hip_yaw,0.150443,0.037611,0.014539,2.776278
7300,L_hip_pitch,0.065422,-0.113644,-0.080837,-4.448894
7300,L_knee,0.531929,-0.187018,-0.240133,9.494227
7300,L_foot_pitch,-1.021059,0.087894,0.161861,-6.303690
7300,L_foot_roll,0.408178,0.040818,0.014953,1.996403
7300,R_hip_roll,0.214211,0.032132,0.019154,3.498139
7300,R_hip_yaw,0.050036,0.012509,0.015978,-0.247049
7300,R_hip_pitch,0.919762,0.359940,0.396442,-3.657998
7300,R_knee,0.862005,0.535501,0.604461,-5.131261
7300,R_foot_pitch,-1.883835,-0.378383,-0.360225,-1.572173
7300,R_foot_roll,-0.137648,-0.013765,0.002600,-0.743692
7310,L_hip_roll,0.274907,0.041236,-0.008592,9.874377
7310,L_hip_yaw,0.128928,0.032232,0.014400,2.152968
7310,L_hip_pitch,0.185537,-0.083616,-0.074962,-1.624414
7310,L_knee,0.470840,-0.202290,-0.239246,6.434633
7310,L_foot_pitch,-1.305773,0.059423,0.166773,-9.039229
7310,L_foot_roll,0.120519,0.012052,0.012935,0.012391
7310,R_hip_roll,0.344664,0.051700,0.016377,7.926809
7310,R_hip_yaw,0.045798,0.011450,0.013292,0.122073
7310,R_hip_pitch,0.866980,0.346745,0.386365,-3.616813
7310,R_knee,0.624865,0.476216,0.574769,-8.146533
7310,R_foot_pitch,-1.551759,-0.345176,-0.358729,0.924840
7310,R_foot_roll,-0.302200,-0.030220,-0.005457,-1.114629
7320,L_hip_roll,-0.133240,-0.019986,-0.008545,-2.225818
7320,L_hip_yaw,0.109260,0.027315,0.014157,1.600837
7320,L_hip_pitch,0.315518,-0.051121,-0.068183,1.300418
7320,L_knee,0.392223,-0.221944,-0.237835,2.235801
7320,L_foot_pitch,-1.627103,0.027290,0.171678,-12.127189
7320,L_foot_roll,-0.221412,-0.022141,0.011082,-2.464074
7320,R_hip_roll,0.552056,0.082808,0.013836,14.494874
7320,R_hip_yaw,0.033095,0.008274,0.008418,0.554860
7320,R_hip_pitch,0.793258,0.328315,0.371150,-3.454904
7320,R_knee,0.316776,0.399194,0.535206,-11.716169
7320,R_foot_pitch,-1.151298,-0.305130,-0.352924,3.083146
7320,R_foot_roll,-0.578999,-0.057900,-0.017827,-1.870902
7330,L_hip_roll,-0.633025,-0.094954,-0.009387,-16.693147
7330,L_hip_yaw,0.104868,0.026217,0.013783,1.529333
7330,L_hip_pitch,0.389665,-0.032584,-0.060181,2.488368
7330,L_knee,0.296916,-0.245771,-0.235882,-2.294585
7330,L_foot_pitch,-1.822984,0.007702,0.176421,-14.022858
7330,L_foot_roll,-0.531119,-0.053112,0.009347,-4.794598
7330,R_hip_roll,0.718497,0.107775,0.011986,19.660304
7330,R_hip_yaw,0.035131,0.008783,0.000307,1.960861
7330,R_hip_pitch,0.596691,0.279173,0.349419,-6.059067
7330,R_knee,-0.048769,0.307808,0.482393,-14.401653
7330,R_foot_pitch,-0.718654,-0.261865,-0.334407,3.484597
7330,R_foot_roll,-0.984384,-0.098438,-0.037530,-2.725586
7340,L_hip_roll,-0.861107,-0.129166,-0.011109,-23.320105
7340,L_hip_yaw,0.044218,0.011055,0.013279,-0.263156
7340,L_hip_pitch,0.272249,-0.061938,-0.051347,-2.138025
7340,L_knee,0.327549,-0.238113,-0.234561,-0.938506
7340,L_foot_pitch,-1.586351,0.031365,0.181816,-12.511225
7340,L_foot_roll,-0.692518,-0.069252,0.007481,-5.908870
7340,R_hip_roll,0.697964,0.104695,0.010690,19.237054
7340,R_hip_yaw,0.061423,0.015356,-0.008265,3.020655
7340,R_hip_pitch,0.352634,0.218159,0.321704,-10.276073
7340,R_knee,-0.360264,0.229934,0.419757,-22.098867
7340,R_foot_pitch,-0.452669,-0.235267,-0.286910,-6.014920
7340,R_foot_roll,-1.606527,-0.160653,-0.060372,-8.333569
7350,L_hip_roll,-0.877896,-0.131684,-0.011433,-24.058959
7350,L_hip_yaw,0.021998,0.005499,0.012754,-0.789685
7350,L_hip_pitch,0.103239,-0.104190,-0.042104,-8.385914
7350,L_knee,0.228139,-0.262965,-0.233938,-5.260314
7350,L_foot_pitch,-0.831198,0.106880,0.186413,-6.795416
7350,L_foot_roll,-0.244682,-0.024468,0.004494,-2.024152
7350,R_hip_roll,0.053303,0.007995,0.010730,-0.830102
7350,R_hip_yaw,0.206724,0.051681,-0.008898,7.302427
7350,R_hip_pitch,0.291338,0.202834,0.295714,-8.379787
7350,R_knee,-0.465282,0.203680,0.373126,-16.242954
7350,R_foot_pitch,-0.128574,-0.202857,-0.180193,-12.038758
7350,R_foot_roll,-1.992627,-0.199263,-0.069370,-8.781796
7360,L_hip_roll,-0.368144,-0.055222,-0.011782,-8.472794
7360,L_hip_yaw,-0.059249,-0.014812,0.011804,-3.100360
7360,L_hip_pitch,-0.188291,-0.177073,-0.036636,-17.120050
7360,L_knee,0.018278,-0.315431,-0.239700,-10.700100
7360,L_foot_pitch,0.191400,0.209140,0.190695,1.049826
7360,L_foot_roll,0.448491,0.044849,0.002862,3.519298
7360,R_hip_roll,-0.468870,-0.070330,0.011865,-16.744142
7360,R_hip_yaw,0.241009,0.060252,-0.009646,8.519491
7360,R_hip_pitch,0.303788,0.205947,0.269085,-5.074130
7360,R_knee,-0.439520,0.210120,0.327629,-8.507134
7360,R_foot_pitch,0.242822,-0.165718,-0.082970,-14.450000
7360,R_foot_roll,-1.876363,-0.187636,-0.091580,-5.178404
7370,L_hip_roll,-0.337998,-0.050700,-0.011924,-8.089411
7370,L_hip_yaw,-0.099630,-0.024907,0.005783,-2.717517
7370,L_hip_pitch,-0.186861,-0.176715,-0.044010,-14.556268
7370,L_knee,-0.101136,-0.345284,-0.264525,-4.668789
7370,L_foot_pitch,0.748792,0.264879,0.199755,4.286357
7370,L_foot_roll,0.724868,0.072487,0.013988,2.897156
7370,R_hip_roll,-0.825125,-0.123769,0.012121,-27.247527
7370,R_hip_yaw,0.064650,0.016163,-0.010421,3.138638
7370,R_hip_pitch,0.060259,0.145065,0.253868,-12.329832
7370,R_knee,-0.473760,0.201560,0.304639,-16.367392
7370,R_foot_pitch,0.629306,-0.127069,-0.043416,-6.490583
7370,R_foot_roll,-1.554881,-0.155488,-0.088918,-7.858655
7380,L_hip_roll,-0.062880,-0.009432,-0.011473,0.382167
7380,L_hip_yaw,-0.080415,-0.020104,-0.008908,0.373417
7380,L_hip_pitch,-0.173423,-0.173356,-0.061903,-11.415951
7380,L_knee,-0.212288,-0.373072,-0.304814,0.410566
7380,L_foot_pitch,1.053336,0.295334,0.221296,3.280996
7380,L_foot_roll,0.910595,0.091059,0.040655,1.099274
7380,R_hip_roll,-0.886206,-0.132931,0.012015,-28.933987
7380,R_hip_yaw,-0.015165,-0.003791,-0.010718,0.897065
7380,R_hip_pitch,-0.027177,0.123206,0.245265,-13.710624
7380,R_knee,-0.402002,0.219499,0.294092,-9.718198
7380,R_foot_pitch,0.992182,-0.090782,-0.043543,-3.869315
7380,R_foot_roll,-1.262248,-0.126225,-0.058746,-8.578942
7390,L_hip_roll,0.010081,0.001512,-0.010961,2.220486
7390,L_hip_yaw,-0.095708,-0.023927,-0.023538,1.146104
7390,L_hip_pitch,-0.133567,-0.163392,-0.082261,-7.764153
7390,L_knee,-0.287776,-0.391944,-0.347923,4.294393
7390,L_foot_pitch,1.180562,0.308056,0.254208,0.954680
7390,L_foot_roll,0.929486,0.092949,0.070844,-1.012521
7390,R_hip_roll,-1.058406,-0.158761,0.012020,-34.247777
7390,R_hip_yaw,-0.058712,-0.014678,-0.011774,-0.232869
7390,R_hip_pitch,0.029703,0.137426,0.234935,-10.624057
7390,R_knee,-0.475086,0.201228,0.280289,-9.970440
7390,R_foot_pitch,1.019582,-0.088042,-0.041866,-3.880174
7390,R_foot_roll,-1.175686,-0.117569,-0.025204,-10.682347
7400,L_hip_roll,-0.230862,-0.034629,-0.007754,-6.498836
7400,L_hip_yaw,-0.115133,-0.028783,-0.031740,0.914982
7400,L_hip_pitch,-0.086027,-0.151507,-0.100712,-4.452733
7400,L_knee,-0.350213,-0.407553,-0.383790,4.871815
7400,L_foot_pitch,1.211909,0.311191,0.285262,-0.604323
7400,L_foot_roll,0.865942,0.086594,0.091994,-1.970734
7400,R_hip_roll,-1.117049,-0.167557,0.016495,-38.340351
7400,R_hip_yaw,-0.079165,-0.019791,-0.012110,-0.888342
7400,R_hip_pitch,0.094593,0.153648,0.227820,-8.170190
7400,R_knee,-0.599285,0.170179,0.272051,-15.899049
7400,R_foot_pitch,1.057718,-0.084228,-0.042887,-3.295844
7400,R_foot_roll,-1.149957,-0.114996,-0.024171,-7.069448
7410,L_hip_roll,-0.239019,-0.035853,-0.004605,-7.010692
7410,L_hip_yaw,-0.110080,-0.027520,-0.035960,1.305559
7410,L_hip_pitch,-0.109871,-0.157468,-0.114498,-4.012191
7410,L_knee,-0.396879,-0.419220,-0.407963,3.549276
7410,L_foot_pitch,1.280607,0.318061,0.305435,-0.417646
7410,L_foot_roll,0.843123,0.084312,0.099496,-1.424090
7410,R_hip_roll,-1.047429,-0.157114,0.021175,-36.935859
7410,R_hip_yaw,-0.074044,-0.018511,-0.012452,-0.696996
7410,R_hip_pitch,0.105056,0.156264,0.218787,-6.485397
7410,R_knee,-0.630936,0.162266,0.261754,-14.435975
7410,R_foot_pitch,1.067193,-0.083281,-0.042234,-3.385988
7410,R_foot_roll,-1.100708,-0.110071,-0.025955,-6.556375
7420,L_hip_roll,-0.164355,-0.024653,-0.002824,-4.680998
7420,L_hip_yaw,-0.121190,-0.030297,-0.036798,0.707478
7420,L_hip_pitch,-0.151736,-0.167934,-0.124209,-4.422520
7420,L_knee,-0.398407,-0.419602,-0.422129,3.580884
7420,L_foot_pitch,1.344571,0.324457,0.315262,0.114391
7420,L_foot_roll,0.767507,0.076751,0.097038,-1.129667
7420,R_hip_roll,-1.017761,-0.152664,0.024962,-36.523090
7420,R_hip_yaw,-0.040168,-0.010042,-0.012726,0.345043
7420,R_hip_pitch,0.010265,0.132566,0.207664,-7.849643
7420,R_knee,-0.618865,0.165284,0.249016,-11.103744
7420,R_foot_pitch,1.284177,-0.061582,-0.040817,-1.814991
7420,R_foot_roll,-1.015305,-0.101531,-0.027548,-5.769956
7430,L_hip_roll,-0.117780,-0.017667,-0.002400,-3.000317
7430,L_hip_yaw,-0.115339,-0.028835,-0.035247,0.561639
7430,L_hip_pitch,-0.264737,-0.196184,-0.130932,-7.271000
7430,L_knee,-0.438318,-0.429579,-0.428847,1.030743
7430,L_foot_pitch,1.362706,0.326271,0.319579,0.253913
7430,L_foot_roll,0.638049,0.063805,0.089042,-1.113608
7430,R_hip_roll,-1.146885,-0.172033,0.027883,-40.745204
7430,R_hip_yaw,0.017372,0.004343,-0.012881,2.075711
7430,R_hip_pitch,-0.080608,0.109848,0.195354,-9.005724
7430,R_knee,-0.616229,0.165943,0.235096,-8.252681
7430,R_foot_pitch,1.512695,-0.038731,-0.039015,-0.152954
7430,R_foot_roll,-1.025515,-0.102552,-0.028808,-5.782784
7440,L_hip_roll,-0.032378,-0.004857,-0.003240,0.115085
7440,L_hip_yaw,-0.109351,-0.027338,-0.032457,0.300815
7440,L_hip_pitch,-0.227210,-0.186803,-0.137018,-5.335158
7440,L_knee,-0.460322,-0.435080,-0.432621,0.586616
7440,L_foot_pitch,1.433671,0.333367,0.321657,0.797498
7440,L_foot_roll,0.541454,0.054145,0.077239,-0.617079
7440,R_hip_roll,-1.126356,-0.168953,0.029913,-40.246042
7440,R_hip_yaw,-0.009193,-0.002298,-0.012903,1.267586
7440,R_hip_pitch,-0.065969,0.113508,0.182940,-7.127213
7440,R_knee,-0.695554,0.146111,0.221167,-9.475442
7440,R_foot_pitch,1.446082,-0.045392,-0.037182,-0.822442
7440,R_foot_roll,-1.096660,-0.109666,-0.029740,-6.312794
7450,L_hip_roll,0.049970,0.007496,-0.005000,3.108050
7450,L_hip_yaw,-0.099279,-0.024820,-0.029111,0.185175
7450,L_hip_pitch,-0.236184,-0.189046,-0.143551,-4.801188
7450,L_knee,-0.508814,-0.447204,-0.435802,-1.230809
7450,L_foot_pitch,1.462709,0.336271,0.324307,0.639018
7450,L_foot_roll,0.435521,0.043552,0.064004,-0.385255
7450,R_hip_roll,-1.308816,-0.196322,0.031204,-45.838890
7450,R_hip_yaw,-0.032647,-0.008162,-0.012748,0.540744
7450,R_hip_pitch,-0.079496,0.110126,0.170569,-6.032724
7450,R_knee,-0.696301,0.145925,0.207141,-6.885096
7450,R_foot_pitch,1.450696,-0.044930,-0.035542,-0.951722
7450,R_foot_roll,-1.196293,-0.119629,-0.030621,-7.062347
7460,L_hip_roll,0.036331,0.005450,-0.007425,3.412985
7460,L_hip_yaw,-0.082193,-0.020548,-0.025848,0.335977
7460,L_hip_pitch,-0.276808,-0.199202,-0.150988,-4.994286
7460,L_knee,-0.541414,-0.455354,-0.439692,-1.523550
7460,L_foot_pitch,1.597083,0.349708,0.328377,1.286660
7460,L_foot_roll,0.380652,0.038065,0.051224,0.117751
7460,R_hip_roll,-1.380552,-0.207083,0.031859,-47.863977
7460,R_hip_yaw,-0.034602,-0.008651,-0.012709,0.484290
7460,R_hip_pitch,-0.179288,0.085178,0.159074,-7.791885
7460,R_knee,-0.683913,0.149022,0.194443,-4.718139
7460,R_foot_pitch,1.568156,-0.033184,-0.034029,-0.032193
7460,R_foot_roll,-1.276052,-0.127605,-0.031090,-7.687764
7470,L_hip_roll,0.155806,0.023371,-0.010676,7.902897
7470,L_hip_yaw,-0.075193,-0.018798,-0.022543,0.124882
7470,L_hip_pitch,-0.343968,-0.215992,-0.159618,-5.872858
7470,L_knee,-0.578544,-0.464636,-0.445373,-1.636822
7470,L_foot_pitch,1.589532,0.348953,0.335436,0.266786
7470,L_foot_roll,0.340816,0.034082,0.040965,0.290982
7470,R_hip_roll,-1.370908,-0.205636,0.031616,-47.250060
7470,R_hip_yaw,-0.024229,-0.006057,-0.012758,0.811796
7470,R_hip_pitch,-0.187011,0.083247,0.148928,-6.925888
7470,R_knee,-0.671251,0.152187,0.184123,-3.007383
7470,R_foot_pitch,1.631634,-0.026837,-0.033584,0.550658
7470,R_foot_roll,-1.289225,-0.128923,-0.031261,-7.810845
7480,L_hip_roll,0.127879,0.019182,-0.014318,7.793687
7480,L_hip_yaw,-0.059929,-0.014982,-0.019474,0.273943
7480,L_hip_pitch,-0.357955,-0.219489,-0.169724,-4.904827
7480,L_knee,-0.616543,-0.474136,-0.453068,-1.341382
7480,L_foot_pitch,1.588998,0.348900,0.342910,-0.148845
7480,L_foot_roll,0.298307,0.029831,0.033931,0.226449
7480,R_hip_roll,-1.436555,-0.215483,0.030683,-48.884888
7480,R_hip_yaw,-0.048221,-0.012055,-0.012870,0.108200
7480,R_hip_pitch,-0.143660,0.094085,0.140519,-4.821789
7480,R_knee,-0.756151,0.130962,0.176750,-6.471984
7480,R_foot_pitch,1.518023,-0.038198,-0.034420,-0.156595
7480,R_foot_roll,-1.358061,-0.135806,-0.031176,-8.389619
7490,L_hip_roll,0.116581,0.017487,-0.017918,8.151248
7490,L_hip_yaw,-0.033409,-0.008352,-0.016862,0.788866
7490,L_hip_pitch,-0.381509,-0.225377,-0.181129,-4.147126
7490,L_knee,-0.645846,-0.481461,-0.461943,-0.896341
7490,L_foot_pitch,1.709949,0.360995,0.347257,0.831820
7490,L_foot_roll,0.198662,0.019866,0.029284,-0.385079
7490,R_hip_roll,-1.349293,-0.202394,0.029293,-45.859719
7490,R_hip_yaw,-0.056718,-0.014180,-0.013070,-0.109664
7490,R_hip_pitch,-0.143562,0.094109,0.133357,-4.023279
7490,R_knee,-0.811988,0.117003,0.171259,-8.254804
7490,R_foot_pitch,1.312716,-0.058728,-0.036035,-1.635584
7490,R_foot_roll,-1.384272,-0.138427,-0.030890,-8.642080
7500,L_hip_roll,0.158320,0.023748,-0.021139,9.872233
7500,L_hip_yaw,-0.028914,-0.007229,-0.013717,0.434485
7500,L_hip_pitch,-0.410999,-0.232750,-0.192971,-3.604074
7500,L_knee,-0.691503,-0.492876,-0.470856,-1.462057
7500,L_foot_pitch,1.770115,0.367011,0.351137,0.937366
7500,L_foot_roll,0.069619,0.006962,0.024136,-0.819210
7500,R_hip_roll,-1.324680,-0.198702,0.027721,-44.803650
7500,R_hip_yaw,-0.047726,-0.011931,-0.013382,0.208249
7500,R_hip_pitch,-0.119565,0.100109,0.126250,-2.414027
7500,R_knee,-0.786604,0.123349,0.165864,-6.003826
7500,R_foot_pitch,1.222244,-0.067776,-0.037729,-2.237799
7500,R_foot_roll,-1.355509,-0.135551,-0.030508,-8.449240
7510,L_hip_roll,0.175053,0.026258,-0.023669,10.642297
7510,L_hip_yaw,-0.043685,-0.010921,-0.010429,-0.349766
7510,L_hip_pitch,-0.431064,-0.237766,-0.205182,-2.684944
7510,L_knee,-0.724346,-0.501086,-0.479646,-1.313805
7510,L_foot_pitch,1.716508,0.361651,0.353009,0.593939
7510,L_foot_roll,-0.044757,-0.004476,0.015595,-0.654078
7510,R_hip_roll,-1.376881,-0.206532,0.026109,-46.037552
7510,R_hip_yaw,-0.064038,-0.016010,-0.013689,-0.253518
7510,R_hip_pitch,-0.093774,0.106557,0.119939,-1.041623
7510,R_knee,-0.784498,0.123875,0.161773,-5.925456
7510,R_foot_pitch,1.193889,-0.070611,-0.039976,-2.180774
7510,R_foot_roll,-1.328686,-0.132869,-0.029993,-8.288648
7520,L_hip_roll,0.141541,0.021231,-0.025389,9.731304
7520,L_hip_yaw,-0.039564,-0.009891,-0.009345,-0.035183
7520,L_hip_pitch,-0.437633,-0.239408,-0.217670,-1.375975
7520,L_knee,-0.768426,-0.512107,-0.488091,-1.976095
7520,L_foot_pitch,1.729552,0.362955,0.353316,0.779893
7520,L_foot_roll,-0.104468,-0.010447,0.003934,0.029075
7520,R_hip_roll,-1.429455,-0.214418,0.024387,-47.224351
7520,R_hip_yaw,-0.086764,-0.021691,-0.013930,-0.911433
7520,R_hip_pitch,-0.075749,0.111063,0.115371,-0.132434
7520,R_knee,-0.807914,0.118021,0.160471,-7.616110
7520,R_foot_pitch,1.148388,-0.075161,-0.043370,-2.152010
7520,R_foot_roll,-1.350263,-0.135026,-0.029282,-8.537426
7530,L_hip_roll,0.098649,0.014797,-0.026418,8.476667
7530,L_hip_yaw,-0.042763,-0.010691,-0.010621,0.182245
7530,L_hip_pitch,-0.432563,-0.238141,-0.230005,0.224206
7530,L_knee,-0.793639,-0.518410,-0.495930,-1.858451
7530,L_foot_pitch,1.704682,0.360468,0.353028,0.634675
7530,L_foot_roll,-0.149250,-0.014925,-0.007217,0.349008
7530,R_hip_roll,-1.386855,-0.208028,0.022478,-45.498673
7530,R_hip_yaw,-0.109600,-0.027400,-0.014165,-1.565252
7530,R_hip_pitch,-0.027110,0.123223,0.112033,1.649549
7530,R_knee,-0.826813,0.113297,0.161302,-9.071623
7530,R_foot_pitch,1.059627,-0.084037,-0.047693,-2.446599
7530,R_foot_roll,-1.334054,-0.133405,-0.028408,-8.494620
7540,L_hip_roll,0.054331,0.008150,-0.026940,7.115785
7540,L_hip_yaw,-0.042689,-0.010672,-0.012973,0.529566
7540,L_hip_pitch,-0.446814,-0.241703,-0.241584,1.083431
7540,L_knee,-0.808972,-0.522243,-0.502631,-1.782656
7540,L_foot_pitch,1.666881,0.356688,0.352574,0.376272
7540,L_foot_roll,-0.175262,-0.017526,-0.015176,0.426518
7540,R_hip_roll,-1.352073,-0.202811,0.020365,-43.975806
7540,R_hip_yaw,-0.127746,-0.031937,-0.014416,-2.078598
7540,R_hip_pitch,0.007490,0.131873,0.109246,2.984936
7540,R_knee,-0.824470,0.113883,0.163368,-9.635764
7540,R_foot_pitch,0.940446,-0.095955,-0.052623,-2.954026
7540,R_foot_roll,-1.313186,-0.131319,-0.027384,-8.424600
7550,L_hip_roll,0.044428,0.006664,-0.027150,6.796548
7550,L_hip_yaw,-0.036090,-0.009022,-0.015231,0.938283
7550,L_hip_pitch,-0.443570,-0.240892,-0.251987,2.305404
7550,L_knee,-0.817621,-0.524405,-0.507629,-1.801967
7550,L_foot_pitch,1.587723,0.348772,0.352083,-0.216518
7550,L_foot_roll,-0.199258,-0.019926,-0.019545,0.256378
7550,R_hip_roll,-1.287509,-0.193126,0.018030,-41.499188
7550,R_hip_yaw,-0.146057,-0.036514,-0.014665,-2.597710
7550,R_hip_pitch,0.037678,0.139419,0.106959,4.107602
7550,R_knee,-0.809136,0.117716,0.166658,-9.941563
7550,R_foot_pitch,0.916760,-0.098324,-0.058185,-2.630019
7550,R_foot_roll,-1.256274,-0.125627,-0.026207,-8.079461
7560,L_hip_roll,0.000602,0.000090,-0.027120,5.392924
7560,L_hip_yaw,-0.039581,-0.009895,-0.016251,0.795611
7560,L_hip_pitch,-0.465367,-0.246342,-0.260949,2.573731
7560,L_knee,-0.801711,-0.520428,-0.510587,-1.180396
7560,L_foot_pitch,1.518087,0.341809,0.350488,-0.479964
7560,L_foot_roll,-0.219231,-0.021923,-0.021513,0.091910
7560,R_hip_roll,-1.228959,-0.184344,0.015521,-39.208903
7560,R_hip_yaw,-0.148588,-0.037147,-0.014889,-2.650270
7560,R_hip_pitch,0.052460,0.143115,0.105212,4.710551
7560,R_knee,-0.779399,0.125150,0.171285,-9.826565
7560,R_foot_pitch,0.892507,-0.100749,-0.064415,-2.259616
7560,R_foot_roll,-1.191476,-0.119148,-0.024853,-7.685000
7570,L_hip_roll,-0.046345,-0.006952,-0.026877,3.882360
7570,L_hip_yaw,-0.039941,-0.009985,-0.016004,0.657944
7570,L_hip_pitch,-0.478798,-0.249700,-0.268213,2.868614
7570,L_knee,-0.787251,-0.516813,-0.510977,-1.276863
7570,L_foot_pitch,1.475294,0.337529,0.346493,-0.240625
7570,L_foot_roll,-0.250023,-0.025002,-0.022528,-0.119697
7570,R_hip_roll,-1.155570,-0.173335,0.012884,-36.441234
7570,R_hip_yaw,-0.135721,-0.033930,-0.015063,-2.248279
7570,R_hip_pitch,0.076429,0.149107,0.104089,5.494534
7570,R_knee,-0.777782,0.125555,0.177390,-11.321985
7570,R_foot_pitch,0.855718,-0.104428,-0.071381,-1.919509
7570,R_foot_roll,-1.142075,-0.114207,-0.023336,-7.427321
7580,L_hip_roll,-0.078256,-0.011738,-0.026400,2.746213
7580,L_hip_yaw,-0.035426,-0.008857,-0.014917,0.591824
7580,L_hip_pitch,-0.482116,-0.250529,-0.273754,3.269881
7580,L_knee,-0.763594,-0.510898,-0.508828,-1.279877
7580,L_foot_pitch,1.371080,0.327108,0.340929,-0.553677
7580,L_foot_roll,-0.271193,-0.027119,-0.023791,-0.123121
7580,R_hip_roll,-1.062498,-0.159375,0.010222,-33.133588
7580,R_hip_yaw,-0.144797,-0.036199,-0.015164,-2.516996
7580,R_hip_pitch,0.110625,0.157656,0.103327,6.598994
7580,R_knee,-0.759928,0.130018,0.184420,-11.922525
7580,R_foot_pitch,0.825294,-0.107471,-0.078828,-1.540518
7580,R_foot_roll,-1.058466,-0.105847,-0.021691,-6.900990
7590,L_hip_roll,-0.157162,-0.023574,-0.025619,0.123370
7590,L_hip_yaw,-0.031883,-0.007971,-0.013128,0.417403
7590,L_hip_pitch,-0.488948,-0.252237,-0.277747,3.402752
7590,L_knee,-0.726372,-0.501593,-0.504450,-1.011295
7590,L_foot_pitch,1.256879,0.315688,0.333737,-0.690376
7590,L_foot_roll,-0.275392,-0.027539,-0.025583,0.027038
7590,R_hip_roll,-1.016087,-0.152413,0.007697,-31.298917
7590,R_hip_yaw,-0.147213,-0.036803,-0.015198,-2.590342
7590,R_hip_pitch,0.109743,0.157436,0.102750,6.618217
7590,R_knee,-0.709099,0.142725,0.191888,-11.103841
7590,R_foot_pitch,0.790390,-0.110961,-0.086512,-1.183772
7590,R_foot_roll,-0.976577,-0.097658,-0.019940,-6.394895
7600,L_hip_roll,-0.173786,-0.026068,-0.024788,-0.495217
7600,L_hip_yaw,-0.022712,-0.005678,-0.010662,0.332124
7600,L_hip_pitch,-0.511270,-0.257817,-0.280272,2.890988
7600,L_knee,-0.678727,-0.489682,-0.497859,-0.706349
7600,L_foot_pitch,1.135976,0.303598,0.324248,-0.673569
7600,L_foot_roll,-0.258197,-0.025820,-0.027004,0.199293
7600,R_hip_roll,-0.950894,-0.142634,0.005250,-28.850579
7600,R_hip_yaw,-0.143283,-0.035821,-0.015194,-2.474362
7600,R_hip_pitch,0.114082,0.158521,0.102708,6.679857
7600,R_knee,-0.658780,0.155305,0.200325,-10.758539
7600,R_foot_pitch,0.799859,-0.110014,-0.094667,-0.391662
7600,R_foot_roll,-0.860466,-0.086047,-0.018061,-5.631252
7610,L_hip_roll,-0.219647,-0.032947,-0.024085,-1.986091
7610,L_hip_yaw,-0.014982,-0.003746,-0.007615,0.149376
7610,L_hip_pitch,-0.510679,-0.257670,-0.281518,2.948501
7610,L_knee,-0.607762,-0.471941,-0.489222,0.380496
7610,L_foot_pitch,1.007468,0.290747,0.312745,-0.613903
7610,L_foot_roll,-0.223890,-0.022389,-0.027144,0.340288
7610,R_hip_roll,-0.848451,-0.127268,0.002851,-25.328892
7610,R_hip_yaw,-0.141560,-0.035390,-0.015177,-2.425374
7610,R_hip_pitch,0.115476,0.158869,0.103530,6.529111
7610,R_knee,-0.605458,0.168635,0.210176,-10.562515
7610,R_foot_pitch,0.842235,-0.105776,-0.103460,0.713792
7610,R_foot_roll,-0.714254,-0.071425,-0.016021,-4.639062
7620,L_hip_roll,-0.303929,-0.045589,-0.023497,-4.613541
7620,L_hip_yaw,-0.008344,-0.002086,-0.004214,-0.085484
7620,L_hip_pitch,-0.511984,-0.257996,-0.281334,2.728461
7620,L_knee,-0.509190,-0.447298,-0.478002,1.912458
7620,L_foot_pitch,0.840239,0.274024,0.299775,-0.797390
7620,L_foot_roll,-0.163194,-0.016319,-0.025397,0.490575
7620,R_hip_roll,-0.714011,-0.107102,0.000580,-20.908923
7620,R_hip_yaw,-0.132972,-0.033243,-0.015120,-2.176877
7620,R_hip_pitch,0.105279,0.156320,0.105117,5.955262
7620,R_knee,-0.549621,0.182595,0.221200,-10.387938
7620,R_foot_pitch,0.885337,-0.101466,-0.112952,1.857623
7620,R_foot_roll,-0.547238,-0.054724,-0.013906,-3.490472
7630,L_hip_roll,-0.387878,-0.058182,-0.023050,-7.160127
7630,L_hip_yaw,0.004219,0.001055,-0.000548,-0.174272
7630,L_hip_pitch,-0.519033,-0.259758,-0.279127,2.032613
7630,L_knee,-0.377942,-0.414485,-0.462793,3.751097
7630,L_foot_pitch,0.645035,0.254503,0.284941,-0.966276
7630,L_foot_roll,-0.064216,-0.006422,-0.021188,0.693085
7630,R_hip_roll,-0.548006,-0.082201,-0.001390,-15.622328
7630,R_hip_yaw,-0.121262,-0.030315,-0.015054,-1.836600
7630,R_hip_pitch,0.085503,0.151376,0.107268,5.063514
7630,R_knee,-0.483722,0.199069,0.233119,-9.768980
7630,R_foot_pitch,0.942503,-0.095750,-0.122599,3.124075
7630,R_foot_roll,-0.331303,-0.033130,-0.011915,-1.953147
7640,L_hip_roll,-0.480359,-0.072054,-0.022898,-9.805711
7640,L_hip_yaw,0.013198,0.003300,0.003689,-0.483719
7640,L_hip_pitch,-0.506973,-0.256743,-0.274379,1.567194
7640,L_knee,-0.209863,-0.372466,-0.442135,5.885364
7640,L_foot_pitch,0.428835,0.232884,0.267420,-1.025106
7640,L_foot_roll,0.062777,0.006278,-0.013814,0.793596
7640,R_hip_roll,-0.319018,-0.047853,-0.003019,-8.510943
7640,R_hip_yaw,-0.102135,-0.025534,-0.014935,-1.277573
7640,R_hip_pitch,0.056500,0.144125,0.109646,3.950275
7640,R_knee,-0.395291,0.221177,0.245446,-7.831824
7640,R_foot_pitch,1.063316,-0.083668,-0.132812,5.064854
7640,R_foot_roll,-0.057481,-0.005748,-0.009473,0.087543
7650,L_hip_roll,-0.534436,-0.080165,-0.022970,-11.432964
7650,L_hip_yaw,0.020762,0.005191,0.008618,-0.915170
7650,L_hip_pitch,-0.450998,-0.242749,-0.266543,1.983417
7650,L_knee,0.001339,-0.319665,-0.414433,8.144582
7650,L_foot_pitch,0.196873,0.209687,0.246909,-0.959808
7650,L_foot_roll,0.252302,0.025230,-0.003031,1.132005
7650,R_hip_roll,-0.017905,-0.002686,-0.003990,0.437540
7650,R_hip_yaw,-0.093453,-0.023363,-0.014694,-1.066903
7650,R_hip_pitch,0.029223,0.137306,0.112356,2.702838
7650,R_knee,-0.296000,0.246000,0.258281,-6.136179
7650,R_foot_pitch,1.217518,-0.068248,-0.142962,6.974607
7650,R_foot_roll,0.292569,0.029257,-0.007257,2.626529
7660,L_hip_roll,-0.555100,-0.083265,-0.022873,-12.189097
7660,L_hip_yaw,0.020741,0.005185,0.013632,-1.491874
7660,L_hip_pitch,-0.262125,-0.195531,-0.254716,5.805013
7660,L_knee,0.258853,-0.255287,-0.377699,10.270738
7660,L_foot_pitch,0.003867,0.190387,0.223767,-0.439425
7660,L_foot_roll,0.551948,0.055195,0.011835,1.916396
7660,R_hip_roll,0.356511,0.053477,-0.003877,11.236076
7660,R_hip_yaw,-0.118679,-0.029670,-0.014201,-1.910666
7660,R_hip_pitch,-0.004594,0.128851,0.115356,1.321416
7660,R_knee,-0.190442,0.272389,0.271762,-3.927486
7660,R_foot_pitch,1.345606,-0.055439,-0.153487,8.912290
7660,R_foot_roll,0.724669,0.072467,-0.005046,6.008057
7670,L_hip_roll,-0.435230,-0.065285,-0.022115,-8.923390
7670,L_hip_yaw,-0.018611,-0.004653,0.016298,-2.651713
7670,L_hip_pitch,-0.115165,-0.158791,-0.239834,8.315537
7670,L_knee,0.474209,-0.201448,-0.341768,17.405620
7670,L_foot_pitch,0.079438,0.197944,0.175301,8.955159
7670,L_foot_roll,0.842781,0.084278,0.022698,4.703479
7670,R_hip_roll,0.537240,0.080586,-0.002859,16.431883
7670,R_hip_yaw,-0.116309,-0.029077,-0.013509,-1.929294
7670,R_hip_pitch,0.270583,0.197646,0.117376,9.551579
7670,R_knee,-0.206772,0.268307,0.284653,-6.402723
7670,R_foot_pitch,0.981100,-0.091890,-0.163888,6.753394
7670,R_foot_roll,0.915471,0.091547,-0.002311,7.250865
7680,L_hip_roll,0.339798,0.050970,-0.021194,14.141632
7680,L_hip_yaw,-0.118067,-0.029517,0.018087,-5.908350
7680,L_hip_pitch,-0.220598,-0.185150,-0.222997,2.773776
7680,L_knee,0.586972,-0.173257,-0.311630,15.731509
7680,L_foot_pitch,0.117269,0.201727,0.104618,14.331067
7680,L_foot_roll,0.881692,0.088169,0.024230,5.140656
7680,R_hip_roll,0.670822,0.100623,-0.002382,20.533116
7680,R_hip_yaw,-0.086035,-0.021509,-0.012586,-1.172827
7680,R_hip_pitch,0.358869,0.219717,0.118376,12.065794
7680,R_knee,0.023691,0.325923,0.296784,1.637456
7680,R_foot_pitch,0.117487,-0.178251,-0.174183,0.698481
7680,R_foot_roll,0.741224,0.074122,0.004013,4.762127
7690,L_hip_roll,0.928080,0.139212,-0.022074,33.407838
7690,L_hip_yaw,-0.088208,-0.022052,0.018253,-4.704896
7690,L_hip_pitch,0.132868,-0.096783,-0.213849,13.780054
7690,L_knee,0.494293,-0.196427,-0.298073,17.815437
7690,L_foot_pitch,-0.088391,0.181161,0.081131,7.735476
7690,L_foot_roll,0.842174,0.084217,0.019592,4.741346
7690,R_hip_roll,0.627024,0.094054,-0.004415,20.875564
7690,R_hip_yaw,-0.066790,-0.016697,-0.013970,0.090143
7690,R_hip_pitch,0.416944,0.234236,0.123768,12.465318
7690,R_knee,0.326466,0.401617,0.313182,10.670282
7690,R_foot_pitch,-0.674393,-0.257439,-0.183300,-5.472355
7690,R_foot_roll,0.306031,0.030603,0.021431,-1.857749
7700,L_hip_roll,0.756621,0.113493,-0.025059,28.534456
7700,L_hip_yaw,-0.095602,-0.023901,0.017467,-4.944185
7700,L_hip_pitch,0.032441,-0.121890,-0.209549,10.009662
7700,L_knee,0.404535,-0.218866,-0.293328,11.561074
7700,L_foot_pitch,-0.351183,0.154882,0.082624,5.794723
7700,L_foot_roll,0.448932,0.044893,0.022589,1.250684
7700,R_hip_roll,0.101756,0.015263,-0.006617,4.593922
7700,R_hip_yaw,-0.002108,-0.000527,-0.018746,2.647551
7700,R_hip_pitch,0.363938,0.220985,0.137169,8.452750
7700,R_knee,0.307635,0.396909,0.343173,-1.003378
7700,R_foot_pitch,-1.175220,-0.307522,-0.207971,-4.812081
7700,R_foot_roll,-0.172378,-0.017238,0.034315,-4.739239
7710,L_hip_roll,0.812167,0.121825,-0.027544,30.541980
7710,L_hip_yaw,0.006352,0.001588,0.017036,-1.808004
7710,L_hip_pitch,0.056474,-0.115881,-0.203976,9.989644
7710,L_knee,0.412926,-0.216769,-0.286810,10.672850
7710,L_foot_pitch,-0.216769,0.168323,0.083482,6.704768
7710,L_foot_roll,0.390398,0.039040,0.024480,1.368586
7710,R_hip_roll,0.138552,0.020783,-0.006826,5.477524
7710,R_hip_yaw,0.014800,0.003700,-0.017969,2.131793
7710,R_hip_pitch,0.450647,0.242662,0.152742,9.361614
7710,R_knee,0.384064,0.416016,0.377859,-2.631653
7710,R_foot_pitch,-1.379897,-0.327990,-0.250462,-1.674571
7710,R_foot_roll,-0.158290,-0.015829,0.022801,-0.998333
7720,L_hip_roll,0.858803,0.128820,-0.029887,32.402713
7720,L_hip_yaw,0.002060,0.000515,0.016899,-1.967670
7720,L_hip_pitch,0.121231,-0.099692,-0.198127,11.215457
7720,L_knee,0.395989,-0.221003,-0.280557,8.894875
7720,L_foot_pitch,-0.185516,0.171448,0.083870,6.966646
7720,L_foot_roll,0.495903,0.049590,0.026888,1.444980
7720,R_hip_roll,0.140219,0.021033,-0.006214,5.138948
7720,R_hip_yaw,-0.005958,-0.001490,-0.009287,-0.160444
7720,R_hip_pitch,0.441567,0.240392,0.166523,7.590740
7720,R_knee,0.445469,0.431367,0.407132,-3.379391
7720,R_foot_pitch,-1.398061,-0.329806,-0.295148,1.252372
7720,R_foot_roll,-0.130848,-0.013085,0.000142,1.092493
7730,L_hip_roll,0.889976,0.133496,-0.031442,33.293728
7730,L_hip_yaw,-0.031033,-0.007758,0.016868,-2.964182
7730,L_hip_pitch,0.183996,-0.084001,-0.191757,12.280646
7730,L_knee,0.418913,-0.215272,-0.274803,9.187927
7730,L_foot_pitch,-0.339892,0.156011,0.085575,5.431728
7730,L_foot_roll,0.609297,0.060930,0.027941,2.914884
7730,R_hip_roll,0.018834,0.002825,-0.004573,0.844068
7730,R_hip_yaw,-0.005383,-0.001346,0.000682,-1.099056
7730,R_hip_pitch,0.490657,0.252664,0.177883,7.982342
7730,R_knee,0.484533,0.441133,0.429167,-3.319360
7730,R_foot_pitch,-1.506867,-0.340687,-0.326009,1.050102
7730,R_foot_roll,-0.175167,-0.017517,-0.015819,0.973833
7740,L_hip_roll,1.049317,0.157398,-0.032792,38.476042
7740,L_hip_yaw,-0.032195,-0.008049,0.016909,-2.985659
7740,L_hip_pitch,0.103132,-0.104217,-0.184448,8.872697
7740,L_knee,0.464285,-0.203929,-0.269200,10.193648
7740,L_foot_pitch,-0.442871,0.145713,0.086986,4.487590
7740,L_foot_roll,0.633772,0.063377,0.029235,2.586062
7740,R_hip_roll,0.065157,0.009773,-0.002479,1.846053
7740,R_hip_yaw,0.005576,0.001394,0.006514,-0.961566
7740,R_hip_pitch,0.583057,0.275764,0.186575,9.950373
7740,R_knee,0.519355,0.449839,0.444388,-2.713966
7740,R_foot_pitch,-1.692702,-0.359270,-0.341280,-0.487006
7740,R_foot_roll,-0.183445,-0.018344,-0.022579,0.691202
7750,L_hip_roll,1.093219,0.163983,-0.033802,39.803212
7750,L_hip_yaw,-0.071899,-0.017975,0.016837,-4.163761
7750,L_hip_pitch,0.133753,-0.096562,-0.176758,8.889886
7750,L_knee,0.471270,-0.202183,-0.263650,9.555323
7750,L_foot_pitch,-0.333895,0.156610,0.088778,5.222634
7750,L_foot_roll,0.765406,0.076541,0.030301,3.560370
7750,R_hip_roll,0.020897,0.003134,0.000131,-0.283648
7750,R_hip_yaw,0.016299,0.004075,0.008006,-0.467124
7750,R_hip_pitch,0.575275,0.273819,0.194292,8.777546
7750,R_knee,0.632780,0.478195,0.455538,1.188794
7750,R_foot_pitch,-1.859532,-0.375953,-0.349848,-1.374817
7750,R_foot_roll,-0.162504,-0.016250,-0.023671,0.541917
7760,L_hip_roll,1.128574,0.169286,-0.034106,40.773450
7760,L_hip_yaw,-0.076887,-0.019222,0.016586,-4.279330
7760,L_hip_pitch,0.209657,-0.077586,-0.169251,10.295664
7760,L_knee,0.449340,-0.207665,-0.258272,7.739119
7760,L_foot_pitch,-0.437023,0.146298,0.090812,4.284593
7760,L_foot_roll,0.821558,0.082156,0.031141,3.846689
7760,R_hip_roll,-0.015048,-0.002257,0.003556,-2.238442
7760,R_hip_yaw,0.021554,0.005389,0.007108,-0.058635
7760,R_hip_pitch,0.647310,0.291828,0.203143,9.704208
7760,R_knee,0.712730,0.498183,0.466895,2.116273
7760,R_foot_pitch,-2.097378,-0.399738,-0.355039,-3.289373
7760,R_foot_roll,-0.203781,-0.020378,-0.021429,-0.227722
7770,L_hip_roll,1.168972,0.175346,-0.034179,41.945790
7770,L_hip_yaw,-0.073496,-0.018374,0.016434,-4.154910
7770,L_hip_pitch,0.148933,-0.092767,-0.162545,7.750252
7770,L_knee,0.464486,-0.203879,-0.254367,8.202034
7770,L_foot_pitch,-0.373632,0.152637,0.093100,4.474574
7770,L_foot_roll,0.882453,0.088245,0.031462,4.428592
7770,R_hip_roll,-0.019490,-0.002924,0.007242,-3.125319
7770,R_hip_yaw,0.040279,0.010070,0.005591,0.676810
7770,R_hip_pitch,0.701999,0.305500,0.214116,9.801025
7770,R_knee,0.780268,0.515067,0.481198,1.556014
7770,R_foot_pitch,-2.242901,-0.414290,-0.356624,-4.534417
7770,R_foot_roll,-0.170710,-0.017071,-0.019364,0.053804
7780,L_hip_roll,1.178757,0.176814,-0.033792,41.907404
7780,L_hip_yaw,-0.056341,-0.014085,0.016155,-3.608364
7780,L_hip_pitch,0.164405,-0.088899,-0.156712,7.619999
7780,L_knee,0.485332,-0.198667,-0.251724,9.081929
7780,L_foot_pitch,-0.226699,0.167330,0.096325,5.311074
7780,L_foot_roll,0.983205,0.098321,0.031560,5.647792
7780,R_hip_roll,-0.072647,-0.010897,0.011152,-5.592470
7780,R_hip_yaw,0.026660,0.006665,0.005777,-0.024825
7780,R_hip_pitch,0.785147,0.326287,0.227331,10.494212
7780,R_knee,0.888654,0.542163,0.498340,2.671865
7780,R_foot_pitch,-2.389610,-0.428961,-0.357070,-5.728966
7780,R_foot_roll,-0.123962,-0.012396,-0.017805,0.272866
7790,L_hip_roll,1.247177,0.187076,-0.033212,43.686436
7790,L_hip_yaw,-0.031196,-0.007799,0.015930,-2.855587
7790,L_hip_pitch,0.131525,-0.097119,-0.151947,6.092940
7790,L_knee,0.515621,-0.191095,-0.250419,10.237817
7790,L_foot_pitch,-0.191186,0.170881,0.100242,5.320357
7790,L_foot_roll,1.074751,0.107475,0.031176,6.863004
7790,R_hip_roll,-0.113422,-0.017013,0.014839,-7.481663
7790,R_hip_yaw,0.021550,0.005388,0.007256,-0.392076
7790,R_hip_pitch,0.814325,0.333581,0.243174,9.184434
7790,R_knee,0.988596,0.567149,0.518725,2.359702
7790,R_foot_pitch,-2.575288,-0.447529,-0.357344,-7.186861
7790,R_foot_roll,-0.126480,-0.012648,-0.015070,-0.118937
7800,L_hip_roll,1.362511,0.204377,-0.032967,47.433419
7800,L_hip_yaw,-0.040082,-0.010020,0.015946,-3.118542
7800,L_hip_pitch,0.111193,-0.102202,-0.147967,5.086954
7800,L_knee,0.520921,-0.189770,-0.250012,10.673933
7800,L_foot_pitch,-0.306005,0.159399,0.103475,4.189217
7800,L_foot_roll,1.210970,0.121097,0.032058,6.870453
7800,R_hip_roll,-0.044323,-0.006649,0.017820,-5.712618
7800,R_hip_yaw,0.046949,0.011737,0.008511,0.276991
7800,R_hip_pitch,0.823523,0.335881,0.261242,7.119854
7800,R_knee,1.097878,0.594469,0.541785,2.578428
7800,R_foot_pitch,-2.718896,-0.461890,-0.357845,-8.263935
7800,R_foot_roll,-0.124465,-0.012446,-0.012210,-0.258084
7810,L_hip_roll,1.298882,0.194832,-0.032444,45.183330
7810,L_hip_yaw,-0.016517,-0.004129,0.015912,-2.390138
7810,L_hip_pitch,0.097628,-0.105593,-0.144144,4.234855
7810,L_knee,0.569969,-0.177508,-0.249954,13.049240
7810,L_foot_pitch,-0.253819,0.164618,0.107378,4.153854
7810,L_foot_roll,1.283817,0.128382,0.031471,8.033106
7810,R_hip_roll,-0.030537,-0.004581,0.020466,-5.802780
7810,R_hip_yaw,0.064088,0.016022,0.010532,0.391788
7810,R_hip_pitch,0.919208,0.359802,0.280294,7.660032
7810,R_knee,1.164277,0.611069,0.565779,1.169960
7810,R_foot_pitch,-2.776354,-0.467635,-0.358644,-8.631920
7810,R_foot_roll,-0.055377,-0.005538,-0.010598,0.304756
7820,L_hip_roll,1.314667,0.197200,-0.031664,45.580107
7820,L_hip_yaw,0.023882,0.005971,0.015735,-1.169282
7820,L_hip_pitch,0.021200,-0.124700,-0.139729,1.325650
7820,L_knee,0.608737,-0.167816,-0.248933,14.109240
7820,L_foot_pitch,-0.042274,0.185773,0.111195,5.727741
7820,L_foot_roll,1.363194,0.136319,0.031402,8.211705
7820,R_hip_roll,0.012662,0.001899,0.022760,-4.783641
7820,R_hip_yaw,0.056829,0.014207,0.014430,-0.484082
7820,R_hip_pitch,0.925077,0.361269,0.299475,5.536584
7820,R_knee,1.242063,0.630516,0.589030,0.895276
7820,R_foot_pitch,-2.835682,-0.473568,-0.359569,-9.029096
7820,R_foot_roll,-0.015559,-0.001556,-0.008177,0.228187
7830,L_hip_roll,1.383522,0.207528,-0.030683,47.278581
7830,L_hip_yaw,0.067052,0.016763,0.015708,0.136564
7830,L_hip_pitch,0.009185,-0.127704,-0.134867,0.365125
7830,L_knee,0.602565,-0.169359,-0.247234,13.524100
7830,L_foot_pitch,-0.005555,0.189445,0.114347,5.630450
7830,L_foot_roll,1.460865,0.146086,0.030503,9.483664
7830,R_hip_roll,-0.079414,-0.011912,0.024750,-7.925476
7830,R_hip_yaw,0.065411,0.016353,0.018596,-0.634966
7830,R_hip_pitch,0.951874,0.367968,0.318134,4.181937
7830,R_knee,1.297190,0.644297,0.610052,0.396711
7830,R_foot_pitch,-2.863331,-0.476333,-0.360484,-9.180108
7830,R_foot_roll,-0.006389,-0.000639,-0.004439,-0.075947
7840,L_hip_roll,1.381209,0.207181,-0.029407,46.820743
7840,L_hip_yaw,0.088584,0.022146,0.015703,0.772703
7840,L_hip_pitch,-0.054491,-0.143623,-0.129981,-2.145017
7840,L_knee,0.617504,-0.165624,-0.245737,13.957995
7840,L_foot_pitch,-0.041610,0.185839,0.117777,5.055706
7840,L_foot_roll,1.531028,0.153103,0.029709,10.163753
7840,R_hip_roll,-0.114491,-0.017174,0.026529,-9.260600
7840,R_hip_yaw,0.063420,0.015855,0.022213,-1.109398
7840,R_hip_pitch,0.957582,0.369396,0.335589,2.398770
7840,R_knee,1.361774,0.660443,0.627753,1.179920
7840,R_foot_pitch,-2.923354,-0.482335,-0.361317,-9.604146
7840,R_foot_roll,0.001541,0.000154,-0.000826,-0.233372
7850,L_hip_roll,1.440702,0.216105,-0.027733,48.300523
7850,L_hip_yaw,0.125043,0.031261,0.015606,1.880401
7850,L_hip_pitch,-0.099282,-0.154821,-0.125120,-4.007126
7850,L_knee,0.650547,-0.157363,-0.244388,15.484995
7850,L_foot_pitch,0.018103,0.191810,0.121469,5.326917
7850,L_foot_roll,1.571416,0.157142,0.028907,10.252347
7850,R_hip_roll,-0.090788,-0.013618,0.028004,-8.670491
7850,R_hip_yaw,0.056695,0.014174,0.025116,-1.545690
7850,R_hip_pitch,0.953722,0.368430,0.351734,0.465227
7850,R_knee,1.404878,0.671220,0.642244,1.379579
7850,R_foot_pitch,-2.919165,-0.481917,-0.362087,-9.513010
7850,R_foot_roll,0.054400,0.005440,0.001670,0.112291
7860,L_hip_roll,1.345673,0.201851,-0.025921,44.926524
7860,L_hip_yaw,0.142147,0.035537,0.015593,2.394445
7860,L_hip_pitch,-0.139562,-0.164890,-0.120682,-5.762379
7860,L_knee,0.669456,-0.152636,-0.244018,16.340599
7860,L_foot_pitch,0.023573,0.192357,0.125508,4.896614
7860,L_foot_roll,1.533768,0.153377,0.028014,10.223351
7860,R_hip_roll,-0.121950,-0.018292,0.029053,-9.773297
7860,R_hip_yaw,0.058285,0.014571,0.026428,-1.479850
7860,R_hip_pitch,0.940611,0.365153,0.366284,-1.495557
7860,R_knee,1.414310,0.673578,0.653447,0.781191
7860,R_foot_pitch,-2.897515,-0.479752,-0.362748,-9.300909
7860,R_foot_roll,0.070914,0.007091,0.004179,-0.030743
7870,L_hip_roll,1.284585,0.192688,-0.023835,42.601130
7870,L_hip_yaw,0.154906,0.038726,0.015582,2.778268
7870,L_hip_pitch,-0.168903,-0.172226,-0.115859,-7.287200
7870,L_knee,0.674876,-0.151281,-0.243398,16.256220
7870,L_foot_pitch,-0.017062,0.188294,0.129812,4.241946
7870,L_foot_roll,1.457386,0.145739,0.026428,9.889669
7870,R_hip_roll,-0.052772,-0.007916,0.029690,-7.655106
7870,R_hip_yaw,0.054849,0.013712,0.026494,-1.509695
7870,R_hip_pitch,0.949942,0.367485,0.378542,-2.433259
7870,R_knee,1.427297,0.676824,0.660580,1.385907
7870,R_foot_pitch,-2.828907,-0.472891,-0.363236,-8.731227
7870,R_foot_roll,0.116674,0.011667,0.007001,0.109005
7880,L_hip_roll,1.232342,0.184851,-0.021731,40.694276
7880,L_hip_yaw,0.166376,0.041594,0.015539,3.131425
7880,L_hip_pitch,-0.187392,-0.176848,-0.110890,-8.407698
7880,L_knee,0.681423,-0.149644,-0.242779,16.613567
7880,L_foot_pitch,-0.066004,0.183400,0.134097,3.537581
7880,L_foot_roll,1.399891,0.139989,0.025401,9.177806
7880,R_hip_roll,-0.035134,-0.005270,0.029804,-6.993707
7880,R_hip_yaw,0.051293,0.012823,0.025425,-1.353836
7880,R_hip_pitch,0.950326,0.367581,0.388447,-3.396844
7880,R_knee,1.430914,0.677729,0.663768,2.017372
7880,R_foot_pitch,-2.753960,-0.465396,-0.363490,-8.136696
7880,R_foot_roll,0.128269,0.012827,0.010147,-0.100051
7890,L_hip_roll,1.185440,0.177816,-0.019558,38.827629
7890,L_hip_yaw,0.169509,0.042377,0.015478,3.235261
7890,L_hip_pitch,-0.187809,-0.176952,-0.105919,-9.015987
7890,L_knee,0.671007,-0.152248,-0.242275,16.095583
7890,L_foot_pitch,-0.182696,0.171730,0.138615,2.168881
7890,L_foot_roll,1.318989,0.131899,0.023912,8.808337
7890,R_hip_roll,-0.020962,-0.003144,0.029525,-6.383926
7890,R_hip_yaw,0.056538,0.014135,0.023291,-0.855284
7890,R_hip_pitch,0.958398,0.369600,0.396355,-3.919163
7890,R_knee,1.394346,0.668586,0.663947,1.115106
7890,R_foot_pitch,-2.677530,-0.457753,-0.363494,-7.548745
7890,R_foot_roll,0.122004,0.012200,0.012967,-0.298136
7900,L_hip_roll,1.113200,0.166980,-0.017434,36.280255
7900,L_hip_yaw,0.180478,0.045120,0.015410,3.574823
7900,L_hip_pitch,-0.167776,-0.171944,-0.101073,-8.967307
7900,L_knee,0.658649,-0.155338,-0.241969,15.618984
7900,L_foot_pitch,-0.282468,0.161753,0.143092,0.990835
7900,L_foot_roll,1.188872,0.118887,0.022730,7.775782
7900,R_hip_roll,-0.004963,-0.000744,0.028740,-5.564910
7900,R_hip_yaw,0.051757,0.012939,0.021091,-0.783438
7900,R_hip_pitch,0.951663,0.367916,0.402134,-4.589994
7900,R_knee,1.347317,0.656829,0.660860,0.630519
7900,R_foot_pitch,-2.600002,-0.450000,-0.363269,-6.968116
7900,R_foot_roll,0.098707,0.009871,0.014437,-0.448351
7910,L_hip_roll,1.028674,0.154301,-0.015265,33.343664
7910,L_hip_yaw,0.180587,0.045147,0.015323,3.588500
7910,L_hip_pitch,-0.150553,-0.167638,-0.096137,-9.041709
7910,L_knee,0.637476,-0.160631,-0.241583,14.637285
7910,L_foot_pitch,-0.423137,0.147686,0.148067,-0.535110
7910,L_foot_roll,1.056769,0.105677,0.020954,6.910279
7910,R_hip_roll,0.020396,0.003059,0.027466,-4.376280
7910,R_hip_yaw,0.053541,0.013385,0.019377,-0.561697
7910,R_hip_pitch,0.947447,0.366862,0.405438,-4.856490
7910,R_knee,1.283044,0.640761,0.653891,0.177301
7910,R_foot_pitch,-2.479410,-0.437941,-0.362854,-6.053178
7910,R_foot_roll,0.077924,0.007792,0.013975,-0.378044
7920,L_hip_roll,0.903789,0.135568,-0.013364,29.267411
7920,L_hip_yaw,0.177668,0.044417,0.015239,3.512334
7920,L_hip_pitch,-0.071974,-0.147993,-0.091390,-7.250663
7920,L_knee,0.601931,-0.169517,-0.241588,13.075407
7920,L_foot_pitch,-0.607087,0.129291,0.152711,-2.404999
7920,L_foot_roll,0.877740,0.087774,0.019278,5.645044
7920,R_hip_roll,0.050425,0.007564,0.025548,-2.924071
7920,R_hip_yaw,0.053110,0.013278,0.018124,-0.477456
7920,R_hip_pitch,0.957864,0.369466,0.406115,-4.371045
7920,R_knee,1.176000,0.614000,0.642799,-1.450623
7920,R_foot_pitch,-2.343007,-0.424301,-0.362243,-5.031216
7920,R_foot_roll,0.034604,0.003460,0.011895,-0.432017
7930,L_hip_roll,0.789054,0.118358,-0.011717,25.545465
7930,L_hip_yaw,0.169824,0.042456,0.015145,3.291767
7930,L_hip_pitch,-0.019889,-0.134972,-0.086334,-6.406878
7930,L_knee,0.565817,-0.178546,-0.241339,10.969182
7930,L_foot_pitch,-0.797508,0.110249,0.157798,-4.512512
7930,L_foot_roll,0.664883,0.066488,0.017473,3.918224
7930,R_hip_roll,0.132922,0.019938,0.023089,0.128713
7930,R_hip_yaw,0.051702,0.012926,0.017217,-0.435733
7930,R_hip_pitch,0.955525,0.368881,0.403848,-3.866447
7930,R_knee,1.039351,0.579838,0.626902,-3.241655
7930,R_foot_pitch,-2.145716,-0.404572,-0.361409,-3.541582
7930,R_foot_roll,-0.023650,-0.002365,0.008373,-0.471355
7940,L_hip_roll,0.562655,0.084398,-0.010445,18.638740
7940,L_hip_yaw,0.155253,0.038813,0.015053,2.860410
7940,L_hip_pitch,0.068543,-0.112864,-0.081113,-4.328977
7940,L_knee,0.526717,-0.188321,-0.241109,9.488465
7940,L_foot_pitch,-1.028885,0.087111,0.162590,-6.574858
7940,L_foot_roll,0.414917,0.041492,0.015663,2.273126
7940,R_hip_roll,0.190748,0.028612,0.020319,2.513263
7940,R_hip_yaw,0.050821,0.012705,0.015811,-0.191144
7940,R_hip_pitch,0.924579,0.361145,0.398157,-3.758749
7940,R_knee,0.862763,0.535691,0.604931,-5.284073
7940,R_foot_pitch,-1.886893,-0.378689,-0.360286,-1.592168
7940,R_foot_roll,-0.138987,-0.013899,0.003156,-0.810517
7950,L_hip_roll,0.292590,0.043888,-0.009610,10.459311
7950,L_hip_yaw,0.136081,0.034020,0.014918,2.301519
7950,L_hip_pitch,0.186213,-0.083447,-0.075217,-1.622765
7950,L_knee,0.461858,-0.204535,-0.240321,6.018296
7950,L_foot_pitch,-1.318022,0.058198,0.167551,-9.209398
7950,L_foot_roll,0.131131,0.013113,0.013507,0.450702
7950,R_hip_roll,0.351306,0.052696,0.017486,7.893784
7950,R_hip_yaw,0.044785,0.011196,0.013308,0.041282
7950,R_hip_pitch,0.888926,0.352231,0.388369,-3.223924
7950,R_knee,0.625186,0.476296,0.575407,-8.286228
7950,R_foot_pitch,-1.560552,-0.346055,-0.358784,0.858517
7950,R_foot_roll,-0.295970,-0.029597,-0.004925,-1.091226
7960,L_hip_roll,-0.140049,-0.021007,-0.009455,-2.337484
7960,L_hip_yaw,0.117152,0.029288,0.014710,1.765526
7960,L_hip_pitch,0.306348,-0.053413,-0.068384,1.070521
7960,L_knee,0.388842,-0.222789,-0.238923,2.362820
7960,L_foot_pitch,-1.602847,0.029715,0.172513,-11.901318
7960,L_foot_roll,-0.210043,-0.021004,0.011623,-2.125111
7960,R_hip_roll,0.520730,0.078110,0.014891,13.355242
7960,R_hip_yaw,0.032553,0.008138,0.008701,0.492394
7960,R_hip_pitch,0.801312,0.330328,0.373464,-3.525956
7960,R_knee,0.317571,0.399393,0.535947,-11.835412
7960,R_foot_pitch,-1.170210,-0.307021,-0.353127,2.970706
7960,R_foot_roll,-0.574115,-0.057411,-0.017363,-1.867379
7970,L_hip_roll,-0.645531,-0.096830,-0.010238,-16.889250
7970,L_hip_yaw,0.108055,0.027014,0.014380,1.548695
7970,L_hip_pitch,0.374480,-0.036380,-0.060431,2.071857
7970,L_knee,0.290241,-0.247440,-0.237108,-2.345895
7970,L_foot_pitch,-1.798462,0.010154,0.177537,-13.866282
7970,L_foot_roll,-0.516097,-0.051610,0.010138,-4.820037
7970,R_hip_roll,0.705159,0.105774,0.012906,19.149297
7970,R_hip_yaw,0.035160,0.008790,0.000855,1.862717
7970,R_hip_pitch,0.600286,0.280072,0.352072,-6.300838
7970,R_knee,-0.046845,0.308289,0.483161,-14.439056
7970,R_foot_pitch,-0.724656,-0.262466,-0.335184,3.571700
7970,R_foot_roll,-0.977980,-0.097798,-0.036974,-2.733345
7980,L_hip_roll,-0.853538,-0.128031,-0.011983,-22.886354
7980,L_hip_yaw,0.048768,0.012192,0.013879,-0.195063
7980,L_hip_pitch,0.261092,-0.064727,-0.051852,-2.375535
7980,L_knee,0.324436,-0.238891,-0.236158,-0.616393
7980,L_foot_pitch,-1.553813,0.034619,0.182841,-12.342888
7980,L_foot_roll,-0.673605,-0.067361,0.008148,-5.832554
7980,R_hip_roll,0.709918,0.106488,0.011352,19.511229
7980,R_hip_yaw,0.066162,0.016541,-0.007628,3.119283
7980,R_hip_pitch,0.348608,0.217152,0.324626,-10.762888
7980,R_knee,-0.352852,0.231787,0.420459,-21.949484
7980,R_foot_pitch,-0.454361,-0.235436,-0.288012,-5.949444
7980,R_foot_roll,-1.603998,-0.160400,-0.059491,-8.484320
7990,L_hip_roll,-0.878548,-0.131782,-0.012332,-23.907593
7990,L_hip_yaw,0.021595,0.005399,0.013337,-0.872149
7990,L_hip_pitch,0.088947,-0.107763,-0.042863,-8.707418
7990,L_knee,0.231011,-0.262247,-0.235990,-4.655755
7990,L_foot_pitch,-0.807944,0.109206,0.187565,-6.718195
7990,L_foot_roll,-0.234579,-0.023458,0.005319,-2.026019
7990,R_hip_roll,0.048630,0.007295,0.011331,-1.095684
7990,R_hip_yaw,0.209255,0.052314,-0.008423,7.326682
7990,R_hip_pitch,0.292746,0.203186,0.298714,-8.700348
7990,R_knee,-0.460722,0.204820,0.373929,-16.194538
7990,R_foot_pitch,-0.143761,-0.204376,-0.181055,-12.125585
7990,R_foot_roll,-1.994726,-0.199473,-0.067877,-8.947189
8000,L_hip_roll,-0.363934,-0.054590,-0.012631,-8.193288
8000,L_hip_yaw,-0.059753,-0.014938,0.012397,-3.187580
8000,L_hip_pitch,-0.195395,-0.178849,-0.037394,-17.253548
8000,L_knee,0.020062,-0.314985,-0.241836,-10.268366
8000,L_foot_pitch,0.197889,0.209789,0.191994,0.987975
8000,L_foot_roll,0.455289,0.045529,0.003672,3.511173
8000,R_hip_roll,-0.461103,-0.069165,0.012512,-16.661148
8000,R_hip_yaw,0.243001,0.060750,-0.009171,8.520033
8000,R_hip_pitch,0.303938,0.205984,0.272095,-5.429918
8000,R_knee,-0.434875,0.211281,0.328458,-8.443500
8000,R_foot_pitch,0.240300,-0.165970,-0.083494,-14.450000
8000,R_foot_roll,-1.875683,-0.187568,-0.090077,-5.271703
8010,L_hip_roll,-0.345841,-0.051876,-0.013025,-8.116710
8010,L_hip_yaw,-0.100880,-0.025220,0.006654,-2.877913
8010,L_hip_pitch,-0.183987,-0.175997,-0.044422,-14.444610
8010,L_knee,-0.099159,-0.344790,-0.266142,-4.517385
8010,L_foot_pitch,0.737762,0.263776,0.201670,4.038663
8010,L_foot_roll,0.723494,0.072349,0.014510,2.871735
8010,R_hip_roll,-0.819144,-0.122872,0.012801,-27.149962
8010,R_hip_yaw,0.067139,0.016785,-0.010179,3.169929
8010,R_hip_pitch,0.069281,0.147320,0.256077,-12.380647
8010,R_knee,-0.476412,0.200897,0.303495,-16.679144
8010,R_foot_pitch,0.635150,-0.126485,-0.037384,-6.669825
8010,R_foot_roll,-1.559634,-0.155963,-0.091243,-7.951390
8020,L_hip_roll,-0.070989,-0.010648,-0.012542,0.342858
8020,L_hip_yaw,-0.081510,-0.020378,-0.008235,0.302978
8020,L_hip_pitch,-0.174999,-0.173750,-0.061978,-11.490862
8020,L_knee,-0.209491,-0.372373,-0.305464,0.348010
8020,L_foot_pitch,1.050654,0.295065,0.222463,3.282683
8020,L_foot_roll,0.912454,0.091245,0.040832,1.135422
8020,R_hip_roll,-0.894909,-0.134236,0.012570,-29.282197
8020,R_hip_yaw,-0.010874,-0.002718,-0.010362,0.974014
8020,R_hip_pitch,-0.025224,0.123694,0.247858,-13.989727
8020,R_knee,-0.398627,0.220343,0.293902,-9.742374
8020,R_foot_pitch,0.994393,-0.090561,-0.039322,-4.057804
8020,R_foot_roll,-1.273439,-0.127344,-0.059331,-8.748858
8030,L_hip_roll,0.013865,0.002080,-0.012015,2.542373
8030,L_hip_yaw,-0.097426,-0.024356,-0.023396,1.132611
8030,L_hip_pitch,-0.137675,-0.164419,-0.082018,-7.942834
8030,L_knee,-0.284418,-0.391105,-0.347697,4.186933
8030,L_foot_pitch,1.179580,0.307958,0.254347,1.020567
8030,L_foot_roll,0.932189,0.093219,0.070828,-0.981895
8030,R_hip_roll,-1.065201,-0.159780,0.012519,-34.539952
8030,R_hip_yaw,-0.053147,-0.013287,-0.011346,-0.122797
8030,R_hip_pitch,0.035473,0.138868,0.237756,-10.809556
8030,R_knee,-0.474948,0.201263,0.280703,-10.198825
8030,R_foot_pitch,1.013638,-0.088636,-0.038635,-4.108730
8030,R_foot_roll,-1.182226,-0.118223,-0.024964,-10.806463
8040,L_hip_roll,-0.227719,-0.034158,-0.008613,-6.253620
8040,L_hip_yaw,-0.117087,-0.029272,-0.032052,0.938431
8040,L_hip_pitch,-0.082630,-0.150658,-0.100339,-4.404714
8040,L_knee,-0.347621,-0.406905,-0.383038,4.754512
8040,L_foot_pitch,1.207260,0.310726,0.284853,-0.581602
8040,L_foot_roll,0.866983,0.086698,0.091987,-1.970813
8040,R_hip_roll,-1.120217,-0.168033,0.017243,-38.600806
8040,R_hip_yaw,-0.077822,-0.019455,-0.011736,-0.895448
8040,R_hip_pitch,0.105181,0.156295,0.231055,-8.233323
8040,R_knee,-0.598638,0.170341,0.273294,-16.089499
8040,R_foot_pitch,1.048436,-0.085156,-0.040380,-3.539317
8040,R_foot_roll,-1.151595,-0.115159,-0.024692,-7.014913
8050,L_hip_roll,-0.240683,-0.036102,-0.005366,-6.944097
8050,L_hip_yaw,-0.111544,-0.027886,-0.036608,1.363108
8050,L_hip_pitch,-0.112044,-0.158011,-0.114075,-4.130053
8050,L_knee,-0.395631,-0.418908,-0.406996,3.392322
8050,L_foot_pitch,1.281554,0.318155,0.304875,-0.358801
8050,L_foot_roll,0.848305,0.084830,0.099551,-1.391401
8050,R_hip_roll,-1.058933,-0.158840,0.021983,-37.461381
8050,R_hip_yaw,-0.075025,-0.018756,-0.012049,-0.778165
8050,R_hip_pitch,0.110310,0.157578,0.221950,-6.699894
8050,R_knee,-0.627116,0.163221,0.262966,-14.468615
8050,R_foot_pitch,1.065445,-0.083456,-0.039945,-3.567786
8050,R_foot_roll,-1.107336,-0.110734,-0.026667,-6.537972
8060,L_hip_roll,-0.157708,-0.023656,-0.003478,-4.379748
8060,L_hip_yaw,-0.122548,-0.030637,-0.037536,0.753648
8060,L_hip_pitch,-0.148322,-0.167081,-0.123862,-4.348323
8060,L_knee,-0.395630,-0.418908,-0.421227,3.598415
8060,L_foot_pitch,1.343061,0.324306,0.314847,0.111297
8060,L_foot_roll,0.771097,0.077110,0.097250,-1.138879
8060,R_hip_roll,-1.018847,-0.152827,0.025814,-36.735012
8060,R_hip_yaw,-0.040546,-0.010137,-0.012301,0.281329
8060,R_hip_pitch,0.018475,0.134619,0.210781,-7.974710
8060,R_knee,-0.616034,0.165992,0.250212,-11.192508
8060,R_foot_pitch,1.285494,-0.061451,-0.038645,-1.968720
8060,R_foot_roll,-1.015865,-0.101587,-0.028363,-5.701636
8070,L_hip_roll,-0.119992,-0.017999,-0.002929,-3.004039
8070,L_hip_yaw,-0.117830,-0.029457,-0.035871,0.544384
8070,L_hip_pitch,-0.266549,-0.196637,-0.130680,-7.349239
8070,L_knee,-0.436002,-0.429001,-0.428077,1.023204
8070,L_foot_pitch,1.365813,0.326581,0.319372,0.278232
8070,L_foot_roll,0.643944,0.064394,0.089393,-1.103011
8070,R_hip_roll,-1.153605,-0.173041,0.028775,-41.139190
8070,R_hip_yaw,0.020272,0.005068,-0.012438,2.107549
8070,R_hip_pitch,-0.073326,0.111668,0.198417,-9.147397
8070,R_knee,-0.612731,0.166817,0.236267,-8.292042
8070,R_foot_pitch,1.512285,-0.038771,-0.036903,-0.321568
8070,R_foot_roll,-1.030262,-0.103026,-0.029681,-5.746197
8080,L_hip_roll,-0.038691,-0.005804,-0.003681,-0.023608
8080,L_hip_yaw,-0.112781,-0.028195,-0.032964,0.248623
8080,L_hip_pitch,-0.228632,-0.187158,-0.136850,-5.387664
8080,L_knee,-0.457700,-0.434425,-0.431974,0.623113
8080,L_foot_pitch,1.436646,0.333665,0.321681,0.796450
8080,L_foot_roll,0.544586,0.054459,0.077706,-0.640180
8080,R_hip_roll,-1.126133,-0.168920,0.030765,-40.415984
8080,R_hip_yaw,-0.009264,-0.002316,-0.012341,1.194736
8080,R_hip_pitch,-0.055361,0.116160,0.185876,-7.166452
8080,R_knee,-0.700239,0.144940,0.222191,-9.897240
8080,R_foot_pitch,1.432913,-0.046709,-0.035404,-1.088676
8080,R_foot_roll,-1.105486,-0.110549,-0.030765,-6.309539
8090,L_hip_roll,0.050570,0.007586,-0.005302,3.160411
8090,L_hip_yaw,-0.101380,-0.025345,-0.029637,0.197534
8090,L_hip_pitch,-0.232832,-0.188208,-0.143476,-4.701142
8090,L_knee,-0.508291,-0.447073,-0.435236,-1.289525
8090,L_foot_pitch,1.459986,0.335999,0.324522,0.584333
8090,L_foot_roll,0.438695,0.043869,0.064490,-0.395894
8090,R_hip_roll,-1.309834,-0.196475,0.032134,-46.056408
8090,R_hip_yaw,-0.032942,-0.008236,-0.012263,0.473042
8090,R_hip_pitch,-0.063729,0.114068,0.173510,-5.896521
8090,R_knee,-0.698018,0.145495,0.208202,-7.085067
8090,R_foot_pitch,1.437179,-0.046282,-0.033356,-1.237126
8090,R_foot_roll,-1.198484,-0.119848,-0.031492,-7.004709
8100,L_hip_roll,0.035444,0.005317,-0.007647,3.409379
8100,L_hip_yaw,-0.085199,-0.021300,-0.026467,0.326479
8100,L_hip_pitch,-0.275517,-0.198879,-0.151012,-4.942016
8100,L_knee,-0.540738,-0.455185,-0.439199,-1.559592
8100,L_foot_pitch,1.592037,0.349204,0.328570,1.244275
8100,L_foot_roll,0.381479,0.038148,0.051646,0.098485
8100,R_hip_roll,-1.384270,-0.207640,0.032780,-48.154327
8100,R_hip_yaw,-0.037146,-0.009286,-0.012214,0.347235
8100,R_hip_pitch,-0.169064,0.087734,0.161891,-7.813732
8100,R_knee,-0.683492,0.149127,0.195317,-4.810493
8100,R_foot_pitch,1.563871,-0.033613,-0.031812,-0.247171
8100,R_foot_roll,-1.278879,-0.127888,-0.031996,-7.635487
8110,L_hip_roll,0.159868,0.023980,-0.010842,8.045096
8110,L_hip_yaw,-0.077905,-0.019476,-0.023252,0.138631
8110,L_hip_pitch,-0.341698,-0.215424,-0.159754,-5.777147
8110,L_knee,-0.577760,-0.464440,-0.444956,-1.654337
8110,L_foot_pitch,1.583225,0.348322,0.335373,0.252484
8110,L_foot_roll,0.342992,0.034299,0.041248,0.301686
8110,R_hip_roll,-1.374497,-0.206175,0.032502,-47.520768
8110,R_hip_yaw,-0.026106,-0.006527,-0.012258,0.695788
8110,R_hip_pitch,-0.172397,0.086901,0.151670,-6.810569
8110,R_knee,-0.673866,0.151533,0.184874,-3.231479
8110,R_foot_pitch,1.628338,-0.027166,-0.031335,0.341688
8110,R_foot_roll,-1.288086,-0.128809,-0.032178,-7.727938
8120,L_hip_roll,0.130791,0.019619,-0.014440,7.891772
8120,L_hip_yaw,-0.062304,-0.015576,-0.020259,0.302607
8120,L_hip_pitch,-0.355121,-0.218780,-0.169968,-4.780236
8120,L_knee,-0.616794,-0.474198,-0.452705,-1.406437
8120,L_foot_pitch,1.585519,0.348552,0.342519,-0.114204
8120,L_foot_roll,0.299538,0.029954,0.034100,0.230191
8120,R_hip_roll,-1.433143,-0.214971,0.031518,-48.932625
8120,R_hip_yaw,-0.050055,-0.012514,-0.012374,-0.005975
8120,R_hip_pitch,-0.126446,0.098389,0.143201,-4.621538
8120,R_knee,-0.760528,0.129868,0.177390,-6.748348
8120,R_foot_pitch,1.517239,-0.038276,-0.032127,-0.351488
8120,R_foot_roll,-1.354761,-0.135476,-0.032090,-8.290642
8130,L_hip_roll,0.117910,0.017686,-0.017983,8.184621
8130,L_hip_yaw,-0.036217,-0.009054,-0.017650,0.795842
8130,L_hip_pitch,-0.379433,-0.224858,-0.181490,-4.029142
8130,L_knee,-0.645873,-0.481468,-0.461644,-0.928569
8130,L_foot_pitch,1.711701,0.361170,0.346702,0.896138
8130,L_foot_roll,0.199531,0.019953,0.029395,-0.382573
8130,R_hip_roll,-1.343899,-0.201585,0.030079,-45.842141
8130,R_hip_yaw,-0.058090,-0.014522,-0.012575,-0.210334
8130,R_hip_pitch,-0.130482,0.097380,0.135983,-3.940764
8130,R_knee,-0.816254,0.115937,0.171751,-8.486846
8130,R_foot_pitch,1.306471,-0.059353,-0.033669,-1.883494
8130,R_foot_roll,-1.382562,-0.138256,-0.031799,-8.556025
8140,L_hip_roll,0.159382,0.023907,-0.021130,9.878738
8140,L_hip_yaw,-0.031628,-0.007907,-0.014469,0.439909
8140,L_hip_pitch,-0.408341,-0.232085,-0.193440,-3.458803
8140,L_knee,-0.691599,-0.492900,-0.470636,-1.482269
8140,L_foot_pitch,1.772090,0.367209,0.350865,0.911647
8140,L_foot_roll,0.069391,0.006939,0.024212,-0.824590
8140,R_hip_roll,-1.316549,-0.197482,0.028472,-44.700752
8140,R_hip_yaw,-0.049307,-0.012327,-0.012885,0.101106
8140,R_hip_pitch,-0.108115,0.102971,0.128806,-2.369360
8140,R_knee,-0.790295,0.122426,0.166163,-6.160610
8140,R_foot_pitch,1.211436,-0.068856,-0.035262,-2.532600
8140,R_foot_roll,-1.352824,-0.135282,-0.031417,-8.354857
8150,L_hip_roll,0.174005,0.026101,-0.023578,10.567566
8150,L_hip_yaw,-0.047051,-0.011763,-0.011153,-0.366286
8150,L_hip_pitch,-0.424418,-0.236105,-0.205716,-2.417051
8150,L_knee,-0.724946,-0.501236,-0.479459,-1.373486
8150,L_foot_pitch,1.713509,0.361351,0.353119,0.538906
8150,L_foot_roll,-0.048692,-0.004869,0.015629,-0.683439
8150,R_hip_roll,-1.367387,-0.205108,0.026832,-45.889514
8150,R_hip_yaw,-0.066113,-0.016528,-0.013194,-0.374845
8150,R_hip_pitch,-0.078292,0.110427,0.122409,-0.864716
8150,R_knee,-0.789578,0.122606,0.161861,-6.108499
8150,R_foot_pitch,1.185187,-0.071481,-0.037401,-2.466781
8150,R_foot_roll,-1.323024,-0.132302,-0.030905,-8.170118
8160,L_hip_roll,0.139933,0.020990,-0.025215,9.623510
8160,L_hip_yaw,-0.042912,-0.010728,-0.010091,-0.041108
8160,L_hip_pitch,-0.432405,-0.238101,-0.218211,-1.156076
8160,L_knee,-0.769069,-0.512267,-0.487864,-2.065399
8160,L_foot_pitch,1.728662,0.362866,0.353532,0.751757
8160,L_foot_roll,-0.107665,-0.010767,0.003823,0.031102
8160,R_hip_roll,-1.423812,-0.213572,0.025083,-47.185574
8160,R_hip_yaw,-0.089243,-0.022311,-0.013436,-1.045117
8160,R_hip_pitch,-0.061092,0.114727,0.117760,0.027643
8160,R_knee,-0.813646,0.116589,0.160376,-7.808999
8160,R_foot_pitch,1.136858,-0.076314,-0.040700,-2.466392
8160,R_foot_roll,-1.347319,-0.134732,-0.030193,-8.441073
8170,L_hip_roll,0.098296,0.014744,-0.026172,8.398076
8170,L_hip_yaw,-0.045934,-0.011483,-0.011427,0.190186
8170,L_hip_pitch,-0.426465,-0.236616,-0.230515,0.464676
8170,L_knee,-0.794020,-0.518505,-0.495642,-1.943311
8170,L_foot_pitch,1.704157,0.360416,0.353240,0.616243
8170,L_foot_roll,-0.153387,-0.015339,-0.007481,0.348713
8170,R_hip_roll,-1.377805,-0.206671,0.023139,-45.348062
8170,R_hip_yaw,-0.112053,-0.028013,-0.013673,-1.697571
8170,R_hip_pitch,-0.012589,0.126853,0.114363,1.810343
8170,R_knee,-0.833145,0.111714,0.161070,-9.279606
8170,R_foot_pitch,1.048424,-0.085158,-0.044948,-2.762372
8170,R_foot_roll,-1.328862,-0.132886,-0.029319,-8.380413
8180,L_hip_roll,0.052727,0.007909,-0.026634,6.989124
8180,L_hip_yaw,-0.046364,-0.011591,-0.013823,0.523839
8180,L_hip_pitch,-0.442052,-0.240513,-0.242037,1.273547
8180,L_knee,-0.809274,-0.522318,-0.502289,-1.873450
8180,L_foot_pitch,1.670113,0.357011,0.352748,0.392572
8180,L_foot_roll,-0.179319,-0.017932,-0.015539,0.430832
8180,R_hip_roll,-1.342563,-0.201384,0.020991,-43.805807
8180,R_hip_yaw,-0.128999,-0.032250,-0.013928,-2.174308
8180,R_hip_pitch,0.020931,0.135233,0.111525,3.119651
8180,R_knee,-0.830072,0.112482,0.163020,-9.792352
8180,R_foot_pitch,0.927557,-0.097244,-0.049814,-3.288007
8180,R_foot_roll,-1.308923,-0.130892,-0.028292,-8.317918
8190,L_hip_roll,0.042991,0.006449,-0.026793,6.669107
8190,L_hip_yaw,-0.039524,-0.009881,-0.016105,0.942127
8190,L_hip_pitch,-0.440229,-0.240057,-0.252366,2.443363
8190,L_knee,-0.818316,-0.524579,-0.507255,-1.904590
8190,L_foot_pitch,1.592240,0.349224,0.352219,-0.187821
8190,L_foot_roll,-0.202838,-0.020284,-0.019952,0.262312
8190,R_hip_roll,-1.279652,-0.191948,0.018623,-41.372170
8190,R_hip_yaw,-0.147319,-0.036830,-0.014181,-2.693309
8190,R_hip_pitch,0.050051,0.142513,0.109204,4.211282
8190,R_knee,-0.814541,0.116365,0.166229,-10.090443
8190,R_foot_pitch,0.905598,-0.099440,-0.055328,-2.951768
8190,R_foot_roll,-1.252138,-0.125214,-0.027116,-7.973616
8200,L_hip_roll,0.001608,0.000241,-0.026730,5.336989
8200,L_hip_yaw,-0.042747,-0.010687,-0.017123,0.803514
8200,L_hip_pitch,-0.461056,-0.245264,-0.261263,2.734889
8200,L_knee,-0.802359,-0.520590,-0.510251,-1.249176
8200,L_foot_pitch,1.522465,0.342247,0.350702,-0.476115
8200,L_foot_roll,-0.223124,-0.022312,-0.021907,0.089604
8200,R_hip_roll,-1.219730,-0.182960,0.016081,-39.034196
8200,R_hip_yaw,-0.150213,-0.037553,-0.014411,-2.755617
8200,R_hip_pitch,0.064617,0.146154,0.107452,4.806081
8200,R_knee,-0.783945,0.124014,0.170819,-9.940585
8200,R_foot_pitch,0.885785,-0.101421,-0.061526,-2.546960
8200,R_foot_roll,-1.185055,-0.118506,-0.025761,-7.561036
8210,L_hip_roll,-0.047267,-0.007090,-0.026461,3.763852
8210,L_hip_yaw,-0.043429,-0.010857,-0.016840,0.649015
8210,L_hip_pitch,-0.474379,-0.248595,-0.268461,3.023784
8210,L_knee,-0.787724,-0.516931,-0.510719,-1.320287
8210,L_foot_pitch,1.482449,0.338245,0.346863,-0.228026
8210,L_foot_roll,-0.254641,-0.025464,-0.022901,-0.128380
8210,R_hip_roll,-1.146181,-0.171927,0.013416,-36.258209
8210,R_hip_yaw,-0.136053,-0.034013,-0.014593,-2.313653
8210,R_hip_pitch,0.088103,0.152026,0.106343,5.572301
8210,R_knee,-0.783147,0.124213,0.176920,-11.481465
8210,R_foot_pitch,0.849510,-0.105049,-0.068475,-2.202887
8210,R_foot_roll,-1.137202,-0.113720,-0.024242,-7.315765
8220,L_hip_roll,-0.079551,-0.011933,-0.025961,2.613283
8220,L_hip_yaw,-0.039065,-0.009766,-0.015712,0.574536
8220,L_hip_pitch,-0.478663,-0.249666,-0.273909,3.381076
8220,L_knee,-0.763421,-0.510855,-0.508637,-1.290146
8220,L_foot_pitch,1.378420,0.327842,0.341486,-0.559019
8220,L_foot_roll,-0.275045,-0.027505,-0.024172,-0.121220
8220,R_hip_roll,-1.054620,-0.158193,0.010731,-32.993159
8220,R_hip_yaw,-0.144601,-0.036150,-0.014702,-2.565903
8220,R_hip_pitch,0.122424,0.160606,0.105589,6.681287
8220,R_knee,-0.766394,0.128401,0.183945,-12.123887
8220,R_foot_pitch,0.817586,-0.108241,-0.075904,-1.838199
8220,R_foot_roll,-1.054444,-0.105444,-0.022600,-6.795798
8230,L_hip_roll,-0.158246,-0.023737,-0.025164,-0.003649
8230,L_hip_yaw,-0.035610,-0.008903,-0.013904,0.398035
8230,L_hip_pitch,-0.484901,-0.251225,-0.277773,3.513245
8230,L_knee,-0.726023,-0.501506,-0.504283,-1.024312
8230,L_foot_pitch,1.265889,0.316589,0.334458,-0.689049
8230,L_foot_roll,-0.280061,-0.028006,-0.025968,0.019827
8230,R_hip_roll,-1.006852,-0.151028,0.008188,-31.114587
8230,R_hip_yaw,-0.146810,-0.036703,-0.014742,-2.632337
8230,R_hip_pitch,0.120144,0.160036,0.104999,6.662404
8230,R_knee,-0.714652,0.141337,0.191373,-11.243825
8230,R_foot_pitch,0.783631,-0.111637,-0.083555,-1.478523
8230,R_foot_roll,-0.971865,-0.097186,-0.020853,-6.283833
8240,L_hip_roll,-0.176438,-0.026466,-0.024324,-0.669853
8240,L_hip_yaw,-0.026320,-0.006580,-0.011448,0.320372
8240,L_hip_pitch,-0.508434,-0.257109,-0.280138,2.943064
8240,L_knee,-0.678685,-0.489671,-0.497674,-0.746634
8240,L_foot_pitch,1.146694,0.304669,0.325097,-0.667436
8240,L_foot_roll,-0.262863,-0.026286,-0.027401,0.195748
8240,R_hip_roll,-0.943025,-0.141454,0.005725,-28.705285
8240,R_hip_yaw,-0.142182,-0.035546,-0.014743,-2.495064
8240,R_hip_pitch,0.123569,0.160892,0.104931,6.700593
8240,R_knee,-0.664394,0.153901,0.199746,-10.887409
8240,R_foot_pitch,0.793018,-0.110698,-0.091667,-0.690955
8240,R_foot_roll,-0.856327,-0.085633,-0.018978,-5.524317
8250,L_hip_roll,-0.219463,-0.032919,-0.023623,-2.069382
8250,L_hip_yaw,-0.018553,-0.004638,-0.008412,0.138076
8250,L_hip_pitch,-0.507435,-0.256859,-0.281222,2.994875
8250,L_knee,-0.608024,-0.472006,-0.489029,0.336858
8250,L_foot_pitch,1.019813,0.291981,0.313727,-0.606748
8250,L_foot_roll,-0.229699,-0.022970,-0.027558,0.328284
8250,R_hip_roll,-0.840614,-0.126092,0.003311,-25.181169
8250,R_hip_yaw,-0.140259,-0.035065,-0.014729,-2.439649
8250,R_hip_pitch,0.124474,0.161118,0.105727,6.537545
8250,R_knee,-0.611283,0.167179,0.209533,-10.690324
8250,R_foot_pitch,0.834262,-0.106574,-0.100413,0.401669
8250,R_foot_roll,-0.709850,-0.070985,-0.016943,-4.529699
8260,L_hip_roll,-0.304349,-0.045652,-0.023045,-4.714146
8260,L_hip_yaw,-0.012226,-0.003057,-0.005019,-0.104363
8260,L_hip_pitch,-0.509123,-0.257281,-0.280892,2.747318
8260,L_knee,-0.509344,-0.447336,-0.477845,1.893061
8260,L_foot_pitch,0.855474,0.275547,0.300907,-0.780916
8260,L_foot_roll,-0.169318,-0.016932,-0.025860,0.485194
8260,R_hip_roll,-0.709804,-0.106471,0.001028,-20.870417
8260,R_hip_yaw,-0.130950,-0.032737,-0.014674,-2.169490
8260,R_hip_pitch,0.113673,0.158418,0.107290,5.948400
8260,R_knee,-0.555389,0.181153,0.220489,-10.498828
8260,R_foot_pitch,0.879333,-0.102067,-0.109861,1.556812
8260,R_foot_roll,-0.544010,-0.054401,-0.014833,-3.389865
8270,L_hip_roll,-0.386953,-0.058043,-0.022611,-7.214705
8270,L_hip_yaw,0.000406,0.000102,-0.001382,-0.184279
8270,L_hip_pitch,-0.516753,-0.259188,-0.278548,2.018359
8270,L_knee,-0.378110,-0.414527,-0.462699,3.746853
8270,L_foot_pitch,0.662798,0.256280,0.286263,-0.949809
8270,L_foot_roll,-0.070478,-0.007048,-0.021722,0.692427
8270,R_hip_roll,-0.545802,-0.081870,-0.000949,-15.641198
8270,R_hip_yaw,-0.119239,-0.029810,-0.014606,-1.829628
8270,R_hip_pitch,0.093035,0.153259,0.109424,5.032273
8270,R_knee,-0.490026,0.197494,0.232346,-9.893128
8270,R_foot_pitch,0.935929,-0.096407,-0.119469,2.814708
8270,R_foot_roll,-0.329552,-0.032955,-0.012841,-1.863957
8280,L_hip_roll,-0.479294,-0.071894,-0.022466,-9.929326
8280,L_hip_yaw,0.008687,0.002172,0.002805,-0.515285
8280,L_hip_pitch,-0.504168,-0.256042,-0.273671,1.550586
8280,L_knee,-0.211437,-0.372859,-0.442110,5.800215
8280,L_foot_pitch,0.449838,0.234984,0.268972,-0.997920
8280,L_foot_roll,0.054590,0.005459,-0.014410,0.784103
8280,R_hip_roll,-0.322915,-0.048437,-0.002565,-8.774796
8280,R_hip_yaw,-0.100392,-0.025098,-0.014484,-1.284240
8280,R_hip_pitch,0.070062,0.147516,0.111828,4.025728
8280,R_knee,-0.406971,0.218257,0.244650,-8.496315
8280,R_foot_pitch,1.050493,-0.084951,-0.129440,4.543733
8280,R_foot_roll,-0.061693,-0.006169,-0.010571,0.078041
8290,L_hip_roll,-0.544855,-0.081728,-0.022580,-11.821645
8290,L_hip_yaw,0.017781,0.004445,0.007622,-0.872725
8290,L_hip_pitch,-0.448490,-0.242122,-0.265744,1.955633
8290,L_knee,0.000000,-0.320000,-0.414532,8.142788
8290,L_foot_pitch,0.224954,0.212495,0.248745,-0.909934
8290,L_foot_roll,0.242552,0.024255,-0.003711,1.118925
8290,R_hip_roll,-0.030818,-0.004623,-0.003571,-0.042652
8290,R_hip_yaw,-0.090719,-0.022680,-0.014244,-1.040055
8290,R_hip_pitch,0.039667,0.139917,0.114469,2.760543
8290,R_knee,-0.305729,0.243568,0.257314,-6.381189
8290,R_foot_pitch,1.201126,-0.069887,-0.139663,6.588119
8290,R_foot_roll,0.287995,0.028800,-0.008342,2.705252
8300,L_hip_roll,-0.545299,-0.081795,-0.022593,-11.874208
8300,L_hip_yaw,0.017416,0.004354,0.012656,-1.484516
8300,L_hip_pitch,-0.267731,-0.196933,-0.253849,5.527104
8300,L_knee,0.255334,-0.256166,-0.377940,10.206190
8300,L_foot_pitch,0.027075,0.192707,0.226010,-0.480379
8300,L_foot_roll,0.537059,0.053706,0.011056,1.867816
8300,R_hip_roll,0.348263,0.052240,-0.003521,10.934363
8300,R_hip_yaw,-0.114986,-0.028746,-0.013751,-1.850253
8300,R_hip_pitch,0.002555,0.130639,0.117454,1.308823
8300,R_knee,-0.198826,0.270294,0.270662,-3.927651
8300,R_foot_pitch,1.337485,-0.056252,-0.150088,8.521553
8300,R_foot_roll,0.720309,0.072031,-0.006179,6.245320
8310,L_hip_roll,-0.443279,-0.066492,-0.021940,-9.184758
8310,L_hip_yaw,-0.018895,-0.004724,0.015298,-2.530135
8310,L_hip_pitch,-0.115770,-0.158943,-0.238890,8.171461
8310,L_knee,0.473737,-0.201566,-0.341999,17.382866
8310,L_foot_pitch,0.096204,0.199620,0.178571,8.670800
8310,L_foot_roll,0.834588,0.083459,0.022024,4.642861
8310,R_hip_roll,0.531579,0.079737,-0.002574,16.203950
8310,R_hip_yaw,-0.118282,-0.029571,-0.013046,-2.046303
8310,R_hip_pitch,0.260588,0.195147,0.119555,8.982904
8310,R_knee,-0.211917,0.267021,0.283537,-6.421915
8310,R_foot_pitch,0.999916,-0.090008,-0.160382,6.621833
8310,R_foot_roll,0.926741,0.092674,-0.003115,7.414367
8320,L_hip_roll,0.331272,0.049691,-0.021061,13.869215
8320,L_hip_yaw,-0.116381,-0.029095,0.016995,-5.718471
8320,L_hip_pitch,-0.219072,-0.184768,-0.221869,2.661796
8320,L_knee,0.588875,-0.172781,-0.311587,15.705456
8320,L_foot_pitch,0.117907,0.201791,0.108776,13.956001
8320,L_foot_roll,0.888167,0.088817,0.024026,5.161233
8320,R_hip_roll,0.680548,0.102082,-0.002098,20.768283
8320,R_hip_yaw,-0.088537,-0.022134,-0.012124,-1.301487
8320,R_hip_pitch,0.361198,0.220300,0.120527,11.887611
8320,R_knee,0.016557,0.324139,0.295545,1.591957
8320,R_foot_pitch,0.156032,-0.174397,-0.170628,0.716340
8320,R_foot_roll,0.769228,0.076923,0.003245,5.034327
8330,L_hip_roll,0.928815,0.139322,-0.021463,33.231380
8330,L_hip_yaw,-0.088280,-0.022070,0.017371,-4.602589
8330,L_hip_pitch,0.137265,-0.095684,-0.211564,13.642943
8330,L_knee,0.498198,-0.195450,-0.295703,17.597899
8330,L_foot_pitch,-0.073933,0.182607,0.080890,7.866657
8330,L_foot_roll,0.857592,0.085759,0.019375,4.961150
8330,R_hip_roll,0.622459,0.093369,-0.003718,20.581882
8330,R_hip_yaw,-0.069102,-0.017275,-0.013249,-0.059854
8330,R_hip_pitch,0.421814,0.235453,0.125712,12.392909
8330,R_knee,0.324842,0.401211,0.311844,10.901839
8330,R_foot_pitch,-0.656691,-0.255669,-0.180504,-5.476484
8330,R_foot_roll,0.325169,0.032517,0.020815,-1.726725
8340,L_hip_roll,0.787541,0.118131,-0.024479,29.316441
8340,L_hip_yaw,-0.093276,-0.023319,0.016719,-4.775566
8340,L_hip_pitch,0.047580,-0.118105,-0.207744,10.291403
8340,L_knee,0.401209,-0.219698,-0.291882,11.418034
8340,L_foot_pitch,-0.360892,0.153911,0.082612,5.603308
8340,L_foot_roll,0.463328,0.046333,0.021810,1.652265
8340,R_hip_roll,0.117368,0.017605,-0.005832,4.891939
8340,R_hip_yaw,-0.003470,-0.000868,-0.018636,2.677188
8340,R_hip_pitch,0.382421,0.225605,0.139038,8.782653
8340,R_knee,0.304095,0.396024,0.341616,-0.907475
8340,R_foot_pitch,-1.170231,-0.307023,-0.203535,-5.170318
8340,R_foot_roll,-0.155286,-0.015529,0.036836,-5.008687
8350,L_hip_roll,0.815513,0.122327,-0.027027,30.621264
8350,L_hip_yaw,0.000349,0.000087,0.016419,-1.918667
8350,L_hip_pitch,0.053125,-0.116719,-0.202608,9.756365
8350,L_knee,0.413367,-0.216658,-0.286167,10.735296
8350,L_foot_pitch,-0.218941,0.168106,0.083572,6.673803
8350,L_foot_roll,0.396155,0.039615,0.023885,1.017978
8350,R_hip_roll,0.126678,0.019002,-0.005923,4.885357
8350,R_hip_yaw,0.013924,0.003481,-0.018590,2.238533
8350,R_hip_pitch,0.450072,0.242518,0.154718,9.091084
8350,R_knee,0.378988,0.414747,0.376643,-2.782371
8350,R_foot_pitch,-1.380584,-0.328058,-0.246784,-1.832065
8350,R_foot_roll,-0.159093,-0.015909,0.026168,-1.279825
8360,L_hip_roll,0.863675,0.129551,-0.029233,32.208700
8360,L_hip_yaw,0.001804,0.000451,0.016303,-1.909484
8360,L_hip_pitch,0.129162,-0.097709,-0.196855,11.254686
8360,L_knee,0.391174,-0.222206,-0.280220,8.467673
8360,L_foot_pitch,-0.180621,0.171938,0.084636,6.869392
8360,L_foot_roll,0.509465,0.050946,0.025502,2.263852
8360,R_hip_roll,0.121271,0.018191,-0.005092,4.228216
8360,R_hip_yaw,-0.006803,-0.001701,-0.010212,-0.073398
8360,R_hip_pitch,0.452266,0.243067,0.168494,7.689532
8360,R_knee,0.439294,0.429824,0.406153,-3.509418
8360,R_foot_pitch,-1.398516,-0.329852,-0.293257,1.287537
8360,R_foot_roll,-0.126642,-0.012664,0.002601,1.071363
8370,L_hip_roll,0.902908,0.135436,-0.030936,33.694910
8370,L_hip_yaw,-0.035327,-0.008832,0.016410,-3.041704
8370,L_hip_pitch,0.186385,-0.083404,-0.190701,12.235457
8370,L_knee,0.415433,-0.216142,-0.274948,9.126747
8370,L_foot_pitch,-0.341859,0.155814,0.086225,5.375433
8370,L_foot_roll,0.625765,0.062577,0.027347,2.654604
8370,R_hip_roll,0.029904,0.004486,-0.003441,0.968069
8370,R_hip_yaw,-0.007496,-0.001874,-0.000155,-1.086434
8370,R_hip_pitch,0.496710,0.254177,0.179719,7.958326
8370,R_knee,0.483146,0.440786,0.428155,-3.179235
8370,R_foot_pitch,-1.501672,-0.340167,-0.325696,1.195505
8370,R_foot_roll,-0.164125,-0.016413,-0.014608,1.070983
8380,L_hip_roll,1.056786,0.158518,-0.032259,38.543993
8380,L_hip_yaw,-0.036856,-0.009214,0.016493,-3.085061
8380,L_hip_pitch,0.107709,-0.103073,-0.183357,8.842117
8380,L_knee,0.460671,-0.204832,-0.269432,9.915658
8380,L_foot_pitch,-0.451422,0.144858,0.087986,4.372377
8380,L_foot_roll,0.651017,0.065102,0.028682,2.754888
8380,R_hip_roll,0.056892,0.008534,-0.001287,1.291601
8380,R_hip_yaw,0.004288,0.001072,0.005952,-0.963678
8380,R_hip_pitch,0.590980,0.277745,0.188307,9.988649
8380,R_knee,0.516662,0.449166,0.443399,-2.694848
8380,R_foot_pitch,-1.685149,-0.358515,-0.341711,-0.354362
8380,R_foot_roll,-0.177874,-0.017787,-0.021999,0.722093
8390,L_hip_roll,1.080151,0.162023,-0.033155,39.245857
8390,L_hip_yaw,-0.074487,-0.018622,0.016480,-4.206337
8390,L_hip_pitch,0.130326,-0.097419,-0.175541,8.624654
8390,L_knee,0.473325,-0.201669,-0.263770,9.615899
8390,L_foot_pitch,-0.333418,0.156658,0.089795,5.150932
8390,L_foot_roll,0.764804,0.076480,0.029394,3.643866
8390,R_hip_roll,0.001208,0.000181,0.001419,-1.156717
8390,R_hip_yaw,0.016359,0.004090,0.007707,-0.454011
8390,R_hip_pitch,0.575572,0.273893,0.195973,8.588311
8390,R_knee,0.625360,0.476340,0.454670,0.967881
8390,R_foot_pitch,-1.861315,-0.376132,-0.350202,-1.394541
8390,R_foot_roll,-0.167668,-0.016767,-0.023229,0.467447
8400,L_hip_roll,1.150345,0.172552,-0.033686,41.375850
8400,L_hip_yaw,-0.077596,-0.019399,0.016348,-4.266898
8400,L_hip_pitch,0.210293,-0.077427,-0.168209,10.183409
8400,L_knee,0.449453,-0.207637,-0.258823,7.862661
8400,L_foot_pitch,-0.437828,0.146217,0.091842,4.131251
8400,L_foot_roll,0.839595,0.083960,0.030364,4.163723
8400,R_hip_roll,0.009358,0.001404,0.004615,-1.636702
8400,R_hip_yaw,0.018394,0.004598,0.007029,-0.170089
8400,R_hip_pitch,0.660327,0.295082,0.204675,9.934135
8400,R_knee,0.715349,0.498837,0.465860,2.495962
8400,R_foot_pitch,-2.091334,-0.399133,-0.354232,-3.366973
8400,R_foot_roll,-0.189429,-0.018943,-0.021187,-0.100792
8410,L_hip_roll,1.147089,0.172063,-0.033841,41.194049
8410,L_hip_yaw,-0.074778,-0.018694,0.016193,-4.170677
8410,L_hip_pitch,0.143447,-0.094138,-0.161406,7.424952
8410,L_knee,0.466982,-0.203255,-0.254801,8.268416
8410,L_foot_pitch,-0.373159,0.152684,0.094276,4.401080
8410,L_foot_roll,0.873675,0.087368,0.030813,4.434271
8410,R_hip_roll,-0.039122,-0.005868,0.008161,-3.907985
8410,R_hip_yaw,0.039402,0.009850,0.005530,0.670458
8410,R_hip_pitch,0.699566,0.304891,0.215638,9.531814
8410,R_knee,0.776203,0.514051,0.480348,1.383640
8410,R_foot_pitch,-2.242883,-0.414288,-0.355564,-4.622825
8410,R_foot_roll,-0.178924,-0.017892,-0.019030,-0.069460
8420,L_hip_roll,1.200560,0.180084,-0.033721,42.704655
8420,L_hip_yaw,-0.057656,-0.014414,0.016014,-3.626336
8420,L_hip_pitch,0.162833,-0.089292,-0.155654,7.441977
8420,L_knee,0.485372,-0.198657,-0.252329,9.150799
8420,L_foot_pitch,-0.225012,0.167499,0.097353,5.287117
8420,L_foot_roll,0.994878,0.099488,0.031270,5.368559
8420,R_hip_roll,-0.044103,-0.006615,0.011798,-4.755937
8420,R_hip_yaw,0.025420,0.006355,0.005563,-0.025283
8420,R_hip_pitch,0.795175,0.328794,0.228852,10.621746
8420,R_knee,0.892672,0.543168,0.497694,2.949416
8420,R_foot_pitch,-2.386183,-0.428618,-0.356105,-5.761972
8420,R_foot_roll,-0.109075,-0.010908,-0.017553,0.403755
8430,L_hip_roll,1.252394,0.187859,-0.033431,44.173486
8430,L_hip_yaw,-0.025849,-0.006462,0.015891,-2.671009
8430,L_hip_pitch,0.133952,-0.096512,-0.151048,6.125397
8430,L_knee,0.516485,-0.190879,-0.251243,10.699100
8430,L_foot_pitch,-0.182556,0.171744,0.100900,5.302361
8430,L_foot_roll,1.074215,0.107422,0.031520,5.994287
8430,R_hip_roll,-0.092328,-0.013849,0.015219,-6.796147
8430,R_hip_yaw,0.019262,0.004815,0.006898,-0.391703
8430,R_hip_pitch,0.819683,0.334921,0.244744,9.142343
8430,R_knee,0.993164,0.568291,0.518369,2.516868
8430,R_foot_pitch,-2.573136,-0.447314,-0.356575,-7.210900
8430,R_foot_roll,-0.116530,-0.011653,-0.014707,-0.108268
8440,L_hip_roll,1.363131,0.204470,-0.033103,47.445347
8440,L_hip_yaw,-0.040694,-0.010174,0.015903,-3.130423
8440,L_hip_pitch,0.108110,-0.102972,-0.146976,4.880892
8440,L_knee,0.520976,-0.189756,-0.250697,10.843699
8440,L_foot_pitch,-0.286401,0.161360,0.104668,4.167993
8440,L_foot_roll,1.211774,0.121177,0.031424,7.104167
8440,R_hip_roll,-0.049410,-0.007412,0.018217,-5.947129
8440,R_hip_yaw,0.045140,0.011285,0.008014,0.300445
8440,R_hip_pitch,0.819812,0.334953,0.262953,6.790070
8440,R_knee,1.098632,0.594658,0.541940,2.438548
8440,R_foot_pitch,-2.714582,-0.461458,-0.357272,-8.256975
8440,R_foot_roll,-0.120972,-0.012097,-0.011539,-0.311448
8450,L_hip_roll,1.309469,0.196420,-0.032563,45.598533
8450,L_hip_yaw,-0.015950,-0.003988,0.015875,-2.370804
8450,L_hip_pitch,0.090069,-0.107483,-0.143040,3.875269
8450,L_knee,0.573216,-0.176696,-0.250454,13.275779
8450,L_foot_pitch,-0.238346,0.166165,0.108579,4.217582
8450,L_foot_roll,1.289943,0.128994,0.031208,7.775358
8450,R_hip_roll,-0.033470,-0.005020,0.020917,-5.974531
8450,R_hip_yaw,0.062359,0.015590,0.009964,0.411013
8450,R_hip_pitch,0.918412,0.359603,0.281977,7.448568
8450,R_knee,1.170035,0.612509,0.566195,1.333287
8450,R_foot_pitch,-2.779564,-0.467956,-0.358231,-8.676771
8450,R_foot_roll,-0.054758,-0.005476,-0.009840,0.249254
8460,L_hip_roll,1.314134,0.197120,-0.031805,45.565287
8460,L_hip_yaw,0.022696,0.005674,0.015809,-1.208520
8460,L_hip_pitch,0.016549,-0.125863,-0.138639,1.060622
8460,L_knee,0.614595,-0.166351,-0.249530,14.546849
8460,L_foot_pitch,-0.036869,0.186313,0.112176,5.603419
8460,L_foot_roll,1.369911,0.136991,0.030869,8.446263
8460,R_hip_roll,0.009347,0.001402,0.023204,-4.964015
8460,R_hip_yaw,0.055126,0.013782,0.013898,-0.478544
8460,R_hip_pitch,0.927910,0.361977,0.301015,5.450520
8460,R_knee,1.245816,0.631454,0.589563,0.927350
8460,R_foot_pitch,-2.827596,-0.472760,-0.359283,-8.975651
8460,R_foot_roll,-0.006767,-0.000677,-0.007608,0.280351
8470,L_hip_roll,1.380511,0.207077,-0.030842,47.273983
8470,L_hip_yaw,0.064855,0.016214,0.015747,0.065592
8470,L_hip_pitch,0.013097,-0.126726,-0.133682,0.325963
8470,L_knee,0.604757,-0.168811,-0.247692,13.596992
8470,L_foot_pitch,-0.012954,0.188705,0.115517,5.552643
8470,L_foot_roll,1.459775,0.145978,0.030306,9.223338
8470,R_hip_roll,-0.068166,-0.010225,0.025159,-7.650831
8470,R_hip_yaw,0.063004,0.015751,0.018181,-0.670318
8470,R_hip_pitch,0.955016,0.368754,0.319532,4.122856
8470,R_knee,1.302094,0.645523,0.610729,0.452658
8470,R_foot_pitch,-2.863672,-0.476367,-0.360285,-9.192195
8470,R_foot_roll,-0.001698,-0.000170,-0.003913,-0.090643
8480,L_hip_roll,1.389289,0.208393,-0.029541,47.193527
8480,L_hip_yaw,0.089982,0.022496,0.015714,0.816954
8480,L_hip_pitch,-0.057090,-0.144273,-0.128553,-2.393846
8480,L_knee,0.619433,-0.165142,-0.245773,14.002004
8480,L_foot_pitch,-0.042887,0.185711,0.118820,5.070827
8480,L_foot_roll,1.535098,0.153510,0.029676,9.793755
8480,R_hip_roll,-0.103838,-0.015576,0.026944,-8.998366
8480,R_hip_yaw,0.062876,0.015719,0.021841,-1.071812
8480,R_hip_pitch,0.968170,0.372042,0.336831,2.583879
8480,R_knee,1.368589,0.662147,0.628590,1.295575
8480,R_foot_pitch,-2.920354,-0.482035,-0.361178,-9.586099
8480,R_foot_roll,0.013269,0.001327,-0.000294,-0.179927
8490,L_hip_roll,1.422337,0.213350,-0.027906,47.758395
8490,L_hip_yaw,0.123593,0.030898,0.015692,1.828640
8490,L_hip_pitch,-0.093758,-0.153439,-0.123713,-4.024034
8490,L_knee,0.650658,-0.157335,-0.244473,15.423929
8490,L_foot_pitch,0.003922,0.190392,0.122574,5.067061
8490,L_foot_roll,1.564451,0.156445,0.028568,10.216120
8490,R_hip_roll,-0.100348,-0.015052,0.028399,-9.064326
8490,R_hip_yaw,0.056367,0.014092,0.024725,-1.514558
8490,R_hip_pitch,0.955217,0.368804,0.352918,0.364724
8490,R_knee,1.403870,0.670968,0.643346,1.021992
8490,R_foot_pitch,-2.914804,-0.481480,-0.361987,-9.482790
8490,R_foot_roll,0.054172,0.005417,0.002346,0.033649
8500,L_hip_roll,1.355727,0.203359,-0.026017,45.261908
8500,L_hip_yaw,0.142256,0.035564,0.015651,2.396493
8500,L_hip_pitch,-0.128243,-0.162061,-0.119071,-5.628109
8500,L_knee,0.669966,-0.152508,-0.243657,16.201148
8500,L_foot_pitch,0.010833,0.191083,0.126554,4.728378
8500,L_foot_roll,1.540122,0.154012,0.027598,10.248469
8500,R_hip_roll,-0.104247,-0.015637,0.029493,-9.314042
8500,R_hip_yaw,0.054914,0.013729,0.026208,-1.575937
8500,R_hip_pitch,0.956014,0.369004,0.367357,-1.141539
8500,R_knee,1.419010,0.674753,0.654635,0.818849
8500,R_foot_pitch,-2.900445,-0.480044,-0.362671,-9.328969
8500,R_foot_roll,0.078885,0.007889,0.004824,-0.001146
8510,L_hip_roll,1.278480,0.191772,-0.023957,42.494423
8510,L_hip_yaw,0.153281,0.038320,0.015598,2.734194
8510,L_hip_pitch,-0.161483,-0.170371,-0.114226,-7.238658
8510,L_knee,0.676069,-0.150983,-0.242827,16.260043
8510,L_foot_pitch,-0.030050,0.186995,0.130604,4.077395
8510,L_foot_roll,1.453934,0.145393,0.026684,9.664168
8510,R_hip_roll,-0.052417,-0.007863,0.030142,-7.728132
8510,R_hip_yaw,0.054656,0.013664,0.026254,-1.464087
8510,R_hip_pitch,0.949009,0.367252,0.379509,-2.572882
8510,R_knee,1.429359,0.677340,0.661757,1.255650
8510,R_foot_pitch,-2.825745,-0.472575,-0.363179,-8.708471
8510,R_foot_roll,0.115741,0.011574,0.007537,0.063120
8520,L_hip_roll,1.223549,0.183532,-0.021703,40.303793
8520,L_hip_yaw,0.165325,0.041331,0.015522,3.105495
8520,L_hip_pitch,-0.167228,-0.171807,-0.109156,-8.041469
8520,L_knee,0.679232,-0.150192,-0.241899,16.185854
8520,L_foot_pitch,-0.083137,0.181686,0.134796,3.316026
8520,L_foot_roll,1.397537,0.139754,0.024816,9.540839
8520,R_hip_roll,-0.029486,-0.004423,0.030362,-6.990015
8520,R_hip_yaw,0.049090,0.012273,0.025121,-1.388914
8520,R_hip_pitch,0.960208,0.370052,0.389293,-3.184641
8520,R_knee,1.430809,0.677702,0.664889,1.846936
8520,R_foot_pitch,-2.744381,-0.464438,-0.363447,-8.062476
8520,R_foot_roll,0.136087,0.013609,0.010488,-0.037652
8530,L_hip_roll,1.179905,0.176986,-0.019552,38.698675
8530,L_hip_yaw,0.169160,0.042290,0.015431,3.233870
8530,L_hip_pitch,-0.178835,-0.174709,-0.104168,-8.949554
8530,L_knee,0.670542,-0.152365,-0.241243,15.904616
8530,L_foot_pitch,-0.196945,0.170305,0.139009,2.026213
8530,L_foot_roll,1.314348,0.131435,0.023834,8.672660
8530,R_hip_roll,-0.007755,-0.001163,0.030090,-6.083668
8530,R_hip_yaw,0.053997,0.013499,0.022933,-0.877855
8530,R_hip_pitch,0.963354,0.370838,0.396992,-3.824584
8530,R_knee,1.396531,0.669133,0.664852,1.127458
8530,R_foot_pitch,-2.675210,-0.457521,-0.363448,-7.534960
8530,R_foot_roll,0.124647,0.012465,0.013295,-0.316924
8540,L_hip_roll,1.110374,0.166556,-0.017383,36.137555
8540,L_hip_yaw,0.178682,0.044671,0.015340,3.529466
8540,L_hip_pitch,-0.156458,-0.169114,-0.099310,-8.846746
8540,L_knee,0.657048,-0.155738,-0.240855,15.284551
8540,L_foot_pitch,-0.301388,0.159861,0.143523,0.819903
8540,L_foot_roll,1.182607,0.118261,0.022380,7.848072
8540,R_hip_roll,-0.005110,-0.000767,0.029358,-5.732256
8540,R_hip_yaw,0.051324,0.012831,0.020563,-0.712787
8540,R_hip_pitch,0.956818,0.369205,0.402593,-4.476442
8540,R_knee,1.344523,0.656131,0.661583,0.410218
8540,R_foot_pitch,-2.590008,-0.449001,-0.363219,-6.892017
8540,R_foot_roll,0.101866,0.010187,0.014793,-0.447875
8550,L_hip_roll,1.020881,0.153132,-0.015175,33.052676
8550,L_hip_yaw,0.178831,0.044708,0.015242,3.545545
8550,L_hip_pitch,-0.138558,-0.164640,-0.094441,-8.889838
8550,L_knee,0.636072,-0.160982,-0.240492,14.330399
8550,L_foot_pitch,-0.435629,0.146437,0.148449,-0.657142
8550,L_foot_roll,1.049854,0.104985,0.020421,6.976940
8550,R_hip_roll,0.022671,0.003401,0.028122,-4.457622
8550,R_hip_yaw,0.051985,0.012996,0.018793,-0.547484
8550,R_hip_pitch,0.953034,0.368258,0.405718,-4.703521
8550,R_knee,1.279734,0.639933,0.654357,0.034581
8550,R_foot_pitch,-2.475767,-0.437577,-0.362796,-6.029802
8550,R_foot_roll,0.075827,0.007583,0.014337,-0.424538
8560,L_hip_roll,0.903826,0.135574,-0.013275,29.192916
8560,L_hip_yaw,0.176751,0.044188,0.015147,3.493247
8560,L_hip_pitch,-0.065826,-0.146457,-0.089771,-7.271186
8560,L_knee,0.603165,-0.169209,-0.240545,12.853784
8560,L_foot_pitch,-0.607801,0.129220,0.153100,-2.410663
8560,L_foot_roll,0.871969,0.087197,0.018810,5.770868
8560,R_hip_roll,0.054090,0.008114,0.026188,-2.962490
8560,R_hip_yaw,0.051818,0.012955,0.017639,-0.473418
8560,R_hip_pitch,0.958394,0.369599,0.406198,-4.348367
8560,R_knee,1.174355,0.613589,0.642911,-1.449255
8560,R_foot_pitch,-2.334955,-0.423495,-0.362180,-4.971906
8560,R_foot_roll,0.035164,0.003516,0.012113,-0.420478
8570,L_hip_roll,0.774808,0.116221,-0.011648,25.232892
8570,L_hip_yaw,0.169166,0.042292,0.015048,3.275773
8570,L_hip_pitch,-0.014023,-0.133506,-0.084852,-6.314218
8570,L_knee,0.569396,-0.177651,-0.240407,11.321691
8570,L_foot_pitch,-0.794459,0.110554,0.157998,-4.186673
8570,L_foot_roll,0.658138,0.065814,0.017167,3.801630
8570,R_hip_roll,0.126461,0.018969,0.023690,-0.074577
8570,R_hip_yaw,0.049914,0.012478,0.016850,-0.444778
8570,R_hip_pitch,0.949841,0.367460,0.403769,-4.005884
8570,R_knee,1.040310,0.580077,0.626687,-3.026785
8570,R_foot_pitch,-2.139502,-0.403950,-0.361342,-3.498060
8570,R_foot_roll,-0.027196,-0.002720,0.008426,-0.497307
8580,L_hip_roll,0.566918,0.085038,-0.010402,18.763800
8580,L_hip_yaw,0.154689,0.038672,0.014947,2.856065
8580,L_hip_pitch,0.073355,-0.111661,-0.079627,-4.365796
8580,L_knee,0.528788,-0.187803,-0.240129,9.361099
8580,L_foot_pitch,-1.031190,0.086881,0.162998,-6.598033
8580,L_foot_roll,0.408421,0.040842,0.015253,2.328736
8580,R_hip_roll,0.213043,0.031956,0.020838,3.116102
8580,R_hip_yaw,0.049122,0.012280,0.015580,-0.227578
8580,R_hip_pitch,0.925944,0.361486,0.397956,-3.682779
8580,R_knee,0.862810,0.535703,0.604559,-5.193559
8580,R_foot_pitch,-1.873770,-0.377377,-0.360218,-1.492451
8580,R_foot_roll,-0.133262,-0.013326,0.003053,-0.740163
8590,L_hip_roll,0.284391,0.042659,-0.009664,10.335482
8590,L_hip_yaw,0.135223,0.033806,0.014805,2.293710
8590,L_hip_pitch,0.190977,-0.082256,-0.073849,-1.603034
8590,L_knee,0.464916,-0.203771,-0.239500,6.225119
8590,L_foot_pitch,-1.321576,0.057842,0.168076,-9.341823
8590,L_foot_roll,0.119774,0.011977,0.013353,0.108215
8590,R_hip_roll,0.355947,0.053392,0.017920,7.992560
8590,R_hip_yaw,0.043259,0.010815,0.012982,0.063734
8590,R_hip_pitch,0.878981,0.349745,0.388098,-3.483192
8590,R_knee,0.625036,0.476259,0.575027,-8.223680
8590,R_foot_pitch,-1.553357,-0.345336,-0.358708,0.908493
8590,R_foot_roll,-0.301630,-0.030163,-0.004984,-1.150403
8600,L_hip_roll,-0.137059,-0.020559,-0.009560,-2.111095
8600,L_hip_yaw,0.113114,0.028279,0.014599,1.661880
8600,L_hip_pitch,0.311910,-0.052022,-0.067067,1.107027
8600,L_knee,0.390970,-0.222258,-0.238167,2.489870
8600,L_foot_pitch,-1.619811,0.028019,0.172973,-12.114960
8600,L_foot_roll,-0.219632,-0.021963,0.011592,-2.471908
8600,R_hip_roll,0.543809,0.081571,0.015323,14.009959
8600,R_hip_yaw,0.029742,0.007436,0.008162,0.496179
8600,R_hip_pitch,0.798418,0.329605,0.373086,-3.548139
8600,R_knee,0.318217,0.399554,0.535567,-11.707942
8600,R_foot_pitch,-1.151367,-0.305137,-0.352912,3.079684
8600,R_foot_roll,-0.580064,-0.058006,-0.017475,-1.890859
8610,L_hip_roll,-0.651387,-0.097708,-0.010313,-17.110836
8610,L_hip_yaw,0.106709,0.026677,0.014262,1.521020
8610,L_hip_pitch,0.379869,-0.035033,-0.059075,2.036203
8610,L_knee,0.291193,-0.247202,-0.236330,-2.575974
8610,L_foot_pitch,-1.815597,0.008440,0.178084,-14.147857
8610,L_foot_roll,-0.530166,-0.053017,0.009724,-4.823499
8610,R_hip_roll,0.706204,0.105931,0.013436,18.986859
8610,R_hip_yaw,0.034871,0.008718,-0.000014,1.995698
8610,R_hip_pitch,0.598677,0.279669,0.351557,-6.278860
8610,R_knee,-0.053021,0.306745,0.482796,-14.687250
8610,R_foot_pitch,-0.713918,-0.261392,-0.334425,3.529566
8610,R_foot_roll,-0.989412,-0.098941,-0.037377,-2.758456
8620,L_hip_roll,-0.862432,-0.129365,-0.012055,-23.157386
8620,L_hip_yaw,0.045010,0.011253,0.013752,-0.294268
8620,L_hip_pitch,0.265407,-0.063648,-0.050476,-2.408896
8620,L_knee,0.324142,-0.238965,-0.235371,-0.772227
8620,L_foot_pitch,-1.561359,0.033864,0.183381,-12.422730
8620,L_foot_roll,-0.680501,-0.068050,0.008012,-5.845515
8620,R_hip_roll,0.707456,0.106118,0.011967,19.301501
8620,R_hip_yaw,0.063849,0.015962,-0.008604,3.170609
8620,R_hip_pitch,0.340155,0.215039,0.323966,-10.935429
8620,R_knee,-0.355148,0.231213,0.419995,-21.915043
8620,R_foot_pitch,-0.435032,-0.233503,-0.286594,-5.997488
8620,R_foot_roll,-1.614310,-0.161431,-0.060214,-8.490935
8630,L_hip_roll,-0.883237,-0.132485,-0.012397,-24.027500
8630,L_hip_yaw,0.021328,0.005332,0.013208,-0.862897
8630,L_hip_pitch,0.085582,-0.108605,-0.041553,-8.955989
8630,L_knee,0.226261,-0.263435,-0.235292,-4.950873
8630,L_foot_pitch,-0.794044,0.110596,0.187886,-6.608960
8630,L_foot_roll,-0.226405,-0.022640,0.005034,-1.927574
8630,R_hip_roll,0.029909,0.004486,0.011953,-1.774297
8630,R_hip_yaw,0.211298,0.052825,-0.009481,7.526476
8630,R_hip_pitch,0.289919,0.202480,0.297984,-8.687248
8630,R_knee,-0.461615,0.204596,0.373261,-16.052778
8630,R_foot_pitch,-0.126316,-0.202632,-0.178977,-12.198585
8630,R_foot_roll,-2.010594,-0.201059,-0.068810,-8.978427
8640,L_hip_roll,-0.348475,-0.052271,-0.012774,-7.665917
8640,L_hip_yaw,-0.061729,-0.015432,0.012257,-3.229651
8640,L_hip_pitch,-0.196602,-0.179150,-0.036383,-17.368440
8640,L_knee,0.017553,-0.315612,-0.241566,-10.249432
8640,L_foot_pitch,0.216507,0.211651,0.192095,1.149670
8640,L_foot_roll,0.465961,0.046596,0.003379,3.619306
8640,R_hip_roll,-0.454139,-0.068121,0.013062,-16.529425
8640,R_hip_yaw,0.237715,0.059429,-0.010358,8.517024
8640,R_hip_pitch,0.299415,0.204854,0.271373,-5.486780
8640,R_knee,-0.433637,0.211591,0.327722,-8.258011
8640,R_foot_pitch,0.250007,-0.164999,-0.081134,-14.450000
8640,R_foot_roll,-1.871214,-0.187121,-0.091192,-5.132089
8650,L_hip_roll,-0.355851,-0.053378,-0.012875,-8.472373
8650,L_hip_yaw,-0.101096,-0.025274,0.006042,-2.757298
8650,L_hip_pitch,-0.184773,-0.176193,-0.043926,-14.496201
8650,L_knee,-0.101952,-0.345488,-0.266557,-4.361425
8650,L_foot_pitch,0.752223,0.265222,0.201250,4.168649
8650,L_foot_roll,0.728553,0.072855,0.014772,2.822980
8650,R_hip_roll,-0.826504,-0.123976,0.013344,-27.556661
8650,R_hip_yaw,0.061103,0.015276,-0.011178,3.121078
8650,R_hip_pitch,0.069478,0.147369,0.256201,-12.336655
8650,R_knee,-0.476687,0.200828,0.304757,-16.534949
8650,R_foot_pitch,0.632283,-0.126772,-0.041318,-6.637673
8650,R_foot_roll,-1.558481,-0.155848,-0.088710,-7.896996
8660,L_hip_roll,-0.060851,-0.009128,-0.012357,0.613106
8660,L_hip_yaw,-0.082334,-0.020584,-0.009114,0.390058
8660,L_hip_pitch,-0.174771,-0.173693,-0.061749,-11.489451
8660,L_knee,-0.212708,-0.373177,-0.306428,0.501421
8660,L_foot_pitch,1.050287,0.295029,0.222574,3.201014
8660,L_foot_roll,0.908596,0.090860,0.041566,1.015655
8660,R_hip_roll,-0.880064,-0.132010,0.013270,-28.999866
8660,R_hip_yaw,-0.021164,-0.005291,-0.011439,0.798793
8660,R_hip_pitch,-0.020695,0.124826,0.247605,-13.796132
8660,R_knee,-0.402715,0.219321,0.294226,-9.772948
8660,R_foot_pitch,0.990075,-0.090993,-0.041417,-4.059029
8660,R_foot_roll,-1.260884,-0.126088,-0.058540,-8.589658
8670,L_hip_roll,0.005085,0.000763,-0.011783,2.207386
8670,L_hip_yaw,-0.097756,-0.024439,-0.024152,1.189506
8670,L_hip_pitch,-0.131593,-0.162898,-0.081968,-7.751508
8670,L_knee,-0.288824,-0.392206,-0.348910,4.245589
8670,L_foot_pitch,1.180836,0.308084,0.254803,0.984107
8670,L_foot_roll,0.928152,0.092815,0.071395,-1.016593
8670,R_hip_roll,-1.066406,-0.159961,0.013289,-34.749358
8670,R_hip_yaw,-0.062147,-0.015537,-0.012455,-0.257435
8670,R_hip_pitch,0.038932,0.139733,0.237254,-10.622768
8670,R_knee,-0.480785,0.199804,0.280395,-10.233274
8670,R_foot_pitch,1.010578,-0.088942,-0.039712,-4.127270
8670,R_foot_roll,-1.179826,-0.117983,-0.024981,-10.732470
8680,L_hip_roll,-0.236418,-0.035463,-0.008442,-6.559204
8680,L_hip_yaw,-0.117559,-0.029390,-0.032519,0.944612
8680,L_hip_pitch,-0.081221,-0.150305,-0.100354,-4.355408
8680,L_knee,-0.352960,-0.408240,-0.384246,4.695229
8680,L_foot_pitch,1.210526,0.311053,0.285270,-0.574250
8680,L_foot_roll,0.860478,0.086048,0.092073,-1.981943
8680,R_hip_roll,-1.115575,-0.167336,0.017991,-38.615033
8680,R_hip_yaw,-0.086328,-0.021582,-0.012845,-1.022194
8680,R_hip_pitch,0.105148,0.156287,0.230258,-8.149853
8680,R_knee,-0.605603,0.168599,0.272315,-16.249718
8680,R_foot_pitch,1.042193,-0.085781,-0.040333,-3.592027
8680,R_foot_roll,-1.152915,-0.115291,-0.025424,-6.943202
8690,L_hip_roll,-0.245574,-0.036836,-0.005201,-7.112614
8690,L_hip_yaw,-0.111203,-0.027801,-0.036771,1.368108
8690,L_hip_pitch,-0.107399,-0.156850,-0.114147,-3.975946
8690,L_knee,-0.398401,-0.419600,-0.408119,3.452544
8690,L_foot_pitch,1.284742,0.318474,0.305192,-0.352421
8690,L_foot_roll,0.844086,0.084409,0.099192,-1.358019
8690,R_hip_roll,-1.047798,-0.157170,0.022716,-37.263326
8690,R_hip_yaw,-0.080087,-0.020022,-0.013136,-0.800071
8690,R_hip_pitch,0.110665,0.157666,0.221191,-6.597242
8690,R_knee,-0.633543,0.161614,0.261956,-14.546196
8690,R_foot_pitch,1.063213,-0.083679,-0.039869,-3.597246
8690,R_foot_roll,-1.101951,-0.110195,-0.027572,-6.410070
8700,L_hip_roll,-0.156352,-0.023453,-0.003368,-4.340008
8700,L_hip_yaw,-0.122018,-0.030505,-0.037478,0.743682
8700,L_hip_pitch,-0.146784,-0.166696,-0.123918,-4.301891
8700,L_knee,-0.399030,-0.419758,-0.422184,3.549931
8700,L_foot_pitch,1.342238,0.324224,0.315122,0.084621
8700,L_foot_roll,0.765180,0.076518,0.096677,-1.130984
8700,R_hip_roll,-1.003348,-0.150502,0.026503,-36.392806
8700,R_hip_yaw,-0.046891,-0.011723,-0.013381,0.219769
8700,R_hip_pitch,0.017219,0.134305,0.209957,-7.903334
8700,R_knee,-0.619555,0.165111,0.249038,-11.079210
8700,R_foot_pitch,1.285403,-0.061460,-0.038490,-1.991124
8700,R_foot_roll,-1.010000,-0.101000,-0.029352,-5.569669
8710,L_hip_roll,-0.127057,-0.019059,-0.002879,-3.210907
8710,L_hip_yaw,-0.116715,-0.029179,-0.035660,0.540904
8710,L_hip_pitch,-0.261651,-0.195413,-0.130690,-7.204078
8710,L_knee,-0.440157,-0.430039,-0.428853,0.933674
8710,L_foot_pitch,1.363005,0.326300,0.319564,0.252085
8710,L_foot_roll,0.637104,0.063710,0.088759,-1.103312
8710,R_hip_roll,-1.152002,-0.172800,0.029422,-41.209825
8710,R_hip_yaw,0.013826,0.003457,-0.013520,2.044869
8710,R_hip_pitch,-0.071895,0.112026,0.197498,-8.985718
8710,R_knee,-0.619559,0.165110,0.234907,-8.305275
8710,R_foot_pitch,1.509660,-0.039034,-0.036665,-0.368794
8710,R_foot_roll,-1.027584,-0.102758,-0.030716,-5.638454
8720,L_hip_roll,-0.032550,-0.004883,-0.003712,0.199288
8720,L_hip_yaw,-0.111302,-0.027826,-0.032664,0.250673
8720,L_hip_pitch,-0.224066,-0.186016,-0.136831,-5.255899
8720,L_knee,-0.459771,-0.434943,-0.432634,0.621684
8720,L_foot_pitch,1.434924,0.333492,0.321697,0.800751
8720,L_foot_roll,0.540803,0.054080,0.077053,-0.617565
8720,R_hip_roll,-1.113112,-0.166967,0.031355,-40.121846
8720,R_hip_yaw,-0.014976,-0.003744,-0.013435,1.156127
8720,R_hip_pitch,-0.053093,0.116727,0.184890,-6.973577
8720,R_knee,-0.703184,0.144204,0.220700,-9.726832
8720,R_foot_pitch,1.434066,-0.046593,-0.035085,-1.108269
8720,R_foot_roll,-1.097937,-0.109794,-0.031802,-6.164392
8730,L_hip_roll,0.046942,0.007041,-0.005418,3.093681
8730,L_hip_yaw,-0.100449,-0.025112,-0.029268,0.174503
8730,L_hip_pitch,-0.229403,-0.187351,-0.143411,-4.611263
8730,L_knee,-0.510925,-0.447731,-0.435784,-1.345550
8730,L_foot_pitch,1.459463,0.335946,0.324388,0.601678
8730,L_foot_roll,0.432663,0.043266,0.063895,-0.405592
8730,R_hip_roll,-1.298531,-0.194780,0.032666,-45.810121
8730,R_hip_yaw,-0.038252,-0.009563,-0.013365,0.446398
8730,R_hip_pitch,-0.062188,0.114453,0.172507,-5.731832
8730,R_knee,-0.703671,0.144082,0.206676,-7.072852
8730,R_foot_pitch,1.440829,-0.045917,-0.033035,-1.231500
8730,R_foot_roll,-1.193391,-0.119339,-0.032545,-6.878291
8740,L_hip_roll,0.029334,0.004400,-0.007820,3.275705
8740,L_hip_yaw,-0.084072,-0.021018,-0.026079,0.315304
8740,L_hip_pitch,-0.274625,-0.198656,-0.150902,-4.932318
8740,L_knee,-0.542612,-0.455653,-0.439657,-1.580925
8740,L_foot_pitch,1.597264,0.349726,0.328407,1.296765
8740,L_foot_roll,0.378127,0.037813,0.051099,0.113675
8740,R_hip_roll,-1.372629,-0.205894,0.033275,-47.895206
8740,R_hip_yaw,-0.041147,-0.010287,-0.013319,0.360130
8740,R_hip_pitch,-0.170690,0.087328,0.160915,-7.748637
8740,R_knee,-0.688562,0.147859,0.193825,-4.781953
8740,R_foot_pitch,1.559062,-0.034094,-0.031510,-0.307735
8740,R_foot_roll,-1.276639,-0.127664,-0.033060,-7.531470
8750,L_hip_roll,0.156179,0.023427,-0.011064,7.993293
8750,L_hip_yaw,-0.076524,-0.019131,-0.022892,0.140370
8750,L_hip_pitch,-0.338380,-0.214595,-0.159610,-5.697963
8750,L_knee,-0.581067,-0.465267,-0.445376,-1.733405
8750,L_foot_pitch,1.583871,0.348387,0.335404,0.226657
8750,L_foot_roll,0.337177,0.033718,0.040778,0.282205
8750,R_hip_roll,-1.360023,-0.204003,0.032975,-47.176239
8750,R_hip_yaw,-0.030746,-0.007687,-0.013366,0.689681
8750,R_hip_pitch,-0.170655,0.087336,0.150729,-6.649167
8750,R_knee,-0.679887,0.150028,0.183429,-3.257649
8750,R_foot_pitch,1.620919,-0.027908,-0.031059,0.262877
8750,R_foot_roll,-1.283461,-0.128346,-0.033256,-7.603434
8760,L_hip_roll,0.123700,0.018555,-0.014695,7.736336
8760,L_hip_yaw,-0.061476,-0.015369,-0.019918,0.287025
8760,L_hip_pitch,-0.354708,-0.218677,-0.169810,-4.787303
8760,L_knee,-0.618341,-0.474585,-0.453149,-1.381153
8760,L_foot_pitch,1.587000,0.348700,0.342747,-0.132883
8760,L_foot_roll,0.293777,0.029378,0.033659,0.221423
8760,R_hip_roll,-1.423960,-0.213594,0.031990,-48.755028
8760,R_hip_yaw,-0.055287,-0.013822,-0.013482,-0.030094
8760,R_hip_pitch,-0.129715,0.097571,0.142304,-4.616584
8760,R_knee,-0.763020,0.129245,0.176003,-6.628928
8760,R_foot_pitch,1.514740,-0.038526,-0.031879,-0.388583
8760,R_foot_roll,-1.351023,-0.135102,-0.033182,-8.171694
8770,L_hip_roll,0.112640,0.016896,-0.018269,8.095162
8770,L_hip_yaw,-0.034821,-0.008705,-0.017339,0.804846
8770,L_hip_pitch,-0.375963,-0.223991,-0.181316,-3.948310
8770,L_knee,-0.648368,-0.482092,-0.462112,-0.954597
8770,L_foot_pitch,1.712594,0.361259,0.346979,0.881048
8770,L_foot_roll,0.192816,0.019282,0.028915,-0.393235
8770,R_hip_roll,-1.335091,-0.200264,0.030559,-45.675806
8770,R_hip_yaw,-0.062862,-0.015715,-0.013686,-0.219546
8770,R_hip_pitch,-0.130019,0.097495,0.135148,-3.833661
8770,R_knee,-0.820630,0.114843,0.170462,-8.488284
8770,R_foot_pitch,1.306090,-0.059391,-0.033466,-1.896938
8770,R_foot_roll,-1.378286,-0.137829,-0.032905,-8.432031
8780,L_hip_roll,0.157658,0.023649,-0.021454,9.902930
8780,L_hip_yaw,-0.030541,-0.007635,-0.014172,0.435955
8780,L_hip_pitch,-0.409107,-0.232277,-0.193231,-3.511399
8780,L_knee,-0.694007,-0.493502,-0.471103,-1.507718
8780,L_foot_pitch,1.775610,0.367561,0.351101,0.928175
8780,L_foot_roll,0.063468,0.006347,0.023660,-0.819767
8780,R_hip_roll,-1.308228,-0.196234,0.028962,-44.553258
8780,R_hip_yaw,-0.053223,-0.013306,-0.014000,0.117542
8780,R_hip_pitch,-0.110903,0.102274,0.128034,-2.365797
8780,R_knee,-0.792018,0.121995,0.164989,-6.058772
8780,R_foot_pitch,1.214639,-0.068536,-0.035114,-2.513582
8780,R_foot_roll,-1.347114,-0.134711,-0.032536,-8.218251
8790,L_hip_roll,0.165172,0.024776,-0.023929,10.378515
8790,L_hip_yaw,-0.046110,-0.011527,-0.010844,-0.376224
8790,L_hip_pitch,-0.426720,-0.236680,-0.205488,-2.513609
8790,L_knee,-0.726038,-0.501510,-0.479967,-1.310956
8790,L_foot_pitch,1.721936,0.362194,0.353292,0.597829
8790,L_foot_roll,-0.051093,-0.005109,0.015019,-0.649996
8790,R_hip_roll,-1.362696,-0.204404,0.027345,-45.860430
8790,R_hip_yaw,-0.068390,-0.017097,-0.014311,-0.308835
8790,R_hip_pitch,-0.084179,0.108955,0.121706,-0.964649
8790,R_knee,-0.791717,0.122071,0.160812,-6.056362
8790,R_foot_pitch,1.186529,-0.071347,-0.037313,-2.456882
8790,R_foot_roll,-1.321909,-0.132191,-0.032039,-8.068662
8800,L_hip_roll,0.135543,0.020332,-0.025604,9.584793
8800,L_hip_yaw,-0.041453,-0.010363,-0.009766,-0.038010
8800,L_hip_pitch,-0.434975,-0.238744,-0.217967,-1.265200
8800,L_knee,-0.770382,-0.512596,-0.488407,-2.022769
8800,L_foot_pitch,1.736376,0.363638,0.353666,0.805643
8800,L_foot_roll,-0.108858,-0.010886,0.003311,0.045500
8800,R_hip_roll,-1.413202,-0.211980,0.025620,-46.981006
8800,R_hip_yaw,-0.092132,-0.023033,-0.014555,-0.997170
8800,R_hip_pitch,-0.066351,0.113412,0.117112,-0.056051
8800,R_knee,-0.815348,0.116163,0.159436,-7.742163
8800,R_foot_pitch,1.137275,-0.076272,-0.040665,-2.461268
8800,R_foot_roll,-1.343206,-0.134321,-0.031347,-8.314138
8810,L_hip_roll,0.092310,0.013846,-0.026604,8.315844
8810,L_hip_yaw,-0.045039,-0.011260,-0.011065,0.168787
8810,L_hip_pitch,-0.427066,-0.236767,-0.230250,0.413080
8810,L_knee,-0.795218,-0.518804,-0.496201,-1.891766
8810,L_foot_pitch,1.709429,0.360943,0.353352,0.651080
8810,L_foot_roll,-0.155586,-0.015559,-0.007786,0.334748
8810,R_hip_roll,-1.369105,-0.205366,0.023708,-45.212900
8810,R_hip_yaw,-0.114900,-0.028725,-0.014797,-1.647527
8810,R_hip_pitch,-0.016279,0.125930,0.113736,1.774030
8810,R_knee,-0.833660,0.111585,0.160193,-9.158253
8810,R_foot_pitch,1.050698,-0.084930,-0.044950,-2.741120
8810,R_foot_roll,-1.324209,-0.132421,-0.030493,-8.246984
8820,L_hip_roll,0.047910,0.007187,-0.027103,6.949950
8820,L_hip_yaw,-0.044960,-0.011240,-0.013445,0.521297
8820,L_hip_pitch,-0.444049,-0.241012,-0.241745,1.175390
8820,L_knee,-0.810666,-0.522667,-0.502836,-1.846068
8820,L_foot_pitch,1.673476,0.357348,0.352845,0.413136
8820,L_foot_roll,-0.180962,-0.018096,-0.015703,0.422229
8820,R_hip_roll,-1.336225,-0.200434,0.021600,-43.749292
8820,R_hip_yaw,-0.132302,-0.033075,-0.015055,-2.138009
8820,R_hip_pitch,0.016106,0.134026,0.110920,3.044547
8820,R_knee,-0.830964,0.112259,0.162214,-9.713851
8820,R_foot_pitch,0.928135,-0.097187,-0.049857,-3.275140
8820,R_foot_roll,-1.304048,-0.130405,-0.029488,-8.181030
8830,L_hip_roll,0.037558,0.005634,-0.027300,6.617906
8830,L_hip_yaw,-0.038064,-0.009516,-0.015729,0.940738
8830,L_hip_pitch,-0.439919,-0.239980,-0.252051,2.413490
8830,L_knee,-0.819716,-0.524929,-0.507785,-1.875410
8830,L_foot_pitch,1.593764,0.349376,0.352301,-0.180768
8830,L_foot_roll,-0.205063,-0.020506,-0.020067,0.251455
8830,R_hip_roll,-1.273546,-0.191032,0.019273,-41.332320
8830,R_hip_yaw,-0.150389,-0.037597,-0.015313,-2.648993
8830,R_hip_pitch,0.048339,0.142085,0.108624,4.227769
8830,R_knee,-0.816617,0.115846,0.165506,-10.076317
8830,R_foot_pitch,0.906720,-0.099328,-0.055417,-2.931170
8830,R_foot_roll,-1.247486,-0.124749,-0.028334,-7.836609
8840,L_hip_roll,-0.004709,-0.000706,-0.027272,5.266847
8840,L_hip_yaw,-0.041602,-0.010401,-0.016738,0.790289
8840,L_hip_pitch,-0.461794,-0.245449,-0.260928,2.670283
8840,L_knee,-0.803937,-0.520984,-0.510755,-1.239686
8840,L_foot_pitch,1.525591,0.342559,0.350789,-0.459613
8840,L_foot_roll,-0.225936,-0.022594,-0.022036,0.080209
8840,R_hip_roll,-1.212329,-0.181849,0.016776,-38.964775
8840,R_hip_yaw,-0.152982,-0.038246,-0.015547,-2.702238
8840,R_hip_pitch,0.061558,0.145389,0.106883,4.781832
8840,R_knee,-0.785478,0.123631,0.170160,-9.907466
8840,R_foot_pitch,0.886349,-0.101365,-0.061655,-2.528691
8840,R_foot_roll,-1.181072,-0.118107,-0.027003,-7.427378
8850,L_hip_roll,-0.055510,-0.008327,-0.027039,3.642601
8850,L_hip_yaw,-0.041808,-0.010452,-0.016453,0.651668
8850,L_hip_pitch,-0.475250,-0.248813,-0.268113,2.955183
8850,L_knee,-0.789738,-0.517435,-0.511205,-1.325990
8850,L_foot_pitch,1.486406,0.338641,0.347014,-0.217316
8850,L_foot_roll,-0.257326,-0.025733,-0.023085,-0.128578
8850,R_hip_roll,-1.141382,-0.171207,0.014159,-36.277477
8850,R_hip_yaw,-0.138429,-0.034607,-0.015731,-2.248244
8850,R_hip_pitch,0.084975,0.151244,0.105776,5.546663
8850,R_knee,-0.785185,0.123704,0.176308,-11.474413
8850,R_foot_pitch,0.848840,-0.105116,-0.068634,-2.192706
8850,R_foot_roll,-1.134395,-0.113440,-0.025511,-7.189172
8860,L_hip_roll,-0.083416,-0.012512,-0.026585,2.638933
8860,L_hip_yaw,-0.037225,-0.009306,-0.015302,0.576464
8860,L_hip_pitch,-0.479325,-0.249831,-0.273566,3.321569
8860,L_knee,-0.765797,-0.511449,-0.509138,-1.298065
8860,L_foot_pitch,1.381826,0.328183,0.341750,-0.564508
8860,L_foot_roll,-0.278049,-0.027805,-0.024406,-0.123031
8860,R_hip_roll,-1.047548,-0.157132,0.011519,-32.951165
8860,R_hip_yaw,-0.147462,-0.036865,-0.015840,-2.515003
8860,R_hip_pitch,0.118460,0.159615,0.105013,6.633120
8860,R_knee,-0.767406,0.128149,0.183358,-12.067977
8860,R_foot_pitch,0.817882,-0.108212,-0.076085,-1.819656
8860,R_foot_roll,-1.050000,-0.105000,-0.023895,-6.654164
8870,L_hip_roll,-0.167118,-0.025068,-0.025836,-0.122619
8870,L_hip_yaw,-0.033944,-0.008486,-0.013452,0.389762
8870,L_hip_pitch,-0.485922,-0.251481,-0.277458,3.448168
8870,L_knee,-0.728400,-0.502100,-0.504836,-1.012200
8870,L_foot_pitch,1.270146,0.317015,0.334812,-0.689699
8870,L_foot_roll,-0.282744,-0.028274,-0.026243,0.024471
8870,R_hip_roll,-1.003113,-0.150467,0.009023,-31.185046
8870,R_hip_yaw,-0.149052,-0.037263,-0.015881,-2.562837
8870,R_hip_pitch,0.117266,0.159317,0.104403,6.650061
8870,R_knee,-0.716579,0.140855,0.190795,-11.228198
8870,R_foot_pitch,0.783440,-0.111656,-0.083751,-1.463004
8870,R_foot_roll,-0.969545,-0.096955,-0.022174,-6.156774
8880,L_hip_roll,-0.181584,-0.027238,-0.025053,-0.658387
8880,L_hip_yaw,-0.024291,-0.006073,-0.010955,0.318426
8880,L_hip_pitch,-0.510162,-0.257541,-0.279863,2.862362
8880,L_knee,-0.680975,-0.490244,-0.498293,-0.719847
8880,L_foot_pitch,1.150955,0.305095,0.325501,-0.669234
8880,L_foot_roll,-0.265070,-0.026507,-0.027687,0.200386
8880,R_hip_roll,-0.938207,-0.140731,0.006604,-28.747842
8880,R_hip_yaw,-0.145097,-0.036274,-0.015882,-2.446180
8880,R_hip_pitch,0.119703,0.159926,0.104312,6.661076
8880,R_knee,-0.666554,0.153361,0.199174,-10.883156
8880,R_foot_pitch,0.793656,-0.110634,-0.091876,-0.667914
8880,R_foot_roll,-0.854141,-0.085414,-0.020326,-5.396519
8890,L_hip_roll,-0.225019,-0.033753,-0.024415,-2.060079
8890,L_hip_yaw,-0.016440,-0.004110,-0.007891,0.137161
8890,L_hip_pitch,-0.508376,-0.257094,-0.280993,2.943955
8890,L_knee,-0.610716,-0.472679,-0.489706,0.353289
8890,L_foot_pitch,1.023646,0.292365,0.314150,-0.610711
8890,L_foot_roll,-0.231988,-0.023199,-0.027824,0.328700
8890,R_hip_roll,-0.836089,-0.125413,0.004230,-25.241937
8890,R_hip_yaw,-0.143215,-0.035804,-0.015866,-2.391922
8890,R_hip_pitch,0.121187,0.160297,0.105072,6.522067
8890,R_knee,-0.613130,0.166718,0.208941,-10.656110
8890,R_foot_pitch,0.835828,-0.106417,-0.100624,0.430453
8890,R_foot_roll,-0.706903,-0.070690,-0.018316,-4.393487
8900,L_hip_roll,-0.312380,-0.046857,-0.023893,-4.768065
8900,L_hip_yaw,-0.009902,-0.002476,-0.004486,-0.099163
8900,L_hip_pitch,-0.511424,-0.257856,-0.280714,2.662140
8900,L_knee,-0.512650,-0.448163,-0.478570,1.887713
8900,L_foot_pitch,0.859502,0.275950,0.301320,-0.779623
8900,L_foot_roll,-0.171688,-0.017169,-0.026104,0.483762
8900,R_hip_roll,-0.706268,-0.105940,0.001990,-20.968786
8900,R_hip_yaw,-0.133901,-0.033475,-0.015808,-2.122235
8900,R_hip_pitch,0.109513,0.157378,0.106597,5.911546
8900,R_knee,-0.557811,0.180547,0.219870,-10.484283
8900,R_foot_pitch,0.880598,-0.101940,-0.110054,1.582481
8900,R_foot_roll,-0.542365,-0.054237,-0.016224,-3.262131
8910,L_hip_roll,-0.392823,-0.058923,-0.023522,-7.187178
8910,L_hip_yaw,0.002860,0.000715,-0.000827,-0.180268
8910,L_hip_pitch,-0.518370,-0.259592,-0.278441,1.965032
8910,L_knee,-0.382338,-0.415584,-0.463491,3.723882
8910,L_foot_pitch,0.666118,0.256612,0.286656,-0.953201
8910,L_foot_roll,-0.073599,-0.007360,-0.021949,0.684229
8910,R_hip_roll,-0.542400,-0.081360,0.000047,-15.748785
8910,R_hip_yaw,-0.122737,-0.030684,-0.015738,-1.798613
8910,R_hip_pitch,0.089900,0.152475,0.108691,5.032068
8910,R_knee,-0.492834,0.196792,0.231694,-9.882590
8910,R_foot_pitch,0.937501,-0.096250,-0.119659,2.840806
8910,R_foot_roll,-0.327499,-0.032750,-0.014212,-1.732837
8920,L_hip_roll,-0.486591,-0.072989,-0.023444,-9.932627
8920,L_hip_yaw,0.011206,0.002802,0.003387,-0.511563
8920,L_hip_pitch,-0.506242,-0.256560,-0.273664,1.498602
8920,L_knee,-0.216759,-0.374190,-0.443012,5.760599
8920,L_foot_pitch,0.452958,0.235296,0.269340,-0.999729
8920,L_foot_roll,0.050638,0.005064,-0.014657,0.775886
8920,R_hip_roll,-0.321002,-0.048150,-0.001533,-8.933871
8920,R_hip_yaw,-0.104334,-0.026083,-0.015616,-1.266446
8920,R_hip_pitch,0.066857,0.146714,0.111050,4.029016
8920,R_knee,-0.409717,0.217571,0.243947,-8.469932
8920,R_foot_pitch,1.052505,-0.084749,-0.129611,4.571336
8920,R_foot_roll,-0.060143,-0.006014,-0.011965,0.207343
8930,L_hip_roll,-0.554542,-0.083181,-0.023628,-11.881273
8930,L_hip_yaw,0.019999,0.005000,0.008226,-0.880781
8930,L_hip_pitch,-0.453929,-0.243482,-0.265875,1.822897
8930,L_knee,-0.005785,-0.321446,-0.415598,8.127005
8930,L_foot_pitch,0.228604,0.212860,0.249085,-0.904701
8930,L_foot_roll,0.237137,0.023714,-0.004021,1.107254
8930,R_hip_roll,-0.034108,-0.005116,-0.002513,-0.343338
8930,R_hip_yaw,-0.095658,-0.023915,-0.015377,-1.050209
8930,R_hip_pitch,0.035864,0.138966,0.113660,2.743614
8930,R_knee,-0.309048,0.242738,0.256571,-6.382901
8930,R_foot_pitch,1.202512,-0.069749,-0.139804,6.578992
8930,R_foot_roll,0.286939,0.028694,-0.009730,2.743069
8940,L_hip_roll,-0.551290,-0.082693,-0.023735,-11.792492
8940,L_hip_yaw,0.020166,0.005041,0.013263,-1.473546
8940,L_hip_pitch,-0.275460,-0.198865,-0.254170,5.355006
8940,L_knee,0.249789,-0.257553,-0.379232,10.261248
8940,L_foot_pitch,0.029292,0.192929,0.226335,-0.487569
8940,L_foot_roll,0.532709,0.053271,0.010648,1.876332
8940,R_hip_roll,0.343870,0.051580,-0.002458,10.590926
8940,R_hip_yaw,-0.117307,-0.029327,-0.014902,-1.779367
8940,R_hip_pitch,-0.001537,0.129616,0.116623,1.287517
8940,R_knee,-0.201761,0.269560,0.269872,-3.904977
8940,R_foot_pitch,1.339928,-0.056007,-0.150205,8.552143
8940,R_foot_roll,0.718163,0.071816,-0.007560,6.344750
8950,L_hip_roll,-0.463998,-0.069600,-0.023104,-9.606339
8950,L_hip_yaw,-0.014970,-0.003743,0.016162,-2.516863
8950,L_hip_pitch,-0.111430,-0.157857,-0.239032,8.389379
8950,L_knee,0.472261,-0.201935,-0.341230,17.379342
8950,L_foot_pitch,0.109642,0.200964,0.182835,8.616967
8950,L_foot_roll,0.843505,0.084351,0.023474,4.610708
8950,R_hip_roll,0.527158,0.079074,-0.001368,15.812698
8950,R_hip_yaw,-0.121264,-0.030316,-0.014207,-1.989756
8950,R_hip_pitch,0.252676,0.193169,0.118810,8.814016
8950,R_knee,-0.215028,0.266243,0.282838,-6.490956
8950,R_foot_pitch,1.009851,-0.089015,-0.160640,6.724141
8950,R_foot_roll,0.932150,0.093215,-0.004791,7.540482
8960,L_hip_roll,0.322456,0.048368,-0.022153,13.809697
8960,L_hip_yaw,-0.113272,-0.028318,0.017864,-5.730656
8960,L_hip_pitch,-0.216612,-0.184153,-0.222492,2.841945
8960,L_knee,0.589083,-0.172729,-0.311282,15.754896
8960,L_foot_pitch,0.118393,0.201839,0.111651,13.837447
8960,L_foot_roll,0.903206,0.090321,0.025663,5.116520
8960,R_hip_roll,0.695717,0.104357,-0.000852,20.967476
8960,R_hip_yaw,-0.091290,-0.022822,-0.013335,-1.234815
8960,R_hip_pitch,0.360711,0.220178,0.119909,11.941407
8960,R_knee,0.015199,0.323800,0.294986,1.602673
8960,R_foot_pitch,0.175487,-0.172451,-0.170915,0.897830
8960,R_foot_roll,0.786705,0.078670,0.002114,5.209094
8970,L_hip_roll,0.906704,0.136006,-0.021833,32.214172
8970,L_hip_yaw,-0.087665,-0.021916,0.018495,-4.708319
8970,L_hip_pitch,0.177792,-0.085552,-0.211353,14.835458
8970,L_knee,0.482430,-0.199393,-0.293491,16.807758
8970,L_foot_pitch,-0.093848,0.180615,0.078668,7.200639
8970,L_foot_roll,0.881161,0.088116,0.018993,6.548184
8970,R_hip_roll,0.590037,0.088506,-0.002032,19.225104
8970,R_hip_yaw,-0.072204,-0.018051,-0.013976,-0.131471
8970,R_hip_pitch,0.429103,0.237276,0.125122,12.669195
8970,R_knee,0.315848,0.398962,0.311616,10.446454
8970,R_foot_pitch,-0.647501,-0.254750,-0.181294,-5.294268
8970,R_foot_roll,0.329641,0.032964,0.019488,-1.552129
8980,L_hip_roll,0.814140,0.122121,-0.024764,30.180352
8980,L_hip_yaw,-0.098218,-0.024555,0.017614,-5.031893
8980,L_hip_pitch,0.051136,-0.117216,-0.207773,10.405836
8980,L_knee,0.397078,-0.220730,-0.290165,11.017307
8980,L_foot_pitch,-0.396184,0.150382,0.081015,5.489297
8980,L_foot_roll,0.487011,0.048701,0.022512,1.667644
8980,R_hip_roll,0.148177,0.022227,-0.004417,5.649515
8980,R_hip_yaw,-0.005729,-0.001432,-0.018920,2.612451
8980,R_hip_pitch,0.400916,0.230229,0.138376,9.440317
8980,R_knee,0.301495,0.395374,0.341336,-0.895122
8980,R_foot_pitch,-1.178272,-0.307827,-0.204091,-5.252132
8980,R_foot_roll,-0.142160,-0.014216,0.035973,-4.919712
8990,L_hip_roll,0.799238,0.119886,-0.027070,30.133930
8990,L_hip_yaw,0.001065,0.000266,0.017169,-1.983784
8990,L_hip_pitch,0.058663,-0.115334,-0.202746,9.993493
8990,L_knee,0.414912,-0.216272,-0.284785,10.798247
8990,L_foot_pitch,-0.234906,0.166509,0.082456,6.700983
8990,L_foot_roll,0.404954,0.040495,0.024318,0.867034
8990,R_hip_roll,0.114111,0.017117,-0.004703,4.319296
8990,R_hip_yaw,0.015004,0.003751,-0.018732,2.292654
8990,R_hip_pitch,0.463754,0.245939,0.154064,9.560607
8990,R_knee,0.374948,0.413737,0.376386,-2.972124
8990,R_foot_pitch,-1.385995,-0.328599,-0.247017,-1.871143
8990,R_foot_roll,-0.162114,-0.016211,0.026307,-1.417403
9000,L_hip_roll,0.855843,0.128377,-0.029208,32.145839
9000,L_hip_yaw,0.000124,0.000031,0.017018,-2.036671
9000,L_hip_pitch,0.129216,-0.097696,-0.197460,11.427853
9000,L_knee,0.392413,-0.221897,-0.279557,8.843404
9000,L_foot_pitch,-0.170894,0.172911,0.083351,7.070381
9000,L_foot_roll,0.515382,0.051538,0.026116,1.713991
9000,R_hip_roll,0.138871,0.020831,-0.004160,4.759267
9000,R_hip_yaw,-0.006078,-0.001519,-0.010297,-0.043779
9000,R_hip_pitch,0.447321,0.241830,0.168090,7.558235
9000,R_knee,0.441871,0.430468,0.406081,-3.417970
9000,R_foot_pitch,-1.404527,-0.330453,-0.293445,1.251986
9000,R_foot_roll,-0.124378,-0.012438,0.003226,1.023394
9010,L_hip_roll,0.901957,0.135294,-0.030965,33.680929
9010,L_hip_yaw,-0.030357,-0.007589,0.017046,-2.962728
9010,L_hip_pitch,0.186474,-0.083382,-0.191797,12.401634
9010,L_knee,0.418561,-0.215360,-0.275094,9.444655
9010,L_foot_pitch,-0.330429,0.156957,0.085170,5.590822
9010,L_foot_roll,0.640111,0.064011,0.027837,2.744002
9010,R_hip_roll,0.052341,0.007851,-0.002944,1.659620
9010,R_hip_yaw,-0.008884,-0.002221,-0.000143,-1.139867
9010,R_hip_pitch,0.507513,0.256878,0.179550,8.285251
9010,R_knee,0.490448,0.442612,0.428228,-2.905193
9010,R_foot_pitch,-1.500223,-0.340022,-0.325999,1.249628
9010,R_foot_roll,-0.157782,-0.015778,-0.014061,1.098143
9020,L_hip_roll,1.048622,0.157293,-0.032199,38.314327
9020,L_hip_yaw,-0.032010,-0.008002,0.016956,-2.991669
9020,L_hip_pitch,0.098250,-0.105437,-0.184588,8.742405
9020,L_knee,0.464126,-0.203969,-0.269830,10.303476
9020,L_foot_pitch,-0.451594,0.144841,0.087653,4.407164
9020,L_foot_roll,0.638761,0.063876,0.028678,2.637099
9020,R_hip_roll,0.064751,0.009713,-0.001104,1.602070
9020,R_hip_yaw,0.005263,0.001316,0.005939,-0.916164
9020,R_hip_pitch,0.587983,0.276996,0.188495,9.828031
9020,R_knee,0.517079,0.449270,0.443935,-2.957576
9020,R_foot_pitch,-1.690897,-0.359090,-0.342034,-0.387386
9020,R_foot_roll,-0.180677,-0.018068,-0.021603,0.675574
9030,L_hip_roll,1.071673,0.160751,-0.033185,39.002581
9030,L_hip_yaw,-0.071444,-0.017861,0.016926,-4.167952
9030,L_hip_pitch,0.122500,-0.099375,-0.176959,8.561055
9030,L_knee,0.480011,-0.199997,-0.264452,10.051182
9030,L_foot_pitch,-0.314151,0.158585,0.089322,5.356643
9030,L_foot_roll,0.761966,0.076197,0.029801,3.590613
9030,R_hip_roll,0.015334,0.002300,0.001267,-0.618132
9030,R_hip_yaw,0.016065,0.004016,0.007645,-0.459813
9030,R_hip_pitch,0.573630,0.273408,0.196466,8.453433
9030,R_knee,0.631967,0.477992,0.455500,1.095439
9030,R_foot_pitch,-1.864795,-0.376479,-0.350468,-1.400758
9030,R_foot_roll,-0.164077,-0.016408,-0.023089,0.519169
9040,L_hip_roll,1.134695,0.170204,-0.033716,40.908114
9040,L_hip_yaw,-0.071826,-0.017957,0.016799,-4.149111
9040,L_hip_pitch,0.194966,-0.081258,-0.169515,9.861279
9040,L_knee,0.454301,-0.206425,-0.259369,8.104472
9040,L_foot_pitch,-0.419391,0.148061,0.091208,4.347147
9040,L_foot_roll,0.830989,0.083099,0.030754,4.065216
9040,R_hip_roll,0.013161,0.001974,0.004223,-1.383069
9040,R_hip_yaw,0.018972,0.004743,0.006979,-0.145391
9040,R_hip_pitch,0.653105,0.293276,0.205331,9.624046
9040,R_knee,0.724053,0.501013,0.466797,2.680093
9040,R_foot_pitch,-2.090633,-0.399063,-0.354455,-3.348229
9040,R_foot_roll,-0.188675,-0.018867,-0.021215,-0.087769
9050,L_hip_roll,1.130871,0.169631,-0.033854,40.703962
9050,L_hip_yaw,-0.069211,-0.017303,0.016660,-4.061288
9050,L_hip_pitch,0.129056,-0.097736,-0.162515,7.106569
9050,L_knee,0.470872,-0.202282,-0.255097,8.423877
9050,L_foot_pitch,-0.357694,0.154231,0.093498,4.600636
9050,L_foot_roll,0.864014,0.086401,0.031182,4.329477
9050,R_hip_roll,-0.029511,-0.004427,0.007579,-3.450176
9050,R_hip_yaw,0.038608,0.009652,0.005504,0.645123
9050,R_hip_pitch,0.696721,0.304180,0.216437,9.337404
9050,R_knee,0.784515,0.516129,0.481461,1.498296
9050,R_foot_pitch,-2.236986,-0.413699,-0.355738,-4.566689
9050,R_foot_roll,-0.174000,-0.017400,-0.019072,-0.027469
9060,L_hip_roll,1.192899,0.178935,-0.033679,42.339537
9060,L_hip_yaw,-0.047381,-0.011845,0.016501,-3.380807
9060,L_hip_pitch,0.151304,-0.092174,-0.156583,7.162066
9060,L_knee,0.487795,-0.198051,-0.252396,9.085247
9060,L_foot_pitch,-0.196743,0.170326,0.096436,5.573151
9060,L_foot_roll,0.986586,0.098659,0.031463,5.609874
9060,R_hip_roll,-0.052110,-0.007817,0.011089,-4.870267
9060,R_hip_yaw,0.024171,0.006043,0.005514,-0.055811
9060,R_hip_pitch,0.796345,0.329086,0.229794,10.530010
9060,R_knee,0.897816,0.544454,0.499033,2.859758
9060,R_foot_pitch,-2.395158,-0.429516,-0.356226,-5.829269
9060,R_foot_roll,-0.107675,-0.010767,-0.017479,0.394831
9070,L_hip_roll,1.242258,0.186339,-0.033340,43.832802
9070,L_hip_yaw,-0.021319,-0.005330,0.016412,-2.603978
9070,L_hip_pitch,0.114501,-0.101375,-0.151902,5.641762
9070,L_knee,0.521202,-0.189700,-0.251253,10.924319
9070,L_foot_pitch,-0.160410,0.173959,0.099986,5.542358
9070,L_foot_roll,1.071828,0.107183,0.031669,5.979124
9070,R_hip_roll,-0.096289,-0.014443,0.014404,-6.719419
9070,R_hip_yaw,0.019680,0.004920,0.006759,-0.353116
9070,R_hip_pitch,0.816794,0.334198,0.245802,8.919163
9070,R_knee,0.996898,0.569225,0.519842,2.400704
9070,R_foot_pitch,-2.574208,-0.447421,-0.356664,-7.214224
9070,R_foot_roll,-0.116302,-0.011630,-0.014520,-0.128336
9080,L_hip_roll,1.356997,0.203550,-0.032995,47.222480
9080,L_hip_yaw,-0.038645,-0.009661,0.016454,-3.137948
9080,L_hip_pitch,0.099631,-0.105092,-0.147869,4.738192
9080,L_knee,0.526036,-0.188491,-0.250796,11.115564
9080,L_foot_pitch,-0.262609,0.163739,0.103753,4.426761
9080,L_foot_roll,1.220145,0.122015,0.031865,7.139792
9080,R_hip_roll,-0.045369,-0.006805,0.017292,-5.614040
9080,R_hip_yaw,0.042343,0.010586,0.007864,0.229153
9080,R_hip_pitch,0.819379,0.334845,0.264045,6.646324
9080,R_knee,1.111127,0.597782,0.543313,2.813961
9080,R_foot_pitch,-2.718444,-0.461844,-0.357342,-8.284140
9080,R_foot_roll,-0.117387,-0.011739,-0.011361,-0.291063
9090,L_hip_roll,1.304767,0.195715,-0.032394,45.331211
9090,L_hip_yaw,-0.011801,-0.002950,0.016454,-2.317097
9090,L_hip_pitch,0.077649,-0.110588,-0.143951,3.591746
9090,L_knee,0.574659,-0.176335,-0.250595,13.283511
9090,L_foot_pitch,-0.219460,0.168054,0.107685,4.413682
9090,L_foot_roll,1.291887,0.129189,0.031524,8.008245
9090,R_hip_roll,-0.035222,-0.005283,0.019926,-5.844403
9090,R_hip_yaw,0.062773,0.015693,0.009693,0.475180
9090,R_hip_pitch,0.918620,0.359655,0.283155,7.299462
9090,R_knee,1.178707,0.614677,0.567627,1.388623
9090,R_foot_pitch,-2.776947,-0.467695,-0.358291,-8.651544
9090,R_foot_roll,-0.047554,-0.004755,-0.009680,0.294905
9100,L_hip_roll,1.316085,0.197413,-0.031586,45.497279
9100,L_hip_yaw,0.027568,0.006892,0.016414,-1.135699
9100,L_hip_pitch,0.010137,-0.127466,-0.139621,0.979049
9100,L_knee,0.615640,-0.166090,-0.249795,14.622269
9100,L_foot_pitch,-0.029536,0.187046,0.111349,5.688726
9100,L_foot_roll,1.376811,0.137681,0.031190,8.689296
9100,R_hip_roll,0.003582,0.000537,0.022163,-4.940435
9100,R_hip_yaw,0.056518,0.014130,0.013521,-0.394989
9100,R_hip_pitch,0.927820,0.361955,0.302327,5.278131
9100,R_knee,1.251446,0.632862,0.591208,0.819365
9100,R_foot_pitch,-2.832707,-0.473271,-0.359330,-9.014315
9100,R_foot_roll,-0.001321,-0.000132,-0.007285,0.275931
9110,L_hip_roll,1.382648,0.207397,-0.030455,47.262518
9110,L_hip_yaw,0.071008,0.017752,0.016226,0.191532
9110,L_hip_pitch,-0.002956,-0.130739,-0.134657,-0.022001
9110,L_knee,0.607004,-0.168249,-0.247906,13.809902
9110,L_foot_pitch,-0.003186,0.189681,0.115026,5.709383
9110,L_foot_roll,1.460974,0.146097,0.030620,9.155866
9110,R_hip_roll,-0.060515,-0.009077,0.024119,-7.187637
9110,R_hip_yaw,0.063912,0.015978,0.017976,-0.641898
9110,R_hip_pitch,0.962896,0.370724,0.320882,4.200707
9110,R_knee,1.307368,0.646842,0.612422,0.411405
9110,R_foot_pitch,-2.872746,-0.477275,-0.360324,-9.262043
9110,R_foot_roll,0.001783,0.000178,-0.003387,-0.121662
9120,L_hip_roll,1.372710,0.205907,-0.029064,46.499315
9120,L_hip_yaw,0.092613,0.023153,0.016232,0.829784
9120,L_hip_pitch,-0.066329,-0.146582,-0.129721,-2.521366
9120,L_knee,0.625322,-0.163670,-0.246269,14.416320
9120,L_foot_pitch,-0.024633,0.187537,0.118331,5.165613
9120,L_foot_roll,1.533066,0.153307,0.029792,10.037638
9120,R_hip_roll,-0.105985,-0.015898,0.025896,-8.884593
9120,R_hip_yaw,0.063128,0.015782,0.021865,-1.090950
9120,R_hip_pitch,0.961610,0.370403,0.338197,2.217326
9120,R_knee,1.374804,0.663701,0.630192,1.309798
9120,R_foot_pitch,-2.919767,-0.481977,-0.361221,-9.577057
9120,R_foot_roll,0.016147,0.001615,0.000231,-0.187657
9130,L_hip_roll,1.416410,0.212461,-0.027385,47.468601
9130,L_hip_yaw,0.128343,0.032086,0.016253,1.901414
9130,L_hip_pitch,-0.105779,-0.156445,-0.124968,-4.237330
9130,L_knee,0.654021,-0.156495,-0.245069,15.666240
9130,L_foot_pitch,0.022809,0.192281,0.121920,5.292740
9130,L_foot_roll,1.567684,0.156768,0.028963,10.186570
9130,R_hip_roll,-0.092434,-0.013865,0.027363,-8.618551
9130,R_hip_yaw,0.056160,0.014040,0.024893,-1.549982
9130,R_hip_pitch,0.957242,0.369310,0.354224,0.282757
9130,R_knee,1.412398,0.673099,0.644759,1.223877
9130,R_foot_pitch,-2.916762,-0.481676,-0.362031,-9.495378
9130,R_foot_roll,0.061474,0.006147,0.002739,0.074752
9140,L_hip_roll,1.337426,0.200614,-0.025399,44.491052
9140,L_hip_yaw,0.144072,0.036018,0.016255,2.370212
9140,L_hip_pitch,-0.139800,-0.164950,-0.120261,-5.859184
9140,L_knee,0.673640,-0.151590,-0.244155,16.316463
9140,L_foot_pitch,0.035376,0.193538,0.125873,5.004006
9140,L_foot_roll,1.539532,0.153953,0.027590,10.440251
9140,R_hip_roll,-0.115466,-0.017320,0.028517,-9.517320
9140,R_hip_yaw,0.054922,0.013730,0.026363,-1.589612
9140,R_hip_pitch,0.952323,0.368081,0.368589,-1.398340
9140,R_knee,1.422333,0.675583,0.655957,0.714667
9140,R_foot_pitch,-2.899148,-0.479915,-0.362711,-9.315525
9140,R_foot_roll,0.078403,0.007840,0.005188,-0.036803
9150,L_hip_roll,1.275388,0.191308,-0.023307,42.360727
9150,L_hip_yaw,0.156324,0.039081,0.016236,2.744644
9150,L_hip_pitch,-0.172013,-0.173003,-0.115339,-7.413643
9150,L_knee,0.680026,-0.149993,-0.243188,16.483543
9150,L_foot_pitch,-0.010175,0.188982,0.129744,4.448154
9150,L_foot_roll,1.457360,0.145736,0.026708,9.352925
9150,R_hip_roll,-0.048143,-0.007222,0.029207,-7.390163
9150,R_hip_yaw,0.054920,0.013730,0.026324,-1.453784
9150,R_hip_pitch,0.949134,0.367284,0.380629,-2.686791
9150,R_knee,1.436294,0.679073,0.662965,1.412240
9150,R_foot_pitch,-2.830786,-0.473079,-0.363212,-8.747077
9150,R_foot_roll,0.119708,0.011971,0.007828,0.083415
9160,L_hip_roll,1.214210,0.182131,-0.021134,39.965811
9160,L_hip_yaw,0.168255,0.042064,0.016160,3.118814
9160,L_hip_pitch,-0.175531,-0.173883,-0.110274,-8.144290
9160,L_knee,0.683085,-0.149229,-0.242280,16.492135
9160,L_foot_pitch,-0.064517,0.183548,0.133956,3.521639
9160,L_foot_roll,1.400788,0.140079,0.025405,9.382561
9160,R_hip_roll,-0.026578,-0.003987,0.029409,-6.696141
9160,R_hip_yaw,0.048277,0.012069,0.025066,-1.390065
9160,R_hip_pitch,0.959590,0.369897,0.390271,-3.307896
9160,R_knee,1.437511,0.679378,0.665978,1.974892
9160,R_foot_pitch,-2.752554,-0.465255,-0.363479,-8.125056
9160,R_foot_roll,0.137804,0.013780,0.010711,-0.040233
9170,L_hip_roll,1.165517,0.174827,-0.018905,38.125307
9170,L_hip_yaw,0.171287,0.042822,0.016081,3.214432
9170,L_hip_pitch,-0.190988,-0.177747,-0.105145,-9.215451
9170,L_knee,0.675272,-0.151182,-0.241418,16.038951
9170,L_foot_pitch,-0.171781,0.172822,0.138226,2.356845
9170,L_foot_roll,1.312630,0.131263,0.023704,8.640027
9170,R_hip_roll,-0.014615,-0.002192,0.029225,-6.152066
9170,R_hip_yaw,0.054279,0.013570,0.022713,-0.824442
9170,R_hip_pitch,0.955437,0.368859,0.397869,-4.158469
9170,R_knee,1.403415,0.670854,0.665972,1.209238
9170,R_foot_pitch,-2.681928,-0.458193,-0.363490,-7.584028
9170,R_foot_roll,0.122715,0.012272,0.013461,-0.339241
9180,L_hip_roll,1.106303,0.165945,-0.016791,35.998357
9180,L_hip_yaw,0.181813,0.045453,0.015988,3.544990
9180,L_hip_pitch,-0.170021,-0.172505,-0.100200,-9.143708
9180,L_knee,0.664565,-0.153859,-0.240895,15.594322
9180,L_foot_pitch,-0.272893,0.162711,0.142555,1.275022
9180,L_foot_roll,1.186242,0.118624,0.022534,7.527320
9180,R_hip_roll,0.005027,0.000754,0.028515,-5.239688
9180,R_hip_yaw,0.049840,0.012460,0.020237,-0.712753
9180,R_hip_pitch,0.953772,0.368443,0.403327,-4.638170
9180,R_knee,1.355894,0.658974,0.662747,0.705750
9180,R_foot_pitch,-2.596548,-0.449655,-0.363273,-6.938841
9180,R_foot_roll,0.106675,0.010667,0.014858,-0.403615
9190,L_hip_roll,1.008809,0.151321,-0.014636,32.677963
9190,L_hip_yaw,0.182564,0.045641,0.015873,3.580984
9190,L_hip_pitch,-0.155352,-0.168838,-0.095237,-9.287311
9190,L_knee,0.645224,-0.158694,-0.240411,14.723938
9190,L_foot_pitch,-0.402049,0.149795,0.147502,-0.168703
9190,L_foot_roll,1.051425,0.105143,0.020745,6.634293
9190,R_hip_roll,0.020893,0.003134,0.027321,-4.352117
9190,R_hip_yaw,0.051792,0.012948,0.018341,-0.476769
9190,R_hip_pitch,0.943380,0.365845,0.406339,-5.060576
9190,R_knee,1.291455,0.642864,0.655726,0.227337
9190,R_foot_pitch,-2.485196,-0.438520,-0.362861,-6.099179
9190,R_foot_roll,0.077508,0.007751,0.014402,-0.426559
9200,L_hip_roll,0.903748,0.135562,-0.012785,29.231691
9200,L_hip_yaw,0.180828,0.045207,0.015757,3.544915
9200,L_hip_pitch,-0.080660,-0.150165,-0.090512,-7.608268
9200,L_knee,0.613150,-0.166712,-0.240383,13.322419
9200,L_foot_pitch,-0.578437,0.132156,0.152111,-1.977755
9200,L_foot_roll,0.874494,0.087449,0.019092,5.359667
9200,R_hip_roll,0.067991,0.010199,0.025435,-2.365478
9200,R_hip_yaw,0.050179,0.012545,0.017091,-0.449615
9200,R_hip_pitch,0.950719,0.367680,0.406739,-4.632066
9200,R_knee,1.190037,0.617509,0.644622,-1.145720
9200,R_foot_pitch,-2.343670,-0.424367,-0.362256,-5.034360
9200,R_foot_roll,0.040192,0.004019,0.012261,-0.401640
9210,L_hip_roll,0.772167,0.115825,-0.011193,24.992936
9210,L_hip_yaw,0.175761,0.043940,0.015636,3.406778
9210,L_hip_pitch,-0.021631,-0.135408,-0.085512,-6.481484
9210,L_knee,0.575772,-0.176057,-0.240148,11.529648
9210,L_foot_pitch,-0.768604,0.113140,0.157128,-4.035695
9210,L_foot_roll,0.658039,0.065804,0.017323,4.100231
9210,R_hip_roll,0.125529,0.018829,0.023031,-0.031133
9210,R_hip_yaw,0.047785,0.011946,0.016193,-0.415499
9210,R_hip_pitch,0.945957,0.366489,0.404229,-4.170481
9210,R_knee,1.052079,0.583020,0.628863,-3.047815
9210,R_foot_pitch,-2.155446,-0.405545,-0.361429,-3.617592
9210,R_foot_roll,-0.027205,-0.002720,0.008658,-0.524049
9220,L_hip_roll,0.571973,0.085796,-0.009985,18.859184
9220,L_hip_yaw,0.157056,0.039264,0.015530,2.857973
9220,L_hip_pitch,0.062140,-0.114465,-0.080247,-4.635505
9220,L_knee,0.534278,-0.186430,-0.239827,9.549935
9220,L_foot_pitch,-1.019530,0.088047,0.161956,-6.447562
9220,L_foot_roll,0.406165,0.040617,0.015385,2.221227
9220,R_hip_roll,0.213243,0.031986,0.020304,3.194007
9220,R_hip_yaw,0.048728,0.012182,0.014810,-0.141127
9220,R_hip_pitch,0.922396,0.360599,0.398287,-3.812129
9220,R_knee,0.873307,0.538327,0.607166,-5.298418
9220,R_foot_pitch,-1.888121,-0.378812,-0.360322,-1.597146
9220,R_foot_roll,-0.132232,-0.013223,0.003272,-0.741891
9230,L_hip_roll,0.284800,0.042720,-0.009228,10.280204
9230,L_hip_yaw,0.135881,0.033970,0.015391,2.240878
9230,L_hip_pitch,0.179486,-0.085128,-0.074333,-1.892610
9230,L_knee,0.474038,-0.201490,-0.239007,6.514232
9230,L_foot_pitch,-1.300895,0.059910,0.167031,-9.022506
9230,L_foot_roll,0.130861,0.013086,0.013662,0.045237
9230,R_hip_roll,0.338302,0.050745,0.017561,7.489827
9230,R_hip_yaw,0.042510,0.010628,0.012328,0.098156
9230,R_hip_pitch,0.879369,0.349842,0.388225,-3.462610
9230,R_knee,0.640552,0.480138,0.577878,-8.077271
9230,R_foot_pitch,-1.573923,-0.347392,-0.358827,0.754943
9230,R_foot_roll,-0.298464,-0.029846,-0.004840,-1.130886
9240,L_hip_roll,-0.125499,-0.018825,-0.009097,-1.928272
9240,L_hip_yaw,0.114318,0.028579,0.015174,1.626527
9240,L_hip_pitch,0.311001,-0.052250,-0.067449,1.052828
9240,L_knee,0.394592,-0.221352,-0.237457,2.172725
9240,L_foot_pitch,-1.620626,0.027937,0.171955,-12.157538
9240,L_foot_roll,-0.213301,-0.021330,0.011749,-2.459182
9240,R_hip_roll,0.540564,0.081085,0.015050,13.878218
9240,R_hip_yaw,0.031039,0.007760,0.007917,0.503869
9240,R_hip_pitch,0.802637,0.330659,0.373067,-3.418279
9240,R_knee,0.331117,0.402779,0.538725,-11.857708
9240,R_foot_pitch,-1.164587,-0.306459,-0.353571,3.114024
9240,R_foot_roll,-0.570314,-0.057031,-0.017271,-1.837626
9250,L_hip_roll,-0.633398,-0.095010,-0.009923,-16.582665
9250,L_hip_yaw,0.109994,0.027499,0.014805,1.560770
9250,L_hip_pitch,0.396018,-0.030995,-0.059567,2.621687
9250,L_knee,0.297560,-0.245610,-0.235648,-2.274643
9250,L_foot_pitch,-1.821484,0.007852,0.176757,-13.989019
9250,L_foot_roll,-0.525327,-0.052533,0.010039,-4.886678
9250,R_hip_roll,0.710552,0.106583,0.013109,19.237143
9250,R_hip_yaw,0.031941,0.007985,0.000295,1.818947
9250,R_hip_pitch,0.606083,0.281521,0.351445,-6.030055
9250,R_knee,-0.033498,0.311625,0.486260,-14.487202
9250,R_foot_pitch,-0.734297,-0.263430,-0.335707,3.512060
9250,R_foot_roll,-0.976914,-0.097691,-0.036881,-2.734888
9260,L_hip_roll,-0.851434,-0.127715,-0.011696,-22.858825
9260,L_hip_yaw,0.051734,0.012934,0.014280,-0.150495
9260,L_hip_pitch,0.281030,-0.059742,-0.050828,-1.928145
9260,L_knee,0.327912,-0.238022,-0.234419,-0.897583
9260,L_foot_pitch,-1.604893,0.029511,0.182108,-12.680430
9260,L_foot_roll,-0.692417,-0.069242,0.008254,-5.978073
9260,R_hip_roll,0.720362,0.108054,0.011676,19.751535
9260,R_hip_yaw,0.061893,0.015473,-0.008034,3.007260
9260,R_hip_pitch,0.367240,0.221810,0.323683,-10.025240
9260,R_knee,-0.349697,0.232576,0.423667,-22.188367
9260,R_foot_pitch,-0.459537,-0.235954,-0.288988,-5.697590
9260,R_foot_roll,-1.592877,-0.159288,-0.059737,-8.218922
9270,L_hip_roll,-0.890040,-0.133506,-0.012126,-24.266575
9270,L_hip_yaw,0.027107,0.006777,0.013726,-0.753734
9270,L_hip_pitch,0.115666,-0.101084,-0.041609,-8.074564
9270,L_knee,0.231109,-0.262223,-0.233850,-5.149339
9270,L_foot_pitch,-0.869056,0.103094,0.186691,-7.122747
9270,L_foot_roll,-0.272208,-0.027221,0.005168,-2.280643
9270,R_hip_roll,0.068745,0.010312,0.011625,-0.527467
9270,R_hip_yaw,0.203882,0.050970,-0.008695,7.194658
9270,R_hip_pitch,0.286274,0.201568,0.297292,-8.688110
9270,R_knee,-0.464815,0.203796,0.376535,-16.679574
9270,R_foot_pitch,-0.131254,-0.203125,-0.183243,-11.786367
9270,R_foot_roll,-1.996861,-0.199686,-0.069079,-8.818558
9280,L_hip_roll,-0.367139,-0.055071,-0.012539,-8.273019
9280,L_hip_yaw,-0.054182,-0.013546,0.012777,-3.064580
9280,L_hip_pitch,-0.197087,-0.179272,-0.035916,-17.505967
9280,L_knee,0.021209,-0.314698,-0.239343,-10.756860
9280,L_foot_pitch,0.174365,0.207436,0.190818,0.927560
9280,L_foot_roll,0.440904,0.044090,0.003511,3.407231
9280,R_hip_roll,-0.452327,-0.067849,0.012706,-16.400892
9280,R_hip_yaw,0.244487,0.061122,-0.009476,8.608143
9280,R_hip_pitch,0.292759,0.203190,0.270108,-5.459378
9280,R_knee,-0.430392,0.212402,0.330143,-8.229014
9280,R_foot_pitch,0.252395,-0.164761,-0.085480,-14.450000
9280,R_foot_roll,-1.890718,-0.189072,-0.091525,-5.273990
9290,L_hip_roll,-0.346877,-0.052032,-0.012680,-8.213546
9290,L_hip_yaw,-0.094622,-0.023656,0.008351,-3.149681
9290,L_hip_pitch,-0.181061,-0.175265,-0.043117,-14.491523
9290,L_knee,-0.097057,-0.344264,-0.263921,-4.650261
9290,L_foot_pitch,0.742317,0.264232,0.201064,3.923058
9290,L_foot_roll,0.736346,0.073635,0.013646,3.165959
9290,R_hip_roll,-0.820473,-0.123071,0.012950,-27.271873
9290,R_hip_yaw,0.078146,0.019537,-0.010351,3.550753
9290,R_hip_pitch,0.053072,0.143268,0.254267,-12.538547
9290,R_knee,-0.463499,0.204125,0.306185,-15.935291
9290,R_foot_pitch,0.666052,-0.123395,-0.045043,-6.139194
9290,R_foot_roll,-1.573303,-0.157330,-0.089563,-7.864850
9300,L_hip_roll,-0.056340,-0.008451,-0.012287,0.778407
9300,L_hip_yaw,-0.076566,-0.019142,-0.004804,-0.062076
9300,L_hip_pitch,-0.172145,-0.173036,-0.060948,-11.499583
9300,L_knee,-0.208373,-0.372093,-0.303853,0.285443
9300,L_foot_pitch,1.051446,0.295145,0.223330,3.119663
9300,L_foot_roll,0.921505,0.092150,0.039922,1.215228
9300,R_hip_roll,-0.872918,-0.130938,0.012812,-28.679253
9300,R_hip_yaw,-0.001987,-0.000497,-0.010763,1.306182
9300,R_hip_pitch,-0.036799,0.120800,0.245254,-13.966972
9300,R_knee,-0.393558,0.221610,0.295054,-9.388960
9300,R_foot_pitch,1.023906,-0.087609,-0.044660,-3.561911
9300,R_foot_roll,-1.275356,-0.127536,-0.060162,-8.502029
9310,L_hip_roll,0.001985,0.000298,-0.011874,2.180609
9310,L_hip_yaw,-0.093093,-0.023273,-0.019774,0.867316
9310,L_hip_pitch,-0.136732,-0.164183,-0.081286,-7.973458
9310,L_knee,-0.286134,-0.391533,-0.346646,4.075560
9310,L_foot_pitch,1.180437,0.308044,0.255616,0.927042
9310,L_foot_roll,0.938551,0.093855,0.070732,-1.005909
9310,R_hip_roll,-1.067408,-0.160111,0.012794,-34.672150
9310,R_hip_yaw,-0.049057,-0.012264,-0.011882,0.074022
9310,R_hip_pitch,0.022489,0.135622,0.234655,-10.782941
9310,R_knee,-0.475262,0.201185,0.280909,-10.002191
9310,R_foot_pitch,1.039339,-0.086066,-0.042713,-3.675279
9310,R_foot_roll,-1.191600,-0.119160,-0.027210,-10.596365
9320,L_hip_roll,-0.229019,-0.034353,-0.008939,-6.185981
9320,L_hip_yaw,-0.112993,-0.028248,-0.029407,0.854390
9320,L_hip_pitch,-0.090559,-0.152640,-0.099868,-4.663120
9320,L_knee,-0.349534,-0.407383,-0.382593,4.753393
9320,L_foot_pitch,1.216285,0.311629,0.285845,-0.536582
9320,L_foot_roll,0.872649,0.087265,0.092553,-2.014770
9320,R_hip_roll,-1.116934,-0.167540,0.016952,-38.426453
9320,R_hip_yaw,-0.079684,-0.019921,-0.012448,-0.863909
9320,R_hip_pitch,0.083586,0.150897,0.226958,-8.396990
9320,R_knee,-0.596782,0.170805,0.271842,-15.769252
9320,R_foot_pitch,1.081571,-0.081843,-0.042911,-3.074335
9320,R_foot_roll,-1.154072,-0.115407,-0.024257,-7.037735
9330,L_hip_roll,-0.246172,-0.036926,-0.005810,-6.990299
9330,L_hip_yaw,-0.107632,-0.026908,-0.035144,1.419059
9330,L_hip_pitch,-0.112897,-0.158224,-0.114007,-4.122199
9330,L_knee,-0.394759,-0.418690,-0.407175,3.654105
9330,L_foot_pitch,1.290467,0.319047,0.305527,-0.319047
9330,L_foot_roll,0.853496,0.085350,0.100340,-1.420887
9330,R_hip_roll,-1.046136,-0.156920,0.021631,-36.989346
9330,R_hip_yaw,-0.075047,-0.018762,-0.012807,-0.681918
9330,R_hip_pitch,0.092132,0.153033,0.217872,-6.753987
9330,R_knee,-0.625695,0.163576,0.261509,-14.123503
9330,R_foot_pitch,1.093497,-0.080650,-0.042433,-3.149536
9330,R_foot_roll,-1.103308,-0.110331,-0.026458,-6.505589
9340,L_hip_roll,-0.163602,-0.024540,-0.004004,-4.430659
9340,L_hip_yaw,-0.120093,-0.030023,-0.037013,0.837053
9340,L_hip_pitch,-0.153995,-0.168499,-0.124067,-4.477282
9340,L_knee,-0.397186,-0.419296,-0.421782,3.684181
9340,L_foot_pitch,1.346290,0.324629,0.315396,0.095589
9340,L_foot_roll,0.773634,0.077363,0.098016,-1.172130
9340,R_hip_roll,-1.008909,-0.151336,0.025408,-36.341067
9340,R_hip_yaw,-0.042488,-0.010622,-0.013100,0.321317
9340,R_hip_pitch,0.003692,0.130923,0.206637,-7.911060
9340,R_knee,-0.616945,0.165764,0.248660,-10.921125
9340,R_foot_pitch,1.304138,-0.059586,-0.041085,-1.628779
9340,R_foot_roll,-1.010595,-0.101059,-0.028277,-5.656830
9350,L_hip_roll,-0.123785,-0.018568,-0.003511,-2.987516
9350,L_hip_yaw,-0.115608,-0.028902,-0.035848,0.638620
9350,L_hip_pitch,-0.265287,-0.196322,-0.131057,-7.248752
9350,L_knee,-0.438538,-0.429635,-0.428788,1.074977
9350,L_foot_pitch,1.365122,0.326512,0.319839,0.246710
9350,L_foot_roll,0.640273,0.064027,0.089986,-1.158513
9350,R_hip_roll,-1.141042,-0.171156,0.028326,-40.660927
9350,R_hip_yaw,0.016219,0.004055,-0.013258,2.086109
9350,R_hip_pitch,-0.082791,0.109302,0.194187,-8.916456
9350,R_knee,-0.618816,0.165296,0.234614,-8.242682
9350,R_foot_pitch,1.526117,-0.037388,-0.039308,-0.021214
9350,R_foot_roll,-1.021544,-0.102154,-0.029667,-5.671822
9360,L_hip_roll,-0.039923,-0.005988,-0.004274,0.056194
9360,L_hip_yaw,-0.110451,-0.027613,-0.033033,0.320405
9360,L_hip_pitch,-0.230058,-0.187515,-0.137357,-5.360131
9360,L_knee,-0.459675,-0.434919,-0.432727,0.666348
9360,L_foot_pitch,1.434409,0.333441,0.321941,0.781748
9360,L_foot_roll,0.542055,0.054205,0.077916,-0.632987
9360,R_hip_roll,-1.114421,-0.167163,0.030304,-39.973166
9360,R_hip_yaw,-0.012204,-0.003051,-0.013177,1.207673
9360,R_hip_pitch,-0.066730,0.113318,0.181553,-6.975063
9360,R_knee,-0.698091,0.145477,0.220418,-9.429477
9360,R_foot_pitch,1.458890,-0.044111,-0.037716,-0.698023
9360,R_foot_roll,-1.090712,-0.109071,-0.030772,-6.184391
9370,L_hip_roll,0.040972,0.006146,-0.005882,2.982131
9370,L_hip_yaw,-0.100213,-0.025053,-0.029498,0.186355
9370,L_hip_pitch,-0.230988,-0.187747,-0.144075,-4.564816
9370,L_knee,-0.508890,-0.447222,-0.435948,-1.206184
9370,L_foot_pitch,1.455433,0.335543,0.324519,0.573547
9370,L_foot_roll,0.436059,0.043606,0.064329,-0.374614
9370,R_hip_roll,-1.300111,-0.195017,0.031679,-45.677272
9370,R_hip_yaw,-0.036738,-0.009184,-0.013095,0.457893
9370,R_hip_pitch,-0.072801,0.111800,0.169141,-5.646815
9370,R_knee,-0.702211,0.144447,0.206398,-6.972076
9370,R_foot_pitch,1.460107,-0.043989,-0.035696,-0.859773
9370,R_foot_roll,-1.191485,-0.119148,-0.031548,-6.939891
9380,L_hip_roll,0.034328,0.005149,-0.008212,3.485212
9380,L_hip_yaw,-0.083516,-0.020879,-0.026081,0.311239
9380,L_hip_pitch,-0.274061,-0.198515,-0.151638,-4.824433
9380,L_knee,-0.542393,-0.455598,-0.439732,-1.612405
9380,L_foot_pitch,1.592069,0.349207,0.328291,1.292832
9380,L_foot_roll,0.377989,0.037799,0.051305,0.107403
9380,R_hip_roll,-1.370953,-0.205643,0.032343,-47.674243
9380,R_hip_yaw,-0.039314,-0.009828,-0.013030,0.378303
9380,R_hip_pitch,-0.176027,0.085993,0.157536,-7.500690
9380,R_knee,-0.687681,0.148080,0.193579,-4.704033
9380,R_foot_pitch,1.579123,-0.032088,-0.034212,0.072539
9380,R_foot_roll,-1.271208,-0.127121,-0.032094,-7.562389
9390,L_hip_roll,0.147657,0.022149,-0.011365,7.763320
9390,L_hip_yaw,-0.075759,-0.018940,-0.022710,0.126192
9390,L_hip_pitch,-0.337884,-0.214471,-0.160375,-5.587952
9390,L_knee,-0.579568,-0.464892,-0.445277,-1.731462
9390,L_foot_pitch,1.583980,0.348398,0.335032,0.278912
9390,L_foot_roll,0.338243,0.033824,0.040841,0.300275
9390,R_hip_roll,-1.364306,-0.204646,0.032114,-47.158452
9390,R_hip_yaw,-0.028557,-0.007139,-0.013050,0.714273
9390,R_hip_pitch,-0.181544,0.084614,0.147334,-6.567740
9390,R_knee,-0.676514,0.150871,0.183205,-3.072704
9390,R_foot_pitch,1.639509,-0.026049,-0.033794,0.633497
9390,R_foot_roll,-1.284603,-0.128460,-0.032321,-7.683969
9400,L_hip_roll,0.120637,0.018095,-0.014911,7.669082
9400,L_hip_yaw,-0.060039,-0.015010,-0.019630,0.288923
9400,L_hip_pitch,-0.357088,-0.219272,-0.170572,-4.769966
9400,L_knee,-0.617997,-0.474499,-0.452859,-1.478845
9400,L_foot_pitch,1.583336,0.348334,0.342344,-0.139202
9400,L_foot_roll,0.295469,0.029547,0.033670,0.233176
9400,R_hip_roll,-1.423710,-0.213557,0.031199,-48.606567
9400,R_hip_yaw,-0.054289,-0.013572,-0.013129,-0.046514
9400,R_hip_pitch,-0.142972,0.094257,0.138919,-4.609978
9400,R_knee,-0.758086,0.130478,0.175848,-6.408695
9400,R_foot_pitch,1.528838,-0.037116,-0.034668,-0.045757
9400,R_foot_roll,-1.351402,-0.135140,-0.032278,-8.244323
9410,L_hip_roll,0.106842,0.016026,-0.018426,7.935104
9410,L_hip_yaw,-0.033733,-0.008433,-0.016990,0.790465
9410,L_hip_pitch,-0.376126,-0.224031,-0.182082,-3.858853
9410,L_knee,-0.646027,-0.481507,-0.461707,-0.937990
9410,L_foot_pitch,1.699200,0.359920,0.346661,0.792455
9410,L_foot_roll,0.198243,0.019824,0.028980,-0.362677
9410,R_hip_roll,-1.338266,-0.200740,0.029828,-45.643035
9410,R_hip_yaw,-0.062832,-0.015708,-0.013302,-0.267099
9410,R_hip_pitch,-0.138155,0.095461,0.131795,-3.679254
9410,R_knee,-0.815097,0.116226,0.170440,-8.280987
9410,R_foot_pitch,1.321102,-0.057890,-0.036344,-1.536692
9410,R_foot_roll,-1.377744,-0.137774,-0.032030,-8.495009
9420,L_hip_roll,0.152930,0.022939,-0.021580,9.782337
9420,L_hip_yaw,-0.028404,-0.007101,-0.013813,0.458958
9420,L_hip_pitch,-0.408291,-0.232073,-0.194001,-3.395350
9420,L_knee,-0.692323,-0.493081,-0.470595,-1.555769
9420,L_foot_pitch,1.761719,0.366172,0.350667,0.835781
9420,L_foot_roll,0.068111,0.006811,0.023914,-0.826507
9420,R_hip_roll,-1.312602,-0.196890,0.028274,-44.556903
9420,R_hip_yaw,-0.053141,-0.013285,-0.013595,0.069463
9420,R_hip_pitch,-0.117290,0.100678,0.124764,-2.175932
9420,R_knee,-0.788947,0.122763,0.165197,-6.042183
9420,R_foot_pitch,1.225465,-0.067454,-0.038126,-2.170330
9420,R_foot_roll,-1.348121,-0.134812,-0.031681,-8.293093
9430,L_hip_roll,0.166018,0.024903,-0.024054,10.430560
9430,L_hip_yaw,-0.042998,-0.010750,-0.010471,-0.331418
9430,L_hip_pitch,-0.428178,-0.237045,-0.206243,-2.468821
9430,L_knee,-0.726110,-0.501527,-0.479354,-1.453823
9430,L_foot_pitch,1.708825,0.360883,0.352983,0.508109
9430,L_foot_roll,-0.050451,-0.005045,0.015472,-0.696883
9430,R_hip_roll,-1.365369,-0.204805,0.026685,-45.816078
9430,R_hip_yaw,-0.067248,-0.016812,-0.013889,-0.326602
9430,R_hip_pitch,-0.089199,0.107700,0.118536,-0.743876
9430,R_knee,-0.788302,0.122925,0.161287,-6.062409
9430,R_foot_pitch,1.200832,-0.069917,-0.040477,-2.074808
9430,R_foot_roll,-1.322506,-0.132251,-0.031200,-8.139193
9440,L_hip_roll,0.130397,0.019560,-0.025718,9.447265
9440,L_hip_yaw,-0.038689,-0.009672,-0.009291,-0.026227
9440,L_hip_pitch,-0.436386,-0.239096,-0.218759,-1.204877
9440,L_knee,-0.770896,-0.512724,-0.487812,-2.125299
9440,L_foot_pitch,1.724458,0.362446,0.353429,0.723744
9440,L_foot_roll,-0.110453,-0.011045,0.003739,0.011834
9440,R_hip_roll,-1.418480,-0.212772,0.024996,-47.027228
9440,R_hip_yaw,-0.090237,-0.022559,-0.014121,-0.993689
9440,R_hip_pitch,-0.073011,0.111747,0.114034,0.104833
9440,R_knee,-0.810872,0.117282,0.160134,-7.725642
9440,R_foot_pitch,1.152950,-0.074705,-0.043959,-2.060813
9440,R_foot_roll,-1.346000,-0.134600,-0.030523,-8.400577
9450,L_hip_roll,0.086414,0.012962,-0.026711,8.161181
9450,L_hip_yaw,-0.042066,-0.010516,-0.010443,0.169263
9450,L_hip_pitch,-0.431487,-0.237872,-0.231138,0.397253
9450,L_knee,-0.795742,-0.518936,-0.495752,-1.944010
9450,L_foot_pitch,1.702294,0.360229,0.353158,0.606203
9450,L_foot_roll,-0.154286,-0.015429,-0.007587,0.355613
9450,R_hip_roll,-1.378264,-0.206740,0.023120,-45.378899
9450,R_hip_yaw,-0.111385,-0.027846,-0.014352,-1.596500
9450,R_hip_pitch,-0.025247,0.123688,0.110739,1.857540
9450,R_knee,-0.829597,0.112601,0.161070,-9.180898
9450,R_foot_pitch,1.061983,-0.083802,-0.048350,-2.369022
9450,R_foot_roll,-1.330287,-0.133029,-0.029685,-8.358844
9460,L_hip_roll,0.048522,0.007278,-0.027235,7.007030
9460,L_hip_yaw,-0.041923,-0.010481,-0.012688,0.509696
9460,L_hip_pitch,-0.447807,-0.241952,-0.242745,1.193869
9460,L_knee,-0.811466,-0.522866,-0.502588,-1.864772
9460,L_foot_pitch,1.665592,0.356559,0.352682,0.360254
9460,L_foot_roll,-0.179692,-0.017969,-0.015656,0.435699
9460,R_hip_roll,-1.340074,-0.201011,0.021030,-43.753253
9460,R_hip_yaw,-0.129380,-0.032345,-0.014601,-2.105409
9460,R_hip_pitch,0.007930,0.131983,0.107969,3.150973
9460,R_knee,-0.826547,0.113363,0.163203,-9.715191
9460,R_foot_pitch,0.938874,-0.096113,-0.053336,-2.904702
9460,R_foot_roll,-1.306347,-0.130635,-0.028693,-8.262158
9470,L_hip_roll,0.036863,0.005530,-0.027463,6.637378
9470,L_hip_yaw,-0.035531,-0.008883,-0.014900,0.914134
9470,L_hip_pitch,-0.443831,-0.240958,-0.253157,2.438431
9470,L_knee,-0.820450,-0.525112,-0.507737,-1.861237
9470,L_foot_pitch,1.586005,0.348600,0.352162,-0.233794
9470,L_foot_roll,-0.203786,-0.020379,-0.020044,0.259240
9470,R_hip_roll,-1.277629,-0.191644,0.018716,-41.348066
9470,R_hip_yaw,-0.147318,-0.036830,-0.014853,-2.612597
9470,R_hip_pitch,0.039914,0.139979,0.105674,4.330528
9470,R_knee,-0.811919,0.117020,0.166527,-10.049334
9470,R_foot_pitch,0.911755,-0.098825,-0.058940,-2.605914
9470,R_foot_roll,-1.249810,-0.124981,-0.027548,-7.917222
9480,L_hip_roll,-0.005109,-0.000766,-0.027459,5.298740
9480,L_hip_yaw,-0.039190,-0.009797,-0.015942,0.774980
9480,L_hip_pitch,-0.466401,-0.246600,-0.262113,2.680475
9480,L_knee,-0.804949,-0.521237,-0.510850,-1.235536
9480,L_foot_pitch,1.518055,0.341806,0.350498,-0.471920
9480,L_foot_roll,-0.223808,-0.022381,-0.021986,0.090055
9480,R_hip_roll,-1.219862,-0.182979,0.016232,-39.085121
9480,R_hip_yaw,-0.150281,-0.037570,-0.015081,-2.677803
9480,R_hip_pitch,0.053120,0.143280,0.103911,4.888131
9480,R_knee,-0.781648,0.124588,0.171173,-9.912606
9480,R_foot_pitch,0.888115,-0.101188,-0.065207,-2.227849
9480,R_foot_roll,-1.185416,-0.118542,-0.026226,-7.523484
9490,L_hip_roll,-0.052051,-0.007808,-0.027248,3.795284
9490,L_hip_yaw,-0.039471,-0.009868,-0.015775,0.654270
9490,L_hip_pitch,-0.479564,-0.249891,-0.269350,2.978602
9490,L_knee,-0.790224,-0.517556,-0.511389,-1.292875
9490,L_foot_pitch,1.475420,0.337542,0.346456,-0.235028
9490,L_foot_roll,-0.254180,-0.025418,-0.022975,-0.119245
9490,R_hip_roll,-1.145292,-0.171794,0.013620,-36.287579
9490,R_hip_yaw,-0.136574,-0.034144,-0.015260,-2.249622
9490,R_hip_pitch,0.076659,0.149165,0.102767,5.662600
9490,R_knee,-0.780110,0.124973,0.177288,-11.409425
9490,R_foot_pitch,0.850494,-0.104951,-0.072206,-1.892205
9490,R_foot_roll,-1.134517,-0.113452,-0.024741,-7.251147
9500,L_hip_roll,-0.084617,-0.012693,-0.026806,2.647378
9500,L_hip_yaw,-0.034826,-0.008706,-0.014778,0.601135
9500,L_hip_pitch,-0.484648,-0.251162,-0.274832,3.315538
9500,L_knee,-0.766775,-0.511694,-0.509357,-1.299995
9500,L_foot_pitch,1.371850,0.327185,0.340901,-0.547605
9500,L_foot_roll,-0.275106,-0.027511,-0.024212,-0.123496
9500,R_hip_roll,-1.052569,-0.157885,0.010985,-32.997175
9500,R_hip_yaw,-0.144932,-0.036233,-0.015364,-2.496755
9500,R_hip_pitch,0.108872,0.157218,0.101970,6.713193
9500,R_knee,-0.762446,0.129389,0.184309,-12.011006
9500,R_foot_pitch,0.819489,-0.108051,-0.079679,-1.516505
9500,R_foot_roll,-1.051514,-0.105151,-0.023130,-6.726907
9510,L_hip_roll,-0.164189,-0.024628,-0.026064,0.014542
9510,L_hip_yaw,-0.031300,-0.007825,-0.013033,0.424833
9510,L_hip_pitch,-0.489693,-0.252423,-0.278741,3.490654
9510,L_knee,-0.729665,-0.502416,-0.505070,-1.021714
9510,L_foot_pitch,1.257931,0.315793,0.333755,-0.688825
9510,L_foot_roll,-0.280097,-0.028010,-0.025971,0.017342
9510,R_hip_roll,-1.005095,-0.150764,0.008493,-31.139232
9510,R_hip_yaw,-0.147437,-0.036859,-0.015400,-2.572743
9510,R_hip_pitch,0.108547,0.157137,0.101339,6.757926
9510,R_knee,-0.712134,0.141967,0.191736,-11.196355
9510,R_foot_pitch,0.783948,-0.111605,-0.087377,-1.165489
9510,R_foot_roll,-0.969301,-0.096930,-0.021414,-6.215149
9520,L_hip_roll,-0.181571,-0.027236,-0.025280,-0.615512
9520,L_hip_yaw,-0.021674,-0.005419,-0.010548,0.345709
9520,L_hip_pitch,-0.513317,-0.258329,-0.281155,2.923174
9520,L_knee,-0.682369,-0.490592,-0.498542,-0.733592
9520,L_foot_pitch,1.136367,0.303637,0.324325,-0.682362
9520,L_foot_roll,-0.262263,-0.026226,-0.027390,0.199171
9520,R_hip_roll,-0.940957,-0.141144,0.006086,-28.732010
9520,R_hip_yaw,-0.143558,-0.035890,-0.015395,-2.458898
9520,R_hip_pitch,0.110748,0.157687,0.101222,6.766524
9520,R_knee,-0.661027,0.154743,0.200099,-10.793815
9520,R_foot_pitch,0.795234,-0.110477,-0.095531,-0.359997
9520,R_foot_roll,-0.853178,-0.085318,-0.019572,-5.448215
9530,L_hip_roll,-0.227042,-0.034056,-0.024636,-2.078133
9530,L_hip_yaw,-0.013781,-0.003445,-0.007417,0.150805
9530,L_hip_pitch,-0.512140,-0.258035,-0.282280,2.983988
9530,L_knee,-0.611406,-0.472852,-0.489960,0.367599
9530,L_foot_pitch,1.007051,0.290705,0.312852,-0.626753
9530,L_foot_roll,-0.228177,-0.022818,-0.027533,0.336859
9530,R_hip_roll,-0.838292,-0.125744,0.003728,-25.212313
9530,R_hip_yaw,-0.141541,-0.035385,-0.015375,-2.401180
9530,R_hip_pitch,0.111753,0.157938,0.101959,6.614165
9530,R_knee,-0.607723,0.168069,0.209864,-10.583125
9530,R_foot_pitch,0.839084,-0.106092,-0.104319,0.756896
9530,R_foot_roll,-0.705798,-0.070580,-0.017571,-4.443619
9540,L_hip_roll,-0.311609,-0.046741,-0.024114,-4.698550
9540,L_hip_yaw,-0.006981,-0.001745,-0.003894,-0.095056
9540,L_hip_pitch,-0.514482,-0.258621,-0.281972,2.717465
9540,L_knee,-0.513210,-0.448303,-0.478794,1.889949
9540,L_foot_pitch,0.839639,0.273964,0.299852,-0.803489
9540,L_foot_roll,-0.167175,-0.016718,-0.025791,0.490873
9540,R_hip_roll,-0.705454,-0.105818,0.001502,-20.849774
9540,R_hip_yaw,-0.132427,-0.033107,-0.015315,-2.137258
9540,R_hip_pitch,0.100436,0.155109,0.103475,6.015844
9540,R_knee,-0.552156,0.181961,0.220821,-10.405803
9540,R_foot_pitch,0.885495,-0.101451,-0.113787,1.926675
9540,R_foot_roll,-0.538611,-0.053861,-0.015478,-3.290829
9550,L_hip_roll,-0.396301,-0.059445,-0.023741,-7.251712
9550,L_hip_yaw,0.005645,0.001411,-0.000116,-0.192813
9550,L_hip_pitch,-0.520244,-0.260061,-0.279651,2.048708
9550,L_knee,-0.382454,-0.415613,-0.463655,3.728134
9550,L_foot_pitch,0.644466,0.254447,0.284956,-0.965806
9550,L_foot_roll,-0.068462,-0.006846,-0.021582,0.690303
9550,R_hip_roll,-0.540468,-0.081070,-0.000426,-15.602708
9550,R_hip_yaw,-0.120747,-0.030187,-0.015248,-1.797491
9550,R_hip_pitch,0.080831,0.150208,0.105548,5.139170
9550,R_knee,-0.486849,0.198288,0.232657,-9.792384
9550,R_foot_pitch,0.944586,-0.095541,-0.123440,3.206894
9550,R_foot_roll,-0.322807,-0.032281,-0.013477,-1.753316
9560,L_hip_roll,-0.489775,-0.073466,-0.023641,-9.990652
9560,L_hip_yaw,0.014120,0.003530,0.004200,-0.530044
9560,L_hip_pitch,-0.507916,-0.256979,-0.274800,1.576190
9560,L_knee,-0.216357,-0.374089,-0.443077,5.759581
9560,L_foot_pitch,0.429549,0.232955,0.267377,-1.005699
9560,L_foot_roll,0.058660,0.005866,-0.014215,0.796611
9560,R_hip_roll,-0.317068,-0.047560,-0.001982,-8.733865
9560,R_hip_yaw,-0.102216,-0.025554,-0.015126,-1.261266
9560,R_hip_pitch,0.056560,0.144140,0.107904,4.102620
9560,R_knee,-0.403305,0.219174,0.244972,-8.358041
9560,R_foot_pitch,1.061265,-0.083873,-0.133526,4.956837
9560,R_foot_roll,-0.055600,-0.005560,-0.011143,0.186958
9570,L_hip_roll,-0.564592,-0.084689,-0.023789,-12.146593
9570,L_hip_yaw,0.023030,0.005757,0.009118,-0.901454
9570,L_hip_pitch,-0.451478,-0.242870,-0.266905,2.009235
9570,L_knee,-0.005630,-0.321408,-0.415534,8.092132
9570,L_foot_pitch,0.200888,0.210089,0.246881,-0.931169
9570,L_foot_roll,0.249884,0.024988,-0.003432,1.144145
9570,R_hip_roll,-0.025495,-0.003824,-0.002911,-0.043677
9570,R_hip_yaw,-0.092480,-0.023120,-0.014890,-1.011834
9570,R_hip_pitch,0.022636,0.135659,0.110516,2.745877
9570,R_knee,-0.301326,0.244668,0.257666,-6.178738
9570,R_foot_pitch,1.218203,-0.068180,-0.143756,7.097608
9570,R_foot_roll,0.297066,0.029707,-0.008930,2.931323
9580,L_hip_roll,-0.540895,-0.081134,-0.023931,-11.406285
9580,L_hip_yaw,0.022078,0.005519,0.014236,-1.540594
9580,L_hip_pitch,-0.271781,-0.197945,-0.255046,5.552655
9580,L_knee,0.248950,-0.257763,-0.379026,10.145917
9580,L_foot_pitch,-0.007143,0.189286,0.223880,-0.558020
9580,L_foot_roll,0.546905,0.054690,0.011551,1.880210
9580,R_hip_roll,0.366154,0.054923,-0.002849,11.406533
9580,R_hip_yaw,-0.117034,-0.029259,-0.014423,-1.828371
9580,R_hip_pitch,-0.017452,0.125637,0.113307,1.243302
9580,R_knee,-0.188330,0.272917,0.270814,-3.384048
9580,R_foot_pitch,1.361840,-0.053816,-0.154346,9.184662
9580,R_foot_roll,0.732891,0.073289,-0.006849,6.169239
9590,L_hip_roll,-0.460679,-0.069102,-0.023288,-9.466141
9590,L_hip_yaw,-0.019590,-0.004898,0.016847,-2.737281
9590,L_hip_pitch,-0.103567,-0.155892,-0.240042,8.673914
9590,L_knee,0.466404,-0.203399,-0.342934,17.236148
9590,L_foot_pitch,0.060329,0.196033,0.176646,8.544889
9590,L_foot_roll,0.852868,0.085287,0.023272,4.601251
9590,R_hip_roll,0.534600,0.080190,-0.001813,16.103243
9590,R_hip_yaw,-0.121888,-0.030472,-0.013726,-2.072878
9590,R_hip_pitch,0.247906,0.191977,0.115370,9.101614
9590,R_knee,-0.205757,0.268561,0.283730,-6.229654
9590,R_foot_pitch,1.025673,-0.087433,-0.164643,7.178503
9590,R_foot_roll,0.934275,0.093427,-0.003792,7.494054
9600,L_hip_roll,0.330720,0.049608,-0.022331,14.086368
9600,L_hip_yaw,-0.119487,-0.029872,0.018566,-6.003291
9600,L_hip_pitch,-0.201877,-0.180469,-0.222923,3.289066
9600,L_knee,0.582045,-0.174489,-0.312439,15.503290
9600,L_foot_pitch,0.073860,0.197386,0.106445,13.847001
9600,L_foot_roll,0.907611,0.090761,0.026115,5.073974
9600,R_hip_roll,0.698005,0.104701,-0.001239,21.097140
9600,R_hip_yaw,-0.088506,-0.022126,-0.012817,-1.215128
9600,R_hip_pitch,0.365047,0.221262,0.116354,12.504726
9600,R_knee,0.018923,0.324731,0.295936,1.565925
9600,R_foot_pitch,0.158123,-0.174188,-0.175019,1.099196
9600,R_foot_roll,0.770612,0.077061,0.003030,5.011377
9610,L_hip_roll,0.918096,0.137714,-0.022372,32.426401
9610,L_hip_yaw,-0.098951,-0.024738,0.018585,-4.750831
9610,L_hip_pitch,0.224240,-0.073940,-0.212369,16.095021
9610,L_knee,0.453049,-0.206738,-0.296475,14.634694
9610,L_foot_pitch,-0.205943,0.169406,0.081134,5.497053
9610,L_foot_roll,0.880386,0.088039,0.019744,5.931622
9610,R_hip_roll,0.608077,0.091212,-0.002733,19.709110
9610,R_hip_yaw,-0.071299,-0.017825,-0.013835,-0.118192
9610,R_hip_pitch,0.440034,0.240008,0.121652,13.411835
9610,R_knee,0.308662,0.397165,0.312546,9.900480
9610,R_foot_pitch,-0.653635,-0.255364,-0.184518,-5.245385
9610,R_foot_roll,0.320180,0.032018,0.020904,-1.778831
9620,L_hip_roll,0.792627,0.118894,-0.025298,29.483065
9620,L_hip_yaw,-0.100606,-0.025151,0.017953,-5.142882
9620,L_hip_pitch,0.104670,-0.103833,-0.208176,11.992863
9620,L_knee,0.371136,-0.227216,-0.292259,9.994155
9620,L_foot_pitch,-0.488575,0.141143,0.082263,4.556602
9620,L_foot_roll,0.476140,0.047614,0.022757,2.140629
9620,R_hip_roll,0.106844,0.016027,-0.005042,4.475750
9620,R_hip_yaw,-0.001990,-0.000498,-0.018659,2.665960
9620,R_hip_pitch,0.415134,0.233783,0.134915,10.289683
9620,R_knee,0.279705,0.389926,0.342317,-1.971347
9620,R_foot_pitch,-1.202253,-0.310225,-0.208014,-5.182381
9620,R_foot_roll,-0.167676,-0.016768,0.034840,-4.850042
9630,L_hip_roll,0.815015,0.122252,-0.027828,30.770803
9630,L_hip_yaw,-0.006174,-0.001543,0.017605,-2.251277
9630,L_hip_pitch,0.088873,-0.107782,-0.202785,10.834225
9630,L_knee,0.396331,-0.220917,-0.286554,10.084529
9630,L_foot_pitch,-0.329960,0.157004,0.083268,5.792062
9630,L_foot_roll,0.399018,0.039902,0.024960,0.959138
9630,R_hip_roll,0.138939,0.020841,-0.005503,5.295859
9630,R_hip_yaw,0.017639,0.004410,-0.018087,2.242955
9630,R_hip_pitch,0.478425,0.249606,0.150282,10.502002
9630,R_knee,0.352739,0.408185,0.376429,-3.595698
9630,R_foot_pitch,-1.385376,-0.328538,-0.250033,-1.724208
9630,R_foot_roll,-0.161636,-0.016164,0.023905,-1.135236
9640,L_hip_roll,0.852813,0.127922,-0.030009,32.179713
9640,L_hip_yaw,-0.004454,-0.001114,0.017456,-2.227432
9640,L_hip_pitch,0.161941,-0.089515,-0.196836,12.272937
9640,L_knee,0.377223,-0.225694,-0.280583,8.123786
9640,L_foot_pitch,-0.235664,0.166434,0.084408,6.440771
9640,L_foot_roll,0.506635,0.050664,0.026589,1.726127
9640,R_hip_roll,0.134291,0.020144,-0.005027,4.768488
9640,R_hip_yaw,-0.005282,-0.001320,-0.009225,-0.180923
9640,R_hip_pitch,0.460569,0.245142,0.163895,8.490299
9640,R_knee,0.420884,0.425221,0.404684,-3.674854
9640,R_foot_pitch,-1.391864,-0.329186,-0.294970,1.310289
9640,R_foot_roll,-0.126695,-0.012670,0.000966,1.113706
9650,L_hip_roll,0.898903,0.134836,-0.031577,33.529811
9650,L_hip_yaw,-0.039936,-0.009984,0.017556,-3.322081
9650,L_hip_pitch,0.205812,-0.078547,-0.190371,12.701559
9650,L_knee,0.404153,-0.218962,-0.274990,8.320752
9650,L_foot_pitch,-0.383465,0.151653,0.085946,5.073264
9650,L_foot_roll,0.631479,0.063148,0.027989,3.037686
9650,R_hip_roll,0.032805,0.004921,-0.003609,1.090722
9650,R_hip_yaw,-0.006444,-0.001611,0.001012,-1.198955
9650,R_hip_pitch,0.503298,0.255825,0.175230,8.673485
9650,R_knee,0.468967,0.437242,0.425613,-3.106841
9650,R_foot_pitch,-1.492520,-0.339252,-0.325821,1.139466
9650,R_foot_roll,-0.166235,-0.016623,-0.015382,1.039781
9660,L_hip_roll,1.048720,0.157308,-0.032785,38.364243
9660,L_hip_yaw,-0.035662,-0.008916,0.017633,-3.186932
9660,L_hip_pitch,0.101698,-0.104576,-0.182869,8.596464
9660,L_knee,0.462895,-0.204276,-0.269318,9.982702
9660,L_foot_pitch,-0.477094,0.142291,0.087677,4.185008
9660,L_foot_roll,0.632519,0.063252,0.029309,2.569487
9660,R_hip_roll,0.055538,0.008331,-0.001655,1.379022
9660,R_hip_yaw,0.007505,0.001876,0.006831,-0.929021
9660,R_hip_pitch,0.583809,0.275952,0.184305,10.187098
9660,R_knee,0.503941,0.445985,0.440364,-2.655122
9660,R_foot_pitch,-1.676941,-0.357694,-0.340729,-0.449218
9660,R_foot_roll,-0.179568,-0.017957,-0.022205,0.687134
9670,L_hip_roll,1.078646,0.161797,-0.033602,39.260134
9670,L_hip_yaw,-0.072039,-0.018010,0.017602,-4.263928
9670,L_hip_pitch,0.137277,-0.095681,-0.175060,8.774827
9670,L_knee,0.475649,-0.201088,-0.263624,9.655599
9670,L_foot_pitch,-0.346981,0.155302,0.089434,5.085917
9670,L_foot_roll,0.759351,0.075935,0.030367,3.507637
9670,R_hip_roll,0.021642,0.003246,0.000852,-0.376858
9670,R_hip_yaw,0.016249,0.004062,0.008238,-0.495645
9670,R_hip_pitch,0.568072,0.272018,0.192752,8.664800
9670,R_knee,0.629074,0.477268,0.451556,1.693397
9670,R_foot_pitch,-1.853680,-0.375368,-0.348774,-1.464932
9670,R_foot_roll,-0.158237,-0.015824,-0.023218,0.532505
9680,L_hip_roll,1.111360,0.166704,-0.033989,40.215926
9680,L_hip_yaw,-0.071894,-0.017973,0.017472,-4.232331
9680,L_hip_pitch,0.213045,-0.076739,-0.167712,10.202548
9680,L_knee,0.453753,-0.206562,-0.258554,7.961878
9680,L_foot_pitch,-0.459064,0.144094,0.091414,4.003216
9680,L_foot_roll,0.810070,0.081007,0.031272,3.864916
9680,R_hip_roll,0.002721,0.000408,0.003926,-1.679164
9680,R_hip_yaw,0.020291,0.005073,0.007174,-0.086811
9680,R_hip_pitch,0.639690,0.289923,0.202539,9.450055
9680,R_knee,0.716583,0.499146,0.463453,2.685441
9680,R_foot_pitch,-2.080581,-0.398058,-0.354656,-3.128515
9680,R_foot_roll,-0.191407,-0.019141,-0.020922,-0.169905
9690,L_hip_roll,1.142328,0.171349,-0.034046,41.085964
9690,L_hip_yaw,-0.064955,-0.016239,0.017330,-4.011212
9690,L_hip_pitch,0.131785,-0.097054,-0.160711,6.959483
9690,L_knee,0.470749,-0.202313,-0.254212,8.194655
9690,L_foot_pitch,-0.393785,0.150622,0.093714,4.305840
9690,L_foot_roll,0.853394,0.085339,0.031647,4.191407
9690,R_hip_roll,-0.007428,-0.001114,0.007334,-2.732893
9690,R_hip_yaw,0.039672,0.009918,0.005408,0.705693
9690,R_hip_pitch,0.695493,0.303873,0.214584,9.441144
9690,R_knee,0.783739,0.515935,0.478846,1.755362
9690,R_foot_pitch,-2.220343,-0.412034,-0.356580,-4.337966
9690,R_foot_roll,-0.162854,-0.016285,-0.018701,0.042637
9700,L_hip_roll,1.177137,0.176571,-0.033686,41.833944
9700,L_hip_yaw,-0.043014,-0.010753,0.017046,-3.316001
9700,L_hip_pitch,0.163284,-0.089179,-0.154710,7.316240
9700,L_knee,0.487681,-0.198080,-0.251319,8.947179
9700,L_foot_pitch,-0.231252,0.166875,0.096973,5.272332
9700,L_foot_roll,0.976561,0.097656,0.031745,5.517192
9700,R_hip_roll,-0.051162,-0.007674,0.010964,-4.854438
9700,R_hip_yaw,0.023497,0.005874,0.005357,-0.055367
9700,R_hip_pitch,0.794104,0.328526,0.228896,10.468804
9700,R_knee,0.898543,0.544636,0.497208,2.969360
9700,R_foot_pitch,-2.384743,-0.428474,-0.357111,-5.684832
9700,R_foot_roll,-0.103279,-0.010328,-0.017011,0.369965
9710,L_hip_roll,1.250299,0.187545,-0.033275,43.948062
9710,L_hip_yaw,-0.016550,-0.004137,0.016972,-2.530830
9710,L_hip_pitch,0.117377,-0.100656,-0.150123,5.484523
9710,L_knee,0.518581,-0.190355,-0.250267,10.491411
9710,L_foot_pitch,-0.206212,0.169379,0.100365,5.142970
9710,L_foot_roll,1.054503,0.105450,0.031932,6.106854
9710,R_hip_roll,-0.086751,-0.013013,0.014369,-6.490117
9710,R_hip_yaw,0.021310,0.005328,0.006575,-0.285982
9710,R_hip_pitch,0.816593,0.334148,0.245889,8.810071
9710,R_knee,0.994250,0.568563,0.518870,2.202596
9710,R_foot_pitch,-2.571081,-0.447108,-0.357384,-7.151213
9710,R_foot_roll,-0.114899,-0.011490,-0.013935,-0.165052
9720,L_hip_roll,1.342969,0.201445,-0.032829,46.729569
9720,L_hip_yaw,-0.028143,-0.007036,0.017030,-2.892327
9720,L_hip_pitch,0.093824,-0.106544,-0.146140,4.364862
9720,L_knee,0.530486,-0.187379,-0.249907,11.207078
9720,L_foot_pitch,-0.279899,0.162010,0.104089,4.260574
9720,L_foot_roll,1.208190,0.120819,0.032030,7.036689
9720,R_hip_roll,-0.056142,-0.008421,0.017383,-6.004426
9720,R_hip_yaw,0.044676,0.011169,0.007795,0.286678
9720,R_hip_pitch,0.816792,0.334198,0.264943,6.390003
9720,R_knee,1.113651,0.598413,0.542890,2.901625
9720,R_foot_pitch,-2.712734,-0.461273,-0.357867,-8.215076
9720,R_foot_roll,-0.116465,-0.011646,-0.010897,-0.300677
9730,L_hip_roll,1.299448,0.194917,-0.032148,45.112601
9730,L_hip_yaw,-0.006677,-0.001669,0.017051,-2.238254
9730,L_hip_pitch,0.072766,-0.111808,-0.142263,3.244581
9730,L_knee,0.576917,-0.175771,-0.249809,13.269641
9730,L_foot_pitch,-0.236642,0.166336,0.108024,4.240394
9730,L_foot_roll,1.280254,0.128025,0.031660,7.905073
9730,R_hip_roll,-0.031790,-0.004769,0.020100,-5.780212
9730,R_hip_yaw,0.062754,0.015689,0.009972,0.398792
9730,R_hip_pitch,0.920705,0.360176,0.284739,7.106630
9730,R_knee,1.180653,0.615163,0.567525,1.409486
9730,R_foot_pitch,-2.763792,-0.466379,-0.358648,-8.532654
9730,R_foot_roll,-0.041430,-0.004143,-0.009386,0.333870
9740,L_hip_roll,1.308318,0.196248,-0.031296,45.184236
9740,L_hip_yaw,0.040115,0.010029,0.017025,-0.833447
9740,L_hip_pitch,0.001495,-0.129626,-0.137968,0.523634
9740,L_knee,0.620221,-0.164945,-0.249107,14.729604
9740,L_foot_pitch,-0.031334,0.186867,0.111733,5.635806
9740,L_foot_roll,1.361840,0.136184,0.031274,8.594059
9740,R_hip_roll,-0.001373,-0.000206,0.022360,-5.140167
9740,R_hip_yaw,0.056028,0.014007,0.014073,-0.491069
9740,R_hip_pitch,0.926020,0.361505,0.304528,4.901915
9740,R_knee,1.257458,0.634364,0.591330,1.017696
9740,R_foot_pitch,-2.825095,-0.472510,-0.359549,-8.948521
9740,R_foot_roll,0.006232,0.000623,-0.006989,0.304637
9750,L_hip_roll,1.376062,0.206409,-0.030252,47.002352
9750,L_hip_yaw,0.080174,0.020043,0.017007,0.369030
9750,L_hip_pitch,-0.012225,-0.133056,-0.133107,-0.496674
9750,L_knee,0.609651,-0.167587,-0.247506,13.852086
9750,L_foot_pitch,-0.014586,0.188541,0.115114,5.557596
9750,L_foot_roll,1.451306,0.145131,0.030772,9.122066
9750,R_hip_roll,-0.074041,-0.011106,0.024271,-7.629092
9750,R_hip_yaw,0.064355,0.016089,0.018533,-0.690593
9750,R_hip_pitch,0.962172,0.370543,0.323633,3.796267
9750,R_knee,1.311084,0.647771,0.612734,0.454219
9750,R_foot_pitch,-2.857970,-0.475797,-0.360442,-9.142712
9750,R_foot_roll,0.011301,0.001130,-0.002912,-0.104586
9760,L_hip_roll,1.369753,0.205463,-0.028878,46.452979
9760,L_hip_yaw,0.104033,0.026008,0.017022,1.076776
9760,L_hip_pitch,-0.086236,-0.151559,-0.128117,-3.300672
9760,L_knee,0.632497,-0.161876,-0.245887,14.718510
9760,L_foot_pitch,-0.033600,0.186640,0.118554,5.146928
9760,L_foot_roll,1.523842,0.152384,0.030113,9.674029
9760,R_hip_roll,-0.097801,-0.014670,0.025997,-8.610554
9760,R_hip_yaw,0.063879,0.015970,0.022377,-1.123085
9760,R_hip_pitch,0.956847,0.369212,0.341401,1.650824
9760,R_knee,1.386835,0.666709,0.630636,1.759391
9760,R_foot_pitch,-2.910980,-0.481098,-0.361262,-9.510378
9760,R_foot_roll,0.031196,0.003120,0.000994,-0.160050
9770,L_hip_roll,1.403962,0.210594,-0.027215,47.028903
9770,L_hip_yaw,0.140417,0.035104,0.017032,2.172981
9770,L_hip_pitch,-0.120641,-0.160160,-0.123386,-4.873762
9770,L_knee,0.661814,-0.154546,-0.244835,16.023178
9770,L_foot_pitch,0.023478,0.192348,0.122446,5.169993
9770,L_foot_roll,1.555499,0.155550,0.029086,10.251431
9770,R_hip_roll,-0.089658,-0.013449,0.027389,-8.532975
9770,R_hip_yaw,0.055641,0.013910,0.025307,-1.603157
9770,R_hip_pitch,0.952396,0.368099,0.357854,-0.341639
9770,R_knee,1.423425,0.675856,0.645413,1.509617
9770,R_foot_pitch,-2.904079,-0.480408,-0.362023,-9.398332
9770,R_foot_roll,0.078779,0.007878,0.003853,0.090206
9780,L_hip_roll,1.329646,0.199447,-0.025288,44.301730
9780,L_hip_yaw,0.154974,0.038744,0.017027,2.607344
9780,L_hip_pitch,-0.157609,-0.169402,-0.118703,-6.567641
9780,L_knee,0.678474,-0.150382,-0.244066,16.620005
9780,L_foot_pitch,0.027527,0.192753,0.126521,4.871700
9780,L_foot_roll,1.528951,0.152895,0.027862,10.213599
9780,R_hip_roll,-0.107447,-0.016117,0.028475,-9.225104
9780,R_hip_yaw,0.056402,0.014101,0.026585,-1.546307
9780,R_hip_pitch,0.948132,0.367033,0.372589,-2.033929
9780,R_knee,1.432808,0.678202,0.656923,0.929479
9780,R_foot_pitch,-2.893395,-0.479339,-0.362670,-9.275723
9780,R_foot_roll,0.092154,0.009215,0.006656,-0.077741
9790,L_hip_roll,1.266899,0.190035,-0.023212,41.996493
9790,L_hip_yaw,0.169007,0.042252,0.016994,3.037299
9790,L_hip_pitch,-0.183367,-0.175842,-0.113765,-7.962195
9790,L_knee,0.682811,-0.149297,-0.243237,16.625554
9790,L_foot_pitch,-0.009932,0.189007,0.130660,4.237152
9790,L_foot_roll,1.449986,0.144999,0.026635,9.665094
9790,R_hip_roll,-0.043992,-0.006599,0.029133,-7.273812
9790,R_hip_yaw,0.053931,0.013483,0.026403,-1.489456
9790,R_hip_pitch,0.956569,0.369142,0.384858,-2.988060
9790,R_knee,1.445696,0.681424,0.664179,1.550979
9790,R_foot_pitch,-2.826007,-0.472601,-0.363155,-8.714170
9790,R_foot_roll,0.135889,0.013589,0.009429,0.085659
9800,L_hip_roll,1.205423,0.180814,-0.021071,39.750114
9800,L_hip_yaw,0.177658,0.044415,0.016926,3.305298
9800,L_hip_pitch,-0.197518,-0.179379,-0.108721,-8.975934
9800,L_knee,0.686700,-0.148325,-0.242486,16.774377
9800,L_foot_pitch,-0.056540,0.184346,0.134863,3.564762
9800,L_foot_roll,1.392253,0.139225,0.025459,9.110984
9800,R_hip_roll,-0.024181,-0.003627,0.029338,-6.598974
9800,R_hip_yaw,0.049174,0.012293,0.025042,-1.346240
9800,R_hip_pitch,0.955282,0.368821,0.394663,-3.978967
9800,R_knee,1.446927,0.681732,0.667406,2.082401
9800,R_foot_pitch,-2.750978,-0.465098,-0.363419,-8.117214
9800,R_foot_roll,0.146161,0.014616,0.012307,-0.100782
9810,L_hip_roll,1.169155,0.175373,-0.018898,38.211067
9810,L_hip_yaw,0.183357,0.045839,0.016839,3.490567
9810,L_hip_pitch,-0.202398,-0.180600,-0.103720,-9.720148
9810,L_knee,0.675841,-0.151040,-0.241966,16.263839
9810,L_foot_pitch,-0.165445,0.173455,0.139325,2.251745
9810,L_foot_roll,1.315193,0.131519,0.023977,8.772715
9810,R_hip_roll,-0.013421,-0.002013,0.029155,-6.112942
9810,R_hip_yaw,0.053387,0.013347,0.022649,-0.847899
9810,R_hip_pitch,0.963360,0.370840,0.402308,-4.450532
9810,R_knee,1.412767,0.673192,0.667474,1.363129
9810,R_foot_pitch,-2.680156,-0.458016,-0.363437,-7.573026
9810,R_foot_roll,0.134164,0.013416,0.014837,-0.324568
9820,L_hip_roll,1.097784,0.164668,-0.016740,35.586503
9820,L_hip_yaw,0.193079,0.048270,0.016744,3.791742
9820,L_hip_pitch,-0.182721,-0.175680,-0.098879,-9.701699
9820,L_knee,0.659957,-0.155011,-0.241753,15.543149
9820,L_foot_pitch,-0.272272,0.162773,0.143967,1.017818
9820,L_foot_roll,1.181144,0.118114,0.022293,7.991077
9820,R_hip_roll,-0.009812,-0.001472,0.028495,-5.741750
9820,R_hip_yaw,0.050148,0.012537,0.020214,-0.710967
9820,R_hip_pitch,0.958219,0.369555,0.407738,-5.032552
9820,R_knee,1.360137,0.660034,0.664268,0.597926
9820,R_foot_pitch,-2.596654,-0.449665,-0.363231,-6.941869
9820,R_foot_roll,0.109885,0.010989,0.015990,-0.448431
9830,L_hip_roll,1.016265,0.152440,-0.014698,32.769956
9830,L_hip_yaw,0.191663,0.047916,0.016657,3.756477
9830,L_hip_pitch,-0.161921,-0.170480,-0.094199,-9.634564
9830,L_knee,0.639683,-0.160079,-0.241846,14.695426
9830,L_foot_pitch,-0.406581,0.149342,0.148708,-0.445806
9830,L_foot_roll,1.057950,0.105795,0.020808,7.147093
9830,R_hip_roll,0.017384,0.002608,0.027229,-4.479871
9830,R_hip_yaw,0.050614,0.012654,0.018466,-0.561660
9830,R_hip_pitch,0.955882,0.368971,0.410620,-5.183448
9830,R_knee,1.295404,0.643851,0.657095,0.207253
9830,R_foot_pitch,-2.481591,-0.438159,-0.362830,-6.071455
9830,R_foot_roll,0.083879,0.008388,0.015261,-0.408142
9840,L_hip_roll,0.891304,0.133696,-0.012762,28.805196
9840,L_hip_yaw,0.188083,0.047021,0.016562,3.663021
9840,L_hip_pitch,-0.089251,-0.152313,-0.089489,-7.974280
9840,L_knee,0.609176,-0.167706,-0.241979,13.561259
9840,L_foot_pitch,-0.582517,0.131748,0.154038,-2.262222
9840,L_foot_roll,0.880583,0.088058,0.018859,5.612535
9840,R_hip_roll,0.046434,0.006965,0.025371,-3.001936
9840,R_hip_yaw,0.050069,0.012517,0.017412,-0.501433
9840,R_hip_pitch,0.961898,0.370474,0.410844,-4.770915
9840,R_knee,1.189203,0.617301,0.645764,-1.309517
9840,R_foot_pitch,-2.342525,-0.424252,-0.362231,-5.027022
9840,R_foot_roll,0.042074,0.004207,0.012866,-0.417940
9850,L_hip_roll,0.772315,0.115847,-0.011301,25.077315
9850,L_hip_yaw,0.179602,0.044900,0.016464,3.418755
9850,L_hip_pitch,-0.033041,-0.138260,-0.084755,-6.903503
9850,L_knee,0.572952,-0.176762,-0.242191,11.814364
9850,L_foot_pitch,-0.771974,0.112803,0.158837,-4.158396
9850,L_foot_roll,0.665972,0.066597,0.017342,4.013131
9850,R_hip_roll,0.134312,0.020147,0.022794,0.341940
9850,R_hip_yaw,0.046652,0.011663,0.016643,-0.521051
9850,R_hip_pitch,0.953703,0.368426,0.408090,-4.375760
9850,R_knee,1.056033,0.584008,0.629591,-2.865902
9850,R_foot_pitch,-2.141444,-0.404144,-0.361406,-3.507123
9850,R_foot_roll,-0.018672,-0.001867,0.009116,-0.478609
9860,L_hip_roll,0.562963,0.084444,-0.010182,18.631061
9860,L_hip_yaw,0.165348,0.041337,0.016362,3.006395
9860,L_hip_pitch,0.054887,-0.116278,-0.079554,-4.927000
9860,L_knee,0.530635,-0.187341,-0.241974,9.789417
9860,L_foot_pitch,-1.012074,0.088793,0.163847,-6.514143
9860,L_foot_roll,0.414373,0.041437,0.015658,2.341292
9860,R_hip_roll,0.214488,0.032173,0.019959,3.313369
9860,R_hip_yaw,0.046909,0.011727,0.015163,-0.208120
9860,R_hip_pitch,0.931143,0.362786,0.401923,-3.966104
9860,R_knee,0.873541,0.538385,0.607540,-5.272209
9860,R_foot_pitch,-1.878171,-0.377817,-0.360287,-1.522353
9860,R_foot_roll,-0.129912,-0.012991,0.003711,-0.764705
9870,L_hip_roll,0.277193,0.041579,-0.009502,10.134663
9870,L_hip_yaw,0.140239,0.035060,0.016223,2.272377
9870,L_hip_pitch,0.171653,-0.087087,-0.073777,-2.182041
9870,L_knee,0.466917,-0.203271,-0.241328,6.667688
9870,L_foot_pitch,-1.300637,0.059936,0.168850,-9.196892
9870,L_foot_roll,0.130550,0.013055,0.013588,0.069605
9870,R_hip_roll,0.352203,0.052830,0.017155,8.005307
9870,R_hip_yaw,0.040977,0.010244,0.012222,0.119013
9870,R_hip_pitch,0.884666,0.351167,0.391640,-3.691100
9870,R_knee,0.633871,0.478468,0.577954,-8.303534
9870,R_foot_pitch,-1.553244,-0.345324,-0.358773,0.914235
9870,R_foot_roll,-0.299357,-0.029936,-0.004440,-1.160829
9880,L_hip_roll,-0.146045,-0.021907,-0.009450,-2.469665
9880,L_hip_yaw,0.120810,0.030203,0.016012,1.722211
9880,L_hip_pitch,0.302039,-0.054490,-0.067019,0.792214
9880,L_knee,0.389711,-0.222572,-0.239958,2.633176
9880,L_foot_pitch,-1.601821,0.029818,0.173820,-12.003393
9880,L_foot_roll,-0.212335,-0.021234,0.011730,-2.162424
9880,R_hip_roll,0.543153,0.081473,0.014678,14.057115
9880,R_hip_yaw,0.028375,0.007094,0.007185,0.582240
9880,R_hip_pitch,0.802844,0.330711,0.376147,-3.735887
9880,R_knee,0.320777,0.400194,0.538237,-11.989121
9880,R_foot_pitch,-1.150598,-0.305060,-0.352962,3.089048
9880,R_foot_roll,-0.581968,-0.058197,-0.017098,-1.918775
9890,L_hip_roll,-0.671348,-0.100702,-0.010342,-17.619121
9890,L_hip_yaw,0.110771,0.027693,0.015655,1.479198
9890,L_hip_pitch,0.370192,-0.037452,-0.059165,1.798721
9890,L_knee,0.290731,-0.247317,-0.238212,-2.116304
9890,L_foot_pitch,-1.788439,0.011156,0.178868,-13.893365
9890,L_foot_roll,-0.524852,-0.052485,0.010260,-4.900460
9890,R_hip_roll,0.711509,0.106726,0.012826,19.300343
9890,R_hip_yaw,0.029865,0.007466,-0.001010,1.961062
9890,R_hip_pitch,0.594621,0.278655,0.354011,-6.624929
9890,R_knee,-0.048248,0.307938,0.484873,-14.606434
9890,R_foot_pitch,-0.706775,-0.260677,-0.334391,3.570967
9890,R_foot_roll,-0.994989,-0.099499,-0.037239,-2.788982
9900,L_hip_roll,-0.861709,-0.129256,-0.012167,-23.087940
9900,L_hip_yaw,0.044303,0.011076,0.015130,-0.481928
9900,L_hip_pitch,0.262372,-0.064407,-0.050622,-2.480104
9900,L_knee,0.322338,-0.239416,-0.237217,-0.566295
9900,L_foot_pitch,-1.539218,0.036078,0.184179,-12.311372
9900,L_foot_roll,-0.667391,-0.066739,0.008139,-5.773217
9900,R_hip_roll,0.717192,0.107579,0.011385,19.729795
9900,R_hip_yaw,0.062889,0.015722,-0.009655,3.256610
9900,R_hip_pitch,0.326651,0.211663,0.325763,-11.520187
9900,R_knee,-0.351094,0.232227,0.421255,-21.687152
9900,R_foot_pitch,-0.424370,-0.232437,-0.286337,-5.999458
9900,R_foot_roll,-1.623740,-0.162374,-0.060422,-8.539747
9910,L_hip_roll,-0.884814,-0.132722,-0.012540,-24.048678
9910,L_hip_yaw,0.021513,0.005378,0.014590,-1.022882
9910,L_hip_pitch,0.085905,-0.108524,-0.041634,-8.949290
9910,L_knee,0.224762,-0.263809,-0.236904,-4.812882
9910,L_foot_pitch,-0.783948,0.111605,0.188680,-6.591214
9910,L_foot_roll,-0.220145,-0.022014,0.005452,-1.942682
9910,R_hip_roll,0.034646,0.005197,0.011357,-1.522773
9910,R_hip_yaw,0.210497,0.052624,-0.010416,7.603577
9910,R_hip_pitch,0.289100,0.202275,0.299430,-8.850233
9910,R_knee,-0.459852,0.205037,0.373672,-15.814098
9910,R_foot_pitch,-0.115084,-0.201508,-0.177941,-12.265994
9910,R_foot_roll,-2.010544,-0.201054,-0.069195,-8.923521
9920,L_hip_roll,-0.344058,-0.051609,-0.012882,-7.523811
9920,L_hip_yaw,-0.062758,-0.015690,0.013639,-3.426271
9920,L_hip_pitch,-0.198147,-0.179537,-0.036290,-17.445647
9920,L_knee,0.019225,-0.315194,-0.242835,-10.058272
9920,L_foot_pitch,0.217513,0.211751,0.192950,1.082924
9920,L_foot_roll,0.470273,0.047027,0.003833,3.615803
9920,R_hip_roll,-0.452127,-0.067819,0.012502,-16.368204
9920,R_hip_yaw,0.233409,0.058352,-0.011196,8.480231
9920,R_hip_pitch,0.301935,0.205484,0.272526,-5.524945
9920,R_knee,-0.432861,0.211785,0.327496,-8.022351
9920,R_foot_pitch,0.264118,-0.163588,-0.079541,-14.450000
9920,R_foot_roll,-1.864772,-0.186477,-0.091748,-5.022756
9930,L_hip_roll,-0.356551,-0.053483,-0.012964,-8.473640
9930,L_hip_yaw,-0.100120,-0.025030,0.007597,-2.888133
9930,L_hip_pitch,-0.180543,-0.175136,-0.043630,-14.423436
9930,L_knee,-0.101006,-0.345252,-0.267251,-4.389772
9930,L_foot_pitch,0.746578,0.264658,0.202690,3.991948
9930,L_foot_roll,0.728406,0.072841,0.014963,2.823336
9930,R_hip_roll,-0.833030,-0.124954,0.012796,-27.643130
9930,R_hip_yaw,0.057751,0.014438,-0.012020,3.127305
9930,R_hip_pitch,0.070486,0.147621,0.257166,-12.411480
9930,R_knee,-0.476649,0.200838,0.304082,-16.309679
9930,R_foot_pitch,0.649553,-0.125045,-0.039287,-6.704085
9930,R_foot_roll,-1.560730,-0.156073,-0.089321,-7.867127
9940,L_hip_roll,-0.066312,-0.009947,-0.012482,0.489672
9940,L_hip_yaw,-0.081581,-0.020395,-0.008094,0.357279
9940,L_hip_pitch,-0.169280,-0.172320,-0.061276,-11.396540
9940,L_knee,-0.212031,-0.373008,-0.306463,0.355395
9940,L_foot_pitch,1.048629,0.294863,0.223615,3.174955
9940,L_foot_roll,0.909103,0.090910,0.041602,1.030030
9940,R_hip_roll,-0.886643,-0.132997,0.012701,-29.072588
9940,R_hip_yaw,-0.023869,-0.005967,-0.012337,0.830627
9940,R_hip_pitch,-0.022779,0.124305,0.248528,-13.970087
9940,R_knee,-0.402362,0.219410,0.293341,-9.563827
9940,R_foot_pitch,1.012458,-0.088754,-0.039097,-4.085289
9940,R_foot_roll,-1.266610,-0.126661,-0.059071,-8.604650
9950,L_hip_roll,0.001043,0.000157,-0.011975,2.147310
9950,L_hip_yaw,-0.097878,-0.024469,-0.023805,1.205849
9950,L_hip_pitch,-0.127328,-0.161832,-0.081373,-7.704557
9950,L_knee,-0.287798,-0.391949,-0.348465,4.102446
9950,L_foot_pitch,1.180813,0.308081,0.255157,1.017100
9950,L_foot_roll,0.928904,0.092890,0.071369,-1.007231
9950,R_hip_roll,-1.073116,-0.160967,0.012671,-34.810344
9950,R_hip_yaw,-0.065202,-0.016300,-0.013398,-0.232065
9950,R_hip_pitch,0.041978,0.140495,0.238211,-10.651625
9950,R_knee,-0.483264,0.199184,0.279477,-10.186847
9950,R_foot_pitch,1.020859,-0.087914,-0.037272,-4.247120
9950,R_foot_roll,-1.186910,-0.118691,-0.025391,-10.768245
9960,L_hip_roll,-0.229793,-0.034469,-0.008739,-6.271390
9960,L_hip_yaw,-0.117546,-0.029387,-0.032698,1.006895
9960,L_hip_pitch,-0.079556,-0.149889,-0.099709,-4.384160
9960,L_knee,-0.350919,-0.407730,-0.383590,4.636467
9960,L_foot_pitch,1.213352,0.311335,0.285210,-0.519657
9960,L_foot_roll,0.862583,0.086258,0.092077,-1.969958
9960,R_hip_roll,-1.116309,-0.167446,0.017217,-38.448496
9960,R_hip_yaw,-0.089969,-0.022492,-0.013865,-1.006254
9960,R_hip_pitch,0.103679,0.155920,0.231221,-8.314346
9960,R_knee,-0.603857,0.169036,0.271316,-15.997377
9960,R_foot_pitch,1.065135,-0.083486,-0.037730,-3.616585
9960,R_foot_roll,-1.152712,-0.115271,-0.025121,-7.018994
9970,L_hip_roll,-0.241367,-0.036205,-0.005543,-6.916496
9970,L_hip_yaw,-0.111269,-0.027817,-0.037164,1.419997
9970,L_hip_pitch,-0.102049,-0.155512,-0.113519,-3.887540
9970,L_knee,-0.397243,-0.419311,-0.407446,3.395142
9970,L_foot_pitch,1.283099,0.318310,0.305076,-0.364209
9970,L_foot_roll,0.844096,0.084410,0.099262,-1.370663
9970,R_hip_roll,-1.051346,-0.157702,0.021871,-37.189253
9970,R_hip_yaw,-0.085991,-0.021498,-0.014172,-0.852142
9970,R_hip_pitch,0.113876,0.158469,0.222238,-6.636983
9970,R_knee,-0.634096,0.161476,0.261041,-14.443695
9970,R_foot_pitch,1.080661,-0.081934,-0.037289,-3.660010
9970,R_foot_roll,-1.102301,-0.110230,-0.026874,-6.497985
9980,L_hip_roll,-0.157234,-0.023585,-0.003683,-4.319554
9980,L_hip_yaw,-0.122669,-0.030667,-0.037819,0.752151
9980,L_hip_pitch,-0.142634,-0.165659,-0.123319,-4.247207
9980,L_knee,-0.398696,-0.419674,-0.421572,3.476034
9980,L_foot_pitch,1.342128,0.324213,0.315055,0.086697
9980,L_foot_roll,0.767307,0.076731,0.096756,-1.117506
9980,R_hip_roll,-1.014666,-0.152200,0.025645,-36.562016
9980,R_hip_yaw,-0.053255,-0.013314,-0.014418,0.152870
9980,R_hip_pitch,0.024635,0.136159,0.211117,-7.831686
9980,R_knee,-0.622803,0.164299,0.248276,-11.138575
9980,R_foot_pitch,1.295975,-0.060402,-0.035964,-2.102465
9980,R_foot_roll,-1.015054,-0.101505,-0.028442,-5.698586
9990,L_hip_roll,-0.121321,-0.018198,-0.003144,-3.000082
9990,L_hip_yaw,-0.117365,-0.029341,-0.035866,0.533431
9990,L_hip_pitch,-0.255567,-0.193892,-0.130132,-7.083400
9990,L_knee,-0.439275,-0.429819,-0.428354,0.923302
9990,L_foot_pitch,1.360368,0.326037,0.319533,0.229607
9990,L_foot_roll,0.638142,0.063814,0.088860,-1.107956
9990,R_hip_roll,-1.151102,-0.172665,0.028568,-41.013057
9990,R_hip_yaw,0.006979,0.001745,-0.014553,1.963216
9990,R_hip_pitch,-0.062231,0.114442,0.198789,-8.864377
9990,R_knee,-0.621687,0.164578,0.234328,-8.352909
9990,R_foot_pitch,1.524638,-0.037536,-0.034205,-0.439129
9990,R_foot_roll,-1.026708,-0.102671,-0.029690,-5.722495
10000,L_hip_roll,-0.039433,-0.005915,-0.003902,-0.000987
10000,L_hip_yaw,-0.112288,-0.028072,-0.032770,0.225800
10000,L_hip_pitch,-0.217940,-0.184485,-0.136303,-5.133786
10000,L_knee,-0.460446,-0.435111,-0.432237,0.542160
10000,L_foot_pitch,1.430225,0.333022,0.321644,0.772213
10000,L_foot_roll,0.541758,0.054176,0.077167,-0.617510
10000,R_hip_roll,-1.117322,-0.167598,0.030526,-40.094091
10000,R_hip_yaw,-0.021130,-0.005283,-0.014465,1.094523
10000,R_hip_pitch,-0.039961,0.120010,0.186291,-6.760239
10000,R_knee,-0.707404,0.143149,0.220276,-9.886753
10000,R_foot_pitch,1.441449,-0.045855,-0.032749,-1.236577
10000,R_foot_roll,-1.102654,-0.110265,-0.030753,-6.296856
10010,L_hip_roll,0.044277,0.006642,-0.005519,3.011966
10010,L_hip_yaw,-0.102002,-0.025501,-0.029353,0.140345
10010,L_hip_pitch,-0.226300,-0.186575,-0.142914,-4.574305
10010,L_knee,-0.511343,-0.447836,-0.435479,-1.389148
10010,L_foot_pitch,1.457608,0.335761,0.324210,0.617411
10010,L_foot_roll,0.434732,0.043473,0.064007,-0.398757
10010,R_hip_roll,-1.302422,-0.195363,0.031874,-45.777787
10010,R_hip_yaw,-0.044241,-0.011060,-0.014386,0.388165
10010,R_hip_pitch,-0.051900,0.117025,0.174055,-5.624345
10010,R_knee,-0.706209,0.143448,0.206426,-7.193513
10010,R_foot_pitch,1.446115,-0.045388,-0.030718,-1.372207
10010,R_foot_roll,-1.198742,-0.119874,-0.031442,-7.013674
10020,L_hip_roll,0.030444,0.004567,-0.007853,3.296696
10020,L_hip_yaw,-0.085505,-0.021376,-0.026252,0.305953
10020,L_hip_pitch,-0.272283,-0.198071,-0.150456,-4.909843
10020,L_knee,-0.542765,-0.455691,-0.439477,-1.580240
10020,L_foot_pitch,1.589853,0.348985,0.328135,1.263804
10020,L_foot_roll,0.379785,0.037979,0.051245,0.110609
10020,R_hip_roll,-1.375742,-0.206361,0.032513,-47.844928
10020,R_hip_yaw,-0.047178,-0.011795,-0.014333,0.300225
10020,R_hip_pitch,-0.159389,0.090153,0.162622,-7.630427
10020,R_knee,-0.689307,0.147673,0.193742,-4.848197
10020,R_foot_pitch,1.566657,-0.033334,-0.029220,-0.427824
10020,R_foot_roll,-1.277432,-0.127743,-0.031924,-7.631472
10030,L_hip_roll,0.157431,0.023615,-0.011032,8.004022
10030,L_hip_yaw,-0.077665,-0.019416,-0.023203,0.156929
10030,L_hip_pitch,-0.336942,-0.214236,-0.159232,-5.693139
10030,L_knee,-0.581961,-0.465490,-0.445316,-1.753019
10030,L_foot_pitch,1.575521,0.347552,0.334985,0.213316
10030,L_foot_roll,0.339861,0.033986,0.040954,0.287842
10030,R_hip_roll,-1.367056,-0.205058,0.032242,-47.249595
10030,R_hip_yaw,-0.037727,-0.009432,-0.014373,0.600415
10030,R_hip_pitch,-0.160543,0.089864,0.152620,-6.592287
10030,R_knee,-0.679208,0.150198,0.183526,-3.300815
10030,R_foot_pitch,1.629001,-0.027100,-0.028799,0.150059
10030,R_foot_roll,-1.284684,-0.128468,-0.032093,-7.708477
10040,L_hip_roll,0.128616,0.019292,-0.014600,7.847199
10040,L_hip_yaw,-0.062632,-0.015658,-0.020320,0.305857
10040,L_hip_pitch,-0.352613,-0.218153,-0.169519,-4.749888
10040,L_knee,-0.619187,-0.474797,-0.453206,-1.373073
10040,L_foot_pitch,1.579684,0.347968,0.342104,-0.117796
10040,L_foot_roll,0.296734,0.029673,0.033874,0.223105
10040,R_hip_roll,-1.430637,-0.214595,0.031282,-48.820113
10040,R_hip_yaw,-0.062059,-0.015515,-0.014486,-0.112683
10040,R_hip_pitch,-0.118771,0.100307,0.144410,-4.563396
10040,R_knee,-0.762350,0.129412,0.176309,-6.718379
10040,R_foot_pitch,1.519773,-0.038023,-0.029661,-0.521376
10040,R_foot_roll,-1.352696,-0.135270,-0.031998,-8.281864
10050,L_hip_roll,0.115741,0.017361,-0.018108,8.134604
10050,L_hip_yaw,-0.036319,-0.009080,-0.017756,0.808789
10050,L_hip_pitch,-0.373975,-0.223494,-0.181112,-3.905522
10050,L_knee,-0.649513,-0.482378,-0.462270,-0.953516
10050,L_foot_pitch,1.708282,0.360828,0.346180,0.920709
10050,L_foot_roll,0.195162,0.019516,0.029173,-0.398835
10050,R_hip_roll,-1.346484,-0.201973,0.029875,-45.888546
10050,R_hip_yaw,-0.068398,-0.017100,-0.014692,-0.264733
10050,R_hip_pitch,-0.119471,0.100132,0.137477,-3.818552
10050,R_knee,-0.819128,0.115218,0.170979,-8.573790
10050,R_foot_pitch,1.310500,-0.058950,-0.031290,-2.031947
10050,R_foot_roll,-1.382023,-0.138202,-0.031704,-8.559639
10060,L_hip_roll,0.162162,0.024324,-0.021228,9.973430
10060,L_hip_yaw,-0.032092,-0.008023,-0.014574,0.435804
10060,L_hip_pitch,-0.407929,-0.231982,-0.193087,-3.488960
10060,L_knee,-0.693993,-0.493498,-0.471333,-1.435176
10060,L_foot_pitch,1.772354,0.367235,0.350479,0.844630
10060,L_foot_roll,0.066189,0.006619,0.023930,-0.818878
10060,R_hip_roll,-1.318216,-0.197732,0.028296,-44.724552
10060,R_hip_yaw,-0.058324,-0.014581,-0.015005,0.084701
10060,R_hip_pitch,-0.103757,0.104061,0.130582,-2.478573
10060,R_knee,-0.789674,0.122582,0.165710,-6.143628
10060,R_foot_pitch,1.216152,-0.068385,-0.032978,-2.668570
10060,R_foot_roll,-1.351755,-0.135176,-0.031318,-8.354721
10070,L_hip_roll,0.168992,0.025349,-0.023642,10.417972
10070,L_hip_yaw,-0.047783,-0.011946,-0.011237,-0.379585
10070,L_hip_pitch,-0.424577,-0.236144,-0.205340,-2.470854
10070,L_knee,-0.726756,-0.501689,-0.480197,-1.320971
10070,L_foot_pitch,1.718519,0.361852,0.353340,0.526752
10070,L_foot_roll,-0.049012,-0.004901,0.015282,-0.653739
10070,R_hip_roll,-1.374244,-0.206137,0.026690,-46.077361
10070,R_hip_yaw,-0.072668,-0.018167,-0.015314,-0.316705
10070,R_hip_pitch,-0.075081,0.111230,0.124429,-1.032952
10070,R_knee,-0.790712,0.122322,0.161696,-6.208431
10070,R_foot_pitch,1.182941,-0.071706,-0.035202,-2.653007
10070,R_foot_roll,-1.328563,-0.132856,-0.030803,-8.222645
10080,L_hip_roll,0.141865,0.021280,-0.025263,9.691795
10080,L_hip_yaw,-0.042911,-0.010728,-0.010164,-0.033100
10080,L_hip_pitch,-0.434135,-0.238534,-0.217762,-1.271410
10080,L_knee,-0.771523,-0.512881,-0.488554,-2.074610
10080,L_foot_pitch,1.732054,0.363205,0.353923,0.741164
10080,L_foot_roll,-0.107060,-0.010706,0.003553,0.043282
10080,R_hip_roll,-1.423786,-0.213568,0.024963,-47.164757
10080,R_hip_yaw,-0.096244,-0.024061,-0.015561,-0.999664
10080,R_hip_pitch,-0.056970,0.115758,0.119945,-0.122737
10080,R_knee,-0.813767,0.116558,0.160405,-7.861766
10080,R_foot_pitch,1.131724,-0.076828,-0.038554,-2.675962
10080,R_foot_roll,-1.348214,-0.134821,-0.030092,-8.456754
10090,L_hip_roll,0.097373,0.014606,-0.026213,8.373897
10090,L_hip_yaw,-0.046600,-0.011650,-0.011465,0.169504
10090,L_hip_pitch,-0.427360,-0.236840,-0.229994,0.369728
10090,L_knee,-0.795852,-0.518963,-0.496302,-1.905504
10090,L_foot_pitch,1.707127,0.360713,0.353627,0.613368
10090,L_foot_roll,-0.152984,-0.015298,-0.007583,0.343512
10090,R_hip_roll,-1.381931,-0.207290,0.023041,-45.460732
10090,R_hip_yaw,-0.118542,-0.029635,-0.015805,-1.635489
10090,R_hip_pitch,-0.007417,0.128146,0.116643,1.684505
10090,R_knee,-0.832620,0.111845,0.161205,-9.303876
10090,R_foot_pitch,1.045103,-0.085490,-0.042820,-2.958678
10090,R_foot_roll,-1.330194,-0.133019,-0.029215,-8.399525
10100,L_hip_roll,0.053782,0.008067,-0.026666,7.026192
10100,L_hip_yaw,-0.046736,-0.011684,-0.013840,0.514963
10100,L_hip_pitch,-0.443798,-0.240949,-0.241459,1.146123
10100,L_knee,-0.811146,-0.522786,-0.502946,-1.841520
10100,L_foot_pitch,1.670299,0.357030,0.353071,0.375525
10100,L_foot_roll,-0.178316,-0.017832,-0.015509,0.426712
10100,R_hip_roll,-1.347303,-0.202095,0.020914,-43.937112
10100,R_hip_yaw,-0.136570,-0.034142,-0.016066,-2.144425
10100,R_hip_pitch,0.026847,0.136712,0.113877,3.008054
10100,R_knee,-0.830094,0.112476,0.163236,-9.856169
10100,R_foot_pitch,0.922067,-0.097793,-0.047691,-3.501330
10100,R_foot_roll,-1.309992,-0.130999,-0.028183,-8.335826
10110,L_hip_roll,0.043855,0.006578,-0.026822,6.699585
10110,L_hip_yaw,-0.039882,-0.009971,-0.016137,0.937634
10110,L_hip_pitch,-0.440404,-0.240101,-0.251745,2.360600
10110,L_knee,-0.820831,-0.525208,-0.507918,-1.894291
10110,L_foot_pitch,1.591620,0.349162,0.352465,-0.204941
10110,L_foot_roll,-0.202741,-0.020274,-0.019852,0.250312
10110,R_hip_roll,-1.285209,-0.192781,0.018558,-41.528972
10110,R_hip_yaw,-0.154642,-0.038660,-0.016326,-2.654871
10110,R_hip_pitch,0.058661,0.144665,0.111619,4.174028
10110,R_knee,-0.815847,0.116038,0.166515,-10.218415
10110,R_foot_pitch,0.899987,-0.100001,-0.053204,-3.167165
10110,R_foot_roll,-1.254674,-0.125467,-0.027000,-8.003944
10120,L_hip_roll,0.003622,0.000543,-0.026754,5.401446
10120,L_hip_yaw,-0.043561,-0.010890,-0.017181,0.788654
10120,L_hip_pitch,-0.461471,-0.245368,-0.260626,2.645321
10120,L_knee,-0.804634,-0.521159,-0.510938,-1.218083
10120,L_foot_pitch,1.523497,0.342350,0.350820,-0.462029
10120,L_foot_roll,-0.222830,-0.022283,-0.021807,0.086174
10120,R_hip_roll,-1.223460,-0.183519,0.016023,-39.135634
10120,R_hip_yaw,-0.157942,-0.039486,-0.016562,-2.728983
10120,R_hip_pitch,0.073216,0.148304,0.109918,4.763586
10120,R_knee,-0.785030,0.123742,0.171146,-10.056284
10120,R_foot_pitch,0.878425,-0.102158,-0.059386,-2.779541
10120,R_foot_roll,-1.188064,-0.118806,-0.025638,-7.595848
10130,L_hip_roll,-0.047314,-0.007097,-0.026476,3.761223
10130,L_hip_yaw,-0.043808,-0.010952,-0.016953,0.658105
10130,L_hip_pitch,-0.473956,-0.248489,-0.267826,2.961100
10130,L_knee,-0.789959,-0.517490,-0.511442,-1.280614
10130,L_foot_pitch,1.481846,0.338185,0.346878,-0.227850
10130,L_foot_roll,-0.254296,-0.025430,-0.022839,-0.126206
10130,R_hip_roll,-1.150389,-0.172558,0.013362,-36.374993
10130,R_hip_yaw,-0.144653,-0.036163,-0.016748,-2.312756
10130,R_hip_pitch,0.097836,0.154459,0.108851,5.559270
10130,R_knee,-0.784703,0.123824,0.177263,-11.615475
10130,R_foot_pitch,0.840432,-0.105957,-0.066304,-2.452812
10130,R_foot_roll,-1.140796,-0.114080,-0.024112,-7.355722
10140,L_hip_roll,-0.077901,-0.011685,-0.025969,2.663814
10140,L_hip_yaw,-0.039666,-0.009917,-0.015868,0.577552
10140,L_hip_pitch,-0.477193,-0.249298,-0.273283,3.351111
10140,L_knee,-0.765610,-0.511402,-0.509377,-1.253877
10140,L_foot_pitch,1.377768,0.327777,0.341436,-0.553898
10140,L_foot_roll,-0.274684,-0.027468,-0.024140,-0.119222
10140,R_hip_roll,-1.057989,-0.158698,0.010677,-33.082051
10140,R_hip_yaw,-0.153319,-0.038330,-0.016859,-2.568318
10140,R_hip_pitch,0.133478,0.163369,0.108139,6.702783
10140,R_knee,-0.768036,0.127991,0.184292,-12.260768
10140,R_foot_pitch,0.807462,-0.109254,-0.073694,-2.100181
10140,R_foot_roll,-1.059252,-0.105925,-0.022461,-6.846389
10150,L_hip_roll,-0.156719,-0.023508,-0.025169,0.041980
10150,L_hip_yaw,-0.036572,-0.009143,-0.014082,0.392338
10150,L_hip_pitch,-0.483337,-0.250834,-0.277155,3.486701
10150,L_knee,-0.727591,-0.501898,-0.505008,-0.972871
10150,L_foot_pitch,1.266031,0.316603,0.334359,-0.676614
10150,L_foot_roll,-0.279674,-0.027967,-0.025947,0.021974
10150,R_hip_roll,-1.011712,-0.151757,0.008128,-31.246416
10150,R_hip_yaw,-0.155656,-0.038914,-0.016899,-2.639049
10150,R_hip_pitch,0.132053,0.163013,0.107597,6.702679
10150,R_knee,-0.716778,0.140806,0.191726,-11.405929
10150,R_foot_pitch,0.772144,-0.112786,-0.081304,-1.754704
10150,R_foot_roll,-0.978597,-0.097860,-0.020705,-6.350462
10160,L_hip_roll,-0.173202,-0.025980,-0.024325,-0.573785
10160,L_hip_yaw,-0.027145,-0.006786,-0.011665,0.326579
10160,L_hip_pitch,-0.507746,-0.256936,-0.279520,2.889102
10160,L_knee,-0.680165,-0.490041,-0.498337,-0.718247
10160,L_foot_pitch,1.149013,0.304901,0.324997,-0.642938
10160,L_foot_roll,-0.262611,-0.026261,-0.027382,0.196263
10160,R_hip_roll,-0.947259,-0.142089,0.005655,-28.814190
10160,R_hip_yaw,-0.150894,-0.037723,-0.016897,-2.498526
10160,R_hip_pitch,0.134927,0.163732,0.107587,6.716370
10160,R_knee,-0.666877,0.153281,0.200111,-11.068567
10160,R_foot_pitch,0.781354,-0.111865,-0.089372,-0.972240
10160,R_foot_roll,-0.864711,-0.086471,-0.018821,-5.605071
10170,L_hip_roll,-0.216741,-0.032511,-0.023612,-1.995670
10170,L_hip_yaw,-0.019481,-0.004870,-0.008680,0.147278
10170,L_hip_pitch,-0.505078,-0.256270,-0.280608,2.992978
10170,L_knee,-0.609132,-0.472283,-0.489613,0.369038
10170,L_foot_pitch,1.023654,0.292365,0.313717,-0.588080
10170,L_foot_roll,-0.230174,-0.023017,-0.027544,0.324104
10170,R_hip_roll,-0.842760,-0.126414,0.003230,-25.227285
10170,R_hip_yaw,-0.149281,-0.037320,-0.016877,-2.453206
10170,R_hip_pitch,0.136865,0.164216,0.108441,6.577947
10170,R_knee,-0.613660,0.166585,0.209893,-10.857169
10170,R_foot_pitch,0.819384,-0.108062,-0.098065,0.088610
10170,R_foot_roll,-0.718054,-0.071805,-0.016776,-4.609518
10180,L_hip_roll,-0.301364,-0.045205,-0.023014,-4.639577
10180,L_hip_yaw,-0.013146,-0.003286,-0.005333,-0.090549
10180,L_hip_pitch,-0.508115,-0.257029,-0.280282,2.704783
10180,L_knee,-0.510217,-0.447554,-0.478336,1.910385
10180,L_foot_pitch,0.861335,0.276134,0.301073,-0.765631
10180,L_foot_roll,-0.169685,-0.016969,-0.025871,0.486772
10180,R_hip_roll,-0.712618,-0.106893,0.000940,-20.935281
10180,R_hip_yaw,-0.139485,-0.034871,-0.016814,-2.170112
10180,R_hip_pitch,0.124981,0.161245,0.110042,5.950416
10180,R_knee,-0.557040,0.180740,0.220805,-10.628425
10180,R_foot_pitch,0.862781,-0.103722,-0.107490,1.225157
10180,R_foot_roll,-0.554605,-0.055461,-0.014685,-3.491743
10190,L_hip_roll,-0.376137,-0.056420,-0.022546,-6.913447
10190,L_hip_yaw,-0.000329,-0.000082,-0.001721,-0.164230
10190,L_hip_pitch,-0.511965,-0.257991,-0.277952,2.092993
10190,L_knee,-0.379613,-0.414903,-0.463094,3.724794
10190,L_foot_pitch,0.668522,0.256852,0.286644,-0.956086
10190,L_foot_roll,-0.072538,-0.007254,-0.021764,0.682016
10190,R_hip_roll,-0.544146,-0.081622,-0.001036,-15.585085
10190,R_hip_yaw,-0.126157,-0.031539,-0.016735,-1.783825
10190,R_hip_pitch,0.108236,0.157059,0.112252,5.141292
10190,R_knee,-0.493342,0.196665,0.232662,-10.107914
10190,R_foot_pitch,0.915457,-0.098454,-0.117018,2.459081
10190,R_foot_roll,-0.340770,-0.034077,-0.012726,-1.935120
10200,L_hip_roll,-0.492796,-0.073919,-0.022328,-10.352189
10200,L_hip_yaw,0.008383,0.002096,0.002434,-0.471848
10200,L_hip_pitch,-0.503395,-0.255849,-0.273094,1.508754
10200,L_knee,-0.213101,-0.373275,-0.442423,5.781346
10200,L_foot_pitch,0.460708,0.236071,0.269544,-0.977080
10200,L_foot_roll,0.048985,0.004899,-0.014536,0.759081
10200,R_hip_roll,-0.328211,-0.049232,-0.002633,-8.970575
10200,R_hip_yaw,-0.107786,-0.026947,-0.016590,-1.253119
10200,R_hip_pitch,0.080817,0.150204,0.114722,4.036153
10200,R_knee,-0.411489,0.217128,0.244939,-8.531366
10200,R_foot_pitch,1.031823,-0.086818,-0.126924,4.182820
10200,R_foot_roll,-0.071468,-0.007147,-0.010478,0.373170
10210,L_hip_roll,-0.527838,-0.079176,-0.022397,-11.340355
10210,L_hip_yaw,0.016419,0.004105,0.007376,-0.906637
10210,L_hip_pitch,-0.450770,-0.242693,-0.265201,1.826867
10210,L_knee,-0.002306,-0.320577,-0.414811,8.089886
10210,L_foot_pitch,0.236863,0.213686,0.249538,-0.902762
10210,L_foot_roll,0.231274,0.023127,-0.003978,1.064506
10210,R_hip_roll,-0.026388,-0.003958,-0.003644,0.121244
10210,R_hip_yaw,-0.098607,-0.024652,-0.016315,-1.030164
10210,R_hip_pitch,0.050941,0.142735,0.117452,2.736657
10210,R_knee,-0.310394,0.242402,0.257608,-6.621251
10210,R_foot_pitch,1.181853,-0.071815,-0.137047,6.199229
10210,R_foot_roll,0.274487,0.027449,-0.007975,2.538726
10220,L_hip_roll,-0.543457,-0.081519,-0.022355,-11.947998
10220,L_hip_yaw,0.016638,0.004159,0.012443,-1.476199
10220,L_hip_pitch,-0.273950,-0.198488,-0.253419,5.302528
10220,L_knee,0.259163,-0.255209,-0.378325,10.473915
10220,L_foot_pitch,0.047364,0.194736,0.227068,-0.422201
10220,L_foot_roll,0.523647,0.052365,0.010418,1.859887
10220,R_hip_roll,0.336898,0.050535,-0.003585,10.647648
10220,R_hip_yaw,-0.122817,-0.030704,-0.015800,-1.846537
10220,R_hip_pitch,0.011603,0.132901,0.120428,1.170800
10220,R_knee,-0.201392,0.269652,0.270764,-4.235792
10220,R_foot_pitch,1.320337,-0.057966,-0.147259,8.064364
10220,R_foot_roll,0.703138,0.070314,-0.005772,5.613043
10230,L_hip_roll,-0.452885,-0.067933,-0.021599,-9.559257
10230,L_hip_yaw,-0.015720,-0.003930,0.015067,-2.411857
10230,L_hip_pitch,-0.128817,-0.162204,-0.238567,7.748581
10230,L_knee,0.478014,-0.200497,-0.342423,17.649857
10230,L_foot_pitch,0.126203,0.202620,0.179904,8.778983
10230,L_foot_roll,0.818069,0.081807,0.020880,4.649543
10230,R_hip_roll,0.516327,0.077449,-0.002558,15.733564
10230,R_hip_yaw,-0.121369,-0.030342,-0.015075,-1.897828
10230,R_hip_pitch,0.259302,0.194825,0.122581,8.572668
10230,R_knee,-0.213678,0.266580,0.283535,-6.490583
10230,R_foot_pitch,0.980527,-0.091947,-0.157512,6.234706
10230,R_foot_roll,0.911556,0.091156,-0.003289,7.323316
10240,L_hip_roll,0.330532,0.049580,-0.020712,13.789455
10240,L_hip_yaw,-0.112592,-0.028148,0.016798,-5.583613
10240,L_hip_pitch,-0.236379,-0.189095,-0.221604,2.115306
10240,L_knee,0.593889,-0.171528,-0.312019,16.011391
10240,L_foot_pitch,0.149179,0.204918,0.110507,14.020662
10240,L_foot_roll,0.874995,0.087500,0.022461,5.215950
10240,R_hip_roll,0.678618,0.101793,-0.002092,20.722045
10240,R_hip_yaw,-0.091674,-0.022919,-0.014126,-1.158477
10240,R_hip_pitch,0.359024,0.219756,0.123615,11.448173
10240,R_knee,0.015925,0.323981,0.295464,1.612705
10240,R_foot_pitch,0.153460,-0.174654,-0.167640,0.443959
10240,R_foot_roll,0.769438,0.076944,0.002782,5.114814
10250,L_hip_roll,0.930854,0.139628,-0.021004,33.259204
10250,L_hip_yaw,-0.086846,-0.021712,0.017268,-4.547492
10250,L_hip_pitch,0.120428,-0.099893,-0.211072,13.103602
10250,L_knee,0.507003,-0.193249,-0.295485,18.041225
10250,L_foot_pitch,-0.034158,0.186584,0.081201,8.152191
10250,L_foot_roll,0.852847,0.085285,0.017153,4.925761
10250,R_hip_roll,0.625226,0.093784,-0.003683,20.705926
10250,R_hip_yaw,-0.074549,-0.018637,-0.015033,-0.039612
10250,R_hip_pitch,0.411546,0.232886,0.128798,11.716830
10250,R_knee,0.330580,0.402645,0.311721,11.199375
10250,R_foot_pitch,-0.646795,-0.254680,-0.177616,-5.553174
10250,R_foot_roll,0.335160,0.033516,0.019663,-1.492486
10260,L_hip_roll,0.787114,0.118067,-0.024223,29.264101
10260,L_hip_yaw,-0.093735,-0.023434,0.016608,-4.776295
10260,L_hip_pitch,0.037912,-0.120522,-0.207507,9.978197
10260,L_knee,0.406956,-0.218261,-0.292002,11.724064
10260,L_foot_pitch,-0.336760,0.156324,0.083000,5.754555
10260,L_foot_roll,0.464173,0.046417,0.021330,1.660304
10260,R_hip_roll,0.112495,0.016874,-0.005978,4.809133
10260,R_hip_yaw,-0.006817,-0.001704,-0.020206,2.749378
10260,R_hip_pitch,0.379544,0.224886,0.142019,8.356895
10260,R_knee,0.310583,0.397646,0.341455,-0.580803
10260,R_foot_pitch,-1.159650,-0.305965,-0.201648,-5.128584
10260,R_foot_roll,-0.149351,-0.014935,0.035941,-4.963646
10270,L_hip_roll,0.821970,0.123295,-0.026848,30.782052
10270,L_hip_yaw,0.002319,0.000580,0.016300,-1.845018
10270,L_hip_pitch,0.040051,-0.119987,-0.202415,9.334570
10270,L_knee,0.419338,-0.215165,-0.286375,11.023307
10270,L_foot_pitch,-0.196364,0.170364,0.084020,6.814731
10270,L_foot_roll,0.397466,0.039747,0.023985,1.024189
10270,R_hip_roll,0.129419,0.019413,-0.006231,5.074989
10270,R_hip_yaw,0.011836,0.002959,-0.019902,2.301230
10270,R_hip_pitch,0.454991,0.243748,0.157514,8.923079
10270,R_knee,0.384329,0.416082,0.376576,-2.581734
10270,R_foot_pitch,-1.378151,-0.327815,-0.245817,-1.815994
10270,R_foot_roll,-0.151421,-0.015142,0.026112,-1.294549
10280,L_hip_roll,0.872250,0.130837,-0.028958,32.573008
10280,L_hip_yaw,0.001822,0.000456,0.016038,-1.871065
10280,L_hip_pitch,0.122441,-0.099390,-0.196605,11.096879
10280,L_knee,0.397322,-0.220669,-0.280284,9.071337
10280,L_foot_pitch,-0.171189,0.172881,0.085403,6.893761
10280,L_foot_roll,0.518971,0.051897,0.025455,1.905271
10280,R_hip_roll,0.133893,0.020084,-0.005495,4.799915
10280,R_hip_yaw,-0.009251,-0.002313,-0.011137,-0.064275
10280,R_hip_pitch,0.456216,0.244054,0.171161,7.493913
10280,R_knee,0.448113,0.432028,0.406366,-3.231704
10280,R_foot_pitch,-1.402711,-0.330271,-0.292938,1.275719
10280,R_foot_roll,-0.119949,-0.011995,0.003211,1.020271
10290,L_hip_roll,0.893256,0.133988,-0.030631,33.326190
10290,L_hip_yaw,-0.034446,-0.008612,0.016153,-2.985310
10290,L_hip_pitch,0.181760,-0.084560,-0.190539,12.082818
10290,L_knee,0.418960,-0.215260,-0.275075,9.314282
10290,L_foot_pitch,-0.329041,0.157096,0.086825,5.443685
10290,L_foot_roll,0.622591,0.062259,0.027338,2.630243
10290,R_hip_roll,0.021130,0.003170,-0.003903,0.798259
10290,R_hip_yaw,-0.008844,-0.002211,-0.000776,-1.074912
10290,R_hip_pitch,0.497212,0.254303,0.182329,7.664809
10290,R_knee,0.486928,0.441732,0.428814,-3.279326
10290,R_foot_pitch,-1.507761,-0.340776,-0.325907,1.211430
10290,R_foot_roll,-0.168045,-0.016805,-0.013746,0.963252
10300,L_hip_roll,1.055617,0.158343,-0.031919,38.435585
10300,L_hip_yaw,-0.035238,-0.008809,0.016237,-3.005451
10300,L_hip_pitch,0.106577,-0.103356,-0.183172,8.777652
10300,L_knee,0.462056,-0.204486,-0.269499,9.952434
10300,L_foot_pitch,-0.437613,0.146239,0.088457,4.457713
10300,L_foot_roll,0.656635,0.065663,0.028680,2.801249
10300,R_hip_roll,0.063263,0.009490,-0.001775,1.592992
10300,R_hip_yaw,0.002478,0.000619,0.005558,-0.991656
10300,R_hip_pitch,0.599236,0.279809,0.190730,9.974207
10300,R_knee,0.522542,0.450635,0.444349,-2.643481
10300,R_foot_pitch,-1.687949,-0.358795,-0.342299,-0.301389
10300,R_foot_roll,-0.173735,-0.017374,-0.021427,0.757598
10310,L_hip_roll,1.073885,0.161083,-0.032782,38.968748
10310,L_hip_yaw,-0.075617,-0.018904,0.016231,-4.211810
10310,L_hip_pitch,0.128927,-0.097768,-0.175291,8.547741
10310,L_knee,0.474252,-0.201437,-0.263742,9.631101
10310,L_foot_pitch,-0.330052,0.156995,0.090171,5.155166
10310,L_foot_roll,0.769999,0.077000,0.029390,3.686549
10310,R_hip_roll,0.004487,0.000673,0.000924,-0.966349
10310,R_hip_yaw,0.013776,0.003444,0.007444,-0.506764
10310,R_hip_pitch,0.587855,0.276964,0.198130,8.723087
10310,R_knee,0.630004,0.477501,0.455785,0.926518
10310,R_foot_pitch,-1.861725,-0.376172,-0.350861,-1.372680
10310,R_foot_roll,-0.165189,-0.016519,-0.022993,0.490019
10320,L_hip_roll,1.140027,0.171004,-0.033269,40.969046
10320,L_hip_yaw,-0.078550,-0.019638,0.016112,-4.268681
10320,L_hip_pitch,0.211295,-0.077176,-0.167943,10.182000
10320,L_knee,0.449264,-0.207684,-0.258742,7.825186
10320,L_foot_pitch,-0.434649,0.146535,0.092152,4.138045
10320,L_foot_roll,0.838888,0.083889,0.030376,4.157733
10320,R_hip_roll,0.003694,0.000554,0.004153,-1.727002
10320,R_hip_yaw,0.016661,0.004165,0.006720,-0.173090
10320,R_hip_pitch,0.666649,0.296662,0.206620,9.908894
10320,R_knee,0.717936,0.499484,0.467154,2.324074
10320,R_foot_pitch,-2.095628,-0.399563,-0.354619,-3.391395
10320,R_foot_roll,-0.192601,-0.019260,-0.021085,-0.127186
10330,L_hip_roll,1.156077,0.173412,-0.033401,41.380991
10330,L_hip_yaw,-0.074722,-0.018681,0.015964,-4.139755
10330,L_hip_pitch,0.150057,-0.092486,-0.161132,7.588519
10330,L_knee,0.463151,-0.204212,-0.254668,8.046302
10330,L_foot_pitch,-0.377830,0.152217,0.094539,4.356675
10330,L_foot_roll,0.882863,0.088286,0.030831,4.485705
10330,R_hip_roll,-0.031414,-0.004712,0.007716,-3.586053
10330,R_hip_yaw,0.037740,0.009435,0.005115,0.679510
10330,R_hip_pitch,0.709610,0.307403,0.217323,9.661565
10330,R_knee,0.779681,0.514920,0.481674,1.321103
10330,R_foot_pitch,-2.247981,-0.414798,-0.355798,-4.656470
10330,R_foot_roll,-0.174703,-0.017470,-0.019077,-0.014024
10340,L_hip_roll,1.183316,0.177497,-0.033213,42.058264
10340,L_hip_yaw,-0.060885,-0.015221,0.015804,-3.702018
10340,L_hip_pitch,0.159045,-0.090239,-0.155382,7.303020
10340,L_knee,0.488501,-0.197875,-0.252168,9.298995
10340,L_foot_pitch,-0.212138,0.168786,0.097551,5.361123
10340,L_foot_roll,0.996408,0.099641,0.031135,5.408693
10340,R_hip_roll,-0.053530,-0.008029,0.011412,-4.986479
10340,R_hip_yaw,0.025468,0.006367,0.005089,0.037408
10340,R_hip_pitch,0.792956,0.328239,0.230238,10.417656
10340,R_knee,0.893611,0.543403,0.498945,2.790847
10340,R_foot_pitch,-2.385891,-0.428589,-0.356255,-5.753971
10340,R_foot_roll,-0.109458,-0.010946,-0.017592,0.391396
10350,L_hip_roll,1.256546,0.188482,-0.032805,44.184285
10350,L_hip_yaw,-0.028475,-0.007119,0.015540,-2.706855
10350,L_hip_pitch,0.138384,-0.095404,-0.150714,6.227304
10350,L_knee,0.516439,-0.190890,-0.250936,10.670859
10350,L_foot_pitch,-0.176495,0.172351,0.101464,5.333350
10350,L_foot_roll,1.083196,0.108320,0.031377,6.073243
10350,R_hip_roll,-0.078525,-0.011779,0.014893,-6.298658
10350,R_hip_yaw,0.017253,0.004313,0.006530,-0.423554
10350,R_hip_pitch,0.827623,0.336906,0.245740,9.306110
10350,R_knee,0.998362,0.569590,0.519367,2.682802
10350,R_foot_pitch,-2.574817,-0.447482,-0.356673,-7.220874
10350,R_foot_roll,-0.109134,-0.010913,-0.014647,-0.062353
10360,L_hip_roll,1.345008,0.201751,-0.032482,46.764938
10360,L_hip_yaw,-0.043719,-0.010930,0.015556,-3.182829
10360,L_hip_pitch,0.106094,-0.103476,-0.146733,4.801116
10360,L_knee,0.524217,-0.188946,-0.250482,10.985776
10360,L_foot_pitch,-0.275668,0.162433,0.105036,4.230268
10360,L_foot_roll,1.209713,0.120971,0.031307,7.115962
10360,R_hip_roll,-0.061256,-0.009188,0.017893,-6.253262
10360,R_hip_yaw,0.045024,0.011256,0.007698,0.337721
10360,R_hip_pitch,0.819975,0.334994,0.263606,6.742705
10360,R_knee,1.097600,0.594400,0.542773,2.247220
10360,R_foot_pitch,-2.714784,-0.461478,-0.357338,-8.255746
10360,R_foot_roll,-0.124297,-0.012430,-0.011288,-0.381923
10370,L_hip_roll,1.317409,0.197611,-0.031985,45.746386
10370,L_hip_yaw,-0.019846,-0.004961,0.015534,-2.444077
10370,L_hip_pitch,0.094643,-0.106339,-0.142838,3.987010
10370,L_knee,0.573106,-0.176724,-0.250238,13.201673
10370,L_foot_pitch,-0.232363,0.166764,0.108757,4.277491
10370,L_foot_roll,1.299242,0.129924,0.031286,7.812323
10370,R_hip_roll,-0.017021,-0.002553,0.020574,-5.393036
10370,R_hip_yaw,0.060442,0.015110,0.009704,0.373301
10370,R_hip_pitch,0.922293,0.360573,0.282302,7.562225
10370,R_knee,1.174331,0.613583,0.566867,1.477474
10370,R_foot_pitch,-2.780623,-0.468062,-0.358276,-8.683436
10370,R_foot_roll,-0.046739,-0.004674,-0.009572,0.303470
10380,L_hip_roll,1.311283,0.196692,-0.031221,45.287105
10380,L_hip_yaw,0.021165,0.005291,0.015473,-1.213475
10380,L_hip_pitch,0.025189,-0.123703,-0.138443,1.282265
10380,L_knee,0.612542,-0.166864,-0.249272,14.335652
10380,L_foot_pitch,-0.036279,0.186372,0.112346,5.564607
10380,L_foot_roll,1.369608,0.136961,0.030679,8.694183
10380,R_hip_roll,0.007330,0.001100,0.022884,-5.010936
10380,R_hip_yaw,0.053577,0.013394,0.013622,-0.484493
10380,R_hip_pitch,0.931765,0.362941,0.301053,5.584603
10380,R_knee,1.244604,0.631151,0.590150,0.752602
10380,R_foot_pitch,-2.831741,-0.473174,-0.359315,-9.007165
10380,R_foot_roll,-0.008394,-0.000839,-0.007310,0.233266
10390,L_hip_roll,1.385743,0.207862,-0.030263,47.316517
10390,L_hip_yaw,0.059746,0.014937,0.015425,-0.050714
10390,L_hip_pitch,0.015987,-0.126003,-0.133514,0.393630
10390,L_knee,0.602622,-0.169344,-0.247421,13.447230
10390,L_foot_pitch,-0.017216,0.188278,0.115553,5.518271
10390,L_foot_roll,1.460979,0.146098,0.030274,9.233975
10390,R_hip_roll,-0.064370,-0.009656,0.024913,-7.508470
10390,R_hip_yaw,0.063759,0.015940,0.017795,-0.591562
10390,R_hip_pitch,0.955617,0.368904,0.319306,4.196085
10390,R_knee,1.300110,0.645027,0.611257,0.300914
10390,R_foot_pitch,-2.865250,-0.476525,-0.360312,-9.202830
10390,R_foot_roll,-0.000921,-0.000092,-0.003678,-0.086512
10400,L_hip_roll,1.382660,0.207399,-0.028943,46.864723
10400,L_hip_yaw,0.086127,0.021532,0.015401,0.738540
10400,L_hip_pitch,-0.047514,-0.141879,-0.128432,-2.113682
10400,L_knee,0.618571,-0.165357,-0.245538,13.943096
10400,L_foot_pitch,-0.046227,0.185377,0.118852,5.041019
10400,L_foot_roll,1.534460,0.153446,0.029658,9.788933
10400,R_hip_roll,-0.107464,-0.016120,0.026789,-9.107758
10400,R_hip_yaw,0.061397,0.015349,0.021481,-1.084230
10400,R_hip_pitch,0.974082,0.373520,0.336298,2.856827
10400,R_knee,1.365152,0.661288,0.628918,1.156345
10400,R_foot_pitch,-2.923209,-0.482321,-0.361202,-9.607376
10400,R_foot_roll,0.009367,0.000937,-0.000197,-0.208348
10410,L_hip_roll,1.428768,0.214315,-0.027324,47.816618
10410,L_hip_yaw,0.119126,0.029781,0.015385,1.733461
10410,L_hip_pitch,-0.087096,-0.151774,-0.123639,-3.835626
10410,L_knee,0.646657,-0.158336,-0.244257,15.194017
10410,L_foot_pitch,0.000328,0.190033,0.122585,4.984187
10410,L_foot_roll,1.562428,0.156243,0.028723,10.309655
10410,R_hip_roll,-0.090995,-0.013649,0.028307,-8.781647
10410,R_hip_yaw,0.056233,0.014058,0.024444,-1.491138
10410,R_hip_pitch,0.957590,0.369398,0.352093,0.561203
10410,R_knee,1.400934,0.670233,0.643427,0.943330
10410,R_foot_pitch,-2.913239,-0.481324,-0.362009,-9.468617
10410,R_foot_roll,0.054091,0.005409,0.002258,0.062341
10420,L_hip_roll,1.344983,0.201748,-0.025382,44.829846
10420,L_hip_yaw,0.136747,0.034187,0.015363,2.260864
10420,L_hip_pitch,-0.121807,-0.160452,-0.119016,-5.427729
10420,L_knee,0.670385,-0.152404,-0.243391,16.193997
10420,L_foot_pitch,0.010670,0.191067,0.126518,4.784138
10420,L_foot_roll,1.538092,0.153809,0.027458,10.110354
10420,R_hip_roll,-0.114148,-0.017122,0.029511,-9.647575
10420,R_hip_yaw,0.055001,0.013750,0.025977,-1.547099
10420,R_hip_pitch,0.952890,0.368223,0.366301,-1.088100
10420,R_knee,1.415374,0.673844,0.654507,0.738726
10420,R_foot_pitch,-2.898892,-0.479889,-0.362687,-9.316104
10420,R_foot_roll,0.071900,0.007190,0.004612,-0.035634
10430,L_hip_roll,1.280167,0.192025,-0.023320,42.475496
10430,L_hip_yaw,0.147365,0.036841,0.015316,2.588117
10430,L_hip_pitch,-0.156189,-0.169047,-0.114186,-7.079720
10430,L_knee,0.676386,-0.150903,-0.242513,16.193367
10430,L_foot_pitch,-0.034694,0.186531,0.130541,4.120573
10430,L_foot_roll,1.456110,0.145611,0.026431,9.518025
10430,R_hip_roll,-0.047022,-0.007053,0.030217,-7.569167
10430,R_hip_yaw,0.053816,0.013454,0.026118,-1.484962
10430,R_hip_pitch,0.951040,0.367760,0.378231,-2.336031
10430,R_knee,1.427626,0.676907,0.661415,1.304409
10430,R_foot_pitch,-2.823314,-0.472331,-0.363186,-8.689183
10430,R_foot_roll,0.114897,0.011490,0.007196,0.098992
10440,L_hip_roll,1.219490,0.182923,-0.021167,40.093222
10440,L_hip_yaw,0.161022,0.040256,0.015226,3.013055
10440,L_hip_pitch,-0.158819,-0.169705,-0.109154,-7.787881
10440,L_knee,0.679086,-0.150229,-0.241549,16.087470
10440,L_foot_pitch,-0.092709,0.180729,0.134676,3.256544
10440,L_foot_roll,1.390806,0.139081,0.024918,9.472529
10440,R_hip_roll,-0.024754,-0.003713,0.030416,-6.861388
10440,R_hip_yaw,0.048756,0.012189,0.025023,-1.385111
10440,R_hip_pitch,0.958163,0.369541,0.387866,-3.066202
10440,R_knee,1.427699,0.676925,0.664445,1.789199
10440,R_foot_pitch,-2.740857,-0.464086,-0.363446,-8.035172
10440,R_foot_roll,0.134239,0.013424,0.010114,-0.026911
10450,L_hip_roll,1.180395,0.177059,-0.019083,38.603795
10450,L_hip_yaw,0.165049,0.041262,0.015121,3.148318
10450,L_hip_pitch,-0.167162,-0.171790,-0.104152,-8.616498
10450,L_knee,0.668923,-0.152769,-0.240767,15.642053
10450,L_foot_pitch,-0.207375,0.169263,0.138837,1.971641
10450,L_foot_roll,1.310944,0.131094,0.023966,8.725494
10450,R_hip_roll,-0.003479,-0.000522,0.030153,-5.988704
10450,R_hip_yaw,0.053330,0.013333,0.022781,-0.874883
10450,R_hip_pitch,0.965163,0.371291,0.395475,-3.579580
10450,R_knee,1.393186,0.668296,0.664392,1.058438
10450,R_foot_pitch,-2.674995,-0.457499,-0.363438,-7.534959
10450,R_foot_roll,0.123216,0.012322,0.012989,-0.310175
10460,L_hip_roll,1.102892,0.165434,-0.016919,35.866278
10460,L_hip_yaw,0.173470,0.043367,0.015029,3.408680
10460,L_hip_pitch,-0.153212,-0.168303,-0.099196,-8.764485
10460,L_knee,0.657631,-0.155592,-0.240121,15.128004
10460,L_foot_pitch,-0.310297,0.158970,0.143219,0.827402
10460,L_foot_roll,1.175322,0.117532,0.022088,7.679772
10460,R_hip_roll,-0.005577,-0.000837,0.029477,-5.777578
10460,R_hip_yaw,0.051828,0.012957,0.020333,-0.659471
10460,R_hip_pitch,0.953378,0.368345,0.401015,-4.386272
10460,R_knee,1.342086,0.655521,0.661145,0.369935
10460,R_foot_pitch,-2.587654,-0.448765,-0.363204,-6.874676
10460,R_foot_roll,0.098058,0.009806,0.014556,-0.467011
10470,L_hip_roll,1.018927,0.152839,-0.014838,32.993552
10470,L_hip_yaw,0.174389,0.043597,0.014913,3.451744
10470,L_hip_pitch,-0.130104,-0.162526,-0.094327,-8.642753
10470,L_knee,0.638301,-0.160425,-0.239662,14.249477
10470,L_foot_pitch,-0.442387,0.145761,0.148135,-0.599047
10470,L_foot_roll,1.044303,0.104430,0.020600,6.735226
10470,R_hip_roll,0.032168,0.004825,0.028232,-4.182381
10470,R_hip_yaw,0.051387,0.012847,0.018534,-0.536619
10470,R_hip_pitch,0.950314,0.367579,0.404111,-4.591528
10470,R_knee,1.280743,0.640186,0.653951,0.142460
10470,R_foot_pitch,-2.471212,-0.437121,-0.362778,-5.995136
10470,R_foot_roll,0.079030,0.007903,0.014108,-0.378664
10480,L_hip_roll,0.900639,0.135096,-0.013026,29.132795
10480,L_hip_yaw,0.173282,0.043320,0.014797,3.436327
10480,L_hip_pitch,-0.060917,-0.145229,-0.089642,-7.124245
10480,L_knee,0.605040,-0.168740,-0.239580,12.822209
10480,L_foot_pitch,-0.618298,0.128170,0.152660,-2.478373
10480,L_foot_roll,0.863037,0.086304,0.018999,5.547123
10480,R_hip_roll,0.066138,0.009921,0.026305,-2.602708
10480,R_hip_yaw,0.051357,0.012839,0.017363,-0.444858
10480,R_hip_pitch,0.955289,0.368822,0.404625,-4.256626
10480,R_knee,1.174943,0.613736,0.642651,-1.427727
10480,R_foot_pitch,-2.334848,-0.423485,-0.362156,-4.973602
10480,R_foot_roll,0.033900,0.003390,0.012002,-0.442607
10490,L_hip_roll,0.775669,0.116350,-0.011497,25.240780
10490,L_hip_yaw,0.166177,0.041544,0.014688,3.230380
10490,L_hip_pitch,-0.003965,-0.130991,-0.084745,-6.033206
10490,L_knee,0.569575,-0.177606,-0.239391,11.082944
10490,L_foot_pitch,-0.802424,0.109758,0.157363,-4.193840
10490,L_foot_roll,0.648576,0.064858,0.017298,3.714344
10490,R_hip_roll,0.133485,0.020023,0.023845,0.071132
10490,R_hip_yaw,0.049798,0.012450,0.016477,-0.393740
10490,R_hip_pitch,0.946870,0.366718,0.402259,-3.921936
10490,R_knee,1.039596,0.579899,0.626650,-3.127722
10490,R_foot_pitch,-2.137956,-0.403796,-0.361317,-3.487441
10490,R_foot_roll,-0.027802,-0.002780,0.008387,-0.497829
10500,L_hip_roll,0.567019,0.085053,-0.010320,18.794504
10500,L_hip_yaw,0.150766,0.037692,0.014570,2.785599
10500,L_hip_pitch,0.078045,-0.110489,-0.079502,-4.241418
10500,L_knee,0.530591,-0.187352,-0.239046,9.246047
10500,L_foot_pitch,-1.043378,0.085662,0.162344,-6.659978
10500,L_foot_roll,0.400153,0.040015,0.015438,2.134346
10500,R_hip_roll,0.218355,0.032753,0.021081,3.202724
10500,R_hip_yaw,0.049323,0.012331,0.015164,-0.172203
10500,R_hip_pitch,0.924183,0.361046,0.396478,-3.558393
10500,R_knee,0.862227,0.535557,0.604687,-5.275483
10500,R_foot_pitch,-1.875866,-0.377587,-0.360195,-1.511077
10500,R_foot_roll,-0.134168,-0.013417,0.002996,-0.741276
10510,L_hip_roll,0.285566,0.042835,-0.009588,10.358834
10510,L_hip_yaw,0.131181,0.032795,0.014427,2.217906
10510,L_hip_pitch,0.201641,-0.079590,-0.073635,-1.311842
10510,L_knee,0.467218,-0.203195,-0.238228,6.069050
10510,L_foot_pitch,-1.335729,0.056427,0.167326,-9.387853
10510,L_foot_roll,0.111826,0.011183,0.013571,0.021120
10510,R_hip_roll,0.357983,0.053697,0.018301,7.939560
10510,R_hip_yaw,0.043177,0.010794,0.012680,0.080723
10510,R_hip_pitch,0.877906,0.349477,0.386636,-3.341765
10510,R_knee,0.625682,0.476420,0.575250,-8.252717
10510,R_foot_pitch,-1.553361,-0.345336,-0.358689,0.907658
10510,R_foot_roll,-0.301518,-0.030152,-0.005064,-1.141279
10520,L_hip_roll,-0.133192,-0.019979,-0.009473,-1.986617
10520,L_hip_yaw,0.109290,0.027322,0.014220,1.591484
10520,L_hip_pitch,0.314962,-0.051260,-0.066736,1.152429
10520,L_knee,0.394707,-0.221323,-0.236678,2.332571
10520,L_foot_pitch,-1.629963,0.027004,0.172220,-12.064946
10520,L_foot_roll,-0.223633,-0.022363,0.011822,-2.628550
10520,R_hip_roll,0.536388,0.080458,0.015834,13.657835
10520,R_hip_yaw,0.029432,0.007358,0.008089,0.471004
10520,R_hip_pitch,0.797649,0.329412,0.371651,-3.401777
10520,R_knee,0.325953,0.401488,0.535876,-11.440571
10520,R_foot_pitch,-1.156589,-0.305659,-0.352902,3.036757
10520,R_foot_roll,-0.576325,-0.057632,-0.017536,-1.861014
10530,L_hip_roll,-0.629768,-0.094465,-0.010292,-16.421424
10530,L_hip_yaw,0.105973,0.026493,0.013866,1.551165
10530,L_hip_pitch,0.392318,-0.031920,-0.058791,2.406678
10530,L_knee,0.298474,-0.245381,-0.234834,-2.395825
10530,L_foot_pitch,-1.832110,0.006789,0.177069,-14.153202
10530,L_foot_roll,-0.536895,-0.053690,0.009963,-4.864913
10530,R_hip_roll,0.718603,0.107790,0.013957,19.293784
10530,R_hip_yaw,0.032586,0.008147,0.000199,1.874660
10530,R_hip_pitch,0.603144,0.280786,0.350283,-6.013772
10530,R_knee,-0.041192,0.309702,0.483455,-14.414047
10530,R_foot_pitch,-0.720768,-0.262077,-0.334583,3.510720
10530,R_foot_roll,-0.980043,-0.098004,-0.037256,-2.718064
10540,L_hip_roll,-0.859910,-0.128986,-0.012060,-23.049701
10540,L_hip_yaw,0.049441,0.012360,0.013356,-0.109882
10540,L_hip_pitch,0.282252,-0.059437,-0.050082,-1.966591
10540,L_knee,0.326149,-0.238463,-0.233662,-1.052845
10540,L_foot_pitch,-1.601592,0.029841,0.182467,-12.684439
10540,L_foot_roll,-0.699034,-0.069903,0.008226,-6.027292
10540,R_hip_roll,0.709523,0.106428,0.012565,19.239210
10540,R_hip_yaw,0.061130,0.015283,-0.008282,3.027246
10540,R_hip_pitch,0.358251,0.219563,0.322951,-10.261733
10540,R_knee,-0.351417,0.232146,0.421282,-22.053282
10540,R_foot_pitch,-0.444316,-0.234432,-0.287493,-5.791927
10540,R_foot_roll,-1.601933,-0.160193,-0.060121,-8.271322
10550,L_hip_roll,-0.879068,-0.131860,-0.012503,-23.848755
10550,L_hip_yaw,0.024143,0.006036,0.012805,-0.731623
10550,L_hip_pitch,0.104113,-0.103972,-0.041028,-8.474002
10550,L_knee,0.229303,-0.262674,-0.233375,-5.218648
10550,L_foot_pitch,-0.848458,0.105154,0.187086,-6.992948
10550,L_foot_roll,-0.257682,-0.025768,0.005053,-2.140372
10550,R_hip_roll,0.058727,0.008809,0.012502,-0.989587
10550,R_hip_yaw,0.205381,0.051345,-0.009065,7.296475
10550,R_hip_pitch,0.289633,0.202408,0.297001,-8.588493
10550,R_knee,-0.462133,0.204467,0.374826,-16.439875
10550,R_foot_pitch,-0.124808,-0.202481,-0.181276,-11.910998
10550,R_foot_roll,-2.003003,-0.200300,-0.069481,-8.829608
10560,L_hip_roll,-0.368819,-0.055323,-0.012988,-8.218903
10560,L_hip_yaw,-0.056867,-0.014217,0.011857,-3.035557
10560,L_hip_pitch,-0.193044,-0.178261,-0.035680,-17.367961
10560,L_knee,0.017036,-0.315741,-0.239391,-10.741659
10560,L_foot_pitch,0.186888,0.208689,0.191218,0.985335
10560,L_foot_roll,0.446435,0.044643,0.003601,3.445629
10560,R_hip_roll,-0.465331,-0.069800,0.013539,-16.945603
10560,R_hip_yaw,0.241941,0.060485,-0.009962,8.600275
10560,R_hip_pitch,0.295526,0.203881,0.270308,-5.456044
10560,R_knee,-0.435117,0.211221,0.329243,-8.541081
10560,R_foot_pitch,0.252753,-0.164725,-0.083764,-14.450000
10560,R_foot_roll,-1.892295,-0.189229,-0.091990,-5.243201
10570,L_hip_roll,-0.337431,-0.050615,-0.013172,-7.821828
10570,L_hip_yaw,-0.097388,-0.024347,0.007456,-3.129575
10570,L_hip_pitch,-0.181334,-0.175333,-0.043245,-14.455986
10570,L_knee,-0.098695,-0.344674,-0.264517,-4.483271
10570,L_foot_pitch,0.755691,0.265569,0.201630,3.964842
10570,L_foot_roll,0.738726,0.073873,0.013876,3.145027
10570,R_hip_roll,-0.802340,-0.120351,0.013706,-26.851619
10570,R_hip_yaw,0.074102,0.018525,-0.010854,3.483892
10570,R_hip_pitch,0.055176,0.143794,0.254910,-12.586102
10570,R_knee,-0.464159,0.203960,0.306020,-16.113225
10570,R_foot_pitch,0.660703,-0.123930,-0.043943,-6.199909
10570,R_foot_roll,-1.563365,-0.156336,-0.089576,-7.858607
10580,L_hip_roll,-0.068001,-0.010200,-0.012728,0.481933
10580,L_hip_yaw,-0.078731,-0.019683,-0.005593,-0.046333
10580,L_hip_pitch,-0.170122,-0.172530,-0.061245,-11.394625
10580,L_knee,-0.211207,-0.372802,-0.304708,0.348017
10580,L_foot_pitch,1.052663,0.295266,0.224177,3.030013
10580,L_foot_roll,0.919759,0.091976,0.040237,1.176087
10580,R_hip_roll,-0.879405,-0.131911,0.013552,-29.034344
10580,R_hip_yaw,-0.004011,-0.001003,-0.011216,1.295627
10580,R_hip_pitch,-0.027254,0.123187,0.246089,-13.789594
10580,R_knee,-0.399812,0.220047,0.295259,-9.770623
10580,R_foot_pitch,1.011217,-0.088878,-0.044038,-3.680628
10580,R_foot_roll,-1.273878,-0.127388,-0.059684,-8.559670
10590,L_hip_roll,0.005855,0.000878,-0.012247,2.362837
10590,L_hip_yaw,-0.095401,-0.023850,-0.020437,0.866794
10590,L_hip_pitch,-0.138003,-0.164501,-0.081612,-7.973065
10590,L_knee,-0.287108,-0.391777,-0.347485,4.153789
10590,L_foot_pitch,1.183060,0.308306,0.256443,0.903979
10590,L_foot_roll,0.935226,0.093523,0.070933,-1.031516
10590,R_hip_roll,-1.052102,-0.157815,0.013540,-34.356494
10590,R_hip_yaw,-0.051108,-0.012777,-0.012291,0.057343
10590,R_hip_pitch,0.027299,0.136825,0.235511,-10.739165
10590,R_knee,-0.476478,0.200880,0.281198,-10.108515
10590,R_foot_pitch,1.031124,-0.086888,-0.042291,-3.763511
10590,R_foot_roll,-1.182014,-0.118201,-0.026420,-10.613796
10600,L_hip_roll,-0.239320,-0.035898,-0.009018,-6.496726
10600,L_hip_yaw,-0.115054,-0.028764,-0.029923,0.853113
10600,L_hip_pitch,-0.088187,-0.152047,-0.100199,-4.559849
10600,L_knee,-0.351700,-0.407925,-0.383239,4.718291
10600,L_foot_pitch,1.214492,0.311449,0.286369,-0.567949
10600,L_foot_roll,0.869750,0.086975,0.092490,-2.008717
10600,R_hip_roll,-1.118233,-0.167735,0.018125,-38.705476
10600,R_hip_yaw,-0.080300,-0.020075,-0.012728,-0.849590
10600,R_hip_pitch,0.094818,0.153704,0.228234,-8.175374
10600,R_knee,-0.602536,0.169366,0.272771,-16.025365
10600,R_foot_pitch,1.063047,-0.083695,-0.042730,-3.250374
10600,R_foot_roll,-1.154310,-0.115431,-0.025719,-6.929906
10610,L_hip_roll,-0.243832,-0.036575,-0.005873,-6.901112
10610,L_hip_yaw,-0.109241,-0.027310,-0.035663,1.434284
10610,L_hip_pitch,-0.114427,-0.158607,-0.114268,-4.142742
10610,L_knee,-0.397886,-0.419472,-0.407632,3.541712
10610,L_foot_pitch,1.286773,0.318677,0.305725,-0.330172
10610,L_foot_roll,0.849838,0.084984,0.100106,-1.420022
10610,R_hip_roll,-1.041895,-0.156284,0.022799,-37.087847
10610,R_hip_yaw,-0.079315,-0.019829,-0.013064,-0.782452
10610,R_hip_pitch,0.100701,0.155175,0.218841,-6.588013
10610,R_knee,-0.629617,0.162596,0.261958,-14.257653
10610,R_foot_pitch,1.075262,-0.082474,-0.042115,-3.334456
10610,R_foot_roll,-1.099305,-0.109930,-0.027865,-6.365580
10620,L_hip_roll,-0.159931,-0.023990,-0.004080,-4.303289
10620,L_hip_yaw,-0.120781,-0.030195,-0.037508,0.871217
10620,L_hip_pitch,-0.152125,-0.168031,-0.124350,-4.379260
10620,L_knee,-0.400001,-0.420000,-0.422185,3.639344
10620,L_foot_pitch,1.342433,0.324243,0.315266,0.103944
10620,L_foot_roll,0.769214,0.076921,0.097677,-1.171409
10620,R_hip_roll,-1.002150,-0.150323,0.026555,-36.361691
10620,R_hip_yaw,-0.046772,-0.011693,-0.013334,0.219410
10620,R_hip_pitch,0.008907,0.132227,0.207414,-7.833585
10620,R_knee,-0.619380,0.165155,0.248761,-10.959749
10620,R_foot_pitch,1.296837,-0.060316,-0.040634,-1.735978
10620,R_foot_roll,-1.005277,-0.100528,-0.029651,-5.506987
10630,L_hip_roll,-0.125103,-0.018766,-0.003581,-3.017683
10630,L_hip_yaw,-0.116094,-0.029023,-0.036230,0.654829
10630,L_hip_pitch,-0.264755,-0.196189,-0.131416,-7.182735
10630,L_knee,-0.441724,-0.430431,-0.429233,1.025657
10630,L_foot_pitch,1.363760,0.326376,0.319483,0.281139
10630,L_foot_roll,0.639522,0.063952,0.089563,-1.123376
10630,R_hip_roll,-1.142299,-0.171345,0.029460,-40.923194
10630,R_hip_yaw,0.012511,0.003128,-0.013480,2.000424
10630,R_hip_pitch,-0.077544,0.110614,0.194838,-8.826150
10630,R_knee,-0.619980,0.165005,0.234452,-8.195897
10630,R_foot_pitch,1.515133,-0.038487,-0.038733,-0.166545
10630,R_foot_roll,-1.020635,-0.102063,-0.031020,-5.557620
10640,L_hip_roll,-0.035393,-0.005309,-0.004352,0.218238
10640,L_hip_yaw,-0.110608,-0.027652,-0.033244,0.324508
10640,L_hip_pitch,-0.226707,-0.186677,-0.137796,-5.198787
10640,L_knee,-0.462324,-0.435581,-0.433240,0.662821
10640,L_foot_pitch,1.433885,0.333389,0.321544,0.804794
10640,L_foot_roll,0.540372,0.054037,0.077556,-0.631621
10640,R_hip_roll,-1.107154,-0.166073,0.031411,-39.963021
10640,R_hip_yaw,-0.015939,-0.003985,-0.013388,1.120179
10640,R_hip_pitch,-0.059229,0.115193,0.182170,-6.823416
10640,R_knee,-0.702975,0.144256,0.220140,-9.582606
10640,R_foot_pitch,1.442444,-0.045756,-0.037037,-0.886163
10640,R_foot_roll,-1.088014,-0.108801,-0.032094,-6.057193
10650,L_hip_roll,0.039926,0.005989,-0.005975,2.969142
10650,L_hip_yaw,-0.100349,-0.025087,-0.029551,0.174740
10650,L_hip_pitch,-0.229773,-0.187443,-0.144554,-4.469943
10650,L_knee,-0.511961,-0.447990,-0.436487,-1.250976
10650,L_foot_pitch,1.456490,0.335649,0.324242,0.588425
10650,L_foot_roll,0.433817,0.043382,0.064087,-0.382479
10650,R_hip_roll,-1.291230,-0.193685,0.032753,-45.618931
10650,R_hip_yaw,-0.039265,-0.009816,-0.013299,0.405733
10650,R_hip_pitch,-0.064642,0.113840,0.169739,-5.471021
10650,R_knee,-0.706029,0.143493,0.206054,-7.060570
10650,R_foot_pitch,1.445769,-0.045423,-0.034984,-1.035384
10650,R_foot_roll,-1.187773,-0.118777,-0.032872,-6.803969
10660,L_hip_roll,0.030845,0.004627,-0.008304,3.398498
10660,L_hip_yaw,-0.083920,-0.020980,-0.026033,0.286487
10660,L_hip_pitch,-0.271254,-0.197814,-0.152131,-4.679307
10660,L_knee,-0.544691,-0.456173,-0.440269,-1.618070
10660,L_foot_pitch,1.592056,0.349206,0.328215,1.277746
10660,L_foot_roll,0.376487,0.037649,0.051117,0.107855
10660,R_hip_roll,-1.363931,-0.204590,0.033395,-47.667786
10660,R_hip_yaw,-0.043087,-0.010772,-0.013225,0.287580
10660,R_hip_pitch,-0.169184,0.087704,0.158136,-7.370002
10660,R_knee,-0.691389,0.147153,0.193204,-4.802963
10660,R_foot_pitch,1.561382,-0.033862,-0.033471,-0.130761
10660,R_foot_roll,-1.269266,-0.126927,-0.033420,-7.440644
10670,L_hip_roll,0.147402,0.022110,-0.011465,7.780240
10670,L_hip_yaw,-0.076572,-0.019143,-0.022655,0.099099
10670,L_hip_pitch,-0.337760,-0.214440,-0.160850,-5.531273
10670,L_knee,-0.581529,-0.465382,-0.445765,-1.756357
10670,L_foot_pitch,1.585557,0.348556,0.335103,0.276248
10670,L_foot_roll,0.336008,0.033601,0.040682,0.292386
10670,R_hip_roll,-1.356973,-0.203546,0.033140,-47.134447
10670,R_hip_yaw,-0.030876,-0.007719,-0.013239,0.667109
10670,R_hip_pitch,-0.174913,0.086272,0.147968,-6.448799
10670,R_knee,-0.680782,0.149804,0.182855,-3.214772
10670,R_foot_pitch,1.623358,-0.027664,-0.033045,0.444402
10670,R_foot_roll,-1.281793,-0.128179,-0.033648,-7.555354
10680,L_hip_roll,0.117651,0.017648,-0.015018,7.601395
10680,L_hip_yaw,-0.060635,-0.015159,-0.019670,0.288562
10680,L_hip_pitch,-0.354118,-0.218530,-0.171009,-4.631793
10680,L_knee,-0.620300,-0.475075,-0.453270,-1.528946
10680,L_foot_pitch,1.584622,0.348462,0.342500,-0.148574
10680,L_foot_roll,0.292082,0.029208,0.033503,0.222244
10680,R_hip_roll,-1.415146,-0.212272,0.032199,-48.543043
10680,R_hip_yaw,-0.056703,-0.014176,-0.013318,-0.095975
10680,R_hip_pitch,-0.132965,0.096759,0.139591,-4.394146
10680,R_knee,-0.764196,0.128951,0.175533,-6.635905
10680,R_foot_pitch,1.513589,-0.038641,-0.033914,-0.229026
10680,R_foot_roll,-1.347046,-0.134705,-0.033605,-8.103231
10690,L_hip_roll,0.105029,0.015754,-0.018533,7.901649
10690,L_hip_yaw,-0.034089,-0.008522,-0.017150,0.809369
10690,L_hip_pitch,-0.377107,-0.224277,-0.182479,-3.844847
10690,L_knee,-0.648210,-0.482053,-0.462047,-0.995068
10690,L_foot_pitch,1.705162,0.360516,0.346863,0.821212
10690,L_foot_roll,0.194528,0.019453,0.028753,-0.367115
10690,R_hip_roll,-1.329509,-0.199426,0.030809,-45.571769
10690,R_hip_yaw,-0.064994,-0.016248,-0.013491,-0.309384
10690,R_hip_pitch,-0.134617,0.096346,0.132495,-3.659351
10690,R_knee,-0.818542,0.115365,0.170131,-8.376534
10690,R_foot_pitch,1.306895,-0.059310,-0.035566,-1.715770
10690,R_foot_roll,-1.374024,-0.137402,-0.033358,-8.358903
10700,L_hip_roll,0.150597,0.022590,-0.021682,9.730753
10700,L_hip_yaw,-0.029311,-0.007328,-0.014032,0.460229
10700,L_hip_pitch,-0.406347,-0.231587,-0.194375,-3.293074
10700,L_knee,-0.695008,-0.493752,-0.470917,-1.620040
10700,L_foot_pitch,1.766619,0.366662,0.350904,0.884057
10700,L_foot_roll,0.063809,0.006381,0.023611,-0.829770
10700,R_hip_roll,-1.306229,-0.195934,0.029245,-44.557785
10700,R_hip_yaw,-0.054656,-0.013664,-0.013787,0.047859
10700,R_hip_pitch,-0.109975,0.102506,0.125478,-2.042972
10700,R_knee,-0.793229,0.121693,0.164862,-6.163778
10700,R_foot_pitch,1.212486,-0.068751,-0.037312,-2.343403
10700,R_foot_roll,-1.344333,-0.134433,-0.033013,-8.155691
10710,L_hip_roll,0.165334,0.024800,-0.024153,10.430080
10710,L_hip_yaw,-0.043792,-0.010948,-0.010707,-0.325533
10710,L_hip_pitch,-0.428539,-0.237135,-0.206609,-2.436602
10710,L_knee,-0.727788,-0.501947,-0.479695,-1.457807
10710,L_foot_pitch,1.713917,0.361392,0.353041,0.555148
10710,L_foot_roll,-0.052530,-0.005253,0.015100,-0.677312
10710,R_hip_roll,-1.356690,-0.203503,0.027648,-45.745270
10710,R_hip_yaw,-0.069608,-0.017402,-0.014085,-0.373737
10710,R_hip_pitch,-0.086302,0.108424,0.119267,-0.747079
10710,R_knee,-0.790617,0.122346,0.160928,-6.097664
10710,R_foot_pitch,1.190076,-0.070992,-0.039625,-2.232387
10710,R_foot_roll,-1.317100,-0.131710,-0.032536,-7.988626
10720,L_hip_roll,0.124763,0.018714,-0.025816,9.296535
10720,L_hip_yaw,-0.040070,-0.010017,-0.009530,-0.039317
10720,L_hip_pitch,-0.434643,-0.238661,-0.219107,-1.113543
10720,L_knee,-0.771935,-0.512984,-0.488182,-2.098581
10720,L_foot_pitch,1.729686,0.362969,0.353427,0.768696
10720,L_foot_roll,-0.112622,-0.011262,0.003379,0.017625
10720,R_hip_roll,-1.412543,-0.211881,0.025953,-47.039644
10720,R_hip_yaw,-0.091436,-0.022859,-0.014322,-1.004819
10720,R_hip_pitch,-0.067997,0.113001,0.114785,0.163350
10720,R_knee,-0.814881,0.116280,0.159765,-7.837635
10720,R_foot_pitch,1.142982,-0.075702,-0.043077,-2.213699
10720,R_foot_roll,-1.342823,-0.134282,-0.031865,-8.267198
10730,L_hip_roll,0.087639,0.013146,-0.026819,8.226324
10730,L_hip_yaw,-0.043104,-0.010776,-0.010697,0.171185
10730,L_hip_pitch,-0.429755,-0.237439,-0.231419,0.473926
10730,L_knee,-0.796824,-0.519206,-0.496085,-1.954844
10730,L_foot_pitch,1.704736,0.360474,0.353146,0.626454
10730,L_foot_roll,-0.156701,-0.015670,-0.007865,0.349634
10730,R_hip_roll,-1.366489,-0.204973,0.024066,-45.209778
10730,R_hip_yaw,-0.114007,-0.028502,-0.014557,-1.650263
10730,R_hip_pitch,-0.020155,0.124961,0.111494,1.920218
10730,R_knee,-0.832946,0.111763,0.160682,-9.253763
10730,R_foot_pitch,1.051674,-0.084833,-0.047439,-2.527661
10730,R_foot_roll,-1.323201,-0.132320,-0.031032,-8.194027
10740,L_hip_roll,0.042380,0.006357,-0.027349,6.843307
10740,L_hip_yaw,-0.043306,-0.010827,-0.012970,0.504758
10740,L_hip_pitch,-0.446251,-0.241563,-0.242928,1.252195
10740,L_knee,-0.812034,-0.523008,-0.502842,-1.867410
10740,L_foot_pitch,1.670778,0.357078,0.352676,0.401404
10740,L_foot_roll,-0.182098,-0.018210,-0.015881,0.431801
10740,R_hip_roll,-1.333200,-0.199980,0.021971,-43.736869
10740,R_hip_yaw,-0.130305,-0.032576,-0.014811,-2.107377
10740,R_hip_pitch,0.012393,0.133098,0.108714,3.196661
10740,R_knee,-0.830302,0.112424,0.162785,-9.799156
10740,R_foot_pitch,0.929033,-0.097097,-0.052391,-3.062256
10740,R_foot_roll,-1.302714,-0.130271,-0.030047,-8.123767
10750,L_hip_roll,0.036007,0.005401,-0.027586,6.642166
10750,L_hip_yaw,-0.036599,-0.009150,-0.015201,0.919179
10750,L_hip_pitch,-0.442767,-0.240692,-0.253224,2.466201
10750,L_knee,-0.821140,-0.525285,-0.507899,-1.891881
10750,L_foot_pitch,1.590324,0.349032,0.352168,-0.201029
10750,L_foot_roll,-0.206080,-0.020608,-0.020246,0.255241
10750,R_hip_roll,-1.267706,-0.190156,0.019655,-41.236145
10750,R_hip_yaw,-0.149100,-0.037275,-0.015067,-2.640048
10750,R_hip_pitch,0.043700,0.140925,0.106406,4.357464
10750,R_knee,-0.815431,0.116142,0.166079,-10.118803
10750,R_foot_pitch,0.900941,-0.099906,-0.057965,-2.773400
10750,R_foot_roll,-1.244163,-0.124416,-0.028911,-7.762186
10760,L_hip_roll,-0.010238,-0.001536,-0.027593,5.173263
10760,L_hip_yaw,-0.040112,-0.010028,-0.016242,0.782393
10760,L_hip_pitch,-0.464634,-0.246158,-0.262067,2.717649
10760,L_knee,-0.805615,-0.521404,-0.510949,-1.259503
10760,L_foot_pitch,1.522763,0.342276,0.350628,-0.462941
10760,L_foot_roll,-0.226718,-0.022672,-0.022186,0.083302
10760,R_hip_roll,-1.210762,-0.181614,0.017173,-39.002720
10760,R_hip_yaw,-0.151185,-0.037796,-0.015301,-2.677736
10760,R_hip_pitch,0.057349,0.144337,0.104628,4.930564
10760,R_knee,-0.785068,0.123733,0.170694,-9.970500
10760,R_foot_pitch,0.878762,-0.102124,-0.064201,-2.386274
10760,R_foot_roll,-1.179645,-0.117964,-0.027600,-7.366188
10770,L_hip_roll,-0.054473,-0.008171,-0.027398,3.759596
10770,L_hip_yaw,-0.040357,-0.010089,-0.016033,0.652540
10770,L_hip_pitch,-0.478162,-0.249540,-0.269204,2.993473
10770,L_knee,-0.791256,-0.517814,-0.511461,-1.331462
10770,L_foot_pitch,1.482481,0.338248,0.346786,-0.224250
10770,L_foot_roll,-0.257788,-0.025779,-0.023193,-0.128288
10770,R_hip_roll,-1.135675,-0.170351,0.014567,-36.189907
10770,R_hip_yaw,-0.137153,-0.034288,-0.015486,-2.239248
10770,R_hip_pitch,0.079284,0.149821,0.103476,5.656389
10770,R_knee,-0.783790,0.124053,0.176789,-11.482213
10770,R_foot_pitch,0.841920,-0.105808,-0.071173,-2.045629
10770,R_foot_roll,-1.130009,-0.113001,-0.026126,-7.103162
10780,L_hip_roll,-0.088188,-0.013228,-0.026973,2.577904
10780,L_hip_yaw,-0.035455,-0.008864,-0.014974,0.599718
10780,L_hip_pitch,-0.483047,-0.250762,-0.274598,3.327347
10780,L_knee,-0.767899,-0.511975,-0.509443,-1.324668
10780,L_foot_pitch,1.379090,0.327909,0.341449,-0.554878
10780,L_foot_roll,-0.278648,-0.027865,-0.024482,-0.123887
10780,R_hip_roll,-1.044728,-0.156709,0.011944,-32.958746
10780,R_hip_yaw,-0.145136,-0.036284,-0.015597,-2.474154
10780,R_hip_pitch,0.111376,0.157844,0.102665,6.707215
10780,R_knee,-0.766156,0.128461,0.183781,-12.070331
10780,R_foot_pitch,0.811113,-0.108889,-0.078617,-1.672044
10780,R_foot_roll,-1.046691,-0.104669,-0.024529,-6.574787
10790,L_hip_roll,-0.169208,-0.025381,-0.026249,-0.092720
10790,L_hip_yaw,-0.032093,-0.008023,-0.013161,0.409728
10790,L_hip_pitch,-0.488952,-0.252238,-0.278429,3.467941
10790,L_knee,-0.730412,-0.502603,-0.505204,-1.014881
10790,L_foot_pitch,1.266696,0.316670,0.334478,-0.690088
10790,L_foot_roll,-0.283404,-0.028340,-0.026295,0.021016
10790,R_hip_roll,-0.997182,-0.149577,0.009469,-31.102012
10790,R_hip_yaw,-0.147009,-0.036752,-0.015640,-2.530422
10790,R_hip_pitch,0.109935,0.157484,0.102006,6.722500
10790,R_knee,-0.715735,0.141066,0.191161,-11.239885
10790,R_foot_pitch,0.777676,-0.112232,-0.086276,-1.307521
10790,R_foot_roll,-0.964943,-0.096494,-0.022828,-6.065593
10800,L_hip_roll,-0.185631,-0.027845,-0.025493,-0.685420
10800,L_hip_yaw,-0.022318,-0.005580,-0.010624,0.331747
10800,L_hip_pitch,-0.512456,-0.258114,-0.280767,2.894810
10800,L_knee,-0.683164,-0.490791,-0.498727,-0.722146
10800,L_foot_pitch,1.145584,0.304558,0.325164,-0.685177
10800,L_foot_roll,-0.265580,-0.026558,-0.027732,0.200254
10800,R_hip_roll,-0.933274,-0.139991,0.007076,-28.703682
10800,R_hip_yaw,-0.143260,-0.035815,-0.015641,-2.419934
10800,R_hip_pitch,0.112072,0.158018,0.101854,6.733951
10800,R_knee,-0.665000,0.153750,0.199468,-10.841226
10800,R_foot_pitch,0.789515,-0.111048,-0.094390,-0.501327
10800,R_foot_roll,-0.848617,-0.084862,-0.021002,-5.295862
10810,L_hip_roll,-0.230740,-0.034611,-0.024881,-2.129788
10810,L_hip_yaw,-0.014351,-0.003588,-0.007473,0.139800
10810,L_hip_pitch,-0.512400,-0.258100,-0.281815,2.912979
10810,L_knee,-0.612565,-0.473141,-0.490187,0.367644
10810,L_foot_pitch,1.017281,0.291728,0.313765,-0.623246
10810,L_foot_roll,-0.231389,-0.023139,-0.027870,0.337160
10810,R_hip_roll,-0.832325,-0.124849,0.004732,-25.238191
10810,R_hip_yaw,-0.140879,-0.035220,-0.015625,-2.350834
10810,R_hip_pitch,0.111731,0.157933,0.102550,6.547014
10810,R_knee,-0.611414,0.167147,0.209165,-10.601438
10810,R_foot_pitch,0.835962,-0.106404,-0.103130,0.631938
10810,R_foot_roll,-0.701710,-0.070171,-0.019015,-4.293806
10820,L_hip_roll,-0.314535,-0.047180,-0.024395,-4.718844
10820,L_hip_yaw,-0.007598,-0.001899,-0.003956,-0.104474
10820,L_hip_pitch,-0.513915,-0.258479,-0.281448,2.666572
10820,L_knee,-0.514882,-0.448721,-0.479079,1.886751
10820,L_foot_pitch,0.850495,0.275049,0.300822,-0.799429
10820,L_foot_roll,-0.171242,-0.017124,-0.026115,0.482921
10820,R_hip_roll,-0.700285,-0.105043,0.002519,-20.901670
10820,R_hip_yaw,-0.131851,-0.032963,-0.015570,-2.089053
10820,R_hip_pitch,0.100991,0.155248,0.104021,5.971280
10820,R_knee,-0.556590,0.180852,0.220044,-10.442115
10820,R_foot_pitch,0.882337,-0.101766,-0.112547,1.796875
10820,R_foot_roll,-0.534766,-0.053477,-0.016935,-3.141845
10830,L_hip_roll,-0.401619,-0.060243,-0.024056,-7.337582
10830,L_hip_yaw,0.005280,0.001320,-0.000212,-0.187851
10830,L_hip_pitch,-0.521435,-0.260359,-0.279087,1.941984
10830,L_knee,-0.384804,-0.416201,-0.464023,3.715480
10830,L_foot_pitch,0.656328,0.255633,0.285984,-0.958820
10830,L_foot_roll,-0.072627,-0.007263,-0.021922,0.687270
10830,R_hip_roll,-0.537962,-0.080694,0.000604,-15.737311
10830,R_hip_yaw,-0.120336,-0.030084,-0.015503,-1.754386
10830,R_hip_pitch,0.080378,0.150095,0.106052,5.070144
10830,R_knee,-0.492000,0.197000,0.231804,-9.840909
10830,R_foot_pitch,0.942974,-0.095703,-0.122157,3.084286
10830,R_foot_roll,-0.320409,-0.032041,-0.014924,-1.614935
10840,L_hip_roll,-0.478880,-0.071832,-0.024039,-9.565454
10840,L_hip_yaw,0.013395,0.003349,0.004071,-0.535530
10840,L_hip_pitch,-0.504614,-0.256153,-0.274236,1.609253
10840,L_knee,-0.221445,-0.375361,-0.443586,5.665279
10840,L_foot_pitch,0.438445,0.233845,0.268482,-1.029223
10840,L_foot_roll,0.051309,0.005131,-0.014582,0.770425
10840,R_hip_roll,-0.307621,-0.046143,-0.000971,-8.648427
10840,R_hip_yaw,-0.100464,-0.025116,-0.015390,-1.176983
10840,R_hip_pitch,0.060827,0.145207,0.108281,4.186919
10840,R_knee,-0.411204,0.217199,0.243892,-8.505887
10840,R_foot_pitch,1.056963,-0.084304,-0.132230,4.801112
10840,R_foot_roll,-0.054951,-0.005495,-0.012723,0.303868
10850,L_hip_roll,-0.575521,-0.086328,-0.024164,-12.353666
10850,L_hip_yaw,0.022878,0.005720,0.008890,-0.855624
10850,L_hip_pitch,-0.455888,-0.243972,-0.266380,1.821989
10850,L_knee,-0.011745,-0.322936,-0.416249,8.042898
10850,L_foot_pitch,0.214317,0.211432,0.247996,-0.914858
10850,L_foot_roll,0.239854,0.023985,-0.003958,1.124164
10850,R_hip_roll,-0.028344,-0.004252,-0.001856,-0.282806
10850,R_hip_yaw,-0.092027,-0.023007,-0.015144,-0.965473
10850,R_hip_pitch,0.018079,0.134520,0.110849,2.635756
10850,R_knee,-0.307765,0.243059,0.256471,-5.934547
10850,R_foot_pitch,1.220702,-0.067930,-0.142437,7.090018
10850,R_foot_roll,0.299340,0.029934,-0.010531,3.015399
10860,L_hip_roll,-0.550706,-0.082606,-0.024266,-11.683175
10860,L_hip_yaw,0.021153,0.005288,0.013989,-1.551404
10860,L_hip_pitch,-0.286879,-0.201720,-0.254636,5.063273
10860,L_knee,0.242048,-0.259488,-0.380085,10.128485
10860,L_foot_pitch,0.010920,0.191092,0.225031,-0.509181
10860,L_foot_roll,0.533810,0.053381,0.010796,1.859546
10860,R_hip_roll,0.349257,0.052389,-0.001744,10.607279
10860,R_hip_yaw,-0.115414,-0.028853,-0.014658,-1.756350
10860,R_hip_pitch,-0.018844,0.125289,0.113663,1.111997
10860,R_knee,-0.200466,0.269884,0.269556,-3.890543
10860,R_foot_pitch,1.366513,-0.053349,-0.152639,9.000166
10860,R_foot_roll,0.728000,0.072800,-0.008286,6.298200
10870,L_hip_roll,-0.489135,-0.073370,-0.023624,-10.276856
10870,L_hip_yaw,-0.014444,-0.003611,0.016882,-2.580468
10870,L_hip_pitch,-0.099751,-0.154938,-0.239514,8.796512
10870,L_knee,0.467749,-0.203063,-0.342333,17.415725
10870,L_foot_pitch,0.088295,0.198830,0.181781,8.443725
10870,L_foot_roll,0.858843,0.085884,0.023953,4.613224
10870,R_hip_roll,0.525025,0.078754,-0.000562,15.545752
10870,R_hip_yaw,-0.122884,-0.030721,-0.013974,-2.065498
10870,R_hip_pitch,0.238309,0.189577,0.115699,8.769147
10870,R_knee,-0.212825,0.266794,0.282299,-6.234806
10870,R_foot_pitch,1.045085,-0.085492,-0.162970,7.186052
10870,R_foot_roll,0.945327,0.094533,-0.005625,7.721873
10880,L_hip_roll,0.321080,0.048162,-0.022665,13.879939
10880,L_hip_yaw,-0.116231,-0.029058,0.018545,-5.899764
10880,L_hip_pitch,-0.201865,-0.180466,-0.222828,3.300494
10880,L_knee,0.582275,-0.174431,-0.312258,15.536641
10880,L_foot_pitch,0.076412,0.197641,0.110795,13.587640
10880,L_foot_roll,0.925075,0.092508,0.027079,5.080429
10880,R_hip_roll,0.720451,0.108068,0.000018,21.531899
10880,R_hip_yaw,-0.092727,-0.023182,-0.013112,-1.303719
10880,R_hip_pitch,0.362976,0.220744,0.116687,12.406311
10880,R_knee,0.011364,0.322841,0.294359,1.545704
10880,R_foot_pitch,0.205965,-0.169403,-0.173243,1.332258
10880,R_foot_roll,0.806911,0.080691,0.001476,5.382770
10890,L_hip_roll,0.923659,0.138549,-0.022111,33.172431
10890,L_hip_yaw,-0.092484,-0.023121,0.019127,-4.937742
10890,L_hip_pitch,0.171515,-0.087121,-0.211576,14.695055
10890,L_knee,0.484899,-0.198775,-0.294703,16.894495
10890,L_foot_pitch,-0.116211,0.178379,0.080244,7.685297
10890,L_foot_roll,0.894988,0.089499,0.017466,5.204779
10890,R_hip_roll,0.616473,0.092471,-0.001181,19.907223
10890,R_hip_yaw,-0.069685,-0.017421,-0.014001,-0.012875
10890,R_hip_pitch,0.431358,0.237839,0.121881,13.118130
10890,R_knee,0.322554,0.400639,0.310991,10.836924
10890,R_foot_pitch,-0.664085,-0.256408,-0.183623,-5.276584
10890,R_foot_roll,0.327109,0.032711,0.019536,-1.641818
10900,L_hip_roll,0.798865,0.119830,-0.025110,29.755878
10900,L_hip_yaw,-0.097375,-0.024344,0.018449,-5.103157
10900,L_hip_pitch,0.070469,-0.112383,-0.208055,11.035049
10900,L_knee,0.391863,-0.222034,-0.291322,11.021074
10900,L_foot_pitch,-0.407453,0.149255,0.081474,5.294204
10900,L_foot_roll,0.490764,0.049076,0.021941,1.803517
10900,R_hip_roll,0.128840,0.019326,-0.003494,4.849023
10900,R_hip_yaw,-0.000385,-0.000096,-0.018960,2.756008
10900,R_hip_pitch,0.396713,0.229178,0.135527,9.595505
10900,R_knee,0.296397,0.394099,0.341273,-1.364425
10900,R_foot_pitch,-1.190187,-0.309019,-0.206067,-5.223983
10900,R_foot_roll,-0.158633,-0.015863,0.036220,-5.064140
10910,L_hip_roll,0.805551,0.120833,-0.027574,30.379433
10910,L_hip_yaw,0.001348,0.000337,0.018110,-2.088230
10910,L_hip_pitch,0.074389,-0.111403,-0.203112,10.463121
10910,L_knee,0.404455,-0.218886,-0.285976,10.353829
10910,L_foot_pitch,-0.260128,0.163987,0.082640,6.402956
10910,L_foot_roll,0.405211,0.040521,0.024706,1.022256
10910,R_hip_roll,0.126190,0.018929,-0.003837,4.513625
10910,R_hip_yaw,0.015278,0.003820,-0.018254,2.167690
10910,R_hip_pitch,0.460970,0.245242,0.151583,9.757353
10910,R_knee,0.375074,0.413769,0.376719,-3.062500
10910,R_foot_pitch,-1.403796,-0.330380,-0.248491,-1.946606
10910,R_foot_roll,-0.175027,-0.017503,0.026069,-1.429048
10920,L_hip_roll,0.859241,0.128886,-0.029700,32.292545
10920,L_hip_yaw,0.004765,0.001191,0.017957,-2.009976
10920,L_hip_pitch,0.136756,-0.095811,-0.197435,11.605095
10920,L_knee,0.388380,-0.222905,-0.280178,8.581172
10920,L_foot_pitch,-0.202643,0.169736,0.083802,6.748604
10920,L_foot_roll,0.513639,0.051364,0.026736,1.788567
10920,R_hip_roll,0.141687,0.021253,-0.003278,4.634805
10920,R_hip_yaw,-0.004522,-0.001130,-0.009383,-0.127716
10920,R_hip_pitch,0.457190,0.244297,0.165768,8.119291
10920,R_knee,0.441011,0.430253,0.406530,-3.570846
10920,R_foot_pitch,-1.413970,-0.331397,-0.294671,1.268787
10920,R_foot_roll,-0.129789,-0.012979,0.002268,1.122728
10930,L_hip_roll,0.884147,0.132622,-0.031242,33.158322
10930,L_hip_yaw,-0.029754,-0.007439,0.018039,-3.066599
10930,L_hip_pitch,0.197605,-0.080599,-0.191209,12.632902
10930,L_knee,0.412914,-0.216771,-0.274782,8.971388
10930,L_foot_pitch,-0.351067,0.154893,0.085403,5.367796
10930,L_foot_roll,0.620508,0.062051,0.028137,2.550333
10930,R_hip_roll,0.030648,0.004597,-0.001876,0.755006
10930,R_hip_yaw,-0.005754,-0.001438,0.000860,-1.161276
10930,R_hip_pitch,0.494686,0.253671,0.177492,8.110254
10930,R_knee,0.483775,0.440944,0.428887,-3.392678
10930,R_foot_pitch,-1.509003,-0.340900,-0.327096,1.247622
10930,R_foot_roll,-0.171146,-0.017115,-0.015266,1.083101
10940,L_hip_roll,1.050778,0.157617,-0.032489,38.396431
10940,L_hip_yaw,-0.030309,-0.007577,0.018087,-3.076513
10940,L_hip_pitch,0.107731,-0.103067,-0.183774,8.877426
10940,L_knee,0.461389,-0.204653,-0.269131,9.833772
10940,L_foot_pitch,-0.455561,0.144444,0.087127,4.414063
10940,L_foot_roll,0.644354,0.064435,0.029458,2.640271
10940,R_hip_roll,0.073423,0.011013,-0.000044,1.649281
10940,R_hip_yaw,0.004923,0.001231,0.006879,-1.037666
10940,R_hip_pitch,0.588193,0.277048,0.186541,10.077391
10940,R_knee,0.520544,0.450136,0.444340,-2.717081
10940,R_foot_pitch,-1.687775,-0.358778,-0.342906,-0.310254
10940,R_foot_roll,-0.176826,-0.017683,-0.022743,0.793832
10950,L_hip_roll,1.069511,0.160427,-0.033319,38.798966
10950,L_hip_yaw,-0.065317,-0.016329,0.018037,-4.117473
10950,L_hip_pitch,0.131697,-0.097076,-0.175831,8.642483
10950,L_knee,0.472861,-0.201785,-0.263307,9.254148
10950,L_foot_pitch,-0.345668,0.155433,0.088881,5.134412
10950,L_foot_roll,0.751258,0.075126,0.030138,3.853722
10950,R_hip_roll,0.009655,0.001448,0.002328,-1.057472
10950,R_hip_yaw,0.015677,0.003919,0.008323,-0.519017
10950,R_hip_pitch,0.575886,0.273971,0.194617,8.720477
10950,R_knee,0.629297,0.477324,0.455698,0.926742
10950,R_foot_pitch,-1.863723,-0.376372,-0.350941,-1.426703
10950,R_foot_roll,-0.168886,-0.016889,-0.023789,0.476607
10960,L_hip_roll,1.135459,0.170319,-0.033767,40.921945
10960,L_hip_yaw,-0.068724,-0.017181,0.017880,-4.182623
10960,L_hip_pitch,0.203879,-0.079030,-0.168424,10.011650
10960,L_knee,0.454213,-0.206447,-0.258282,7.966698
10960,L_foot_pitch,-0.438940,0.146106,0.090916,4.196399
10960,L_foot_roll,0.823006,0.082301,0.031056,3.978139
10960,R_hip_roll,0.017550,0.002633,0.005227,-1.426440
10960,R_hip_yaw,0.019067,0.004767,0.007174,-0.117326
10960,R_hip_pitch,0.652189,0.293047,0.203765,9.753474
10960,R_knee,0.721879,0.500470,0.466980,2.558026
10960,R_foot_pitch,-2.091105,-0.399111,-0.354447,-3.382185
10960,R_foot_roll,-0.189079,-0.018908,-0.021477,-0.097647
10970,L_hip_roll,1.138657,0.170799,-0.033877,40.881723
10970,L_hip_yaw,-0.064960,-0.016240,0.017704,-4.052027
10970,L_hip_pitch,0.141682,-0.094579,-0.161570,7.369704
10970,L_knee,0.468182,-0.202955,-0.254236,8.164691
10970,L_foot_pitch,-0.372801,0.152720,0.093397,4.407807
10970,L_foot_roll,0.864430,0.086443,0.031654,4.458053
10970,R_hip_roll,-0.025887,-0.003883,0.008472,-3.502312
10970,R_hip_yaw,0.038551,0.009638,0.005300,0.695616
10970,R_hip_pitch,0.694777,0.303694,0.215155,9.406727
10970,R_knee,0.783067,0.515767,0.481549,1.455072
10970,R_foot_pitch,-2.242033,-0.414203,-0.355568,-4.628529
10970,R_foot_roll,-0.175116,-0.017512,-0.019110,-0.048910
10980,L_hip_roll,1.181197,0.177179,-0.033648,42.072758
10980,L_hip_yaw,-0.048813,-0.012203,0.017535,-3.546415
10980,L_hip_pitch,0.148849,-0.092788,-0.155717,7.025097
10980,L_knee,0.490608,-0.197348,-0.251695,9.291827
10980,L_foot_pitch,-0.213995,0.168601,0.096431,5.435873
10980,L_foot_roll,0.982097,0.098210,0.031879,5.239899
10980,R_hip_roll,-0.046788,-0.007018,0.011876,-4.787811
10980,R_hip_yaw,0.026043,0.006511,0.005129,0.061707
10980,R_hip_pitch,0.785573,0.326393,0.228748,10.310308
10980,R_knee,0.901297,0.545324,0.498965,3.091252
10980,R_foot_pitch,-2.388133,-0.428813,-0.356038,-5.786629
10980,R_foot_roll,-0.108581,-0.010858,-0.017439,0.379548
10990,L_hip_roll,1.240682,0.186102,-0.033285,43.778993
10990,L_hip_yaw,-0.016952,-0.004238,0.017420,-2.587761
10990,L_hip_pitch,0.117425,-0.100644,-0.151077,5.632231
10990,L_knee,0.524300,-0.188925,-0.250677,10.982291
10990,L_foot_pitch,-0.171629,0.172837,0.100039,5.450758
10990,L_foot_roll,1.062900,0.106290,0.032088,5.857441
10990,R_hip_roll,-0.077864,-0.011680,0.015050,-6.245413
10990,R_hip_yaw,0.018153,0.004538,0.006467,-0.384777
10990,R_hip_pitch,0.817985,0.334496,0.244987,9.029184
10990,R_knee,1.002950,0.570738,0.519715,2.691484
10990,R_foot_pitch,-2.570347,-0.447035,-0.356499,-7.193842
10990,R_foot_roll,-0.108778,-0.010878,-0.014493,-0.066894
11000,L_hip_roll,1.347467,0.202120,-0.032894,46.814717
11000,L_hip_yaw,-0.028725,-0.007181,0.017437,-2.958294
11000,L_hip_pitch,0.095618,-0.106095,-0.147035,4.492585
11000,L_knee,0.526650,-0.188338,-0.250252,10.948928
11000,L_foot_pitch,-0.277034,0.162297,0.103872,4.269685
11000,L_foot_roll,1.200586,0.120059,0.031976,7.261718
11000,R_hip_roll,-0.050908,-0.007636,0.017815,-5.891227
11000,R_hip_yaw,0.044122,0.011030,0.007659,0.302955
11000,R_hip_pitch,0.816351,0.334088,0.263592,6.566151
11000,R_knee,1.108490,0.597122,0.543462,2.530663
11000,R_foot_pitch,-2.719372,-0.461937,-0.357207,-8.299284
11000,R_foot_roll,-0.117603,-0.011760,-0.011193,-0.327524
11010,L_hip_roll,1.302373,0.195356,-0.032318,45.326721
11010,L_hip_yaw,-0.008745,-0.002186,0.017428,-2.343329
11010,L_hip_pitch,0.076315,-0.110921,-0.143163,3.481960
11010,L_knee,0.577962,-0.175510,-0.250147,13.469591
11010,L_foot_pitch,-0.235638,0.166436,0.107807,4.292771
11010,L_foot_roll,1.283635,0.128363,0.031878,7.671866
11010,R_hip_roll,-0.021704,-0.003256,0.020293,-5.428230
11010,R_hip_yaw,0.062247,0.015562,0.009645,0.442396
11010,R_hip_pitch,0.915423,0.358856,0.283038,7.191305
11010,R_knee,1.180927,0.615232,0.567938,1.447597
11010,R_foot_pitch,-2.781188,-0.468119,-0.358186,-8.690867
11010,R_foot_roll,-0.048037,-0.004804,-0.009399,0.263994
11020,L_hip_roll,1.300833,0.195125,-0.031518,45.098574
11020,L_hip_yaw,0.033248,0.008312,0.017372,-1.077627
11020,L_hip_pitch,0.005271,-0.128682,-0.138841,0.755388
11020,L_knee,0.621932,-0.164517,-0.249392,14.897211
11020,L_foot_pitch,-0.032461,0.186754,0.111494,5.707174
11020,L_foot_roll,1.361521,0.136152,0.031637,8.273818
11020,R_hip_roll,0.022167,0.003325,0.022394,-4.373219
11020,R_hip_yaw,0.053978,0.013495,0.013607,-0.480373
11020,R_hip_pitch,0.930456,0.362614,0.302453,5.319558
11020,R_knee,1.258757,0.634689,0.591489,1.115888
11020,R_foot_pitch,-2.828467,-0.472847,-0.359260,-8.982614
11020,R_foot_roll,0.004836,0.000484,-0.007122,0.330038
11030,L_hip_roll,1.360172,0.204026,-0.030472,46.569791
11030,L_hip_yaw,0.073707,0.018427,0.017331,0.138353
11030,L_hip_pitch,-0.006117,-0.131529,-0.133914,-0.220684
11030,L_knee,0.611699,-0.167075,-0.247624,13.914554
11030,L_foot_pitch,-0.004608,0.189539,0.114826,5.666671
11030,L_foot_roll,1.448161,0.144816,0.030988,9.081267
11030,R_hip_roll,-0.057617,-0.008643,0.024244,-7.124482
11030,R_hip_yaw,0.064413,0.016103,0.017853,-0.579723
11030,R_hip_pitch,0.951650,0.367912,0.321348,3.765373
11030,R_knee,1.314015,0.648504,0.612896,0.515877
11030,R_foot_pitch,-2.863283,-0.476328,-0.360277,-9.188533
11030,R_foot_roll,0.008559,0.000856,-0.003263,-0.082866
11040,L_hip_roll,1.372153,0.205823,-0.029084,46.469095
11040,L_hip_yaw,0.101288,0.025322,0.017316,0.961783
11040,L_hip_pitch,-0.070096,-0.147524,-0.128800,-2.773499
11040,L_knee,0.625069,-0.163733,-0.245755,14.199960
11040,L_foot_pitch,-0.032165,0.186783,0.118252,5.112360
11040,L_foot_roll,1.530069,0.153007,0.030099,10.056550
11040,R_hip_roll,-0.098602,-0.014790,0.025965,-8.661916
11040,R_hip_yaw,0.062645,0.015661,0.021525,-1.053784
11040,R_hip_pitch,0.969890,0.372472,0.338977,2.349290
11040,R_knee,1.381781,0.665445,0.630951,1.417830
11040,R_foot_pitch,-2.924035,-0.482404,-0.361177,-9.614954
11040,R_foot_roll,0.023681,0.002368,0.000553,-0.178752
11050,L_hip_roll,1.408718,0.211308,-0.027429,47.208699
11050,L_hip_yaw,0.135536,0.033884,0.017315,1.992403
11050,L_hip_pitch,-0.111002,-0.157750,-0.124003,-4.511685
11050,L_knee,0.654932,-0.156267,-0.244530,15.627818
11050,L_foot_pitch,0.016950,0.191695,0.122001,5.158800
11050,L_foot_roll,1.558385,0.155839,0.029287,10.256370
11050,R_hip_roll,-0.092998,-0.013950,0.027361,-8.631275
11050,R_hip_yaw,0.056004,0.014001,0.024476,-1.503158
11050,R_hip_pitch,0.957734,0.369433,0.355336,0.124225
11050,R_knee,1.417538,0.674385,0.645848,1.140774
11050,R_foot_pitch,-2.919047,-0.481905,-0.361996,-9.515000
11050,R_foot_roll,0.064173,0.006417,0.003312,0.029498
11060,L_hip_roll,1.337769,0.200665,-0.025461,44.564141
11060,L_hip_yaw,0.151566,0.037891,0.017308,2.471790
11060,L_hip_pitch,-0.143270,-0.165817,-0.119388,-6.042471
11060,L_knee,0.675545,-0.151114,-0.243761,16.456329
11060,L_foot_pitch,0.029425,0.192942,0.126057,4.922883
11060,L_foot_roll,1.536307,0.153631,0.028063,10.255966
11060,R_hip_roll,-0.105338,-0.015801,0.028462,-9.162739
11060,R_hip_yaw,0.054673,0.013668,0.025995,-1.560096
11060,R_hip_pitch,0.953771,0.368443,0.370039,-1.556850
11060,R_knee,1.431296,0.677824,0.657303,0.838133
11060,R_foot_pitch,-2.903801,-0.480380,-0.362691,-9.353084
11060,R_foot_roll,0.087566,0.008757,0.005803,-0.006791
11070,L_hip_roll,1.264992,0.189749,-0.023325,41.942878
11070,L_hip_yaw,0.164592,0.041148,0.017282,2.868734
11070,L_hip_pitch,-0.177791,-0.174448,-0.114549,-7.692667
11070,L_knee,0.680157,-0.149961,-0.242962,16.457352
11070,L_foot_pitch,-0.007805,0.189220,0.130191,4.293503
11070,L_foot_roll,1.454908,0.145491,0.026811,9.692855
11070,R_hip_roll,-0.052737,-0.007910,0.029140,-7.545757
11070,R_hip_yaw,0.054234,0.013559,0.026069,-1.458796
11070,R_hip_pitch,0.952233,0.368058,0.382352,-2.826328
11070,R_knee,1.442434,0.680609,0.664478,1.359638
11070,R_foot_pitch,-2.835625,-0.473563,-0.363208,-8.784340
11070,R_foot_roll,0.124932,0.012493,0.008461,0.069194
11080,L_hip_roll,1.212886,0.181933,-0.021141,39.977740
11080,L_hip_yaw,0.174455,0.043614,0.017216,3.175367
11080,L_hip_pitch,-0.185028,-0.176257,-0.109584,-8.490674
11080,L_knee,0.684569,-0.148858,-0.242218,16.629110
11080,L_foot_pitch,-0.058717,0.184128,0.134373,3.589963
11080,L_foot_roll,1.397517,0.139752,0.025657,9.136392
11080,R_hip_roll,-0.021889,-0.003283,0.029331,-6.516176
11080,R_hip_yaw,0.047978,0.011994,0.024946,-1.396923
11080,R_hip_pitch,0.957871,0.369468,0.392216,-3.611839
11080,R_knee,1.445607,0.681402,0.667585,2.042873
11080,R_foot_pitch,-2.751185,-0.465118,-0.363491,-8.111665
11080,R_foot_roll,0.144967,0.014497,0.011365,-0.034965
11090,L_hip_roll,1.167407,0.175111,-0.018927,38.151433
11090,L_hip_yaw,0.180673,0.045168,0.017125,3.375601
11090,L_hip_pitch,-0.196329,-0.179082,-0.104617,-9.429196
11090,L_knee,0.674822,-0.151295,-0.241649,16.137821
11090,L_foot_pitch,-0.168541,0.173146,0.138797,2.274306
11090,L_foot_roll,1.315209,0.131521,0.024146,8.761917
11090,R_hip_roll,-0.013467,-0.002020,0.029124,-6.106154
11090,R_hip_yaw,0.053843,0.013461,0.022689,-0.842106
11090,R_hip_pitch,0.965428,0.371357,0.399950,-4.118040
11090,R_knee,1.410121,0.672530,0.667554,1.243075
11090,R_foot_pitch,-2.686646,-0.458665,-0.363508,-7.620239
11090,R_foot_roll,0.131176,0.013118,0.014110,-0.322524
11100,L_hip_roll,1.098531,0.164780,-0.016735,35.599071
11100,L_hip_yaw,0.188107,0.047027,0.017032,3.607838
11100,L_hip_pitch,-0.174933,-0.173733,-0.099794,-9.356266
11100,L_knee,0.662185,-0.154454,-0.241351,15.542419
11100,L_foot_pitch,-0.277237,0.162276,0.143382,1.031602
11100,L_foot_roll,1.183479,0.118348,0.022444,7.999635
11100,R_hip_roll,-0.007702,-0.001155,0.028453,-5.666121
11100,R_hip_yaw,0.050995,0.012749,0.020267,-0.692036
11100,R_hip_pitch,0.955135,0.368784,0.405546,-4.881666
11100,R_knee,1.357770,0.659442,0.664315,0.491133
11100,R_foot_pitch,-2.602612,-0.450261,-0.363296,-6.984834
11100,R_foot_roll,0.106804,0.010680,0.015537,-0.459946
11110,L_hip_roll,1.017711,0.152657,-0.014685,32.883777
11110,L_hip_yaw,0.188895,0.047224,0.016938,3.645442
11110,L_hip_pitch,-0.152174,-0.168044,-0.095071,-9.223314
11110,L_knee,0.641540,-0.159615,-0.241268,14.732152
11110,L_foot_pitch,-0.412432,0.148757,0.147993,-0.452586
11110,L_foot_roll,1.054862,0.105486,0.021098,6.907352
11110,R_hip_roll,0.031542,0.004731,0.027170,-4.002230
11110,R_hip_yaw,0.049687,0.012422,0.018508,-0.587731
11110,R_hip_pitch,0.955703,0.368926,0.408588,-4.956476
11110,R_knee,1.296937,0.644234,0.657062,0.330639
11110,R_foot_pitch,-2.486413,-0.438641,-0.362891,-6.105484
11110,R_foot_roll,0.085493,0.008549,0.014972,-0.384742
11120,L_hip_roll,0.888633,0.133295,-0.012788,28.679434
11120,L_hip_yaw,0.184880,0.046220,0.016834,3.536318
11120,L_hip_pitch,-0.079757,-0.149939,-0.090331,-7.620491
11120,L_knee,0.608350,-0.167912,-0.241296,13.261985
11120,L_foot_pitch,-0.589828,0.131017,0.152974,-2.293081
11120,L_foot_roll,0.871397,0.087140,0.019254,5.634090
11120,R_hip_roll,0.055357,0.008304,0.025310,-2.766353
11120,R_hip_yaw,0.050166,0.012542,0.017259,-0.454697
11120,R_hip_pitch,0.960325,0.370081,0.408988,-4.618032
11120,R_knee,1.189139,0.617285,0.645734,-1.349544
11120,R_foot_pitch,-2.345865,-0.424587,-0.362290,-5.049158
11120,R_foot_roll,0.042083,0.004208,0.012718,-0.418752
11130,L_hip_roll,0.774963,0.116244,-0.011217,25.060767
11130,L_hip_yaw,0.178378,0.044595,0.016745,3.349647
11130,L_hip_pitch,-0.020298,-0.135074,-0.085325,-6.476370
11130,L_knee,0.567797,-0.178051,-0.241047,11.271596
11130,L_foot_pitch,-0.787964,0.111204,0.157824,-4.228636
11130,L_foot_roll,0.657445,0.065745,0.017763,4.127827
11130,R_hip_roll,0.130993,0.019649,0.022903,0.162115
11130,R_hip_yaw,0.049218,0.012304,0.016259,-0.379276
11130,R_hip_pitch,0.958088,0.369522,0.406466,-4.071770
11130,R_knee,1.048770,0.582192,0.629709,-3.253485
11130,R_foot_pitch,-2.151188,-0.405119,-0.361461,-3.581160
11130,R_foot_roll,-0.021928,-0.002193,0.009070,-0.507879
11140,L_hip_roll,0.566214,0.084932,-0.009983,18.690200
11140,L_hip_yaw,0.163184,0.040796,0.016640,2.909651
11140,L_hip_pitch,0.060823,-0.114794,-0.080053,-4.682458
11140,L_knee,0.529891,-0.187527,-0.240739,9.592562
11140,L_foot_pitch,-1.018169,0.088183,0.162857,-6.513917
11140,L_foot_roll,0.412624,0.041262,0.015811,2.236684
11140,R_hip_roll,0.212821,0.031923,0.020175,3.215236
11140,R_hip_yaw,0.047714,0.011928,0.014881,-0.180285
11140,R_hip_pitch,0.934862,0.363716,0.400461,-3.690165
11140,R_knee,0.873414,0.538353,0.607563,-5.203895
11140,R_foot_pitch,-1.891371,-0.379137,-0.360342,-1.623229
11140,R_foot_roll,-0.130092,-0.013009,0.003670,-0.758594
11150,L_hip_roll,0.274028,0.041104,-0.009223,9.970561
11150,L_hip_yaw,0.139324,0.034831,0.016505,2.210881
11150,L_hip_pitch,0.180646,-0.084838,-0.074269,-1.846048
11150,L_knee,0.468645,-0.202839,-0.240084,6.548525
11150,L_foot_pitch,-1.304205,0.059580,0.167881,-9.129614
11150,L_foot_roll,0.124125,0.012412,0.013959,-0.043342
11150,R_hip_roll,0.347848,0.052177,0.017429,7.810940
11150,R_hip_yaw,0.041053,0.010263,0.012317,0.071226
11150,R_hip_pitch,0.884102,0.351025,0.390400,-3.587991
11150,R_knee,0.636983,0.479246,0.577893,-8.155768
11150,R_foot_pitch,-1.563792,-0.346379,-0.358841,0.836931
11150,R_foot_roll,-0.300440,-0.030044,-0.004492,-1.166741
11160,L_hip_roll,-0.136703,-0.020505,-0.009173,-2.126250
11160,L_hip_yaw,0.120257,0.030064,0.016280,1.676537
11160,L_hip_pitch,0.304993,-0.053752,-0.067598,0.974814
11160,L_knee,0.393719,-0.221570,-0.238875,2.747526
11160,L_foot_pitch,-1.606752,0.029325,0.172827,-11.933921
11160,L_foot_roll,-0.215395,-0.021539,0.012208,-2.608028
11160,R_hip_roll,0.548597,0.082290,0.014902,14.234096
11160,R_hip_yaw,0.029228,0.007307,0.007590,0.539229
11160,R_hip_pitch,0.803477,0.330869,0.375220,-3.636689
11160,R_knee,0.328916,0.402229,0.538330,-11.704047
11160,R_foot_pitch,-1.163531,-0.306353,-0.353308,3.053449
11160,R_foot_roll,-0.574704,-0.057470,-0.017145,-1.858610
11170,L_hip_roll,-0.655710,-0.098356,-0.010009,-17.233438
11170,L_hip_yaw,0.111284,0.027821,0.015918,1.462557
11170,L_hip_pitch,0.374293,-0.036427,-0.059670,1.969175
11170,L_knee,0.296257,-0.245936,-0.237060,-2.125148
11170,L_foot_pitch,-1.797457,0.010254,0.177882,-13.882663
11170,L_foot_roll,-0.523253,-0.052325,0.010329,-4.892606
11170,R_hip_roll,0.707468,0.106120,0.013051,19.119208
11170,R_hip_yaw,0.031010,0.007753,-0.000474,1.927350
11170,R_hip_pitch,0.602382,0.280595,0.353514,-6.380919
11170,R_knee,-0.038274,0.310432,0.485470,-14.458457
11170,R_foot_pitch,-0.724370,-0.262437,-0.335267,3.554942
11170,R_foot_roll,-0.982851,-0.098285,-0.037095,-2.732801
11180,L_hip_roll,-0.851869,-0.127780,-0.011822,-22.843473
11180,L_hip_yaw,0.051758,0.012939,0.015382,-0.280705
11180,L_hip_pitch,0.278890,-0.060278,-0.050978,-1.961308
11180,L_knee,0.324583,-0.238854,-0.235885,-0.756760
11180,L_foot_pitch,-1.572493,0.032751,0.183241,-12.506253
11180,L_foot_roll,-0.678502,-0.067850,0.008492,-5.876180
11180,R_hip_roll,0.727289,0.109093,0.011643,19.980418
11180,R_hip_yaw,0.062288,0.015572,-0.009052,3.147234
11180,R_hip_pitch,0.349730,0.217433,0.325706,-10.811133
11180,R_knee,-0.346391,0.233402,0.422548,-21.830103
11180,R_foot_pitch,-0.442636,-0.234264,-0.288206,-5.747131
11180,R_foot_roll,-1.604079,-0.160408,-0.060117,-8.304018
11190,L_hip_roll,-0.890921,-0.133638,-0.012242,-24.280282
11190,L_hip_yaw,0.025183,0.006296,0.014816,-0.940817
11190,L_hip_pitch,0.105168,-0.103708,-0.041766,-8.379067
11190,L_knee,0.229178,-0.262706,-0.235331,-4.981415
11190,L_foot_pitch,-0.844309,0.105569,0.187847,-7.022601
11190,L_foot_roll,-0.251776,-0.025178,0.005521,-2.163915
11190,R_hip_roll,0.056388,0.008458,0.011591,-0.903485
11190,R_hip_yaw,0.206297,0.051574,-0.009703,7.383875
11190,R_hip_pitch,0.297799,0.204450,0.299375,-8.589487
11190,R_knee,-0.465086,0.203728,0.375364,-16.463955
11190,R_foot_pitch,-0.130296,-0.203030,-0.181525,-11.987136
11190,R_foot_roll,-2.001669,-0.200167,-0.069435,-8.814669
11200,L_hip_roll,-0.362075,-0.054311,-0.012637,-8.099908
11200,L_hip_yaw,-0.057363,-0.014341,0.013862,-3.290067
11200,L_hip_pitch,-0.194298,-0.178575,-0.036071,-17.398095
11200,L_knee,0.019647,-0.315088,-0.240831,-10.549946
11200,L_foot_pitch,0.185195,0.208520,0.192074,0.904110
11200,L_foot_roll,0.448731,0.044873,0.003889,3.438403
11200,R_hip_roll,-0.454463,-0.068169,0.012684,-16.457986
11200,R_hip_yaw,0.240918,0.060229,-0.010429,8.609807
11200,R_hip_pitch,0.299655,0.204914,0.272323,-5.541027
11200,R_knee,-0.432768,0.211808,0.329152,-8.242424
11200,R_foot_pitch,0.255403,-0.164460,-0.083512,-14.450000
11200,R_foot_roll,-1.884529,-0.188453,-0.091984,-5.177666
11210,L_hip_roll,-0.335716,-0.050357,-0.013124,-7.769021
11210,L_hip_yaw,-0.096315,-0.024079,0.009223,-3.288395
11210,L_hip_pitch,-0.179988,-0.174997,-0.043118,-14.462985
11210,L_knee,-0.098302,-0.344576,-0.265143,-4.644227
11210,L_foot_pitch,0.742316,0.264232,0.203034,3.672274
11210,L_foot_roll,0.733418,0.073342,0.013908,3.147654
11210,R_hip_roll,-0.805775,-0.120866,0.012830,-26.704491
11210,R_hip_yaw,0.074526,0.018632,-0.011494,3.560692
11210,R_hip_pitch,0.050993,0.142748,0.255955,-12.887842
11210,R_knee,-0.464084,0.203979,0.303602,-16.017297
11210,R_foot_pitch,0.678979,-0.122102,-0.037094,-6.345032
11210,R_foot_roll,-1.567607,-0.156761,-0.093099,-7.884331
11220,L_hip_roll,-0.068875,-0.010331,-0.012732,0.472035
11220,L_hip_yaw,-0.077394,-0.019348,-0.004355,-0.085060
11220,L_hip_pitch,-0.169134,-0.172283,-0.060853,-11.432296
11220,L_knee,-0.210323,-0.372581,-0.304495,0.144193
11220,L_foot_pitch,1.049084,0.294908,0.225372,2.983219
11220,L_foot_roll,0.919441,0.091944,0.039839,1.241435
11220,R_hip_roll,-0.883769,-0.132565,0.012474,-28.901290
11220,R_hip_yaw,-0.001777,-0.000444,-0.011780,1.426429
11220,R_hip_pitch,-0.032276,0.121931,0.247513,-14.140762
11220,R_knee,-0.395996,0.221001,0.293704,-9.522980
11220,R_foot_pitch,1.030155,-0.086984,-0.039021,-3.795026
11220,R_foot_roll,-1.278217,-0.127822,-0.061119,-8.641263
11230,L_hip_roll,0.003919,0.000588,-0.012297,2.324953
11230,L_hip_yaw,-0.095182,-0.023796,-0.019885,0.868938
11230,L_hip_pitch,-0.141830,-0.165457,-0.081092,-8.157626
11230,L_knee,-0.284713,-0.391178,-0.346820,4.060234
11230,L_foot_pitch,1.186822,0.308682,0.256839,0.977610
11230,L_foot_roll,0.939170,0.093917,0.070438,-0.967574
11230,R_hip_roll,-1.064407,-0.159661,0.012346,-34.463108
11230,R_hip_yaw,-0.048280,-0.012070,-0.012833,0.206061
11230,R_hip_pitch,0.023158,0.135790,0.237210,-11.093042
11230,R_knee,-0.474409,0.201398,0.280271,-10.025718
11230,R_foot_pitch,1.044714,-0.085529,-0.038311,-3.890236
11230,R_foot_roll,-1.190210,-0.119021,-0.026715,-10.736624
11240,L_hip_roll,-0.241549,-0.036232,-0.009413,-6.436242
11240,L_hip_yaw,-0.114739,-0.028685,-0.029964,0.906471
11240,L_hip_pitch,-0.091122,-0.152780,-0.099630,-4.711497
11240,L_knee,-0.347783,-0.406946,-0.382534,4.788488
11240,L_foot_pitch,1.217550,0.311755,0.286369,-0.523804
11240,L_foot_roll,0.871112,0.087111,0.092300,-2.019004
11240,R_hip_roll,-1.115383,-0.167308,0.016445,-38.349607
11240,R_hip_yaw,-0.077658,-0.019414,-0.013357,-0.691360
11240,R_hip_pitch,0.089467,0.152367,0.229425,-8.474693
11240,R_knee,-0.597459,0.170635,0.271251,-15.535753
11240,R_foot_pitch,1.088471,-0.081153,-0.039343,-3.273652
11240,R_foot_roll,-1.149940,-0.114994,-0.024177,-6.425652
11250,L_hip_roll,-0.244485,-0.036673,-0.006157,-6.911143
11250,L_hip_yaw,-0.109387,-0.027347,-0.035860,1.458904
11250,L_hip_pitch,-0.118326,-0.159581,-0.113798,-4.308379
11250,L_knee,-0.393846,-0.418461,-0.406942,3.603467
11250,L_foot_pitch,1.290363,0.319036,0.305629,-0.296397
11250,L_foot_roll,0.853089,0.085309,0.100183,-1.421086
11250,R_hip_roll,-1.041589,-0.156238,0.021200,-36.802365
11250,R_hip_yaw,-0.081267,-0.020317,-0.013622,-0.782891
11250,R_hip_pitch,0.092444,0.153111,0.220750,-7.127568
11250,R_knee,-0.624500,0.163875,0.261627,-14.289858
11250,R_foot_pitch,1.098363,-0.080164,-0.039185,-3.331033
11250,R_foot_roll,-1.095634,-0.109563,-0.026010,-6.478692
11260,L_hip_roll,-0.166351,-0.024953,-0.004192,-4.528647
11260,L_hip_yaw,-0.121525,-0.030381,-0.037707,0.869328
11260,L_hip_pitch,-0.156772,-0.169193,-0.123921,-4.568991
11260,L_knee,-0.395193,-0.418798,-0.421511,3.738363
11260,L_foot_pitch,1.346689,0.324669,0.315293,0.119408
11260,L_foot_roll,0.777177,0.077718,0.097941,-1.144455
11260,R_hip_roll,-1.022165,-0.153325,0.025111,-36.722958
11260,R_hip_yaw,-0.048432,-0.012108,-0.013828,0.224289
11260,R_hip_pitch,0.004229,0.131057,0.209725,-8.274612
11260,R_knee,-0.612965,0.166759,0.249183,-10.902384
11260,R_foot_pitch,1.321258,-0.057874,-0.038090,-1.716048
11260,R_foot_roll,-1.011307,-0.101131,-0.027845,-5.695293
11270,L_hip_roll,-0.109268,-0.016390,-0.003602,-2.565342
11270,L_hip_yaw,-0.115645,-0.028911,-0.036435,0.692382
11270,L_hip_pitch,-0.258149,-0.194537,-0.130972,-7.040133
11270,L_knee,-0.438352,-0.429588,-0.428545,1.038479
11270,L_foot_pitch,1.357761,0.325776,0.319689,0.199718
11270,L_foot_roll,0.645815,0.064581,0.090089,-1.143438
11270,R_hip_roll,-1.140728,-0.171109,0.028076,-40.626481
11270,R_hip_yaw,0.015074,0.003769,-0.013855,2.126924
11270,R_hip_pitch,-0.059035,0.115241,0.197187,-8.564359
11270,R_knee,-0.621590,0.164603,0.235113,-8.491603
11270,R_foot_pitch,1.526396,-0.037360,-0.036803,-0.258979
11270,R_foot_roll,-1.020858,-0.102086,-0.029439,-5.711221
11280,L_hip_roll,-0.045693,-0.006854,-0.004178,-0.183840
11280,L_hip_yaw,-0.113769,-0.028442,-0.033339,0.226754
11280,L_hip_pitch,-0.226077,-0.186519,-0.137312,-5.243556
11280,L_knee,-0.460178,-0.435044,-0.432441,0.578287
11280,L_foot_pitch,1.427416,0.332742,0.321659,0.764983
11280,L_foot_roll,0.541368,0.054137,0.078235,-0.684896
11280,R_hip_roll,-1.114863,-0.167230,0.030228,-40.004135
11280,R_hip_yaw,-0.018906,-0.004726,-0.013802,1.073875
11280,R_hip_pitch,-0.043934,0.119016,0.184664,-6.661431
11280,R_knee,-0.707865,0.143034,0.221155,-10.007596
11280,R_foot_pitch,1.440962,-0.045904,-0.034801,-1.069093
11280,R_foot_roll,-1.093647,-0.109365,-0.030357,-6.238938
11290,L_hip_roll,0.034639,0.005196,-0.005644,2.706919
11290,L_hip_yaw,-0.102522,-0.025631,-0.029725,0.153094
11290,L_hip_pitch,-0.227250,-0.186812,-0.144082,-4.444448
11290,L_knee,-0.513141,-0.448285,-0.435647,-1.449242
11290,L_foot_pitch,1.447898,0.334790,0.324042,0.571347
11290,L_foot_roll,0.436048,0.043605,0.064657,-0.390089
11290,R_hip_roll,-1.309564,-0.196435,0.031704,-45.993525
11290,R_hip_yaw,-0.045476,-0.011369,-0.013660,0.258540
11290,R_hip_pitch,-0.046983,0.118254,0.172184,-5.228272
11290,R_knee,-0.709197,0.142701,0.207053,-7.358782
11290,R_foot_pitch,1.443356,-0.045664,-0.032770,-1.233539
11290,R_foot_roll,-1.196699,-0.119670,-0.031149,-7.012309
11300,L_hip_roll,0.032052,0.004808,-0.007896,3.342217
11300,L_hip_yaw,-0.085864,-0.021466,-0.026468,0.307032
11300,L_hip_pitch,-0.269566,-0.197391,-0.151824,-4.642853
11300,L_knee,-0.545596,-0.456399,-0.439610,-1.694773
11300,L_foot_pitch,1.583951,0.348395,0.327656,1.291355
11300,L_foot_roll,0.380236,0.038024,0.051499,0.123203
11300,R_hip_roll,-1.377279,-0.206592,0.032426,-47.889571
11300,R_hip_yaw,-0.049576,-0.012394,-0.013562,0.131988
11300,R_hip_pitch,-0.154401,0.091400,0.160559,-7.218082
11300,R_knee,-0.689241,0.147690,0.194142,-4.861621
11300,R_foot_pitch,1.568806,-0.033119,-0.031236,-0.252680
11300,R_foot_roll,-1.269906,-0.126991,-0.031697,-7.584453
11310,L_hip_roll,0.151525,0.022729,-0.011049,7.824853
11310,L_hip_yaw,-0.079001,-0.019750,-0.023303,0.119914
11310,L_hip_pitch,-0.336619,-0.214155,-0.160811,-5.473282
11310,L_knee,-0.581480,-0.465370,-0.445431,-1.713397
11310,L_foot_pitch,1.579676,0.347968,0.334284,0.314079
11310,L_foot_roll,0.342396,0.034240,0.040985,0.321527
11310,R_hip_roll,-1.372301,-0.205845,0.032197,-47.408570
11310,R_hip_yaw,-0.035476,-0.008869,-0.013569,0.568375
11310,R_hip_pitch,-0.159926,0.090018,0.150465,-6.310587
11310,R_knee,-0.678190,0.150453,0.183830,-3.300880
11310,R_foot_pitch,1.636149,-0.026385,-0.030810,0.369780
11310,R_foot_roll,-1.283938,-0.128394,-0.031905,-7.714381
11320,L_hip_roll,0.127724,0.019159,-0.014635,7.840667
11320,L_hip_yaw,-0.062174,-0.015543,-0.020435,0.342307
11320,L_hip_pitch,-0.353953,-0.218488,-0.171234,-4.575740
11320,L_knee,-0.622333,-0.475583,-0.453205,-1.570847
11320,L_foot_pitch,1.576160,0.347616,0.341611,-0.146318
11320,L_foot_roll,0.296392,0.029639,0.033890,0.211794
11320,R_hip_roll,-1.419831,-0.212975,0.031248,-48.486856
11320,R_hip_yaw,-0.063324,-0.015831,-0.013640,-0.257061
11320,R_hip_pitch,-0.114585,0.101354,0.142241,-4.178267
11320,R_knee,-0.765795,0.128551,0.176640,-6.953437
11320,R_foot_pitch,1.510743,-0.038926,-0.031708,-0.424715
11320,R_foot_roll,-1.345667,-0.134567,-0.031834,-8.236977
11330,L_hip_roll,0.112242,0.016836,-0.018164,8.041385
11330,L_hip_yaw,-0.036147,-0.009037,-0.017901,0.830035
11330,L_hip_pitch,-0.373355,-0.223339,-0.182968,-3.646239
11330,L_knee,-0.649531,-0.482383,-0.462205,-0.960654
11330,L_foot_pitch,1.699515,0.359951,0.345998,0.842500
11330,L_foot_roll,0.199464,0.019946,0.029216,-0.367477
11330,R_hip_roll,-1.339647,-0.200947,0.029856,-45.689289
11330,R_hip_yaw,-0.071204,-0.017801,-0.013810,-0.457400
11330,R_hip_pitch,-0.116601,0.100850,0.135305,-3.470743
11330,R_knee,-0.817405,0.115649,0.171337,-8.558775
11330,R_foot_pitch,1.299264,-0.060074,-0.033369,-1.954268
11330,R_foot_roll,-1.377076,-0.137708,-0.031563,-8.528891
11340,L_hip_roll,0.159253,0.023888,-0.021303,9.910228
11340,L_hip_yaw,-0.030561,-0.007640,-0.014696,0.493680
11340,L_hip_pitch,-0.403796,-0.230949,-0.195078,-3.116002
11340,L_knee,-0.696621,-0.494155,-0.471195,-1.616769
11340,L_foot_pitch,1.759300,0.365930,0.350262,0.776683
11340,L_foot_roll,0.069269,0.006927,0.024089,-0.824628
11340,R_hip_roll,-1.320652,-0.198098,0.028301,-44.804489
11340,R_hip_yaw,-0.061124,-0.015281,-0.014103,-0.108922
11340,R_hip_pitch,-0.096796,0.105801,0.128452,-2.021812
11340,R_knee,-0.791038,0.122241,0.166160,-6.333538
11340,R_foot_pitch,1.200196,-0.069980,-0.035116,-2.616175
11340,R_foot_roll,-1.351051,-0.135105,-0.031200,-8.356457
11350,L_hip_roll,0.172090,0.025813,-0.023761,10.550572
11350,L_hip_yaw,-0.046090,-0.011523,-0.011259,-0.340514
11350,L_hip_pitch,-0.421541,-0.235385,-0.207417,-2.123330
11350,L_knee,-0.728419,-0.502105,-0.479969,-1.456230
11350,L_foot_pitch,1.703599,0.360360,0.353041,0.434299
11350,L_foot_roll,-0.051039,-0.005104,0.015589,-0.706008
11350,R_hip_roll,-1.368414,-0.205262,0.026706,-45.907526
11350,R_hip_yaw,-0.072579,-0.018145,-0.014402,-0.424037
11350,R_hip_pitch,-0.067837,0.113041,0.122391,-0.580711
11350,R_knee,-0.789799,0.122550,0.162336,-6.344208
11350,R_foot_pitch,1.180623,-0.071938,-0.037446,-2.480627
11350,R_foot_roll,-1.321973,-0.132197,-0.030703,-8.176448
11360,L_hip_roll,0.136308,0.020446,-0.025408,9.555842
11360,L_hip_yaw,-0.042777,-0.010694,-0.010028,-0.061184
11360,L_hip_pitch,-0.429880,-0.237470,-0.219891,-0.884644
11360,L_knee,-0.774594,-0.513649,-0.488270,-2.278238
11360,L_foot_pitch,1.717492,0.361749,0.353624,0.646863
11360,L_foot_roll,-0.112995,-0.011299,0.003767,-0.000457
11360,R_hip_roll,-1.427988,-0.214198,0.024999,-47.306961
11360,R_hip_yaw,-0.096460,-0.024115,-0.014634,-1.119385
11360,R_hip_pitch,-0.049580,0.117605,0.118017,0.318892
11360,R_knee,-0.815060,0.116235,0.161266,-8.141653
11360,R_foot_pitch,1.129276,-0.077072,-0.040913,-2.495144
11360,R_foot_roll,-1.349086,-0.134909,-0.030005,-8.468947
11370,L_hip_roll,0.087146,0.013072,-0.026373,8.106216
11370,L_hip_yaw,-0.045205,-0.011301,-0.011268,0.188826
11370,L_hip_pitch,-0.428901,-0.237225,-0.232137,0.580003
11370,L_knee,-0.798836,-0.519709,-0.496001,-2.092398
11370,L_foot_pitch,1.699930,0.359993,0.353354,0.574525
11370,L_foot_roll,-0.153094,-0.015309,-0.007707,0.390706
11370,R_hip_roll,-1.389085,-0.208363,0.023096,-45.689712
11370,R_hip_yaw,-0.117500,-0.029375,-0.014861,-1.719082
11370,R_hip_pitch,-0.004259,0.128935,0.114800,1.994326
11370,R_knee,-0.834482,0.111379,0.162245,-9.617424
11370,R_foot_pitch,1.037276,-0.086272,-0.045279,-2.816008
11370,R_foot_roll,-1.334931,-0.133493,-0.029144,-8.441815
11380,L_hip_roll,0.051381,0.007707,-0.026885,7.024073
11380,L_hip_yaw,-0.045019,-0.011255,-0.013615,0.534449
11380,L_hip_pitch,-0.445282,-0.241320,-0.243606,1.359852
11380,L_knee,-0.813957,-0.523489,-0.502721,-1.972155
11380,L_foot_pitch,1.665395,0.356540,0.352838,0.350623
11380,L_foot_roll,-0.178671,-0.017867,-0.015785,0.446084
11380,R_hip_roll,-1.342198,-0.201330,0.020964,-43.788583
11380,R_hip_yaw,-0.134675,-0.033669,-0.015115,-2.201840
11380,R_hip_pitch,0.027788,0.136947,0.112051,3.256889
11380,R_knee,-0.830064,0.112484,0.164344,-10.057858
11380,R_foot_pitch,0.914687,-0.098531,-0.050206,-3.355762
11380,R_foot_roll,-1.309381,-0.130938,-0.028123,-8.335064
11390,L_hip_roll,0.047096,0.007064,-0.027118,6.876629
11390,L_hip_yaw,-0.039187,-0.009797,-0.015847,0.916764
11390,L_hip_pitch,-0.442782,-0.240696,-0.253887,2.544554
11390,L_knee,-0.822690,-0.525672,-0.507846,-1.940307
11390,L_foot_pitch,1.585439,0.348544,0.352277,-0.243764
11390,L_foot_roll,-0.201862,-0.020186,-0.020062,0.264846
11390,R_hip_roll,-1.280892,-0.192134,0.018602,-41.409150
11390,R_hip_yaw,-0.152665,-0.038166,-0.015375,-2.709431
11390,R_hip_pitch,0.060054,0.145013,0.109740,4.449288
11390,R_knee,-0.813683,0.116579,0.167577,-10.287179
11390,R_foot_pitch,0.892756,-0.100724,-0.055731,-3.023226
11390,R_foot_roll,-1.250263,-0.125026,-0.026950,-7.971505
11400,L_hip_roll,0.002661,0.000399,-0.027097,5.449490
11400,L_hip_yaw,-0.043191,-0.010798,-0.016905,0.774405
11400,L_hip_pitch,-0.465150,-0.246288,-0.262732,2.782566
11400,L_knee,-0.805943,-0.521486,-0.511006,-1.230263
11400,L_foot_pitch,1.518191,0.341819,0.350565,-0.470869
11400,L_foot_roll,-0.222542,-0.022254,-0.021904,0.085921
11400,R_hip_roll,-1.225260,-0.183789,0.016079,-39.206545
11400,R_hip_yaw,-0.156055,-0.039014,-0.015612,-2.786497
11400,R_hip_pitch,0.072399,0.148100,0.107976,4.976995
11400,R_knee,-0.783907,0.124023,0.172148,-10.173599
11400,R_foot_pitch,0.871537,-0.102846,-0.061919,-2.630644
11400,R_foot_roll,-1.187080,-0.118708,-0.025599,-7.589703
11410,L_hip_roll,-0.044964,-0.006745,-0.026844,3.912020
11410,L_hip_yaw,-0.043015,-0.010754,-0.016805,0.679818
11410,L_hip_pitch,-0.476336,-0.249084,-0.269853,3.122865
11410,L_knee,-0.792213,-0.518053,-0.511581,-1.344233
11410,L_foot_pitch,1.478645,0.337865,0.346480,-0.207764
11410,L_foot_roll,-0.254053,-0.025405,-0.022850,-0.130118
11410,R_hip_roll,-1.149222,-0.172383,0.013434,-36.358327
11410,R_hip_yaw,-0.141547,-0.035387,-0.015800,-2.332910
11410,R_hip_pitch,0.097378,0.154345,0.106850,5.791956
11410,R_knee,-0.784455,0.123886,0.178208,-11.755067
11410,R_foot_pitch,0.830344,-0.106966,-0.068845,-2.329576
11410,R_foot_roll,-1.138307,-0.113831,-0.024086,-7.336640
11420,L_hip_roll,-0.081139,-0.012171,-0.026341,2.639056
11420,L_hip_yaw,-0.039375,-0.009844,-0.015855,0.595570
11420,L_hip_pitch,-0.483351,-0.250838,-0.275194,3.383176
11420,L_knee,-0.765750,-0.511438,-0.509565,-1.210965
11420,L_foot_pitch,1.375105,0.327511,0.340992,-0.541480
11420,L_foot_roll,-0.271840,-0.027184,-0.024115,-0.099953
11420,R_hip_roll,-1.059375,-0.158906,0.010772,-33.151880
11420,R_hip_yaw,-0.150040,-0.037510,-0.015912,-2.583965
11420,R_hip_pitch,0.127644,0.161911,0.106062,6.785180
11420,R_knee,-0.765285,0.128679,0.185151,-12.262213
11420,R_foot_pitch,0.798917,-0.110108,-0.076233,-1.966124
11420,R_foot_roll,-1.058982,-0.105898,-0.022451,-6.843287
11430,L_hip_roll,-0.155885,-0.023383,-0.025548,0.148237
11430,L_hip_yaw,-0.035517,-0.008879,-0.014143,0.435597
11430,L_hip_pitch,-0.486183,-0.251546,-0.278916,3.596013
11430,L_knee,-0.728373,-0.502093,-0.505200,-0.981182
11430,L_foot_pitch,1.259468,0.315947,0.333966,-0.704337
11430,L_foot_roll,-0.277705,-0.027771,-0.025836,0.016691
11430,R_hip_roll,-1.009362,-0.151404,0.008245,-31.204021
11430,R_hip_yaw,-0.152600,-0.038150,-0.015950,-2.661146
11430,R_hip_pitch,0.126185,0.161546,0.105444,6.791720
11430,R_knee,-0.714175,0.141456,0.192504,-11.409322
11430,R_foot_pitch,0.763750,-0.113625,-0.083846,-1.617397
11430,R_foot_roll,-0.975340,-0.097534,-0.020711,-6.322451
11440,L_hip_roll,-0.172440,-0.025866,-0.024716,-0.470715
11440,L_hip_yaw,-0.026022,-0.006506,-0.011702,0.357689
11440,L_hip_pitch,-0.510955,-0.257739,-0.281088,2.960330
11440,L_knee,-0.681236,-0.490309,-0.498477,-0.760295
11440,L_foot_pitch,1.140424,0.304042,0.324585,-0.671824
11440,L_foot_roll,-0.260333,-0.026033,-0.027185,0.193234
11440,R_hip_roll,-0.947193,-0.142079,0.005793,-28.847430
11440,R_hip_yaw,-0.147428,-0.036857,-0.015948,-2.508351
11440,R_hip_pitch,0.128210,0.162053,0.105356,6.790817
11440,R_knee,-0.662248,0.154438,0.200822,-10.968818
11440,R_foot_pitch,0.777096,-0.112290,-0.091928,-0.800175
11440,R_foot_roll,-0.859939,-0.085994,-0.018842,-5.563505
11450,L_hip_roll,-0.218202,-0.032730,-0.024010,-1.958554
11450,L_hip_yaw,-0.018700,-0.004675,-0.008608,0.149165
11450,L_hip_pitch,-0.509309,-0.257327,-0.281977,3.010990
11450,L_knee,-0.609083,-0.472271,-0.489712,0.382159
11450,L_foot_pitch,1.014741,0.291474,0.313163,-0.597317
11450,L_foot_roll,-0.226600,-0.022660,-0.027314,0.332694
11450,R_hip_roll,-0.844636,-0.126695,0.003392,-25.322697
11450,R_hip_yaw,-0.144874,-0.036219,-0.015928,-2.434839
11450,R_hip_pitch,0.128684,0.162171,0.106154,6.610623
11450,R_knee,-0.610213,0.167447,0.210586,-10.832034
11450,R_foot_pitch,0.817953,-0.108205,-0.100658,0.290027
11450,R_foot_roll,-0.714841,-0.071484,-0.016812,-4.579429
11460,L_hip_roll,-0.301547,-0.045232,-0.023414,-4.563438
11460,L_hip_yaw,-0.011966,-0.002991,-0.005141,-0.088594
11460,L_hip_pitch,-0.511845,-0.257961,-0.281446,2.711184
11460,L_knee,-0.510505,-0.447626,-0.478392,1.893490
11460,L_foot_pitch,0.850318,0.275032,0.300325,-0.775738
11460,L_foot_roll,-0.166130,-0.016613,-0.025601,0.488281
11460,R_hip_roll,-0.711473,-0.106721,0.001122,-20.943438
11460,R_hip_yaw,-0.134793,-0.033698,-0.015866,-2.142437
11460,R_hip_pitch,0.117309,0.159327,0.107723,6.003977
11460,R_knee,-0.554690,0.181328,0.221526,-10.652689
11460,R_foot_pitch,0.864228,-0.103577,-0.110107,1.453795
11460,R_foot_roll,-0.549228,-0.054923,-0.014718,-3.440943
11470,L_hip_roll,-0.388651,-0.058298,-0.022941,-7.215643
11470,L_hip_yaw,0.000599,0.000150,-0.001433,-0.179279
11470,L_hip_pitch,-0.517540,-0.259385,-0.278909,2.020381
11470,L_knee,-0.378062,-0.414515,-0.463118,3.792966
11470,L_foot_pitch,0.657022,0.255702,0.285702,-0.954177
11470,L_foot_roll,-0.067048,-0.006705,-0.021448,0.696865
11470,R_hip_roll,-0.547317,-0.082098,-0.000831,-15.719992
11470,R_hip_yaw,-0.122979,-0.030745,-0.015794,-1.800355
11470,R_hip_pitch,0.096656,0.154164,0.109859,5.088053
11470,R_knee,-0.488187,0.197953,0.233347,-9.980645
11470,R_foot_pitch,0.923712,-0.097629,-0.119686,2.732402
11470,R_foot_roll,-0.334363,-0.033436,-0.012758,-1.905695
11480,L_hip_roll,-0.477234,-0.071585,-0.022752,-9.823459
11480,L_hip_yaw,0.009291,0.002323,0.002828,-0.507489
11480,L_hip_pitch,-0.506153,-0.256538,-0.273842,1.492547
11480,L_knee,-0.211853,-0.372963,-0.442390,5.785607
11480,L_foot_pitch,0.444092,0.234409,0.268419,-0.998969
11480,L_foot_roll,0.058319,0.005832,-0.014109,0.786755
11480,R_hip_roll,-0.323628,-0.048544,-0.002425,-8.830867
11480,R_hip_yaw,-0.104066,-0.026017,-0.015664,-1.254655
11480,R_hip_pitch,0.070868,0.147717,0.112269,3.993773
11480,R_knee,-0.404076,0.218981,0.245615,-8.540472
11480,R_foot_pitch,1.039214,-0.086079,-0.129636,4.468265
11480,R_foot_roll,-0.067421,-0.006742,-0.010508,0.029523
11490,L_hip_roll,-0.547434,-0.082115,-0.022813,-11.871163
11490,L_hip_yaw,0.018529,0.004632,0.007714,-0.867470
11490,L_hip_pitch,-0.448759,-0.242190,-0.265748,1.933493
11490,L_knee,0.001262,-0.319685,-0.414702,8.207537
11490,L_foot_pitch,0.218800,0.211880,0.248188,-0.914218
11490,L_foot_roll,0.247058,0.024706,-0.003381,1.126144
11490,R_hip_roll,-0.029557,-0.004434,-0.003412,-0.044937
11490,R_hip_yaw,-0.094080,-0.023520,-0.015418,-1.000791
11490,R_hip_pitch,0.040196,0.140049,0.114939,2.715989
11490,R_knee,-0.302318,0.244421,0.258271,-6.402423
11490,R_foot_pitch,1.195900,-0.070410,-0.139828,6.558618
11490,R_foot_roll,0.284283,0.028428,-0.008253,2.668931
11500,L_hip_roll,-0.545795,-0.081869,-0.022772,-11.867976
11500,L_hip_yaw,0.017720,0.004430,0.012824,-1.503721
11500,L_hip_pitch,-0.265162,-0.196291,-0.253687,5.567234
11500,L_knee,0.256567,-0.255858,-0.377989,10.227743
11500,L_foot_pitch,0.017806,0.191781,0.225425,-0.503862
11500,L_foot_roll,0.539807,0.053981,0.011437,1.853079
11500,R_hip_roll,0.354867,0.053230,-0.003339,11.089984
11500,R_hip_yaw,-0.118896,-0.029724,-0.014915,-1.828985
11500,R_hip_pitch,0.002669,0.130667,0.117958,1.248655
11500,R_knee,-0.194980,0.271255,0.271623,-3.927964
11500,R_foot_pitch,1.332019,-0.056798,-0.150242,8.488715
11500,R_foot_roll,0.716557,0.071656,-0.006096,6.210348
11510,L_hip_roll,-0.439511,-0.065927,-0.022070,-9.056442
11510,L_hip_yaw,-0.019357,-0.004839,0.015542,-2.580039
11510,L_hip_pitch,-0.115184,-0.158796,-0.238604,8.150956
11510,L_knee,0.473581,-0.201605,-0.341876,17.293692
11510,L_foot_pitch,0.088653,0.198865,0.177630,8.748681
11510,L_foot_roll,0.832242,0.083224,0.022159,4.669793
11510,R_hip_roll,0.530120,0.079518,-0.002384,16.126469
11510,R_hip_yaw,-0.118732,-0.029683,-0.014210,-1.918499
11510,R_hip_pitch,0.267199,0.196800,0.120072,9.119457
11510,R_knee,-0.209226,0.267693,0.284474,-6.454160
11510,R_foot_pitch,0.986770,-0.091323,-0.160514,6.523800
11510,R_foot_roll,0.914938,0.091494,-0.003041,7.313551
11520,L_hip_roll,0.337824,0.050674,-0.021166,14.082719
11520,L_hip_yaw,-0.117752,-0.029438,0.017288,-5.798358
11520,L_hip_pitch,-0.218826,-0.184707,-0.221601,2.643411
11520,L_knee,0.587818,-0.173045,-0.311379,15.619051
11520,L_foot_pitch,0.115532,0.201553,0.107524,14.048784
11520,L_foot_roll,0.879619,0.087962,0.023681,5.161489
11520,R_hip_roll,0.678005,0.101701,-0.001918,20.658335
11520,R_hip_yaw,-0.088983,-0.022246,-0.013293,-1.174999
11520,R_hip_pitch,0.362021,0.220505,0.121080,11.839129
11520,R_knee,0.019518,0.324880,0.296461,1.559415
11520,R_foot_pitch,0.138757,-0.176124,-0.170733,0.584191
11520,R_foot_roll,0.755385,0.075539,0.003206,4.946297
11530,L_hip_roll,0.893651,0.134048,-0.021493,32.209528
11530,L_hip_yaw,-0.096942,-0.024235,0.017332,-4.877424
11530,L_hip_pitch,0.105740,-0.103565,-0.211325,12.664950
11530,L_knee,0.512509,-0.191873,-0.295550,18.145794
11530,L_foot_pitch,-0.051127,0.184887,0.081468,8.152652
11530,L_foot_roll,0.847128,0.084713,0.018743,4.770598
11530,R_hip_roll,0.593532,0.089030,-0.003536,19.665077
11530,R_hip_yaw,-0.070907,-0.017727,-0.014342,-0.008836
11530,R_hip_pitch,0.402814,0.230704,0.126314,11.749847
11530,R_knee,0.324995,0.401249,0.312751,10.751558
11530,R_foot_pitch,-0.662298,-0.256230,-0.180732,-5.460731
11530,R_foot_roll,0.308542,0.030854,0.020407,-1.775758
11540,L_hip_roll,0.789184,0.118378,-0.024677,29.333673
11540,L_hip_yaw,-0.088915,-0.022229,0.016616,-4.620396
11540,L_hip_pitch,0.053871,-0.116532,-0.207498,10.428887
11540,L_knee,0.405207,-0.218698,-0.291482,11.393638
11540,L_foot_pitch,-0.361968,0.153803,0.082426,5.583959
11540,L_foot_roll,0.464558,0.046456,0.021980,2.124347
11540,R_hip_roll,0.138797,0.020819,-0.005778,5.568084
11540,R_hip_yaw,-0.004254,-0.001064,-0.019394,2.705038
11540,R_hip_pitch,0.389400,0.227350,0.139460,8.972288
11540,R_knee,0.313479,0.398370,0.342146,-0.408482
11540,R_foot_pitch,-1.168072,-0.306807,-0.204098,-5.079422
11540,R_foot_roll,-0.147004,-0.014700,0.035888,-4.813233
11550,L_hip_roll,0.811418,0.121713,-0.027304,30.635284
11550,L_hip_yaw,0.001449,0.000362,0.016126,-1.846514
11550,L_hip_pitch,0.053802,-0.116550,-0.202222,9.743077
11550,L_knee,0.414653,-0.216337,-0.285274,10.579762
11550,L_foot_pitch,-0.235356,0.166464,0.083279,6.677890
11550,L_foot_roll,0.380332,0.038033,0.024462,0.654482
11550,R_hip_roll,0.138504,0.020776,-0.005997,5.300225
11550,R_hip_yaw,0.013991,0.003498,-0.018965,2.253206
11550,R_hip_pitch,0.444987,0.241247,0.155109,8.875206
11550,R_knee,0.383983,0.415996,0.377122,-2.727661
11550,R_foot_pitch,-1.380466,-0.328047,-0.247402,-1.794832
11550,R_foot_roll,-0.160062,-0.016006,0.025388,-1.282818
11560,L_hip_roll,0.867012,0.130052,-0.029622,32.606480
11560,L_hip_yaw,0.003139,0.000785,0.015961,-1.818081
11560,L_hip_pitch,0.131764,-0.097059,-0.196649,11.381636
11560,L_knee,0.397970,-0.220508,-0.279359,8.877468
11560,L_foot_pitch,-0.185697,0.171430,0.083855,6.954671
11560,L_foot_roll,0.503265,0.050326,0.026228,1.556252
11560,R_hip_roll,0.140843,0.021126,-0.005268,4.941059
11560,R_hip_yaw,-0.006256,-0.001564,-0.010280,-0.066238
11560,R_hip_pitch,0.455402,0.243850,0.168995,7.714371
11560,R_knee,0.447603,0.431901,0.406845,-3.297247
11560,R_foot_pitch,-1.402263,-0.330226,-0.293635,1.255435
11560,R_foot_roll,-0.122187,-0.012219,0.002301,1.089301
11570,L_hip_roll,0.892120,0.133818,-0.031410,33.512824
11570,L_hip_yaw,-0.030103,-0.007526,0.016003,-2.829002
11570,L_hip_pitch,0.192630,-0.081842,-0.190778,12.466134
11570,L_knee,0.416328,-0.215918,-0.274367,9.180118
11570,L_foot_pitch,-0.346410,0.155359,0.085476,5.378503
11570,L_foot_roll,0.606288,0.060629,0.027642,2.461496
11570,R_hip_roll,0.030963,0.004644,-0.003683,1.069610
11570,R_hip_yaw,-0.007065,-0.001766,-0.000020,-1.103003
11570,R_hip_pitch,0.497398,0.254350,0.180350,7.886861
11570,R_knee,0.483635,0.440909,0.429153,-3.450676
11570,R_foot_pitch,-1.512827,-0.341283,-0.325908,1.114384
11570,R_foot_roll,-0.172881,-0.017288,-0.014542,0.962411
11580,L_hip_roll,1.055172,0.158276,-0.032642,38.472467
11580,L_hip_yaw,-0.036463,-0.009116,0.015964,-3.012379
11580,L_hip_pitch,0.102866,-0.104284,-0.183262,8.667600
11580,L_knee,0.461797,-0.204551,-0.268423,9.700130
11580,L_foot_pitch,-0.444104,0.145590,0.087271,4.466703
11580,L_foot_roll,0.638200,0.063820,0.028692,3.066971
11580,R_hip_roll,0.059914,0.008987,-0.001407,1.359469
11580,R_hip_yaw,0.004608,0.001152,0.006247,-1.002134
11580,R_hip_pitch,0.585574,0.276394,0.188934,9.762544
11580,R_knee,0.519012,0.449753,0.444550,-2.782798
11580,R_foot_pitch,-1.687074,-0.358707,-0.342078,-0.314324
11580,R_foot_roll,-0.179431,-0.017943,-0.022032,0.745732
11590,L_hip_roll,1.095034,0.164255,-0.033642,39.827867
11590,L_hip_yaw,-0.070104,-0.017526,0.015926,-4.000667
11590,L_hip_pitch,0.143218,-0.094196,-0.175660,9.061017
11590,L_knee,0.469659,-0.202585,-0.263045,9.483896
11590,L_foot_pitch,-0.346188,0.155381,0.088969,5.095790
11590,L_foot_roll,0.764296,0.076430,0.029883,3.587592
11590,R_hip_roll,0.012269,0.001840,0.001333,-0.807512
11590,R_hip_yaw,0.014720,0.003680,0.008010,-0.533958
11590,R_hip_pitch,0.582094,0.275523,0.196419,8.753331
11590,R_knee,0.630712,0.477678,0.455597,1.139679
11590,R_foot_pitch,-1.867898,-0.376790,-0.350654,-1.412783
11590,R_foot_roll,-0.165837,-0.016584,-0.023472,0.514544
11600,L_hip_roll,1.153058,0.172959,-0.034044,41.538517
11600,L_hip_yaw,-0.080430,-0.020107,0.015682,-4.273369
11600,L_hip_pitch,0.214095,-0.076476,-0.168407,10.358800
11600,L_knee,0.445492,-0.208627,-0.258143,7.760044
11600,L_foot_pitch,-0.449290,0.145071,0.090979,4.075049
11600,L_foot_roll,0.830505,0.083051,0.030599,4.075077
11600,R_hip_roll,0.002176,0.000326,0.004717,-1.905065
11600,R_hip_yaw,0.020583,0.005146,0.007165,-0.088709
11600,R_hip_pitch,0.657012,0.294253,0.204979,9.805907
11600,R_knee,0.709687,0.497422,0.466689,2.090682
11600,R_foot_pitch,-2.088515,-0.398852,-0.354597,-3.324063
11600,R_foot_roll,-0.190465,-0.019046,-0.021426,-0.101722
11610,L_hip_roll,1.153824,0.173074,-0.034035,41.440673
11610,L_hip_yaw,-0.076371,-0.019093,0.015447,-4.134060
11610,L_hip_pitch,0.144129,-0.093968,-0.161573,7.466014
11610,L_knee,0.466858,-0.203285,-0.254090,8.134887
11610,L_foot_pitch,-0.367945,0.153206,0.093529,4.585516
11610,L_foot_roll,0.871693,0.087169,0.031328,4.194148
11610,R_hip_roll,-0.041670,-0.006251,0.008529,-4.128896
11610,R_hip_yaw,0.039626,0.009907,0.005619,0.657811
11610,R_hip_pitch,0.700194,0.305049,0.215661,9.588633
11610,R_knee,0.775400,0.513850,0.480834,1.434554
11610,R_foot_pitch,-2.248933,-0.414893,-0.355836,-4.658841
11610,R_foot_roll,-0.180171,-0.018017,-0.019143,-0.083822
11620,L_hip_roll,1.195949,0.179392,-0.033708,42.356516
11620,L_hip_yaw,-0.061890,-0.015473,0.015167,-3.667919
11620,L_hip_pitch,0.153444,-0.091639,-0.155889,7.163323
11620,L_knee,0.485855,-0.198536,-0.251821,9.009076
11620,L_foot_pitch,-0.209486,0.169051,0.097170,5.435077
11620,L_foot_roll,0.993509,0.099351,0.031073,5.981425
11620,R_hip_roll,-0.076405,-0.011461,0.012378,-5.954638
11620,R_hip_yaw,0.025680,0.006420,0.005719,-0.048781
11620,R_hip_pitch,0.789476,0.327369,0.228528,10.519580
11620,R_knee,0.887196,0.541799,0.497689,2.809395
11620,R_foot_pitch,-2.386771,-0.428677,-0.356303,-5.756631
11620,R_foot_roll,-0.119729,-0.011973,-0.017583,0.319755
11630,L_hip_roll,1.267666,0.190150,-0.033404,44.557835
11630,L_hip_yaw,-0.029634,-0.007408,0.015084,-2.688403
11630,L_hip_pitch,0.136231,-0.095942,-0.151453,6.256882
11630,L_knee,0.513238,-0.191690,-0.251024,10.621104
11630,L_foot_pitch,-0.187921,0.171208,0.100426,5.236071
11630,L_foot_roll,1.074492,0.107449,0.031367,6.353200
11630,R_hip_roll,-0.095932,-0.014390,0.015851,-7.026472
11630,R_hip_yaw,0.019706,0.004927,0.007121,-0.415461
11630,R_hip_pitch,0.815930,0.333983,0.244108,9.137817
11630,R_knee,0.990875,0.567719,0.517895,2.648209
11630,R_foot_pitch,-2.571955,-0.447195,-0.356719,-7.194713
11630,R_foot_roll,-0.117364,-0.011736,-0.014911,-0.068418
11640,L_hip_roll,1.373770,0.206066,-0.033158,47.791875
11640,L_hip_yaw,-0.044374,-0.011094,0.015101,-3.147036
11640,L_hip_pitch,0.111972,-0.102007,-0.147654,5.107554
11640,L_knee,0.519910,-0.190022,-0.250948,10.978387
11640,L_foot_pitch,-0.296631,0.160337,0.104167,4.168798
11640,L_foot_roll,1.216821,0.121682,0.031487,7.168611
11640,R_hip_roll,-0.052619,-0.007893,0.018755,-6.117121
11640,R_hip_yaw,0.045147,0.011287,0.008276,0.268046
11640,R_hip_pitch,0.822486,0.335621,0.262049,7.001801
11640,R_knee,1.094304,0.593576,0.541091,2.478851
11640,R_foot_pitch,-2.715834,-0.461583,-0.357373,-8.262762
11640,R_foot_roll,-0.122761,-0.012276,-0.011852,-0.301471
11650,L_hip_roll,1.303186,0.195478,-0.032580,45.449827
11650,L_hip_yaw,-0.024586,-0.006146,0.014960,-2.527684
11650,L_hip_pitch,0.079604,-0.110099,-0.143715,3.630935
11650,L_knee,0.573436,-0.176641,-0.250649,13.225560
11650,L_foot_pitch,-0.231996,0.166800,0.108160,4.399041
11650,L_foot_roll,1.288131,0.128813,0.031396,7.528285
11650,R_hip_roll,-0.045373,-0.006806,0.021409,-6.429061
11650,R_hip_yaw,0.064842,0.016210,0.010226,0.456898
11650,R_hip_pitch,0.908020,0.357005,0.280915,7.273784
11650,R_knee,1.166680,0.611670,0.565218,1.362159
11650,R_foot_pitch,-2.775845,-0.467584,-0.358302,-8.643795
11650,R_foot_roll,-0.063359,-0.006336,-0.010114,0.196962
11660,L_hip_roll,1.329873,0.199481,-0.031893,46.014400
11660,L_hip_yaw,0.023214,0.005804,0.014900,-1.080339
11660,L_hip_pitch,0.026555,-0.123361,-0.139492,1.469901
11660,L_knee,0.609387,-0.167653,-0.250007,14.443473
11660,L_foot_pitch,-0.037660,0.186234,0.111815,5.575147
11660,L_foot_roll,1.376381,0.137638,0.030668,8.810141
11660,R_hip_roll,0.022388,0.003358,0.023529,-4.590340
11660,R_hip_yaw,0.053269,0.013317,0.014194,-0.583304
11660,R_hip_pitch,0.933489,0.363372,0.299845,5.769615
11660,R_knee,1.246956,0.631739,0.588518,1.182800
11660,R_foot_pitch,-2.829162,-0.472916,-0.359328,-8.987028
11660,R_foot_roll,-0.002939,-0.000294,-0.007966,0.358000
11670,L_hip_roll,1.381297,0.207195,-0.030880,47.206764
11670,L_hip_yaw,0.061510,0.015377,0.014723,0.083612
11670,L_hip_pitch,0.007671,-0.128082,-0.134553,0.269586
11670,L_knee,0.597799,-0.170550,-0.248100,13.370783
11670,L_foot_pitch,-0.014987,0.188501,0.115390,5.517991
11670,L_foot_roll,1.453493,0.145349,0.029945,9.614451
11670,R_hip_roll,-0.082508,-0.012376,0.025416,-8.136912
11670,R_hip_yaw,0.065007,0.016252,0.018395,-0.613607
11670,R_hip_pitch,0.945765,0.366441,0.318412,3.965677
11670,R_knee,1.291748,0.642937,0.609940,0.000670
11670,R_foot_pitch,-2.867241,-0.476724,-0.360314,-9.219521
11670,R_foot_roll,-0.016973,-0.001697,-0.004211,-0.208029
11680,L_hip_roll,1.415069,0.212260,-0.029642,47.981646
11680,L_hip_yaw,0.086681,0.021670,0.014724,0.834285
11680,L_hip_pitch,-0.057148,-0.144287,-0.129656,-2.235781
11680,L_knee,0.613922,-0.166520,-0.246514,14.015209
11680,L_foot_pitch,-0.039465,0.186054,0.118501,5.133823
11680,L_foot_roll,1.545031,0.154503,0.029490,9.994292
11680,R_hip_roll,-0.109088,-0.016363,0.027092,-9.143800
11680,R_hip_yaw,0.063742,0.015935,0.021958,-1.063457
11680,R_hip_pitch,0.969649,0.372412,0.335667,2.785060
11680,R_knee,1.362947,0.660737,0.627805,1.266606
11680,R_foot_pitch,-2.920664,-0.482066,-0.361199,-9.587341
11680,R_foot_roll,0.008223,0.000822,-0.000778,-0.141038
11690,L_hip_roll,1.429190,0.214379,-0.028102,48.015819
11690,L_hip_yaw,0.119728,0.029932,0.014714,1.828117
11690,L_hip_pitch,-0.097931,-0.154483,-0.125176,-3.944734
11690,L_knee,0.648339,-0.157915,-0.245793,15.700546
11690,L_foot_pitch,0.021054,0.192105,0.122364,5.199644
11690,L_foot_roll,1.571076,0.157108,0.028648,10.258433
11690,R_hip_roll,-0.107215,-0.016082,0.028372,-9.221854
11690,R_hip_yaw,0.056063,0.014016,0.024900,-1.554055
11690,R_hip_pitch,0.950111,0.367528,0.351621,0.376996
11690,R_knee,1.400220,0.670055,0.642306,1.107844
11690,R_foot_pitch,-2.914542,-0.481454,-0.362003,-9.480013
11690,R_foot_roll,0.047958,0.004796,0.001649,0.048654
11700,L_hip_roll,1.366037,0.204906,-0.026235,45.624983
11700,L_hip_yaw,0.135747,0.033937,0.014712,2.309287
11700,L_hip_pitch,-0.134177,-0.163544,-0.120706,-5.599663
11700,L_knee,0.665592,-0.153602,-0.245269,16.345637
11700,L_foot_pitch,0.025872,0.192587,0.126552,4.839338
11700,L_foot_roll,1.545173,0.154517,0.027558,10.288941
11700,R_hip_roll,-0.108633,-0.016295,0.029329,-9.370946
11700,R_hip_yaw,0.055819,0.013955,0.026424,-1.574361
11700,R_hip_pitch,0.944862,0.366215,0.365989,-1.306465
11700,R_knee,1.415692,0.673923,0.653470,0.898820
11700,R_foot_pitch,-2.894872,-0.479487,-0.362682,-9.283886
11700,R_foot_roll,0.075247,0.007525,0.004105,0.025363
11710,L_hip_roll,1.285637,0.192846,-0.024115,42.662991
11710,L_hip_yaw,0.149933,0.037483,0.014700,2.734946
11710,L_hip_pitch,-0.164455,-0.171114,-0.115861,-7.152669
11710,L_knee,0.669676,-0.152581,-0.244470,16.173388
11710,L_foot_pitch,-0.021332,0.187867,0.130704,4.152094
11710,L_foot_roll,1.460761,0.146076,0.026080,9.945552
11710,R_hip_roll,-0.076340,-0.011451,0.029889,-8.401659
11710,R_hip_yaw,0.055920,0.013980,0.026481,-1.458345
11710,R_hip_pitch,0.947930,0.366982,0.378057,-2.421696
11710,R_knee,1.422713,0.675678,0.660543,1.175829
11710,R_foot_pitch,-2.829448,-0.472945,-0.363180,-8.739094
11710,R_foot_roll,0.105416,0.010542,0.006926,0.015052
11720,L_hip_roll,1.247404,0.187111,-0.021988,41.205105
11720,L_hip_yaw,0.160092,0.040023,0.014651,3.055206
11720,L_hip_pitch,-0.175427,-0.173857,-0.110902,-8.037885
11720,L_knee,0.675328,-0.151168,-0.243721,16.545431
11720,L_foot_pitch,-0.079702,0.182030,0.134803,3.301228
11720,L_foot_roll,1.403654,0.140365,0.025264,9.262330
11720,R_hip_roll,-0.023988,-0.003598,0.029898,-6.609554
11720,R_hip_yaw,0.050832,0.012708,0.025436,-1.384437
11720,R_hip_pitch,0.957126,0.369281,0.387762,-3.086230
11720,R_knee,1.425454,0.676364,0.663624,1.863684
11720,R_foot_pitch,-2.744245,-0.464424,-0.363445,-8.061403
11720,R_foot_roll,0.135770,0.013577,0.009908,0.009671
11730,L_hip_roll,1.177535,0.176630,-0.019719,38.533140
11730,L_hip_yaw,0.163551,0.040888,0.014591,3.160086
11730,L_hip_pitch,-0.178846,-0.174711,-0.105902,-8.767041
11730,L_knee,0.667685,-0.153079,-0.243042,15.956842
11730,L_foot_pitch,-0.185011,0.171499,0.139197,2.125839
11730,L_foot_roll,1.319197,0.131920,0.023486,8.995811
11730,R_hip_roll,-0.032464,-0.004870,0.029528,-6.744157
11730,R_hip_yaw,0.055047,0.013762,0.023374,-0.911662
11730,R_hip_pitch,0.957752,0.369438,0.395439,-3.807775
11730,R_knee,1.389084,0.667271,0.663571,1.011378
11730,R_foot_pitch,-2.678577,-0.457858,-0.363447,-7.561890
11730,R_foot_roll,0.114230,0.011423,0.012793,-0.373826
11740,L_hip_roll,1.117783,0.167667,-0.017510,36.433940
11740,L_hip_yaw,0.171788,0.042947,0.014528,3.416718
11740,L_hip_pitch,-0.162293,-0.170573,-0.100997,-8.824021
11740,L_knee,0.654550,-0.156363,-0.242533,15.412089
11740,L_foot_pitch,-0.294174,0.160583,0.143582,0.964024
11740,L_foot_roll,1.190327,0.119033,0.022068,7.731030
11740,R_hip_roll,-0.001366,-0.000205,0.028660,-5.409113
11740,R_hip_yaw,0.052125,0.013031,0.021105,-0.764605
11740,R_hip_pitch,0.952775,0.368194,0.400992,-4.397951
11740,R_knee,1.344265,0.656066,0.660226,0.677123
11740,R_foot_pitch,-2.590713,-0.449071,-0.363222,-6.896815
11740,R_foot_roll,0.101881,0.010188,0.014296,-0.399055
11750,L_hip_roll,1.017277,0.152592,-0.015388,33.024630
11750,L_hip_yaw,0.173864,0.043466,0.014449,3.488268
11750,L_hip_pitch,-0.139776,-0.164944,-0.096131,-8.731283
11750,L_knee,0.634195,-0.161451,-0.242167,14.461795
11750,L_foot_pitch,-0.424653,0.147535,0.148222,-0.460658
11750,L_foot_roll,1.052522,0.105252,0.020458,6.767396
11750,R_hip_roll,0.016687,0.002503,0.027218,-4.421489
11750,R_hip_yaw,0.052672,0.013168,0.019260,-0.564604
11750,R_hip_pitch,0.945691,0.366423,0.404128,-4.742570
11750,R_knee,1.278775,0.639694,0.653089,0.139841
11750,R_foot_pitch,-2.471838,-0.437184,-0.362804,-5.997313
11750,R_foot_roll,0.075996,0.007600,0.013884,-0.399580
11760,L_hip_roll,0.903891,0.135584,-0.013415,29.214655
11760,L_hip_yaw,0.172567,0.043142,0.014345,3.465852
11760,L_hip_pitch,-0.069464,-0.147366,-0.091240,-7.218081
11760,L_knee,0.600668,-0.169833,-0.241816,12.900932
11760,L_foot_pitch,-0.602301,0.129770,0.153040,-2.358741
11760,L_foot_roll,0.874665,0.087467,0.018901,5.809118
11760,R_hip_roll,0.052271,0.007841,0.025222,-2.790752
11760,R_hip_yaw,0.053172,0.013293,0.017903,-0.440328
11760,R_hip_pitch,0.956807,0.369202,0.404713,-4.226187
11760,R_knee,1.171276,0.612819,0.641974,-1.518183
11760,R_foot_pitch,-2.337154,-0.423715,-0.362185,-4.989794
11760,R_foot_roll,0.036107,0.003611,0.011856,-0.415062
11770,L_hip_roll,0.780235,0.117035,-0.011705,25.281825
11770,L_hip_yaw,0.165148,0.041287,0.014258,3.250432
11770,L_hip_pitch,-0.012624,-0.133156,-0.086166,-6.145596
11770,L_knee,0.564361,-0.178910,-0.241413,11.155961
11770,L_foot_pitch,-0.794706,0.110529,0.157937,-4.289725
11770,L_foot_roll,0.658220,0.065822,0.016702,4.241569
11770,R_hip_roll,0.124656,0.018698,0.022657,0.065200
11770,R_hip_yaw,0.050799,0.012700,0.016912,-0.412632
11770,R_hip_pitch,0.947237,0.366809,0.402382,-3.928971
11770,R_knee,1.035740,0.578935,0.626055,-3.206594
11770,R_foot_pitch,-2.144011,-0.404401,-0.361344,-3.533867
11770,R_foot_roll,-0.031624,-0.003162,0.008379,-0.545411
11780,L_hip_roll,0.564168,0.084625,-0.010445,18.683777
11780,L_hip_yaw,0.149968,0.037492,0.014153,2.810532
11780,L_hip_pitch,0.072472,-0.111882,-0.080946,-4.238552
11780,L_knee,0.525867,-0.188533,-0.241107,9.397650
11780,L_foot_pitch,-1.022563,0.087744,0.162747,-6.530851
11780,L_foot_roll,0.412050,0.041205,0.015019,2.302742
11780,R_hip_roll,0.206333,0.030950,0.019734,3.144851
11780,R_hip_yaw,0.049075,0.012269,0.015488,-0.207013
11780,R_hip_pitch,0.922135,0.360534,0.396604,-3.634748
11780,R_knee,0.863518,0.535880,0.604041,-5.077592
11780,R_foot_pitch,-1.872939,-0.377294,-0.360224,-1.484717
11780,R_foot_roll,-0.130676,-0.013068,0.002984,-0.699301
11790,L_hip_roll,0.263663,0.039549,-0.009551,9.507466
11790,L_hip_yaw,0.129352,0.032338,0.014026,2.202892
11790,L_hip_pitch,0.190202,-0.082449,-0.074982,-1.545878
11790,L_knee,0.461442,-0.204640,-0.240161,5.888271
11790,L_foot_pitch,-1.315361,0.058464,0.167783,-9.208303
11790,L_foot_roll,0.121430,0.012143,0.012754,0.576772
11790,R_hip_roll,0.333930,0.050089,0.016851,7.474358
11790,R_hip_yaw,0.043230,0.010808,0.012846,0.073065
11790,R_hip_pitch,0.878103,0.349526,0.386807,-3.368057
11790,R_knee,0.621819,0.475455,0.574676,-8.399090
11790,R_foot_pitch,-1.549960,-0.344996,-0.358717,0.936609
11790,R_foot_roll,-0.302823,-0.030282,-0.005047,-1.162082
11800,L_hip_roll,-0.138225,-0.020734,-0.009472,-2.138985
11800,L_hip_yaw,0.110996,0.027749,0.013809,1.693108
11800,L_hip_pitch,0.304771,-0.053807,-0.068180,1.020840
11800,L_knee,0.388062,-0.222985,-0.238766,2.405679
11800,L_foot_pitch,-1.605295,0.029470,0.172599,-11.898035
11800,L_foot_roll,-0.215035,-0.021504,0.011435,-2.526485
11800,R_hip_roll,0.537266,0.080590,0.014104,14.118264
11800,R_hip_yaw,0.032078,0.008019,0.008127,0.550033
11800,R_hip_pitch,0.794457,0.328614,0.371869,-3.528964
11800,R_knee,0.318159,0.399540,0.535354,-11.704305
11800,R_foot_pitch,-1.158681,-0.305868,-0.352797,2.996003
11800,R_foot_roll,-0.576325,-0.057632,-0.017443,-1.870171
11810,L_hip_roll,-0.647044,-0.097057,-0.010251,-16.968051
11810,L_hip_yaw,0.103562,0.025890,0.013451,1.528306
11810,L_hip_pitch,0.379259,-0.035185,-0.060272,2.198879
11810,L_knee,0.293504,-0.246624,-0.236980,-2.198283
11810,L_foot_pitch,-1.805728,0.009427,0.177480,-13.981161
11810,L_foot_roll,-0.524749,-0.052475,0.009575,-4.734425
11810,R_hip_roll,0.714172,0.107126,0.011996,19.608019
11810,R_hip_yaw,0.032980,0.008245,0.000237,1.879148
11810,R_hip_pitch,0.600344,0.280086,0.350434,-6.101310
11810,R_knee,-0.046508,0.308373,0.482696,-14.395984
11810,R_foot_pitch,-0.715554,-0.261555,-0.334421,3.541262
11810,R_foot_roll,-0.980720,-0.098072,-0.037217,-2.717560
11820,L_hip_roll,-0.858890,-0.128833,-0.011946,-23.082516
11820,L_hip_yaw,0.044094,0.011023,0.012947,-0.225843
11820,L_hip_pitch,0.261354,-0.064662,-0.051647,-2.394327
11820,L_knee,0.325670,-0.238582,-0.235925,-0.637265
11820,L_foot_pitch,-1.558145,0.034185,0.182915,-12.369896
11820,L_foot_roll,-0.683081,-0.068308,0.007834,-5.865044
11820,R_hip_roll,0.707655,0.106148,0.010468,19.606648
11820,R_hip_yaw,0.063090,0.015772,-0.008340,3.115408
11820,R_hip_pitch,0.340113,0.215028,0.323064,-10.850941
11820,R_knee,-0.353255,0.231686,0.420288,-22.007564
11820,R_foot_pitch,-0.447907,-0.234791,-0.286867,-6.029429
11820,R_foot_roll,-1.606998,-0.160700,-0.059769,-8.525736
11830,L_hip_roll,-0.877077,-0.131562,-0.012212,-23.910077
11830,L_hip_yaw,0.018557,0.004639,0.012407,-0.850225
11830,L_hip_pitch,0.088370,-0.107907,-0.042631,-8.755545
11830,L_knee,0.231704,-0.262074,-0.235661,-4.708343
11830,L_foot_pitch,-0.815349,0.108465,0.187522,-6.763085
11830,L_foot_roll,-0.237978,-0.023798,0.004815,-1.993571
11830,R_hip_roll,0.043306,0.006496,0.010500,-1.105797
11830,R_hip_yaw,0.206654,0.051663,-0.009159,7.340266
11830,R_hip_pitch,0.294476,0.203619,0.297271,-8.480926
11830,R_knee,-0.458617,0.205346,0.373926,-16.133893
11830,R_foot_pitch,-0.133877,-0.203388,-0.179775,-12.145980
11830,R_foot_roll,-1.992581,-0.199258,-0.067938,-8.932804
11840,L_hip_roll,-0.364175,-0.054626,-0.012463,-8.243699
11840,L_hip_yaw,-0.060270,-0.015068,0.011450,-3.087742
11840,L_hip_pitch,-0.193838,-0.178459,-0.037192,-17.223850
11840,L_knee,0.019578,-0.315105,-0.241483,-10.347737
11840,L_foot_pitch,0.200138,0.210014,0.191823,1.031510
11840,L_foot_roll,0.454443,0.045444,0.003113,3.553003
11840,R_hip_roll,-0.469863,-0.070479,0.011720,-16.773140
11840,R_hip_yaw,0.240345,0.060086,-0.009954,8.539420
11840,R_hip_pitch,0.302813,0.205703,0.270770,-5.320372
11840,R_knee,-0.432527,0.211868,0.328662,-8.453316
11840,R_foot_pitch,0.244945,-0.165506,-0.082449,-14.450000
11840,R_foot_roll,-1.874755,-0.187475,-0.090081,-5.269116
11850,L_hip_roll,-0.344970,-0.051745,-0.012479,-8.227085
11850,L_hip_yaw,-0.100386,-0.025096,0.007028,-3.163290
11850,L_hip_pitch,-0.171943,-0.172986,-0.044433,-14.074940
11850,L_knee,-0.097485,-0.344371,-0.265926,-4.438507
11850,L_foot_pitch,0.740125,0.264012,0.202358,3.765936
11850,L_foot_roll,0.725177,0.072518,0.013743,2.991399
11850,R_hip_roll,-0.817426,-0.122614,0.012069,-27.028451
11850,R_hip_yaw,0.072502,0.018125,-0.010785,3.427845
11850,R_hip_pitch,0.073002,0.148250,0.255622,-12.158498
11850,R_knee,-0.473164,0.201709,0.305850,-16.590440
11850,R_foot_pitch,0.637533,-0.126247,-0.042948,-6.451423
11850,R_foot_roll,-1.561234,-0.156123,-0.087725,-7.965341
11860,L_hip_roll,-0.070653,-0.010598,-0.011954,0.236248
11860,L_hip_yaw,-0.081659,-0.020415,-0.006186,-0.040604
11860,L_hip_pitch,-0.165264,-0.171316,-0.061915,-11.222663
11860,L_knee,-0.211119,-0.372780,-0.305060,0.087841
11860,L_foot_pitch,1.046423,0.294642,0.224418,3.043339
11860,L_foot_roll,0.909086,0.090909,0.040093,1.137115
11860,R_hip_roll,-0.894402,-0.134160,0.012051,-29.215631
11860,R_hip_yaw,-0.004226,-0.001056,-0.011142,1.279453
11860,R_hip_pitch,-0.014195,0.126451,0.246974,-13.518659
11860,R_knee,-0.403119,0.219220,0.295363,-10.005853
11860,R_foot_pitch,0.985511,-0.091449,-0.043157,-3.947108
11860,R_foot_roll,-1.271931,-0.127193,-0.058148,-8.634275
11870,L_hip_roll,0.009989,0.001498,-0.011479,2.345082
11870,L_hip_yaw,-0.097830,-0.024457,-0.021235,0.906778
11870,L_hip_pitch,-0.133152,-0.163288,-0.081846,-7.833987
11870,L_knee,-0.285332,-0.391333,-0.346997,3.958256
11870,L_foot_pitch,1.177572,0.307757,0.256043,0.939187
11870,L_foot_roll,0.928349,0.092835,0.070358,-0.996690
11870,R_hip_roll,-1.064819,-0.159723,0.012118,-34.470021
11870,R_hip_yaw,-0.049642,-0.012410,-0.012213,0.091881
11870,R_hip_pitch,0.037577,0.139394,0.236579,-10.579892
11870,R_knee,-0.478156,0.200461,0.281568,-10.336240
11870,R_foot_pitch,1.011011,-0.088899,-0.041525,-3.973558
11870,R_foot_roll,-1.183424,-0.118342,-0.025255,-10.681456
11880,L_hip_roll,-0.225586,-0.033838,-0.008325,-6.194653
11880,L_hip_yaw,-0.115785,-0.028946,-0.030790,0.934157
11880,L_hip_pitch,-0.085439,-0.151360,-0.100144,-4.507856
11880,L_knee,-0.349044,-0.407261,-0.382307,4.578079
11880,L_foot_pitch,1.215436,0.311544,0.285705,-0.494583
11880,L_foot_roll,0.866703,0.086670,0.091652,-1.952643
11880,R_hip_roll,-1.116599,-0.167490,0.016708,-38.356860
11880,R_hip_yaw,-0.078561,-0.019640,-0.012652,-0.805496
11880,R_hip_pitch,0.096865,0.154216,0.229440,-8.272729
11880,R_knee,-0.598572,0.170357,0.273338,-15.988358
11880,R_foot_pitch,1.042638,-0.085736,-0.042286,-3.458620
11880,R_foot_roll,-1.150312,-0.115031,-0.024855,-7.017512
11890,L_hip_roll,-0.240984,-0.036148,-0.005227,-6.942805
11890,L_hip_yaw,-0.110483,-0.027621,-0.036315,1.441619
11890,L_hip_pitch,-0.111993,-0.157998,-0.114012,-4.118258
11890,L_knee,-0.395930,-0.418983,-0.406546,3.419283
11890,L_foot_pitch,1.285548,0.318555,0.305218,-0.331015
11890,L_foot_roll,0.847159,0.084716,0.099320,-1.395291
11890,R_hip_roll,-1.049523,-0.157428,0.021373,-37.039747
11890,R_hip_yaw,-0.075970,-0.018992,-0.012987,-0.691923
11890,R_hip_pitch,0.103904,0.155976,0.220182,-6.665748
11890,R_knee,-0.627948,0.163013,0.262673,-14.358500
11890,R_foot_pitch,1.056541,-0.084346,-0.041627,-3.524232
11890,R_foot_roll,-1.100850,-0.110085,-0.026632,-6.503222
11900,L_hip_roll,-0.151237,-0.022686,-0.003444,-4.166215
11900,L_hip_yaw,-0.121452,-0.030363,-0.037823,0.858062
11900,L_hip_pitch,-0.155770,-0.168943,-0.123944,-4.550664
11900,L_knee,-0.397587,-0.419397,-0.421146,3.593799
11900,L_foot_pitch,1.349561,0.324956,0.315065,0.150717
11900,L_foot_roll,0.769469,0.076947,0.097132,-1.151679
11900,R_hip_roll,-1.010779,-0.151617,0.025165,-36.355340
11900,R_hip_yaw,-0.041763,-0.010441,-0.013246,0.357564
11900,R_hip_pitch,0.005568,0.131392,0.208874,-8.119555
11900,R_knee,-0.614131,0.166467,0.249628,-10.922190
11900,R_foot_pitch,1.285942,-0.061406,-0.040156,-1.859120
11900,R_foot_roll,-1.009412,-0.100941,-0.028228,-5.667658
11910,L_hip_roll,-0.123444,-0.018517,-0.002940,-3.101238
11910,L_hip_yaw,-0.116965,-0.029241,-0.036272,0.611308
11910,L_hip_pitch,-0.263408,-0.195852,-0.130918,-7.209201
11910,L_knee,-0.439118,-0.429779,-0.428402,1.070535
11910,L_foot_pitch,1.362651,0.326265,0.319676,0.213172
11910,L_foot_roll,0.638548,0.063855,0.089307,-1.138663
11910,R_hip_roll,-1.150015,-0.172502,0.028128,-40.908457
11910,R_hip_yaw,0.015458,0.003865,-0.013376,2.074886
11910,R_hip_pitch,-0.074385,0.111404,0.196390,-8.925238
11910,R_knee,-0.617956,0.165511,0.235445,-8.316280
11910,R_foot_pitch,1.502275,-0.039773,-0.038284,-0.302375
11910,R_foot_roll,-1.023013,-0.102301,-0.029505,-5.704306
11920,L_hip_roll,-0.028310,-0.004247,-0.003717,0.309741
11920,L_hip_yaw,-0.110634,-0.027658,-0.033184,0.314828
11920,L_hip_pitch,-0.223718,-0.185930,-0.137196,-5.193145
11920,L_knee,-0.460455,-0.435114,-0.432610,0.679612
11920,L_foot_pitch,1.436413,0.333641,0.321916,0.794675
11920,L_foot_roll,0.542450,0.054245,0.077507,-0.624276
11920,R_hip_roll,-1.108585,-0.166288,0.030136,-39.762457
11920,R_hip_yaw,-0.006812,-0.001703,-0.013269,1.385144
11920,R_hip_pitch,-0.053102,0.116724,0.183723,-6.825431
11920,R_knee,-0.703303,0.144174,0.221161,-9.782299
11920,R_foot_pitch,1.429627,-0.047037,-0.036752,-1.038681
11920,R_foot_roll,-1.097333,-0.109733,-0.030617,-6.274346
11930,L_hip_roll,0.043265,0.006490,-0.005310,2.922392
11930,L_hip_yaw,-0.102917,-0.025729,-0.029468,0.086033
11930,L_hip_pitch,-0.232748,-0.188187,-0.143819,-4.662184
11930,L_knee,-0.509547,-0.447387,-0.435980,-1.202241
11930,L_foot_pitch,1.458204,0.335820,0.324584,0.579231
11930,L_foot_roll,0.430075,0.043008,0.064171,-0.431693
11930,R_hip_roll,-1.292562,-0.193884,0.031561,-45.449379
11930,R_hip_yaw,-0.035657,-0.008914,-0.013132,0.487008
11930,R_hip_pitch,-0.062684,0.114329,0.171301,-5.597605
11930,R_knee,-0.707811,0.143047,0.207066,-7.303383
11930,R_foot_pitch,1.427860,-0.047214,-0.034615,-1.217265
11930,R_foot_roll,-1.189770,-0.118977,-0.031343,-6.945067
11940,L_hip_roll,0.025313,0.003797,-0.007579,3.067382
11940,L_hip_yaw,-0.085229,-0.021307,-0.026113,0.284595
11940,L_hip_pitch,-0.278142,-0.199536,-0.151279,-4.997689
11940,L_knee,-0.543060,-0.455765,-0.439885,-1.573806
11940,L_foot_pitch,1.599113,0.349911,0.328475,1.323407
11940,L_foot_roll,0.376232,0.037623,0.051133,0.122076
11940,R_hip_roll,-1.376332,-0.206450,0.032309,-47.856436
11940,R_hip_yaw,-0.039427,-0.009857,-0.013002,0.365836
11940,R_hip_pitch,-0.175969,0.086008,0.159622,-7.741033
11940,R_knee,-0.689022,0.147745,0.194045,-4.775955
11940,R_foot_pitch,1.553652,-0.034635,-0.032980,-0.246142
11940,R_foot_roll,-1.274359,-0.127436,-0.031870,-7.606223
11950,L_hip_roll,0.148951,0.022343,-0.010717,7.681377
11950,L_hip_yaw,-0.077675,-0.019419,-0.022990,0.127889
11950,L_hip_pitch,-0.342917,-0.215729,-0.159953,-5.795004
11950,L_knee,-0.579887,-0.464972,-0.445578,-1.647576
11950,L_foot_pitch,1.592966,0.349297,0.335394,0.301598
11950,L_foot_roll,0.337026,0.033703,0.040619,0.306887
11950,R_hip_roll,-1.364256,-0.204638,0.032139,-47.171655
11950,R_hip_yaw,-0.028381,-0.007095,-0.012980,0.708074
11950,R_hip_pitch,-0.180763,0.084809,0.149339,-6.777171
11950,R_knee,-0.678070,0.150482,0.183444,-3.122726
11950,R_foot_pitch,1.624195,-0.027580,-0.032413,0.387158
11950,R_foot_roll,-1.283715,-0.128372,-0.032086,-7.696893
11960,L_hip_roll,0.123904,0.018586,-0.014300,7.658150
11960,L_hip_yaw,-0.061388,-0.015347,-0.020138,0.328499
11960,L_hip_pitch,-0.360015,-0.220004,-0.170114,-4.914825
11960,L_knee,-0.617742,-0.474435,-0.453302,-1.348581
11960,L_foot_pitch,1.591847,0.349185,0.342942,-0.142390
11960,L_foot_roll,0.294774,0.029477,0.033492,0.235869
11960,R_hip_roll,-1.425955,-0.213893,0.031252,-48.691629
11960,R_hip_yaw,-0.055067,-0.013767,-0.013039,-0.081906
11960,R_hip_pitch,-0.142436,0.094391,0.140840,-4.816070
11960,R_knee,-0.760913,0.129772,0.175861,-6.469356
11960,R_foot_pitch,1.517890,-0.038211,-0.033149,-0.268586
11960,R_foot_roll,-1.346875,-0.134688,-0.032032,-8.228766
11970,L_hip_roll,0.110169,0.016525,-0.017865,7.939366
11970,L_hip_yaw,-0.035217,-0.008804,-0.017597,0.821345
11970,L_hip_pitch,-0.381549,-0.225387,-0.181585,-4.085992
11970,L_knee,-0.645913,-0.481478,-0.462209,-0.839087
11970,L_foot_pitch,1.715997,0.361600,0.347434,0.852523
11970,L_foot_roll,0.195333,0.019533,0.028873,-0.384361
11970,R_hip_roll,-1.340284,-0.201043,0.029900,-45.722638
11970,R_hip_yaw,-0.059503,-0.014876,-0.013207,-0.178499
11970,R_hip_pitch,-0.143151,0.094212,0.133607,-4.034546
11970,R_knee,-0.815642,0.116090,0.170188,-8.175614
11970,R_foot_pitch,1.314180,-0.058582,-0.034674,-1.740953
11970,R_foot_roll,-1.375465,-0.137546,-0.031771,-8.498511
11980,L_hip_roll,0.155495,0.023324,-0.021079,9.779150
11980,L_hip_yaw,-0.030968,-0.007742,-0.014377,0.440893
11980,L_hip_pitch,-0.411719,-0.232930,-0.193462,-3.565890
11980,L_knee,-0.693079,-0.493270,-0.471092,-1.514944
11980,L_foot_pitch,1.773615,0.367362,0.351474,0.928143
11980,L_foot_roll,0.065077,0.006508,0.023797,-0.835859
11980,R_hip_roll,-1.314611,-0.197192,0.028357,-44.635244
11980,R_hip_yaw,-0.052360,-0.013090,-0.013499,0.081423
11980,R_hip_pitch,-0.116776,0.100806,0.126453,-2.351324
11980,R_knee,-0.790764,0.122309,0.164668,-5.948904
11980,R_foot_pitch,1.221965,-0.067804,-0.036308,-2.358025
11980,R_foot_roll,-1.345421,-0.134542,-0.031415,-8.293453
11990,L_hip_roll,0.170171,0.025526,-0.023625,10.492857
11990,L_hip_yaw,-0.045100,-0.011275,-0.010981,-0.335870
11990,L_hip_pitch,-0.429222,-0.237306,-0.205708,-2.561430
11990,L_knee,-0.725129,-0.501282,-0.479839,-1.318857
11990,L_foot_pitch,1.719797,0.361980,0.353370,0.593626
11990,L_foot_roll,-0.049090,-0.004909,0.015271,-0.660483
11990,R_hip_roll,-1.367574,-0.205136,0.026767,-45.896474
11990,R_hip_yaw,-0.067019,-0.016755,-0.013798,-0.329839
11990,R_hip_pitch,-0.092803,0.106799,0.120143,-1.039588
11990,R_knee,-0.787342,0.123165,0.160541,-5.832294
11990,R_foot_pitch,1.198900,-0.070110,-0.038535,-2.256188
11990,R_foot_roll,-1.319686,-0.131969,-0.030925,-8.139555
12000,L_hip_roll,0.133979,0.020097,-0.025377,9.514340
12000,L_hip_yaw,-0.040894,-0.010224,-0.009781,-0.034907
12000,L_hip_pitch,-0.435941,-0.238985,-0.218213,-1.260818
12000,L_knee,-0.769181,-0.512295,-0.488230,-2.008472
12000,L_foot_pitch,1.735024,0.363502,0.353628,0.804812
12000,L_foot_roll,-0.108335,-0.010834,0.003578,0.030025
12000,R_hip_roll,-1.420022,-0.213003,0.025062,-47.080589
12000,R_hip_yaw,-0.088782,-0.022196,-0.014038,-0.958952
12000,R_hip_pitch,-0.073991,0.111502,0.115612,-0.112737
12000,R_knee,-0.811986,0.117004,0.159281,-7.605540
12000,R_foot_pitch,1.150560,-0.074944,-0.041947,-2.245249
12000,R_foot_roll,-1.343237,-0.134324,-0.030238,-8.402381
12010,L_hip_roll,0.095967,0.014395,-0.026463,8.425529
12010,L_hip_yaw,-0.044062,-0.011015,-0.010935,0.169557
12010,L_hip_pitch,-0.428966,-0.237242,-0.230517,0.388956
12010,L_knee,-0.794375,-0.518594,-0.495979,-1.910277
12010,L_foot_pitch,1.706602,0.360660,0.353279,0.635866
12010,L_foot_roll,-0.153582,-0.015358,-0.007584,0.343536
12010,R_hip_roll,-1.377183,-0.206577,0.023163,-45.347666
12010,R_hip_yaw,-0.112362,-0.028090,-0.014274,-1.634906
12010,R_hip_pitch,-0.022747,0.124313,0.112307,1.744941
12010,R_knee,-0.831341,0.112165,0.160184,-9.095356
12010,R_foot_pitch,1.056846,-0.084315,-0.046307,-2.575785
12010,R_foot_roll,-1.323989,-0.132399,-0.029389,-8.333351
12020,L_hip_roll,0.048082,0.007212,-0.027050,6.968858
12020,L_hip_yaw,-0.044447,-0.011112,-0.013209,0.500546
12020,L_hip_pitch,-0.446644,-0.241661,-0.242029,1.133863
12020,L_knee,-0.809282,-0.522320,-0.502583,-1.833501
12020,L_foot_pitch,1.673156,0.357316,0.352768,0.416418
12020,L_foot_roll,-0.178465,-0.017847,-0.015560,0.434297
12020,R_hip_roll,-1.346207,-0.201931,0.021060,-43.943009
12020,R_hip_yaw,-0.128979,-0.032245,-0.014527,-2.101895
12020,R_hip_pitch,0.010571,0.132643,0.109543,3.039651
12020,R_knee,-0.828206,0.112948,0.162330,-9.642633
12020,R_foot_pitch,0.937594,-0.096241,-0.051284,-3.078987
12020,R_foot_roll,-1.306439,-0.130644,-0.028387,-8.287963
12030,L_hip_roll,0.040881,0.006132,-0.027333,6.751179
12030,L_hip_yaw,-0.037701,-0.009425,-0.015468,0.922004
12030,L_hip_pitch,-0.440328,-0.240082,-0.252362,2.441471
12030,L_knee,-0.818533,-0.524633,-0.507516,-1.875675
12030,L_foot_pitch,1.591504,0.349150,0.352234,-0.194776
12030,L_foot_roll,-0.203076,-0.020308,-0.019917,0.252405
12030,R_hip_roll,-1.279909,-0.191986,0.018732,-41.412738
12030,R_hip_yaw,-0.148601,-0.037150,-0.014782,-2.659283
12030,R_hip_pitch,0.043629,0.140907,0.107290,4.242156
12030,R_knee,-0.814525,0.116369,0.165727,-10.052065
12030,R_foot_pitch,0.908699,-0.099130,-0.056905,-2.790465
12030,R_foot_roll,-1.248698,-0.124870,-0.027234,-7.934449
12040,L_hip_roll,0.000749,0.000112,-0.027381,5.471881
12040,L_hip_yaw,-0.041008,-0.010252,-0.016546,0.795646
12040,L_hip_pitch,-0.464017,-0.246004,-0.261259,2.644439
12040,L_knee,-0.803318,-0.520830,-0.510457,-1.275954
12040,L_foot_pitch,1.523234,0.342323,0.350691,-0.465168
12040,L_foot_roll,-0.223642,-0.022364,-0.021869,0.084440
12040,R_hip_roll,-1.220799,-0.183120,0.016231,-39.109221
12040,R_hip_yaw,-0.150284,-0.037571,-0.015016,-2.684631
12040,R_hip_pitch,0.057399,0.144350,0.105577,4.812566
12040,R_knee,-0.782617,0.124346,0.170462,-9.851833
12040,R_foot_pitch,0.887605,-0.101239,-0.063196,-2.390674
12040,R_foot_roll,-1.182498,-0.118250,-0.025904,-7.526655
12050,L_hip_roll,-0.048741,-0.007311,-0.027198,3.888807
12050,L_hip_yaw,-0.041727,-0.010432,-0.016377,0.656582
12050,L_hip_pitch,-0.476667,-0.249167,-0.268480,2.962104
12050,L_knee,-0.789016,-0.517254,-0.510914,-1.335180
12050,L_foot_pitch,1.483713,0.338371,0.346855,-0.220018
12050,L_foot_roll,-0.255634,-0.025563,-0.022912,-0.129421
12050,R_hip_roll,-1.148934,-0.172340,0.013615,-36.396544
12050,R_hip_yaw,-0.136780,-0.034195,-0.015202,-2.262134
12050,R_hip_pitch,0.080631,0.150158,0.104495,5.566773
12050,R_knee,-0.782538,0.124365,0.176683,-11.446552
12050,R_foot_pitch,0.849552,-0.105045,-0.070226,-2.054671
12050,R_foot_roll,-1.135820,-0.113582,-0.024412,-7.288315
12060,L_hip_roll,-0.083790,-0.012568,-0.026760,2.662288
12060,L_hip_yaw,-0.036326,-0.009081,-0.015363,0.624996
12060,L_hip_pitch,-0.481068,-0.250267,-0.273988,3.325071
12060,L_knee,-0.766294,-0.511573,-0.508888,-1.352848
12060,L_foot_pitch,1.380460,0.328046,0.341530,-0.552221
12060,L_foot_roll,-0.276146,-0.027615,-0.024250,-0.117363
12060,R_hip_roll,-1.057919,-0.158688,0.010987,-33.160941
12060,R_hip_yaw,-0.144940,-0.036235,-0.015314,-2.502138
12060,R_hip_pitch,0.114396,0.158599,0.103756,6.660437
12060,R_knee,-0.765437,0.128641,0.183798,-12.074576
12060,R_foot_pitch,0.815888,-0.108411,-0.077722,-1.700628
12060,R_foot_roll,-1.053570,-0.105357,-0.022799,-6.769983
12070,L_hip_roll,-0.160658,-0.024099,-0.026024,0.115987
12070,L_hip_yaw,-0.033473,-0.008368,-0.013556,0.413415
12070,L_hip_pitch,-0.488351,-0.252088,-0.277943,3.440462
12070,L_knee,-0.727326,-0.501832,-0.504669,-0.962720
12070,L_foot_pitch,1.266737,0.316674,0.334585,-0.701257
12070,L_foot_roll,-0.279162,-0.027916,-0.026088,0.039114
12070,R_hip_roll,-1.009098,-0.151365,0.008501,-31.261518
12070,R_hip_yaw,-0.147724,-0.036931,-0.015357,-2.585912
12070,R_hip_pitch,0.111607,0.157902,0.103158,6.628994
12070,R_knee,-0.712471,0.141882,0.191282,-11.143522
12070,R_foot_pitch,0.783528,-0.111647,-0.085426,-1.324647
12070,R_foot_roll,-0.971306,-0.097131,-0.021080,-6.258294
12080,L_hip_roll,-0.177911,-0.026687,-0.025248,-0.510893
12080,L_hip_yaw,-0.023894,-0.005973,-0.011027,0.335888
12080,L_hip_pitch,-0.511424,-0.257856,-0.280398,2.892233
12080,L_knee,-0.680052,-0.490013,-0.498187,-0.688183
12080,L_foot_pitch,1.144305,0.304430,0.325254,-0.698087
12080,L_foot_roll,-0.261490,-0.026149,-0.027483,0.206423
12080,R_hip_roll,-0.945908,-0.141886,0.006092,-28.880864
12080,R_hip_yaw,-0.143690,-0.035922,-0.015359,-2.466492
12080,R_hip_pitch,0.115395,0.158849,0.103072,6.680496
12080,R_knee,-0.662116,0.154471,0.199707,-10.793285
12080,R_foot_pitch,0.794039,-0.110596,-0.093591,-0.523403
12080,R_foot_roll,-0.855364,-0.085536,-0.019235,-5.493262
12090,L_hip_roll,-0.219084,-0.032863,-0.024602,-1.847781
12090,L_hip_yaw,-0.015903,-0.003976,-0.007929,0.154409
12090,L_hip_pitch,-0.511367,-0.257842,-0.281544,2.920495
12090,L_knee,-0.610183,-0.472546,-0.489590,0.344991
12090,L_foot_pitch,1.016019,0.291602,0.313766,-0.622891
12090,L_foot_roll,-0.228115,-0.022811,-0.027552,0.331559
12090,R_hip_roll,-0.843886,-0.126583,0.003728,-25.377554
12090,R_hip_yaw,-0.141595,-0.035399,-0.015345,-2.405821
12090,R_hip_pitch,0.116775,0.159194,0.103844,6.535140
12090,R_knee,-0.608493,0.167877,0.209545,-10.582372
12090,R_foot_pitch,0.838887,-0.106111,-0.102393,0.602737
12090,R_foot_roll,-0.708340,-0.070834,-0.017226,-4.492202
12100,L_hip_roll,-0.306456,-0.045968,-0.024056,-4.568608
12100,L_hip_yaw,-0.009408,-0.002352,-0.004494,-0.085755
12100,L_hip_pitch,-0.512372,-0.258093,-0.281281,2.704088
12100,L_knee,-0.512133,-0.448033,-0.478434,1.884936
12100,L_foot_pitch,0.850637,0.275064,0.300734,-0.783978
12100,L_foot_roll,-0.167542,-0.016754,-0.025781,0.487047
12100,R_hip_roll,-0.712939,-0.106941,0.001498,-21.074351
12100,R_hip_yaw,-0.133072,-0.033268,-0.015291,-2.159120
12100,R_hip_pitch,0.106814,0.156703,0.105397,5.971670
12100,R_knee,-0.553486,0.181628,0.220571,-10.444767
12100,R_foot_pitch,0.882060,-0.101794,-0.111886,1.747518
12100,R_foot_roll,-0.543621,-0.054362,-0.015136,-3.359201
12110,L_hip_roll,-0.390747,-0.058612,-0.023637,-7.120066
12110,L_hip_yaw,0.003631,0.000908,-0.000820,-0.158894
12110,L_hip_pitch,-0.520432,-0.260108,-0.279025,1.974461
12110,L_knee,-0.381679,-0.415420,-0.463342,3.720786
12110,L_foot_pitch,0.656174,0.255617,0.285880,-0.953615
12110,L_foot_roll,-0.069230,-0.006923,-0.021592,0.688091
12110,R_hip_roll,-0.546344,-0.081952,-0.000427,-15.777169
12110,R_hip_yaw,-0.121278,-0.030319,-0.015225,-1.815969
12110,R_hip_pitch,0.086282,0.151570,0.107517,5.061064
12110,R_knee,-0.488320,0.197920,0.232487,-9.853659
12110,R_foot_pitch,0.940518,-0.095948,-0.121560,3.024092
12110,R_foot_roll,-0.328191,-0.032819,-0.013152,-1.824456
12120,L_hip_roll,-0.483537,-0.072531,-0.023498,-9.849213
12120,L_hip_yaw,0.011534,0.002883,0.003439,-0.514850
12120,L_hip_pitch,-0.506595,-0.256649,-0.274260,1.560656
12120,L_knee,-0.215262,-0.373815,-0.442847,5.793960
12120,L_foot_pitch,0.442292,0.234229,0.268409,-0.997242
12120,L_foot_roll,0.055985,0.005599,-0.014266,0.784035
12120,R_hip_roll,-0.323602,-0.048540,-0.001990,-8.926814
12120,R_hip_yaw,-0.102802,-0.025701,-0.015111,-1.280618
12120,R_hip_pitch,0.064288,0.146072,0.109897,4.087583
12120,R_knee,-0.404557,0.218861,0.244822,-8.423832
12120,R_foot_pitch,1.055062,-0.084494,-0.131560,4.755571
12120,R_foot_roll,-0.060599,-0.006060,-0.010922,0.118764
12130,L_hip_roll,-0.552749,-0.082912,-0.023614,-11.853802
12130,L_hip_yaw,0.020194,0.005049,0.008327,-0.890470
12130,L_hip_pitch,-0.452606,-0.243151,-0.266456,1.928982
12130,L_knee,-0.002997,-0.320749,-0.415373,8.185104
12130,L_foot_pitch,0.217387,0.211739,0.248036,-0.901090
12130,L_foot_roll,0.245322,0.024532,-0.003578,1.131635
12130,R_hip_roll,-0.031730,-0.004759,-0.002960,-0.190610
12130,R_hip_yaw,-0.094683,-0.023671,-0.014879,-1.080617
12130,R_hip_pitch,0.033130,0.138283,0.112533,2.794053
12130,R_knee,-0.302699,0.244325,0.257537,-6.302667
12130,R_foot_pitch,1.203352,-0.069665,-0.141802,6.752300
12130,R_foot_roll,0.288470,0.028847,-0.008549,2.662426
12140,L_hip_roll,-0.531873,-0.079781,-0.023670,-11.283856
12140,L_hip_yaw,0.018610,0.004652,0.013371,-1.537082
12140,L_hip_pitch,-0.269721,-0.197430,-0.254676,5.575787
12140,L_knee,0.254978,-0.256256,-0.378847,10.342061
12140,L_foot_pitch,0.015785,0.191579,0.225207,-0.494183
12140,L_foot_roll,0.540081,0.054008,0.011227,1.873972
12140,R_hip_roll,0.358554,0.053783,-0.002906,11.182023
12140,R_hip_yaw,-0.119694,-0.029923,-0.014405,-1.915877
12140,R_hip_pitch,0.001447,0.130362,0.115461,1.463604
12140,R_knee,-0.193868,0.271533,0.270846,-3.975303
12140,R_foot_pitch,1.333160,-0.056684,-0.152238,8.574070
12140,R_foot_roll,0.717197,0.071720,-0.006358,5.749602
12150,L_hip_roll,-0.453049,-0.067957,-0.022961,-9.296422
12150,L_hip_yaw,-0.017987,-0.004497,0.015960,-2.588143
12150,L_hip_pitch,-0.110241,-0.157560,-0.239783,8.448094
12150,L_knee,0.469619,-0.202595,-0.342889,17.362703
12150,L_foot_pitch,0.098160,0.199816,0.177557,8.798952
12150,L_foot_roll,0.841655,0.084165,0.022257,4.670139
12150,R_hip_roll,0.521462,0.078219,-0.001875,15.731454
12150,R_hip_yaw,-0.118248,-0.029562,-0.013712,-1.964182
12150,R_hip_pitch,0.266158,0.196539,0.117652,9.370872
12150,R_knee,-0.210875,0.267281,0.283915,-6.487848
12150,R_foot_pitch,0.973064,-0.092694,-0.162721,6.603125
12150,R_foot_roll,0.914207,0.091421,-0.003582,7.374436
12160,L_hip_roll,0.345347,0.051802,-0.022062,14.498389
12160,L_hip_yaw,-0.118640,-0.029660,0.017727,-5.881470
12160,L_hip_pitch,-0.218305,-0.184576,-0.222808,2.802208
12160,L_knee,0.581170,-0.174708,-0.312523,15.543651
12160,L_foot_pitch,0.117018,0.201702,0.107610,14.046498
12160,L_foot_roll,0.887414,0.088741,0.024329,5.127299
12160,R_hip_roll,0.688131,0.103220,-0.001366,20.853707
12160,R_hip_yaw,-0.088811,-0.022203,-0.012789,-1.231045
12160,R_hip_pitch,0.362015,0.220504,0.118763,12.105812
12160,R_knee,0.019176,0.324794,0.296168,1.506771
12160,R_foot_pitch,0.128395,-0.177160,-0.173100,0.708619
12160,R_foot_roll,0.760486,0.076049,0.002617,5.027308
12170,L_hip_roll,0.885567,0.132835,-0.022360,32.119174
12170,L_hip_yaw,-0.097255,-0.024314,0.017785,-4.940383
12170,L_hip_pitch,0.114259,-0.101435,-0.212580,13.081409
12170,L_knee,0.505199,-0.193700,-0.296833,18.112501
12170,L_foot_pitch,-0.051387,0.184861,0.081705,8.107091
12170,L_foot_roll,0.850255,0.085026,0.019554,4.735176
12170,R_hip_roll,0.585426,0.087814,-0.002953,19.287588
12170,R_hip_yaw,-0.071134,-0.017783,-0.013850,-0.071137
12170,R_hip_pitch,0.403434,0.230858,0.124164,12.006126
12170,R_knee,0.324929,0.401232,0.312788,10.647561
12170,R_foot_pitch,-0.670363,-0.257036,-0.183104,-5.367125
12170,R_foot_roll,0.305095,0.030510,0.020043,-1.811898
12180,L_hip_roll,0.792371,0.118856,-0.025573,29.768886
12180,L_hip_yaw,-0.092459,-0.023115,0.017062,-4.781287
12180,L_hip_pitch,0.048520,-0.117870,-0.208811,10.436894
12180,L_knee,0.405244,-0.218689,-0.292894,11.663557
12180,L_foot_pitch,-0.362901,0.153710,0.082705,5.667533
12180,L_foot_roll,0.469406,0.046941,0.023421,1.403082
12180,R_hip_roll,0.158593,0.023789,-0.005210,6.087602
12180,R_hip_yaw,-0.003087,-0.000772,-0.019002,2.709162
12180,R_hip_pitch,0.384924,0.226231,0.137510,9.052529
12180,R_knee,0.317411,0.399353,0.342461,-0.362071
12180,R_foot_pitch,-1.171108,-0.307111,-0.205850,-5.038870
12180,R_foot_roll,-0.142669,-0.014267,0.035768,-4.784551
12190,L_hip_roll,0.776874,0.116531,-0.028080,29.419683
12190,L_hip_yaw,0.001380,0.000345,0.016529,-1.909909
12190,L_hip_pitch,0.047008,-0.118248,-0.203498,9.604169
12190,L_knee,0.412674,-0.216832,-0.286717,10.399275
12190,L_foot_pitch,-0.217672,0.168233,0.084077,6.706770
12190,L_foot_roll,0.372126,0.037213,0.024460,1.653320
12190,R_hip_roll,0.094090,0.014113,-0.005425,3.731342
12190,R_hip_yaw,0.014888,0.003722,-0.018682,2.241144
12190,R_hip_pitch,0.438452,0.239613,0.153376,8.869192
12190,R_knee,0.377513,0.414378,0.377707,-3.224386
12190,R_foot_pitch,-1.386816,-0.328682,-0.248328,-1.846012
12190,R_foot_roll,-0.177084,-0.017708,0.025454,-1.438449
12200,L_hip_roll,0.885807,0.132871,-0.030550,33.397012
12200,L_hip_yaw,0.004437,0.001109,0.016306,-1.811978
12200,L_hip_pitch,0.130677,-0.097331,-0.197791,11.470447
12200,L_knee,0.396184,-0.220954,-0.280568,8.954221
12200,L_foot_pitch,-0.191558,0.170844,0.084393,6.859252
12200,L_foot_roll,0.514315,0.051431,0.026936,1.647158
12200,R_hip_roll,0.175223,0.026283,-0.004855,5.984734
12200,R_hip_yaw,-0.005960,-0.001490,-0.010047,-0.084458
12200,R_hip_pitch,0.459208,0.244802,0.167305,8.038816
12200,R_knee,0.452825,0.433206,0.407326,-3.041269
12200,R_foot_pitch,-1.406792,-0.330679,-0.293955,1.202887
12200,R_foot_roll,-0.108405,-0.010840,0.002108,1.267395
12210,L_hip_roll,0.893549,0.134032,-0.032305,33.495769
12210,L_hip_yaw,-0.035969,-0.008992,0.016207,-2.914812
12210,L_hip_pitch,0.227558,-0.073111,-0.191507,13.441420
12210,L_knee,0.400515,-0.219871,-0.274867,7.793390
12210,L_foot_pitch,-0.401209,0.149879,0.086288,4.317122
12210,L_foot_roll,0.618698,0.061870,0.028719,2.320928
12210,R_hip_roll,0.032914,0.004937,-0.003312,0.902888
12210,R_hip_yaw,-0.008160,-0.002040,0.000218,-1.180691
12210,R_hip_pitch,0.503140,0.255785,0.178787,8.221892
12210,R_knee,0.481176,0.440294,0.429653,-3.757746
12210,R_foot_pitch,-1.508431,-0.340843,-0.326052,1.165791
12210,R_foot_roll,-0.168307,-0.016831,-0.014677,0.975383
12220,L_hip_roll,1.051225,0.157684,-0.033671,38.719429
12220,L_hip_yaw,-0.036006,-0.009001,0.016245,-3.026288
12220,L_hip_pitch,0.127298,-0.098176,-0.184107,9.500535
12220,L_knee,0.449996,-0.207501,-0.269102,9.264138
12220,L_foot_pitch,-0.480536,0.141946,0.087389,4.275909
12220,L_foot_roll,0.628663,0.062866,0.029896,2.299591
12220,R_hip_roll,0.056907,0.008536,-0.001153,1.266339
12220,R_hip_yaw,0.006629,0.001657,0.006277,-0.917143
12220,R_hip_pitch,0.594049,0.278512,0.187539,10.176032
12220,R_knee,0.512647,0.448162,0.445068,-3.139716
12220,R_foot_pitch,-1.703756,-0.360376,-0.341968,-0.487095
12220,R_foot_roll,-0.182965,-0.018296,-0.021763,0.661804
12230,L_hip_roll,1.091646,0.163747,-0.034541,39.928732
12230,L_hip_yaw,-0.071300,-0.017825,0.016077,-4.057328
12230,L_hip_pitch,0.145702,-0.093574,-0.176020,9.130790
12230,L_knee,0.464667,-0.203833,-0.263085,9.047955
12230,L_foot_pitch,-0.364197,0.153580,0.089266,5.051767
12230,L_foot_roll,0.764469,0.076447,0.030697,3.328548
12230,R_hip_roll,0.021552,0.003233,0.001612,-0.591785
12230,R_hip_yaw,0.016437,0.004109,0.008023,-0.494640
12230,R_hip_pitch,0.590847,0.277712,0.195020,9.187637
12230,R_knee,0.624051,0.476013,0.455922,0.869430
12230,R_foot_pitch,-1.868938,-0.376894,-0.350735,-1.398036
12230,R_foot_roll,-0.165134,-0.016513,-0.023201,0.515256
12240,L_hip_roll,1.133111,0.169967,-0.035003,40.991864
12240,L_hip_yaw,-0.078163,-0.019541,0.015946,-4.237718
12240,L_hip_pitch,0.219167,-0.075208,-0.168694,10.504502
12240,L_knee,0.441913,-0.209522,-0.258251,7.457417
12240,L_foot_pitch,-0.451880,0.144812,0.091094,4.032227
12240,L_foot_roll,0.820712,0.082071,0.031248,4.355837
12240,R_hip_roll,-0.012993,-0.001949,0.004939,-2.454505
12240,R_hip_yaw,0.020704,0.005176,0.007315,-0.129265
12240,R_hip_pitch,0.652245,0.293061,0.203610,9.818755
12240,R_knee,0.705166,0.496292,0.466625,2.007962
12240,R_foot_pitch,-2.086844,-0.398684,-0.354753,-3.295374
12240,R_foot_roll,-0.196195,-0.019619,-0.021314,-0.138251
12250,L_hip_roll,1.165293,0.174794,-0.035107,42.026401
12250,L_hip_yaw,-0.077622,-0.019406,0.015665,-4.195945
12250,L_hip_pitch,0.156264,-0.090934,-0.161903,7.854598
12250,L_knee,0.461874,-0.204531,-0.254384,7.922414
12250,L_foot_pitch,-0.398848,0.150115,0.093863,4.322630
12250,L_foot_roll,0.879292,0.087929,0.032047,4.193052
12250,R_hip_roll,-0.018973,-0.002846,0.008582,-3.409488
12250,R_hip_yaw,0.038275,0.009569,0.005862,0.581600
12250,R_hip_pitch,0.704695,0.306174,0.214362,9.873583
12250,R_knee,0.775307,0.513827,0.480329,1.643856
12250,R_foot_pitch,-2.245209,-0.414521,-0.355987,-4.619109
12250,R_foot_roll,-0.173115,-0.017312,-0.019269,0.010443
12260,L_hip_roll,1.196550,0.179482,-0.034897,42.818791
12260,L_hip_yaw,-0.060369,-0.015092,0.015524,-3.648786
12260,L_hip_pitch,0.157841,-0.090540,-0.156153,7.388108
12260,L_knee,0.486753,-0.198312,-0.252106,9.421668
12260,L_foot_pitch,-0.233053,0.166695,0.096801,5.214685
12260,L_foot_roll,0.988037,0.098804,0.032138,5.273214
12260,R_hip_roll,-0.059244,-0.008887,0.012351,-5.336988
12260,R_hip_yaw,0.027681,0.006920,0.005819,0.039892
12260,R_hip_pitch,0.788158,0.327040,0.227423,10.583204
12260,R_knee,0.886512,0.541628,0.497036,2.914642
12260,R_foot_pitch,-2.384325,-0.428433,-0.356421,-5.731830
12260,R_foot_roll,-0.112063,-0.011206,-0.017690,0.364582
12270,L_hip_roll,1.252399,0.187860,-0.034432,44.380310
12270,L_hip_yaw,-0.031428,-0.007857,0.015293,-2.773286
12270,L_hip_pitch,0.128975,-0.097756,-0.151466,6.022555
12270,L_knee,0.515091,-0.191227,-0.251004,10.593599
12270,L_foot_pitch,-0.185086,0.171491,0.100636,5.368249
12270,L_foot_roll,1.064896,0.106490,0.032165,5.741671
12270,R_hip_roll,-0.082131,-0.012320,0.015932,-6.656111
12270,R_hip_yaw,0.020664,0.005166,0.007101,-0.378719
12270,R_hip_pitch,0.809159,0.332290,0.243315,8.997196
12270,R_knee,0.992202,0.568050,0.517337,2.769544
12270,R_foot_pitch,-2.566040,-0.446604,-0.356800,-7.144486
12270,R_foot_roll,-0.112630,-0.011263,-0.014701,-0.085218
12280,L_hip_roll,1.355101,0.203265,-0.034070,47.386809
12280,L_hip_yaw,-0.039732,-0.009933,0.015330,-3.036771
12280,L_hip_pitch,0.107395,-0.103151,-0.147459,4.918497
12280,L_knee,0.523731,-0.189067,-0.250664,10.990449
12280,L_foot_pitch,-0.287417,0.161258,0.104188,4.238971
12280,L_foot_roll,1.206056,0.120606,0.032347,6.872664
12280,R_hip_roll,-0.058790,-0.008818,0.019016,-6.430576
12280,R_hip_yaw,0.045118,0.011279,0.008246,0.268747
12280,R_hip_pitch,0.817834,0.334459,0.261599,6.881220
12280,R_knee,1.097253,0.594313,0.540709,2.615352
12280,R_foot_pitch,-2.714506,-0.461451,-0.357419,-8.251752
12280,R_foot_roll,-0.125050,-0.012505,-0.011394,-0.371697
12290,L_hip_roll,1.307135,0.196070,-0.033377,45.560692
12290,L_hip_yaw,-0.015304,-0.003826,0.015176,-2.271211
12290,L_hip_pitch,0.079632,-0.110092,-0.143458,3.591860
12290,L_knee,0.570058,-0.177486,-0.250375,13.057444
12290,L_foot_pitch,-0.248898,0.165110,0.108454,4.126337
12290,L_foot_roll,1.275083,0.127508,0.031482,8.127631
12290,R_hip_roll,-0.044431,-0.006665,0.021789,-6.505105
12290,R_hip_yaw,0.065024,0.016256,0.010197,0.461893
12290,R_hip_pitch,0.911282,0.357820,0.280848,7.341556
12290,R_knee,1.163326,0.610831,0.565097,1.149966
12290,R_foot_pitch,-2.771475,-0.467148,-0.358323,-8.608950
12290,R_foot_roll,-0.061794,-0.006179,-0.009705,0.194885
12300,L_hip_roll,1.326438,0.198966,-0.032699,46.137552
12300,L_hip_yaw,0.024596,0.006149,0.015148,-1.076889
12300,L_hip_pitch,0.026498,-0.123375,-0.139176,1.426352
12300,L_knee,0.612418,-0.166896,-0.249666,14.472568
12300,L_foot_pitch,-0.037084,0.186292,0.111823,5.687468
12300,L_foot_roll,1.377641,0.137764,0.031674,8.309921
12300,R_hip_roll,0.023543,0.003531,0.023997,-4.681046
12300,R_hip_yaw,0.051604,0.012901,0.014235,-0.648299
12300,R_hip_pitch,0.931163,0.362791,0.300126,5.634084
12300,R_knee,1.251346,0.632837,0.588535,1.368556
12300,R_foot_pitch,-2.830668,-0.473067,-0.359330,-9.000823
12300,R_foot_roll,-0.002204,-0.000220,-0.007716,0.357290
12310,L_hip_roll,1.382002,0.207300,-0.031789,47.516072
12310,L_hip_yaw,0.064542,0.016135,0.015124,0.123986
12310,L_hip_pitch,-0.006597,-0.131649,-0.134394,-0.172295
12310,L_knee,0.602481,-0.169380,-0.248174,13.615618
12310,L_foot_pitch,-0.009131,0.189087,0.115223,5.666395
12310,L_foot_roll,1.451856,0.145186,0.031001,9.113740
12310,R_hip_roll,-0.072645,-0.010897,0.025861,-7.915804
12310,R_hip_yaw,0.064965,0.016241,0.018381,-0.599571
12310,R_hip_pitch,0.944268,0.366067,0.319000,3.819776
12310,R_knee,1.298353,0.644588,0.610024,0.239153
12310,R_foot_pitch,-2.863383,-0.476338,-0.360308,-9.189226
12310,R_foot_roll,-0.013107,-0.001311,-0.004080,-0.177634
12320,L_hip_roll,1.395147,0.209272,-0.030522,47.566365
12320,L_hip_yaw,0.090609,0.022652,0.015123,0.904394
12320,L_hip_pitch,-0.060468,-0.145117,-0.129460,-2.365735
12320,L_knee,0.617805,-0.165549,-0.246659,14.210773
12320,L_foot_pitch,-0.034784,0.186522,0.118774,5.111617
12320,L_foot_roll,1.540873,0.154087,0.030301,9.800185
12320,R_hip_roll,-0.111272,-0.016691,0.027585,-9.335138
12320,R_hip_yaw,0.063596,0.015899,0.021852,-1.048135
12320,R_hip_pitch,0.959164,0.369791,0.336624,2.314815
12320,R_knee,1.368745,0.662186,0.628160,1.358587
12320,R_foot_pitch,-2.916446,-0.481645,-0.361190,-9.554784
12320,R_foot_roll,0.011458,0.001146,-0.000653,-0.131083
12330,L_hip_roll,1.435451,0.215318,-0.028885,48.346553
12330,L_hip_yaw,0.124515,0.031129,0.015137,1.918732
12330,L_hip_pitch,-0.114437,-0.158609,-0.124689,-4.529939
12330,L_knee,0.650686,-0.157328,-0.245590,15.661614
12330,L_foot_pitch,0.027344,0.192734,0.122693,5.232222
12330,L_foot_roll,1.574800,0.157480,0.029153,10.254306
12330,R_hip_roll,-0.102697,-0.015405,0.028970,-9.222052
12330,R_hip_yaw,0.056297,0.014074,0.024812,-1.541607
12330,R_hip_pitch,0.953380,0.368345,0.352867,0.306223
12330,R_knee,1.406819,0.671705,0.642940,1.231381
12330,R_foot_pitch,-2.915386,-0.481539,-0.361989,-9.488355
12330,R_foot_roll,0.051327,0.005133,0.001882,0.043333
12340,L_hip_roll,1.362951,0.204443,-0.026961,45.650907
12340,L_hip_yaw,0.143377,0.035844,0.015137,2.488141
12340,L_hip_pitch,-0.144759,-0.166190,-0.120123,-5.982434
12340,L_knee,0.673953,-0.151512,-0.244980,16.699306
12340,L_foot_pitch,0.038003,0.193800,0.126810,4.909886
12340,L_foot_roll,1.543656,0.154366,0.028164,10.233119
12340,R_hip_roll,-0.122224,-0.018334,0.030000,-9.941077
12340,R_hip_yaw,0.056130,0.014033,0.026414,-1.573182
12340,R_hip_pitch,0.940787,0.365197,0.367513,-1.644773
12340,R_knee,1.420270,0.675068,0.654365,0.856589
12340,R_foot_pitch,-2.895584,-0.479558,-0.362668,-9.290352
12340,R_foot_roll,0.073882,0.007388,0.004442,-0.020032
12350,L_hip_roll,1.287408,0.193111,-0.024855,42.930170
12350,L_hip_yaw,0.154517,0.038629,0.015114,2.827066
12350,L_hip_pitch,-0.167932,-0.171983,-0.115312,-7.306747
12350,L_knee,0.675426,-0.151144,-0.244267,16.492505
12350,L_foot_pitch,-0.018842,0.188116,0.130954,4.134771
12350,L_foot_roll,1.461350,0.146135,0.027191,9.690193
12350,R_hip_roll,-0.058626,-0.008794,0.030547,-7.952080
12350,R_hip_yaw,0.053581,0.013395,0.026657,-1.570976
12350,R_hip_pitch,0.950074,0.367518,0.379815,-2.583205
12350,R_knee,1.430470,0.677618,0.661573,1.342272
12350,R_foot_pitch,-2.826054,-0.472605,-0.363171,-8.712218
12350,R_foot_roll,0.114764,0.011476,0.007230,0.074618
12360,L_hip_roll,1.227309,0.184096,-0.022601,40.690144
12360,L_hip_yaw,0.165453,0.041363,0.015064,3.161697
12360,L_hip_pitch,-0.189822,-0.177456,-0.110196,-8.576351
12360,L_knee,0.683115,-0.149221,-0.243336,16.711800
12360,L_foot_pitch,-0.070188,0.182981,0.135124,3.433097
12360,L_foot_roll,1.401470,0.140147,0.025605,9.188290
12360,R_hip_roll,-0.026957,-0.004043,0.030611,-6.881939
12360,R_hip_yaw,0.049985,0.012496,0.025635,-1.418183
12360,R_hip_pitch,0.949016,0.367254,0.389679,-3.574959
12360,R_knee,1.438385,0.679596,0.664746,2.203336
12360,R_foot_pitch,-2.742138,-0.464214,-0.363437,-8.045372
12360,R_foot_roll,0.139451,0.013945,0.010273,-0.005943
12370,L_hip_roll,1.173743,0.176061,-0.020351,38.614286
12370,L_hip_yaw,0.170824,0.042706,0.014985,3.336295
12370,L_hip_pitch,-0.183538,-0.175885,-0.105114,-8.994458
12370,L_knee,0.670920,-0.152270,-0.242591,16.082442
12370,L_foot_pitch,-0.188564,0.171144,0.139505,2.062774
12370,L_foot_roll,1.315606,0.131561,0.024057,8.772816
12370,R_hip_roll,-0.019850,-0.002978,0.030242,-6.469081
12370,R_hip_yaw,0.053427,0.013357,0.023383,-0.939501
12370,R_hip_pitch,0.960712,0.370178,0.397515,-3.982881
12370,R_knee,1.399818,0.669955,0.664926,1.166213
12370,R_foot_pitch,-2.673141,-0.457314,-0.363440,-7.518900
12370,R_foot_roll,0.126016,0.012602,0.013277,-0.327322
12380,L_hip_roll,1.114805,0.167221,-0.018180,36.468352
12380,L_hip_yaw,0.179016,0.044754,0.014901,3.592996
12380,L_hip_pitch,-0.172440,-0.173110,-0.100145,-9.232297
12380,L_knee,0.656781,-0.155805,-0.242042,15.472726
12380,L_foot_pitch,-0.294877,0.160512,0.143860,0.841727
12380,L_foot_roll,1.185054,0.118505,0.022856,7.735996
12380,R_hip_roll,0.000384,0.000058,0.029364,-5.498547
12380,R_hip_yaw,0.052779,0.013195,0.020869,-0.688561
12380,R_hip_pitch,0.954905,0.368726,0.403232,-4.617968
12380,R_knee,1.347926,0.656981,0.661930,0.432841
12380,R_foot_pitch,-2.595245,-0.449525,-0.363210,-6.934775
12380,R_foot_roll,0.104897,0.010490,0.014971,-0.453761
12390,L_hip_roll,1.013508,0.152026,-0.015980,32.914111
12390,L_hip_yaw,0.179471,0.044868,0.014821,3.611457
12390,L_hip_pitch,-0.147117,-0.166779,-0.095242,-9.076738
12390,L_knee,0.638228,-0.160443,-0.241671,14.504720
12390,L_foot_pitch,-0.419836,0.148016,0.148539,-0.522533
12390,L_foot_roll,1.050772,0.105077,0.020815,7.061071
12390,R_hip_roll,0.013049,0.001957,0.027973,-4.725121
12390,R_hip_yaw,0.052147,0.013037,0.018949,-0.553815
12390,R_hip_pitch,0.948208,0.367052,0.406427,-4.942766
12390,R_knee,1.284441,0.641110,0.654893,0.088029
12390,R_foot_pitch,-2.477646,-0.437765,-0.362794,-6.043774
12390,R_foot_roll,0.076478,0.007648,0.014608,-0.444582
12400,L_hip_roll,0.902049,0.135307,-0.013956,29.287628
12400,L_hip_yaw,0.175360,0.043840,0.014720,3.504935
12400,L_hip_pitch,-0.069991,-0.147498,-0.090398,-7.323336
12400,L_knee,0.602473,-0.169382,-0.241447,12.981505
12400,L_foot_pitch,-0.603510,0.129649,0.153501,-2.415014
12400,L_foot_roll,0.874647,0.087465,0.019074,5.726089
12400,R_hip_roll,0.060938,0.009141,0.025968,-2.656041
12400,R_hip_yaw,0.050906,0.012727,0.017738,-0.507296
12400,R_hip_pitch,0.958124,0.369531,0.406958,-4.447739
12400,R_knee,1.180034,0.615008,0.643599,-1.345605
12400,R_foot_pitch,-2.338178,-0.423818,-0.362187,-4.996261
12400,R_foot_roll,0.038111,0.003811,0.012380,-0.415421
12410,L_hip_roll,0.768452,0.115268,-0.012310,25.106548
12410,L_hip_yaw,0.169067,0.042267,0.014627,3.323447
12410,L_hip_pitch,-0.018708,-0.134677,-0.085432,-6.408150
12410,L_knee,0.568445,-0.177889,-0.241257,11.359759
12410,L_foot_pitch,-0.787020,0.111298,0.158228,-4.208981
12410,L_foot_roll,0.658698,0.065870,0.017422,3.930385
12410,R_hip_roll,0.122082,0.018312,0.023341,-0.135140
12410,R_hip_yaw,0.049955,0.012489,0.016782,-0.414157
12410,R_hip_pitch,0.950834,0.367708,0.404523,-4.067016
12410,R_knee,1.044711,0.581178,0.627504,-3.029485
12410,R_foot_pitch,-2.142212,-0.404221,-0.361358,-3.517596
12410,R_foot_roll,-0.024481,-0.002448,0.008645,-0.487236
12420,L_hip_roll,0.551155,0.082673,-0.010949,18.258074
12420,L_hip_yaw,0.153047,0.038262,0.014527,2.851033
12420,L_hip_pitch,0.068617,-0.112846,-0.080030,-4.511411
12420,L_knee,0.525900,-0.188525,-0.240742,9.094278
12420,L_foot_pitch,-1.022745,0.087725,0.163345,-6.533861
12420,L_foot_roll,0.411242,0.041124,0.015176,2.643256
12420,R_hip_roll,0.187887,0.028183,0.020442,2.401491
12420,R_hip_yaw,0.049458,0.012365,0.015371,-0.192341
12420,R_hip_pitch,0.923891,0.360973,0.398706,-3.837436
12420,R_knee,0.863665,0.535916,0.605532,-5.394353
12420,R_foot_pitch,-1.878343,-0.377834,-0.360241,-1.526549
12420,R_foot_roll,-0.133518,-0.013352,0.003265,-0.758735
12430,L_hip_roll,0.292286,0.043843,-0.010224,10.627070
12430,L_hip_yaw,0.134215,0.033554,0.014366,2.314844
12430,L_hip_pitch,0.193102,-0.081724,-0.074187,-1.559978
12430,L_knee,0.461639,-0.204590,-0.240019,5.895068
12430,L_foot_pitch,-1.328747,0.057125,0.168329,-9.498453
12430,L_foot_roll,0.125880,0.012588,0.013719,0.088219
12430,R_hip_roll,0.369343,0.055402,0.017321,8.526818
12430,R_hip_yaw,0.041999,0.010500,0.012917,-0.004427
12430,R_hip_pitch,0.890098,0.352525,0.388760,-3.221753
12430,R_knee,0.631836,0.477959,0.575963,-8.079056
12430,R_foot_pitch,-1.552634,-0.345263,-0.358736,0.917435
12430,R_foot_roll,-0.293931,-0.029393,-0.004755,-1.103672
12440,L_hip_roll,-0.143526,-0.021529,-0.010057,-2.259417
12440,L_hip_yaw,0.111564,0.027891,0.014156,1.665869
12440,L_hip_pitch,0.320388,-0.049903,-0.067377,1.369934
12440,L_knee,0.388042,-0.222990,-0.238609,2.303814
12440,L_foot_pitch,-1.626103,0.027390,0.173088,-12.242852
12440,L_foot_roll,-0.221122,-0.022112,0.011857,-2.546177
12440,R_hip_roll,0.533887,0.080083,0.014586,13.834434
12440,R_hip_yaw,0.030558,0.007640,0.008129,0.537645
12440,R_hip_pitch,0.799244,0.329811,0.373754,-3.617098
12440,R_knee,0.319560,0.399890,0.536589,-11.922133
12440,R_foot_pitch,-1.154179,-0.305418,-0.352895,3.053871
12440,R_foot_roll,-0.571078,-0.057108,-0.017166,-1.854631
12450,L_hip_roll,-0.652473,-0.097871,-0.010735,-17.066472
12450,L_hip_yaw,0.103544,0.025886,0.013835,1.476829
12450,L_hip_pitch,0.381504,-0.034624,-0.059326,2.110371
12450,L_knee,0.290119,-0.247470,-0.236692,-2.555206
12450,L_foot_pitch,-1.825868,0.007413,0.178128,-14.237073
12450,L_foot_roll,-0.530765,-0.053077,0.009974,-4.852443
12450,R_hip_roll,0.716491,0.107474,0.012611,19.507831
12450,R_hip_yaw,0.034332,0.008583,-0.000079,1.982244
12450,R_hip_pitch,0.604052,0.281013,0.352198,-6.181109
12450,R_knee,-0.048352,0.307912,0.483860,-14.634776
12450,R_foot_pitch,-0.711154,-0.261115,-0.334432,3.558748
12450,R_foot_roll,-0.976886,-0.097689,-0.036808,-2.734818
12460,L_hip_roll,-0.874251,-0.131138,-0.012374,-23.499171
12460,L_hip_yaw,0.045674,0.011419,0.013341,-0.226344
12460,L_hip_pitch,0.270514,-0.062372,-0.050575,-2.275432
12460,L_knee,0.323362,-0.239159,-0.235594,-0.880201
12460,L_foot_pitch,-1.573123,0.032688,0.183643,-12.585234
12460,L_foot_roll,-0.686441,-0.068644,0.008157,-5.912213
12460,R_hip_roll,0.703166,0.105475,0.011118,19.301725
12460,R_hip_yaw,0.060906,0.015227,-0.008749,3.100600
12460,R_hip_pitch,0.349625,0.217406,0.324495,-10.696455
12460,R_knee,-0.351055,0.232236,0.420989,-21.869525
12460,R_foot_pitch,-0.432609,-0.233261,-0.286699,-5.922060
12460,R_foot_roll,-1.601389,-0.160139,-0.059291,-8.513569
12470,L_hip_roll,-0.891124,-0.133669,-0.012586,-24.255157
12470,L_hip_yaw,0.021326,0.005332,0.012819,-0.818808
12470,L_hip_pitch,0.089758,-0.107561,-0.041383,-8.873640
12470,L_knee,0.229915,-0.262521,-0.235168,-4.902809
12470,L_foot_pitch,-0.820768,0.107923,0.188530,-6.906077
12470,L_foot_roll,-0.242203,-0.024220,0.005248,-2.079084
12470,R_hip_roll,0.043820,0.006573,0.011203,-1.228460
12470,R_hip_yaw,0.206048,0.051512,-0.009606,7.379730
12470,R_hip_pitch,0.287949,0.201987,0.298421,-8.796593
12470,R_knee,-0.458692,0.205327,0.374207,-16.095221
12470,R_foot_pitch,-0.112907,-0.201291,-0.179391,-12.040842
12470,R_foot_roll,-1.999881,-0.199988,-0.067404,-9.047453
12480,L_hip_roll,-0.359634,-0.053945,-0.012857,-8.016709
12480,L_hip_yaw,-0.058694,-0.014674,0.011876,-3.092335
12480,L_hip_pitch,-0.200421,-0.180105,-0.035934,-17.567465
12480,L_knee,0.019116,-0.315221,-0.241060,-10.393704
12480,L_foot_pitch,0.206570,0.210657,0.193007,0.975965
12480,L_foot_roll,0.462384,0.046238,0.003563,3.579691
12480,R_hip_roll,-0.467311,-0.070097,0.012404,-16.824141
12480,R_hip_yaw,0.240619,0.060155,-0.010434,8.609052
12480,R_hip_pitch,0.292989,0.203247,0.271719,-5.708652
12480,R_knee,-0.428471,0.212882,0.328562,-8.134167
12480,R_foot_pitch,0.266934,-0.163307,-0.081443,-14.450000
12480,R_foot_roll,-1.878827,-0.187883,-0.089613,-5.319851
12490,L_hip_roll,-0.342887,-0.051433,-0.012878,-8.094148
12490,L_hip_yaw,-0.099778,-0.024944,0.007480,-3.202830
12490,L_hip_pitch,-0.179684,-0.174921,-0.043340,-14.414354
12490,L_knee,-0.098608,-0.344652,-0.265812,-4.395914
12490,L_foot_pitch,0.747642,0.264764,0.203557,3.738423
12490,L_foot_roll,0.733455,0.073346,0.014249,3.008572
12490,R_hip_roll,-0.819539,-0.122931,0.012743,-27.229372
12490,R_hip_yaw,0.071392,0.017848,-0.011282,3.452838
12490,R_hip_pitch,0.066007,0.146502,0.256467,-12.467566
12490,R_knee,-0.466025,0.203494,0.305541,-16.197279
12490,R_foot_pitch,0.665829,-0.123417,-0.041590,-6.333379
12490,R_foot_roll,-1.557118,-0.155712,-0.087313,-7.975030
12500,L_hip_roll,-0.071224,-0.010684,-0.012331,0.289461
12500,L_hip_yaw,-0.080199,-0.020050,-0.005788,-0.033431
12500,L_hip_pitch,-0.171288,-0.172822,-0.061134,-11.461915
12500,L_knee,-0.210285,-0.372571,-0.305382,0.317663
12500,L_foot_pitch,1.055221,0.295522,0.225432,3.056780
12500,L_foot_roll,0.918695,0.091870,0.040724,1.149897
12500,R_hip_roll,-0.898829,-0.134824,0.012727,-29.482742
12500,R_hip_yaw,-0.005900,-0.001475,-0.011634,1.288369
12500,R_hip_pitch,-0.028622,0.122845,0.247868,-14.068189
12500,R_knee,-0.394304,0.221424,0.295090,-9.588662
12500,R_foot_pitch,1.026438,-0.087356,-0.041828,-3.721183
12500,R_foot_roll,-1.275843,-0.127584,-0.057647,-8.714103
12510,L_hip_roll,0.007445,0.001117,-0.011836,2.333488
12510,L_hip_yaw,-0.097468,-0.024367,-0.020923,0.886505
12510,L_hip_pitch,-0.133502,-0.163376,-0.081344,-7.882871
12510,L_knee,-0.284957,-0.391239,-0.347609,4.135986
12510,L_foot_pitch,1.183764,0.308376,0.256821,0.947349
12510,L_foot_roll,0.934860,0.093486,0.071152,-1.024584
12510,R_hip_roll,-1.063203,-0.159480,0.012791,-34.555263
12510,R_hip_yaw,-0.051392,-0.012848,-0.012706,0.098508
12510,R_hip_pitch,0.038459,0.139615,0.237556,-10.677433
12510,R_knee,-0.478495,0.200376,0.281412,-10.361771
12510,R_foot_pitch,1.027416,-0.087258,-0.040255,-3.937067
12510,R_foot_roll,-1.185343,-0.118534,-0.024723,-10.739236
12520,L_hip_roll,-0.234473,-0.035171,-0.008660,-6.417191
12520,L_hip_yaw,-0.117518,-0.029380,-0.030580,0.867458
12520,L_hip_pitch,-0.087473,-0.151868,-0.099799,-4.597743
12520,L_knee,-0.348769,-0.407192,-0.382930,4.672614
12520,L_foot_pitch,1.220550,0.312055,0.286276,-0.481044
12520,L_foot_roll,0.867678,0.086768,0.092492,-2.008544
12520,R_hip_roll,-1.120569,-0.168085,0.017430,-38.639123
12520,R_hip_yaw,-0.079403,-0.019851,-0.013136,-0.777351
12520,R_hip_pitch,0.095772,0.153943,0.230474,-8.447187
12520,R_knee,-0.599238,0.170191,0.273253,-16.093150
12520,R_foot_pitch,1.062447,-0.083755,-0.040883,-3.388802
12520,R_foot_roll,-1.153189,-0.115319,-0.025037,-6.992974
12530,L_hip_roll,-0.242938,-0.036441,-0.005518,-6.948844
12530,L_hip_yaw,-0.111462,-0.027865,-0.036365,1.452698
12530,L_hip_pitch,-0.116501,-0.159125,-0.113762,-4.275521
12530,L_knee,-0.394488,-0.418622,-0.407007,3.509316
12530,L_foot_pitch,1.294298,0.319430,0.305643,-0.284501
12530,L_foot_roll,0.850604,0.085060,0.099950,-1.387782
12530,R_hip_roll,-1.050164,-0.157525,0.022127,-37.212483
12530,R_hip_yaw,-0.077428,-0.019357,-0.013435,-0.685163
12530,R_hip_pitch,0.098710,0.154677,0.221310,-6.960380
12530,R_knee,-0.625331,0.163667,0.262755,-14.276144
12530,R_foot_pitch,1.080734,-0.081927,-0.040375,-3.421973
12530,R_foot_roll,-1.102405,-0.110241,-0.027063,-6.462971
12540,L_hip_roll,-0.155789,-0.023368,-0.003720,-4.250558
12540,L_hip_yaw,-0.122376,-0.030594,-0.038171,0.896011
12540,L_hip_pitch,-0.149981,-0.167495,-0.123766,-4.391244
12540,L_knee,-0.397623,-0.419406,-0.421403,3.576713
12540,L_foot_pitch,1.343441,0.324344,0.315525,0.052696
12540,L_foot_roll,0.769728,0.076973,0.097517,-1.162012
12540,R_hip_roll,-1.009313,-0.151397,0.025918,-36.459272
12540,R_hip_yaw,-0.048725,-0.012181,-0.013666,0.196777
12540,R_hip_pitch,0.013844,0.133461,0.209984,-7.999050
12540,R_knee,-0.618907,0.165273,0.249701,-11.131680
12540,R_foot_pitch,1.288793,-0.061121,-0.038945,-1.932605
12540,R_foot_roll,-1.008042,-0.100804,-0.028790,-5.602129
12550,L_hip_roll,-0.126756,-0.019013,-0.003217,-3.142583
12550,L_hip_yaw,-0.118301,-0.029575,-0.036778,0.640594
12550,L_hip_pitch,-0.265209,-0.196302,-0.130785,-7.275647
12550,L_knee,-0.439993,-0.429998,-0.428406,0.953035
12550,L_foot_pitch,1.365581,0.326558,0.319942,0.251469
12550,L_foot_roll,0.639528,0.063953,0.089503,-1.129036
12550,R_hip_roll,-1.153769,-0.173065,0.028861,-41.159768
12550,R_hip_yaw,0.011812,0.002953,-0.013782,2.013258
12550,R_hip_pitch,-0.074799,0.111300,0.197405,-9.047226
12550,R_knee,-0.616317,0.165921,0.235395,-8.184897
12550,R_foot_pitch,1.520827,-0.037917,-0.037048,-0.257473
12550,R_foot_roll,-1.026153,-0.102615,-0.030135,-5.674118
12560,L_hip_roll,-0.030567,-0.004585,-0.004013,0.306912
12560,L_hip_yaw,-0.113100,-0.028275,-0.033702,0.298940
12560,L_hip_pitch,-0.224462,-0.186115,-0.137169,-5.203288
12560,L_knee,-0.459500,-0.434875,-0.432495,0.695184
12560,L_foot_pitch,1.432666,0.333267,0.321988,0.767682
12560,L_foot_roll,0.541362,0.054136,0.077581,-0.631538
12560,R_hip_roll,-1.112373,-0.166856,0.030828,-40.004467
12560,R_hip_yaw,-0.017767,-0.004442,-0.013672,1.097997
12560,R_hip_pitch,-0.050992,0.117252,0.184670,-6.872815
12560,R_knee,-0.703375,0.144156,0.221013,-9.745737
12560,R_foot_pitch,1.437013,-0.046299,-0.035390,-1.066402
12560,R_foot_roll,-1.094116,-0.109412,-0.031225,-6.179168
12570,L_hip_roll,0.045829,0.006874,-0.005667,3.092630
12570,L_hip_yaw,-0.102577,-0.025644,-0.030010,0.167082
12570,L_hip_pitch,-0.228108,-0.187027,-0.143948,-4.491640
12570,L_knee,-0.511013,-0.447753,-0.435836,-1.305136
12570,L_foot_pitch,1.455022,0.335502,0.324486,0.582687
12570,L_foot_roll,0.434779,0.043478,0.064156,-0.383444
12570,R_hip_roll,-1.297536,-0.194630,0.032180,-45.696407
12570,R_hip_yaw,-0.040213,-0.010053,-0.013572,0.409223
12570,R_hip_pitch,-0.056057,0.115986,0.172175,-5.497271
12570,R_knee,-0.705018,0.143745,0.206841,-7.121191
12570,R_foot_pitch,1.441492,-0.045851,-0.033281,-1.212122
12570,R_foot_roll,-1.190762,-0.119076,-0.031982,-6.900552
12580,L_hip_roll,0.028384,0.004258,-0.008018,3.272885
12580,L_hip_yaw,-0.086336,-0.021584,-0.026541,0.280290
12580,L_hip_pitch,-0.272734,-0.198184,-0.151569,-4.784802
12580,L_knee,-0.544768,-0.456192,-0.439744,-1.668576
12580,L_foot_pitch,1.590921,0.349092,0.328217,1.290202
12580,L_foot_roll,0.377484,0.037748,0.051202,0.108548
12580,R_hip_roll,-1.373388,-0.206008,0.032830,-47.840717
12580,R_hip_yaw,-0.044817,-0.011204,-0.013489,0.266422
12580,R_hip_pitch,-0.163922,0.089020,0.160505,-7.491054
12580,R_knee,-0.690806,0.147298,0.193890,-4.875115
12580,R_foot_pitch,1.561639,-0.033836,-0.031715,-0.273577
12580,R_foot_roll,-1.276721,-0.127672,-0.032517,-7.573527
12590,L_hip_roll,0.154586,0.023188,-0.011217,7.962705
12590,L_hip_yaw,-0.077656,-0.019414,-0.023224,0.140900
12590,L_hip_pitch,-0.338115,-0.214529,-0.160396,-5.583442
12590,L_knee,-0.581795,-0.465449,-0.445470,-1.742251
12590,L_foot_pitch,1.581050,0.348105,0.334946,0.264148
12590,L_foot_roll,0.339300,0.033930,0.040784,0.308375
12590,R_hip_roll,-1.361292,-0.204194,0.032568,-47.144370
12590,R_hip_yaw,-0.033524,-0.008381,-0.013501,0.619370
12590,R_hip_pitch,-0.167369,0.088158,0.150286,-6.495759
12590,R_knee,-0.680273,0.149932,0.183451,-3.270796
12590,R_foot_pitch,1.623009,-0.027699,-0.031242,0.292678
12590,R_foot_roll,-1.282309,-0.128231,-0.032734,-7.633781
12600,L_hip_roll,0.126140,0.018921,-0.014811,7.823429
12600,L_hip_yaw,-0.062727,-0.015682,-0.020211,0.282240
12600,L_hip_pitch,-0.354603,-0.218651,-0.170697,-4.669372
12600,L_knee,-0.619969,-0.474992,-0.453239,-1.445262
12600,L_foot_pitch,1.580273,0.348027,0.342197,-0.143386
12600,L_foot_roll,0.294304,0.029430,0.033673,0.217608
12600,R_hip_roll,-1.423995,-0.213599,0.031617,-48.690584
12600,R_hip_yaw,-0.059326,-0.014831,-0.013584,-0.142207
12600,R_hip_pitch,-0.126116,0.098471,0.141864,-4.457275
12600,R_knee,-0.762519,0.129370,0.176031,-6.620898
12600,R_foot_pitch,1.521084,-0.037892,-0.032062,-0.322165
12600,R_foot_roll,-1.348623,-0.134862,-0.032680,-8.190674
12610,L_hip_roll,0.111646,0.016747,-0.018345,8.065822
12610,L_hip_yaw,-0.035777,-0.008944,-0.017637,0.814410
12610,L_hip_pitch,-0.376607,-0.224152,-0.182291,-3.841559
12610,L_knee,-0.649266,-0.482317,-0.462197,-0.978071
12610,L_foot_pitch,1.705034,0.360503,0.346417,0.868013
12610,L_foot_roll,0.196037,0.019604,0.028969,-0.373914
12610,R_hip_roll,-1.339913,-0.200987,0.030221,-45.764265
12610,R_hip_yaw,-0.067516,-0.016879,-0.013762,-0.352329
12610,R_hip_pitch,-0.126183,0.098454,0.134742,-3.674508
12610,R_knee,-0.819972,0.115007,0.170552,-8.498793
12610,R_foot_pitch,1.308826,-0.059117,-0.033672,-1.855433
12610,R_foot_roll,-1.377734,-0.137773,-0.032424,-8.464082
12620,L_hip_roll,0.157742,0.023661,-0.021495,9.905533
12620,L_hip_yaw,-0.031125,-0.007781,-0.014493,0.458857
12620,L_hip_pitch,-0.407177,-0.231794,-0.194286,-3.319800
12620,L_knee,-0.694967,-0.493742,-0.471180,-1.536534
12620,L_foot_pitch,1.767484,0.366748,0.350578,0.862809
12620,L_foot_roll,0.065210,0.006521,0.023805,-0.829785
12620,R_hip_roll,-1.311933,-0.196790,0.028652,-44.609394
12620,R_hip_yaw,-0.057312,-0.014328,-0.014060,0.001014
12620,R_hip_pitch,-0.104205,0.103949,0.127697,-2.132643
12620,R_knee,-0.792962,0.121760,0.165196,-6.181351
12620,R_foot_pitch,1.214853,-0.068515,-0.035370,-2.485220
12620,R_foot_roll,-1.346715,-0.134672,-0.032073,-8.250344
12630,L_hip_roll,0.168944,0.025342,-0.023947,10.489176
12630,L_hip_yaw,-0.046205,-0.011551,-0.011163,-0.342403
12630,L_hip_pitch,-0.425991,-0.236498,-0.206584,-2.358423
12630,L_knee,-0.728171,-0.502043,-0.479997,-1.424560
12630,L_foot_pitch,1.713835,0.361383,0.353060,0.532174
12630,L_foot_roll,-0.052423,-0.005242,0.015242,-0.682619
12630,R_hip_roll,-1.361632,-0.204245,0.027055,-45.775238
12630,R_hip_yaw,-0.072452,-0.018113,-0.014361,-0.425476
12630,R_hip_pitch,-0.078582,0.110354,0.121447,-0.772913
12630,R_knee,-0.791249,0.122188,0.161158,-6.136700
12630,R_foot_pitch,1.190162,-0.070984,-0.037630,-2.396591
12630,R_foot_roll,-1.319363,-0.131936,-0.031594,-8.082259
12640,L_hip_roll,0.129070,0.019360,-0.025582,9.370276
12640,L_hip_yaw,-0.041716,-0.010429,-0.010033,-0.021289
12640,L_hip_pitch,-0.433734,-0.238434,-0.219095,-1.088442
12640,L_knee,-0.772632,-0.513158,-0.488411,-2.120978
12640,L_foot_pitch,1.730160,0.363016,0.353558,0.756745
12640,L_foot_roll,-0.111243,-0.011124,0.003449,0.030638
12640,R_hip_roll,-1.417790,-0.212669,0.025357,-47.076660
12640,R_hip_yaw,-0.094527,-0.023632,-0.014602,-1.063585
12640,R_hip_pitch,-0.060677,0.114831,0.116924,0.130200
12640,R_knee,-0.815717,0.116071,0.159905,-7.877348
12640,R_foot_pitch,1.138494,-0.076151,-0.041037,-2.416688
12640,R_foot_roll,-1.345486,-0.134549,-0.030920,-8.364404
12650,L_hip_roll,0.093888,0.014083,-0.026555,8.351922
12650,L_hip_yaw,-0.044990,-0.011247,-0.011234,0.179709
12650,L_hip_pitch,-0.427158,-0.236789,-0.231408,0.551083
12650,L_knee,-0.797130,-0.519283,-0.496224,-1.965857
12650,L_foot_pitch,1.703808,0.360381,0.353292,0.608052
12650,L_foot_roll,-0.156591,-0.015659,-0.007819,0.346047
12650,R_hip_roll,-1.370751,-0.205613,0.023466,-45.216332
12650,R_hip_yaw,-0.117139,-0.029285,-0.014842,-1.709419
12650,R_hip_pitch,-0.011669,0.127083,0.113605,1.923186
12650,R_knee,-0.833575,0.111606,0.160766,-9.285797
12650,R_foot_pitch,1.049309,-0.085069,-0.045370,-2.714203
12650,R_foot_roll,-1.323566,-0.132357,-0.030085,-8.273015
12660,L_hip_roll,0.045376,0.006806,-0.027046,6.858988
12660,L_hip_yaw,-0.045859,-0.011465,-0.013510,0.492744
12660,L_hip_pitch,-0.444627,-0.241157,-0.242912,1.298127
12660,L_knee,-0.811500,-0.522875,-0.502898,-1.859119
12660,L_foot_pitch,1.670990,0.357099,0.352801,0.395927
12660,L_foot_roll,-0.181063,-0.018106,-0.015849,0.440062
12660,R_hip_roll,-1.339655,-0.200948,0.021369,-43.810087
12660,R_hip_yaw,-0.133170,-0.033292,-0.015100,-2.158485
12660,R_hip_pitch,0.021270,0.135318,0.110820,3.209802
12660,R_knee,-0.831089,0.112228,0.162856,-9.849446
12660,R_foot_pitch,0.925454,-0.097455,-0.050311,-3.257529
12660,R_foot_roll,-1.305066,-0.130507,-0.029095,-8.219097
12670,L_hip_roll,0.039029,0.005854,-0.027243,6.653638
12670,L_hip_yaw,-0.038867,-0.009717,-0.015765,0.923037
12670,L_hip_pitch,-0.441319,-0.240330,-0.253191,2.503649
12670,L_knee,-0.820855,-0.525214,-0.507851,-1.920831
12670,L_foot_pitch,1.590744,0.349074,0.352264,-0.202459
12670,L_foot_roll,-0.205376,-0.020538,-0.020209,0.255710
12670,R_hip_roll,-1.274098,-0.191115,0.019047,-41.302567
12670,R_hip_yaw,-0.151768,-0.037942,-0.015357,-2.685209
12670,R_hip_pitch,0.052784,0.143196,0.108534,4.371278
12670,R_knee,-0.817059,0.115735,0.166186,-10.227557
12670,R_foot_pitch,0.900028,-0.099997,-0.055894,-2.944627
12670,R_foot_roll,-1.247452,-0.124745,-0.027955,-7.865632
12680,L_hip_roll,-0.003067,-0.000460,-0.027217,5.303601
12680,L_hip_yaw,-0.042650,-0.010663,-0.016837,0.779841
12680,L_hip_pitch,-0.462512,-0.245628,-0.262020,2.774839
12680,L_knee,-0.805513,-0.521378,-0.510807,-1.303574
12680,L_foot_pitch,1.522953,0.342295,0.350698,-0.464793
12680,L_foot_roll,-0.226194,-0.022619,-0.022127,0.080871
12680,R_hip_roll,-1.216083,-0.182412,0.016550,-39.033481
12680,R_hip_yaw,-0.154356,-0.038589,-0.015591,-2.737874
12680,R_hip_pitch,0.066792,0.146698,0.106786,4.952294
12680,R_knee,-0.785716,0.123571,0.170844,-10.036784
12680,R_foot_pitch,0.878497,-0.102150,-0.062140,-2.552709
12680,R_foot_roll,-1.181486,-0.118149,-0.026636,-7.458765
12690,L_hip_roll,-0.052266,-0.007840,-0.026977,3.725580
12690,L_hip_yaw,-0.042858,-0.010715,-0.016670,0.659078
12690,L_hip_pitch,-0.476550,-0.249137,-0.269158,3.037141
12690,L_knee,-0.790637,-0.517659,-0.511268,-1.347955
12690,L_foot_pitch,1.483712,0.338371,0.346839,-0.217484
12690,L_foot_roll,-0.256540,-0.025654,-0.023136,-0.121551
12690,R_hip_roll,-1.143415,-0.171512,0.013934,-36.293574
12690,R_hip_yaw,-0.140318,-0.035079,-0.015778,-2.299149
12690,R_hip_pitch,0.088775,0.152194,0.105667,5.674389
12690,R_knee,-0.784695,0.123826,0.176981,-11.571499
12690,R_foot_pitch,0.840728,-0.105927,-0.069121,-2.218573
12690,R_foot_roll,-1.133338,-0.113334,-0.025155,-7.208057
12700,L_hip_roll,-0.081619,-0.012243,-0.026511,2.673245
12700,L_hip_yaw,-0.037946,-0.009487,-0.015642,0.606829
12700,L_hip_pitch,-0.480096,-0.250024,-0.274559,3.411689
12700,L_knee,-0.767213,-0.511803,-0.509219,-1.343255
12700,L_foot_pitch,1.378703,0.327870,0.341514,-0.565737
12700,L_foot_roll,-0.277085,-0.027709,-0.024407,-0.120769
12700,R_hip_roll,-1.050401,-0.157560,0.011297,-32.993245
12700,R_hip_yaw,-0.148979,-0.037245,-0.015890,-2.554289
12700,R_hip_pitch,0.122937,0.160734,0.104900,6.781222
12700,R_knee,-0.767890,0.128028,0.184027,-12.209834
12700,R_foot_pitch,0.807665,-0.109234,-0.076574,-1.861857
12700,R_foot_roll,-1.050408,-0.105041,-0.023550,-6.683850
12710,L_hip_roll,-0.164491,-0.024674,-0.025749,-0.064533
12710,L_hip_yaw,-0.035055,-0.008764,-0.013847,0.404728
12710,L_hip_pitch,-0.486113,-0.251528,-0.278389,3.547907
12710,L_knee,-0.729474,-0.502368,-0.504940,-1.033146
12710,L_foot_pitch,1.267590,0.316759,0.334536,-0.685141
12710,L_foot_roll,-0.282336,-0.028234,-0.026185,0.017475
12710,R_hip_roll,-1.003732,-0.150560,0.008804,-31.161021
12710,R_hip_yaw,-0.150489,-0.037622,-0.015933,-2.599602
12710,R_hip_pitch,0.121384,0.160346,0.104284,6.788462
12710,R_knee,-0.716618,0.140846,0.191455,-11.344594
12710,R_foot_pitch,0.773304,-0.112670,-0.084241,-1.505092
12710,R_foot_roll,-0.969718,-0.096972,-0.021842,-6.183502
12720,L_hip_roll,-0.180299,-0.027045,-0.024950,-0.646328
12720,L_hip_yaw,-0.025300,-0.006325,-0.011341,0.332205
12720,L_hip_pitch,-0.510370,-0.257593,-0.280717,2.949976
12720,L_knee,-0.682009,-0.490502,-0.498413,-0.742300
12720,L_foot_pitch,1.147388,0.304739,0.325220,-0.676343
12720,L_foot_roll,-0.264650,-0.026465,-0.027606,0.197312
12720,R_hip_roll,-0.939577,-0.140936,0.006393,-28.749407
12720,R_hip_yaw,-0.146153,-0.036538,-0.015933,-2.471704
12720,R_hip_pitch,0.123439,0.160860,0.104185,6.789430
12720,R_knee,-0.666564,0.153359,0.199818,-10.994196
12720,R_foot_pitch,0.783136,-0.111686,-0.092363,-0.713387
12720,R_foot_roll,-0.854118,-0.085412,-0.020007,-5.420435
12730,L_hip_roll,-0.223889,-0.033583,-0.024295,-2.054875
12730,L_hip_yaw,-0.017311,-0.004328,-0.008232,0.146085
12730,L_hip_pitch,-0.509476,-0.257369,-0.281751,2.991509
12730,L_knee,-0.611542,-0.472885,-0.489825,0.335454
12730,L_foot_pitch,1.020525,0.292052,0.313863,-0.611005
12730,L_foot_roll,-0.231332,-0.023133,-0.027754,0.329925
12730,R_hip_roll,-0.837084,-0.125563,0.004027,-25.233453
12730,R_hip_yaw,-0.143995,-0.035999,-0.015916,-2.409568
12730,R_hip_pitch,0.123802,0.160950,0.104936,6.617599
12730,R_knee,-0.612905,0.166774,0.209569,-10.754835
12730,R_foot_pitch,0.826739,-0.107326,-0.101109,0.396426
12730,R_foot_roll,-0.707291,-0.070729,-0.018011,-4.419780
12740,L_hip_roll,-0.309697,-0.046455,-0.023760,-4.718731
12740,L_hip_yaw,-0.010945,-0.002736,-0.004754,-0.105945
12740,L_hip_pitch,-0.511488,-0.257872,-0.281367,2.727993
12740,L_knee,-0.513277,-0.448319,-0.478684,1.879238
12740,L_foot_pitch,0.855958,0.275596,0.301021,-0.783284
12740,L_foot_roll,-0.171239,-0.017124,-0.026043,0.483047
12740,R_hip_roll,-0.705705,-0.105856,0.001794,-20.915356
12740,R_hip_yaw,-0.134449,-0.033612,-0.015858,-2.132721
12740,R_hip_pitch,0.112191,0.158048,0.106446,6.010393
12740,R_knee,-0.557121,0.180720,0.220473,-10.557467
12740,R_foot_pitch,0.872452,-0.102755,-0.110545,1.555685
12740,R_foot_roll,-0.541706,-0.054171,-0.015938,-3.278886
12750,L_hip_roll,-0.393238,-0.058986,-0.023367,-7.239479
12750,L_hip_yaw,0.002216,0.000554,-0.001041,-0.177321
12750,L_hip_pitch,-0.519438,-0.259859,-0.278980,1.985836
12750,L_knee,-0.382930,-0.415733,-0.463591,3.709067
12750,L_foot_pitch,0.663329,0.256333,0.286344,-0.948863
12750,L_foot_roll,-0.072895,-0.007290,-0.021900,0.687584
12750,R_hip_roll,-0.543271,-0.081491,-0.000135,-15.742533
12750,R_hip_yaw,-0.122765,-0.030691,-0.015786,-1.793986
12750,R_hip_pitch,0.091232,0.152808,0.108533,5.090582
12750,R_knee,-0.492256,0.196936,0.232277,-9.960448
12750,R_foot_pitch,0.930213,-0.096979,-0.120143,2.820989
12750,R_foot_roll,-0.327887,-0.032789,-0.013959,-1.756271
12760,L_hip_roll,-0.483199,-0.072480,-0.023268,-9.871100
12760,L_hip_yaw,0.010376,0.002594,0.003226,-0.523491
12760,L_hip_pitch,-0.506630,-0.256658,-0.274087,1.526376
12760,L_knee,-0.217289,-0.374322,-0.443101,5.750944
12760,L_foot_pitch,0.450293,0.235029,0.269030,-0.997448
12760,L_foot_roll,0.051580,0.005158,-0.014605,0.778062
12760,R_hip_roll,-0.320529,-0.048079,-0.001705,-8.888290
12760,R_hip_yaw,-0.104238,-0.026060,-0.015662,-1.258182
12760,R_hip_pitch,0.067257,0.146814,0.110888,4.059944
12760,R_knee,-0.408725,0.217819,0.244514,-8.525458
12760,R_foot_pitch,1.047201,-0.085280,-0.130096,4.567014
12760,R_foot_roll,-0.060721,-0.006072,-0.011717,0.182940
12770,L_hip_roll,-0.556813,-0.083522,-0.023422,-12.002509
12770,L_hip_yaw,0.019589,0.004897,0.008095,-0.877746
12770,L_hip_pitch,-0.454433,-0.243608,-0.266180,1.832622
12770,L_knee,-0.006416,-0.321604,-0.415683,8.113262
12770,L_foot_pitch,0.225342,0.212534,0.248798,-0.910612
12770,L_foot_roll,0.238864,0.023886,-0.003957,1.114844
12770,R_hip_roll,-0.034395,-0.005159,-0.002671,-0.327398
12770,R_hip_yaw,-0.095272,-0.023818,-0.015425,-1.033125
12770,R_hip_pitch,0.034734,0.138684,0.113490,2.731267
12770,R_knee,-0.307677,0.243081,0.257110,-6.410064
12770,R_foot_pitch,1.200010,-0.069999,-0.140266,6.596092
12770,R_foot_roll,0.286806,0.028681,-0.009465,2.724729
12780,L_hip_roll,-0.550519,-0.082578,-0.023505,-11.818868
12780,L_hip_yaw,0.019440,0.004860,0.013173,-1.490982
12780,L_hip_pitch,-0.274524,-0.198631,-0.254356,5.393488
12780,L_knee,0.249308,-0.257673,-0.379321,10.258844
12780,L_foot_pitch,0.025271,0.192527,0.226057,-0.497055
12780,L_foot_roll,0.533539,0.053354,0.010760,1.867593
12780,R_hip_roll,0.345693,0.051854,-0.002599,10.670167
12780,R_hip_yaw,-0.117135,-0.029284,-0.014949,-1.768636
12780,R_hip_pitch,-0.001692,0.129577,0.116434,1.307739
12780,R_knee,-0.200394,0.269901,0.270378,-3.923227
12780,R_foot_pitch,1.337852,-0.056215,-0.150660,8.570793
12780,R_foot_roll,0.717170,0.071717,-0.007318,6.320035
